ISO-10303-21;
HEADER;
/* Generated by software containing ST-Developer
 * from STEP Tools, Inc. (www.steptools.com) 
 */
/* OPTION: using custom renumber hook */

FILE_DESCRIPTION(
/* description */ ('STEP AP242 Edition 2',
'CAx-IF Rec.Pracs.---Representation and Presentation of Product Manufa
cturing Information (PMI)---4.0---2014-10-13',
'CAx-IF Rec.Pracs.---3D Tessellated Geometry---0.4---2014-09-14','2;1',
'CAx-IF Rec.Pracs.---User Defined Attributes---1.5---2016-08-15'),
/* implementation_level */ '2;1');

FILE_NAME(
/* name */ 'Gear Box Main Base',
/* time_stamp */ '2026-09-07T18:43:08Z',
/* author */ (''),
/* organization */ (''),
/* preprocessor_version */ 'ST-DEVELOPER v20',
/* originating_system */ 'ONSHAPE BY PTC INC, 1.220',
/* authorisation */ '  ');

FILE_SCHEMA (('AP242_MANAGED_MODEL_BASED_3D_ENGINEERING_MIM_LF { 1 0 10303 442 3 1 4 }'));
ENDSEC;

DATA;
#10=SHAPE_REPRESENTATION_RELATIONSHIP('','',#1730,#11);
#11=ADVANCED_BREP_SHAPE_REPRESENTATION('',(#1728),#2974);
#12=SPHERICAL_SURFACE('',#1916,0.001);
#13=SPHERICAL_SURFACE('',#1921,0.001);
#14=TOROIDAL_SURFACE('',#1887,0.001,0.001);
#15=TOROIDAL_SURFACE('',#1889,0.001,0.001);
#16=TOROIDAL_SURFACE('',#1895,0.001,0.001);
#17=TOROIDAL_SURFACE('',#1897,0.001,0.001);
#18=B_SPLINE_CURVE_WITH_KNOTS('',3,(#2606,#2607,#2608,#2609,#2610),
 .UNSPECIFIED.,.F.,.F.,(4,1,4),(0.,0.000790340139028511,0.00158068027805702),
 .UNSPECIFIED.);
#19=B_SPLINE_CURVE_WITH_KNOTS('',3,(#2676,#2677,#2678,#2679,#2680,#2681,
#2682,#2683,#2684,#2685),.UNSPECIFIED.,.F.,.F.,(4,1,1,1,1,1,1,4),(0.,0.000239348605990222,
0.000478697211980444,0.000957394423960888,0.00143609163594133,0.00191478884792178,
0.00287218327188266,0.00382957769584355),.UNSPECIFIED.);
#20=B_SPLINE_CURVE_WITH_KNOTS('',3,(#2730,#2731,#2732,#2733,#2734,#2735,
#2736,#2737,#2738,#2739),.UNSPECIFIED.,.F.,.F.,(4,1,1,1,1,1,1,4),(0.,0.000940552919712215,
0.00188110583942443,0.00235138229928054,0.00282165875913664,0.00329193521899275,
0.00352707344892081,0.00376221167884886),.UNSPECIFIED.);
#21=B_SPLINE_CURVE_WITH_KNOTS('',3,(#2790,#2791,#2792,#2793,#2794),
 .UNSPECIFIED.,.F.,.F.,(4,1,4),(0.,0.000790472084834632,0.00158094416966926),
 .UNSPECIFIED.);
#22=CIRCLE('',#1735,0.0065);
#23=CIRCLE('',#1736,0.0065);
#24=CIRCLE('',#1738,0.0065);
#25=CIRCLE('',#1739,0.0065);
#26=CIRCLE('',#1741,0.0005);
#27=CIRCLE('',#1742,0.003);
#28=CIRCLE('',#1743,0.0005);
#29=CIRCLE('',#1744,0.005);
#30=CIRCLE('',#1745,0.00100000000000002);
#31=CIRCLE('',#1746,0.001);
#32=CIRCLE('',#1747,0.005);
#33=CIRCLE('',#1748,0.0005);
#34=CIRCLE('',#1749,0.003);
#35=CIRCLE('',#1750,0.0005);
#36=CIRCLE('',#1751,0.0023);
#37=CIRCLE('',#1752,0.0023);
#38=CIRCLE('',#1753,0.00215);
#39=CIRCLE('',#1754,0.00215);
#40=CIRCLE('',#1755,0.0129999999999963);
#41=CIRCLE('',#1756,0.0129999999999996);
#42=CIRCLE('',#1757,0.003);
#43=CIRCLE('',#1758,0.003);
#44=CIRCLE('',#1761,0.00215);
#45=CIRCLE('',#1762,0.00215);
#46=CIRCLE('',#1764,0.00215);
#47=CIRCLE('',#1765,0.00215);
#48=CIRCLE('',#1768,0.003);
#49=CIRCLE('',#1770,0.001);
#50=CIRCLE('',#1771,0.001);
#51=CIRCLE('',#1773,0.001);
#52=CIRCLE('',#1774,0.0065);
#53=CIRCLE('',#1776,0.001);
#54=CIRCLE('',#1777,0.0065);
#55=CIRCLE('',#1779,0.001);
#56=CIRCLE('',#1780,0.001);
#57=CIRCLE('',#1782,0.001);
#58=CIRCLE('',#1783,0.001);
#59=CIRCLE('',#1787,0.013);
#60=CIRCLE('',#1788,0.0129999999999996);
#61=CIRCLE('',#1797,0.0129999999999963);
#62=CIRCLE('',#1798,0.013);
#63=CIRCLE('',#1801,0.0065);
#64=CIRCLE('',#1804,0.001);
#65=CIRCLE('',#1806,0.001);
#66=CIRCLE('',#1809,0.001);
#67=CIRCLE('',#1811,0.001);
#68=CIRCLE('',#1813,0.001);
#69=CIRCLE('',#1815,0.0065);
#70=CIRCLE('',#1819,0.001);
#71=CIRCLE('',#1821,0.003);
#72=CIRCLE('',#1823,0.0023);
#73=CIRCLE('',#1826,0.0023);
#74=CIRCLE('',#1829,0.003);
#75=CIRCLE('',#1831,0.003);
#76=CIRCLE('',#1833,0.005);
#77=CIRCLE('',#1834,0.005);
#78=CIRCLE('',#1837,0.001);
#79=CIRCLE('',#1840,0.00100000000000002);
#80=CIRCLE('',#1843,0.005);
#81=CIRCLE('',#1844,0.005);
#82=CIRCLE('',#1846,0.00215);
#83=CIRCLE('',#1847,0.00215);
#84=CIRCLE('',#1848,0.0005);
#85=CIRCLE('',#1849,0.0005);
#86=CIRCLE('',#1850,0.0005);
#87=CIRCLE('',#1851,0.003);
#88=CIRCLE('',#1852,0.003);
#89=CIRCLE('',#1853,0.0005);
#90=CIRCLE('',#1855,0.003);
#91=CIRCLE('',#1858,0.003);
#92=CIRCLE('',#1860,0.00215);
#93=CIRCLE('',#1862,0.00215);
#94=CIRCLE('',#1872,0.002);
#95=CIRCLE('',#1873,0.002);
#96=CIRCLE('',#1874,0.001);
#97=CIRCLE('',#1876,0.001);
#98=CIRCLE('',#1877,0.001);
#99=CIRCLE('',#1878,0.001);
#100=CIRCLE('',#1879,0.001);
#101=CIRCLE('',#1881,0.001);
#102=CIRCLE('',#1882,0.002);
#103=CIRCLE('',#1883,0.002);
#104=CIRCLE('',#1885,0.001);
#105=CIRCLE('',#1886,0.001);
#106=CIRCLE('',#1888,0.001);
#107=CIRCLE('',#1890,0.001);
#108=CIRCLE('',#1892,0.001);
#109=CIRCLE('',#1894,0.001);
#110=CIRCLE('',#1896,0.001);
#111=CIRCLE('',#1898,0.001);
#112=CIRCLE('',#1907,0.001);
#113=CIRCLE('',#1909,0.001);
#114=CIRCLE('',#1911,0.001);
#115=CIRCLE('',#1913,0.001);
#116=CIRCLE('',#1915,0.001);
#117=CIRCLE('',#1920,0.001);
#118=CYLINDRICAL_SURFACE('',#1734,0.0065);
#119=CYLINDRICAL_SURFACE('',#1737,0.0065);
#120=CYLINDRICAL_SURFACE('',#1760,0.00215);
#121=CYLINDRICAL_SURFACE('',#1763,0.00215);
#122=CYLINDRICAL_SURFACE('',#1767,0.003);
#123=CYLINDRICAL_SURFACE('',#1786,0.0129999999999996);
#124=CYLINDRICAL_SURFACE('',#1796,0.0129999999999963);
#125=CYLINDRICAL_SURFACE('',#1800,0.0065);
#126=CYLINDRICAL_SURFACE('',#1808,0.001);
#127=CYLINDRICAL_SURFACE('',#1810,0.001);
#128=CYLINDRICAL_SURFACE('',#1812,0.001);
#129=CYLINDRICAL_SURFACE('',#1814,0.0065);
#130=CYLINDRICAL_SURFACE('',#1816,0.001);
#131=CYLINDRICAL_SURFACE('',#1820,0.003);
#132=CYLINDRICAL_SURFACE('',#1822,0.0023);
#133=CYLINDRICAL_SURFACE('',#1825,0.0023);
#134=CYLINDRICAL_SURFACE('',#1828,0.003);
#135=CYLINDRICAL_SURFACE('',#1830,0.003);
#136=CYLINDRICAL_SURFACE('',#1832,0.005);
#137=CYLINDRICAL_SURFACE('',#1836,0.001);
#138=CYLINDRICAL_SURFACE('',#1839,0.00100000000000002);
#139=CYLINDRICAL_SURFACE('',#1842,0.005);
#140=CYLINDRICAL_SURFACE('',#1854,0.003);
#141=CYLINDRICAL_SURFACE('',#1857,0.003);
#142=CYLINDRICAL_SURFACE('',#1859,0.00215);
#143=CYLINDRICAL_SURFACE('',#1861,0.00215);
#144=CYLINDRICAL_SURFACE('',#1864,0.0005);
#145=CYLINDRICAL_SURFACE('',#1865,0.0005);
#146=CYLINDRICAL_SURFACE('',#1866,0.0005);
#147=CYLINDRICAL_SURFACE('',#1867,0.0005);
#148=CYLINDRICAL_SURFACE('',#1884,0.001);
#149=CYLINDRICAL_SURFACE('',#1891,0.001);
#150=CYLINDRICAL_SURFACE('',#1893,0.001);
#151=CYLINDRICAL_SURFACE('',#1899,0.001);
#152=CYLINDRICAL_SURFACE('',#1905,0.001);
#153=CYLINDRICAL_SURFACE('',#1906,0.001);
#154=CYLINDRICAL_SURFACE('',#1908,0.001);
#155=CYLINDRICAL_SURFACE('',#1910,0.001);
#156=CYLINDRICAL_SURFACE('',#1912,0.001);
#157=CYLINDRICAL_SURFACE('',#1914,0.001);
#158=CYLINDRICAL_SURFACE('',#1917,0.001);
#159=CYLINDRICAL_SURFACE('',#1918,0.001);
#160=CYLINDRICAL_SURFACE('',#1919,0.001);
#161=ORIENTED_EDGE('',*,*,#647,.F.);
#162=ORIENTED_EDGE('',*,*,#648,.T.);
#163=ORIENTED_EDGE('',*,*,#649,.T.);
#164=ORIENTED_EDGE('',*,*,#650,.F.);
#165=ORIENTED_EDGE('',*,*,#651,.F.);
#166=ORIENTED_EDGE('',*,*,#652,.T.);
#167=ORIENTED_EDGE('',*,*,#653,.T.);
#168=ORIENTED_EDGE('',*,*,#654,.F.);
#169=ORIENTED_EDGE('',*,*,#655,.F.);
#170=ORIENTED_EDGE('',*,*,#656,.T.);
#171=ORIENTED_EDGE('',*,*,#657,.T.);
#172=ORIENTED_EDGE('',*,*,#651,.T.);
#173=ORIENTED_EDGE('',*,*,#658,.F.);
#174=ORIENTED_EDGE('',*,*,#659,.F.);
#175=ORIENTED_EDGE('',*,*,#660,.T.);
#176=ORIENTED_EDGE('',*,*,#661,.F.);
#177=ORIENTED_EDGE('',*,*,#662,.F.);
#178=ORIENTED_EDGE('',*,*,#663,.T.);
#179=ORIENTED_EDGE('',*,*,#664,.F.);
#180=ORIENTED_EDGE('',*,*,#665,.T.);
#181=ORIENTED_EDGE('',*,*,#656,.F.);
#182=ORIENTED_EDGE('',*,*,#666,.T.);
#183=ORIENTED_EDGE('',*,*,#667,.T.);
#184=ORIENTED_EDGE('',*,*,#668,.F.);
#185=ORIENTED_EDGE('',*,*,#669,.F.);
#186=ORIENTED_EDGE('',*,*,#670,.T.);
#187=ORIENTED_EDGE('',*,*,#671,.T.);
#188=ORIENTED_EDGE('',*,*,#672,.T.);
#189=ORIENTED_EDGE('',*,*,#673,.T.);
#190=ORIENTED_EDGE('',*,*,#674,.F.);
#191=ORIENTED_EDGE('',*,*,#675,.F.);
#192=ORIENTED_EDGE('',*,*,#676,.F.);
#193=ORIENTED_EDGE('',*,*,#677,.F.);
#194=ORIENTED_EDGE('',*,*,#678,.F.);
#195=ORIENTED_EDGE('',*,*,#679,.T.);
#196=ORIENTED_EDGE('',*,*,#680,.T.);
#197=ORIENTED_EDGE('',*,*,#681,.T.);
#198=ORIENTED_EDGE('',*,*,#682,.T.);
#199=ORIENTED_EDGE('',*,*,#683,.F.);
#200=ORIENTED_EDGE('',*,*,#684,.F.);
#201=ORIENTED_EDGE('',*,*,#685,.F.);
#202=ORIENTED_EDGE('',*,*,#686,.F.);
#203=ORIENTED_EDGE('',*,*,#687,.T.);
#204=ORIENTED_EDGE('',*,*,#688,.T.);
#205=ORIENTED_EDGE('',*,*,#689,.F.);
#206=ORIENTED_EDGE('',*,*,#690,.F.);
#207=ORIENTED_EDGE('',*,*,#691,.T.);
#208=ORIENTED_EDGE('',*,*,#692,.T.);
#209=ORIENTED_EDGE('',*,*,#693,.T.);
#210=ORIENTED_EDGE('',*,*,#694,.T.);
#211=ORIENTED_EDGE('',*,*,#695,.F.);
#212=ORIENTED_EDGE('',*,*,#696,.T.);
#213=ORIENTED_EDGE('',*,*,#697,.F.);
#214=ORIENTED_EDGE('',*,*,#698,.T.);
#215=ORIENTED_EDGE('',*,*,#695,.T.);
#216=ORIENTED_EDGE('',*,*,#699,.F.);
#217=ORIENTED_EDGE('',*,*,#700,.F.);
#218=ORIENTED_EDGE('',*,*,#701,.F.);
#219=ORIENTED_EDGE('',*,*,#685,.T.);
#220=ORIENTED_EDGE('',*,*,#702,.F.);
#221=ORIENTED_EDGE('',*,*,#703,.F.);
#222=ORIENTED_EDGE('',*,*,#686,.T.);
#223=ORIENTED_EDGE('',*,*,#704,.F.);
#224=ORIENTED_EDGE('',*,*,#705,.T.);
#225=ORIENTED_EDGE('',*,*,#706,.T.);
#226=ORIENTED_EDGE('',*,*,#707,.T.);
#227=ORIENTED_EDGE('',*,*,#708,.F.);
#228=ORIENTED_EDGE('',*,*,#709,.F.);
#229=ORIENTED_EDGE('',*,*,#710,.F.);
#230=ORIENTED_EDGE('',*,*,#711,.F.);
#231=ORIENTED_EDGE('',*,*,#712,.F.);
#232=ORIENTED_EDGE('',*,*,#713,.F.);
#233=ORIENTED_EDGE('',*,*,#714,.T.);
#234=ORIENTED_EDGE('',*,*,#715,.T.);
#235=ORIENTED_EDGE('',*,*,#716,.F.);
#236=ORIENTED_EDGE('',*,*,#717,.T.);
#237=ORIENTED_EDGE('',*,*,#718,.T.);
#238=ORIENTED_EDGE('',*,*,#719,.T.);
#239=ORIENTED_EDGE('',*,*,#720,.T.);
#240=ORIENTED_EDGE('',*,*,#721,.T.);
#241=ORIENTED_EDGE('',*,*,#722,.T.);
#242=ORIENTED_EDGE('',*,*,#723,.F.);
#243=ORIENTED_EDGE('',*,*,#698,.F.);
#244=ORIENTED_EDGE('',*,*,#724,.T.);
#245=ORIENTED_EDGE('',*,*,#707,.F.);
#246=ORIENTED_EDGE('',*,*,#725,.T.);
#247=ORIENTED_EDGE('',*,*,#696,.F.);
#248=ORIENTED_EDGE('',*,*,#726,.T.);
#249=ORIENTED_EDGE('',*,*,#727,.F.);
#250=ORIENTED_EDGE('',*,*,#728,.T.);
#251=ORIENTED_EDGE('',*,*,#729,.F.);
#252=ORIENTED_EDGE('',*,*,#722,.F.);
#253=ORIENTED_EDGE('',*,*,#730,.T.);
#254=ORIENTED_EDGE('',*,*,#731,.F.);
#255=ORIENTED_EDGE('',*,*,#732,.F.);
#256=ORIENTED_EDGE('',*,*,#658,.T.);
#257=ORIENTED_EDGE('',*,*,#650,.T.);
#258=ORIENTED_EDGE('',*,*,#733,.T.);
#259=ORIENTED_EDGE('',*,*,#734,.F.);
#260=ORIENTED_EDGE('',*,*,#735,.T.);
#261=ORIENTED_EDGE('',*,*,#736,.T.);
#262=ORIENTED_EDGE('',*,*,#654,.T.);
#263=ORIENTED_EDGE('',*,*,#737,.T.);
#264=ORIENTED_EDGE('',*,*,#738,.T.);
#265=ORIENTED_EDGE('',*,*,#739,.F.);
#266=ORIENTED_EDGE('',*,*,#740,.T.);
#267=ORIENTED_EDGE('',*,*,#741,.T.);
#268=ORIENTED_EDGE('',*,*,#742,.F.);
#269=ORIENTED_EDGE('',*,*,#743,.F.);
#270=ORIENTED_EDGE('',*,*,#744,.T.);
#271=ORIENTED_EDGE('',*,*,#745,.T.);
#272=ORIENTED_EDGE('',*,*,#704,.T.);
#273=ORIENTED_EDGE('',*,*,#746,.T.);
#274=ORIENTED_EDGE('',*,*,#747,.T.);
#275=ORIENTED_EDGE('',*,*,#716,.T.);
#276=ORIENTED_EDGE('',*,*,#748,.T.);
#277=ORIENTED_EDGE('',*,*,#749,.T.);
#278=ORIENTED_EDGE('',*,*,#750,.T.);
#279=ORIENTED_EDGE('',*,*,#751,.T.);
#280=ORIENTED_EDGE('',*,*,#738,.F.);
#281=ORIENTED_EDGE('',*,*,#752,.F.);
#282=ORIENTED_EDGE('',*,*,#753,.T.);
#283=ORIENTED_EDGE('',*,*,#754,.T.);
#284=ORIENTED_EDGE('',*,*,#755,.F.);
#285=ORIENTED_EDGE('',*,*,#752,.T.);
#286=ORIENTED_EDGE('',*,*,#737,.F.);
#287=ORIENTED_EDGE('',*,*,#653,.F.);
#288=ORIENTED_EDGE('',*,*,#756,.T.);
#289=ORIENTED_EDGE('',*,*,#663,.F.);
#290=ORIENTED_EDGE('',*,*,#757,.F.);
#291=ORIENTED_EDGE('',*,*,#758,.T.);
#292=ORIENTED_EDGE('',*,*,#691,.F.);
#293=ORIENTED_EDGE('',*,*,#759,.F.);
#294=ORIENTED_EDGE('',*,*,#760,.T.);
#295=ORIENTED_EDGE('',*,*,#661,.T.);
#296=ORIENTED_EDGE('',*,*,#761,.T.);
#297=ORIENTED_EDGE('',*,*,#762,.T.);
#298=ORIENTED_EDGE('',*,*,#763,.T.);
#299=ORIENTED_EDGE('',*,*,#764,.T.);
#300=ORIENTED_EDGE('',*,*,#765,.F.);
#301=ORIENTED_EDGE('',*,*,#766,.F.);
#302=ORIENTED_EDGE('',*,*,#749,.F.);
#303=ORIENTED_EDGE('',*,*,#767,.T.);
#304=ORIENTED_EDGE('',*,*,#768,.T.);
#305=ORIENTED_EDGE('',*,*,#757,.T.);
#306=ORIENTED_EDGE('',*,*,#769,.T.);
#307=ORIENTED_EDGE('',*,*,#770,.F.);
#308=ORIENTED_EDGE('',*,*,#750,.F.);
#309=ORIENTED_EDGE('',*,*,#766,.T.);
#310=ORIENTED_EDGE('',*,*,#771,.T.);
#311=ORIENTED_EDGE('',*,*,#717,.F.);
#312=ORIENTED_EDGE('',*,*,#751,.F.);
#313=ORIENTED_EDGE('',*,*,#770,.T.);
#314=ORIENTED_EDGE('',*,*,#772,.T.);
#315=ORIENTED_EDGE('',*,*,#669,.T.);
#316=ORIENTED_EDGE('',*,*,#773,.T.);
#317=ORIENTED_EDGE('',*,*,#774,.F.);
#318=ORIENTED_EDGE('',*,*,#729,.T.);
#319=ORIENTED_EDGE('',*,*,#775,.F.);
#320=ORIENTED_EDGE('',*,*,#746,.F.);
#321=ORIENTED_EDGE('',*,*,#723,.T.);
#322=ORIENTED_EDGE('',*,*,#728,.F.);
#323=ORIENTED_EDGE('',*,*,#776,.F.);
#324=ORIENTED_EDGE('',*,*,#743,.T.);
#325=ORIENTED_EDGE('',*,*,#775,.T.);
#326=ORIENTED_EDGE('',*,*,#777,.T.);
#327=ORIENTED_EDGE('',*,*,#778,.T.);
#328=ORIENTED_EDGE('',*,*,#744,.F.);
#329=ORIENTED_EDGE('',*,*,#776,.T.);
#330=ORIENTED_EDGE('',*,*,#727,.T.);
#331=ORIENTED_EDGE('',*,*,#779,.T.);
#332=ORIENTED_EDGE('',*,*,#780,.F.);
#333=ORIENTED_EDGE('',*,*,#781,.F.);
#334=ORIENTED_EDGE('',*,*,#689,.T.);
#335=ORIENTED_EDGE('',*,*,#782,.T.);
#336=ORIENTED_EDGE('',*,*,#781,.T.);
#337=ORIENTED_EDGE('',*,*,#783,.F.);
#338=ORIENTED_EDGE('',*,*,#784,.F.);
#339=ORIENTED_EDGE('',*,*,#667,.F.);
#340=ORIENTED_EDGE('',*,*,#785,.T.);
#341=ORIENTED_EDGE('',*,*,#786,.T.);
#342=ORIENTED_EDGE('',*,*,#732,.T.);
#343=ORIENTED_EDGE('',*,*,#787,.F.);
#344=ORIENTED_EDGE('',*,*,#788,.F.);
#345=ORIENTED_EDGE('',*,*,#659,.T.);
#346=ORIENTED_EDGE('',*,*,#735,.F.);
#347=ORIENTED_EDGE('',*,*,#789,.F.);
#348=ORIENTED_EDGE('',*,*,#790,.T.);
#349=ORIENTED_EDGE('',*,*,#787,.T.);
#350=ORIENTED_EDGE('',*,*,#734,.T.);
#351=ORIENTED_EDGE('',*,*,#791,.F.);
#352=ORIENTED_EDGE('',*,*,#792,.F.);
#353=ORIENTED_EDGE('',*,*,#789,.T.);
#354=ORIENTED_EDGE('',*,*,#649,.F.);
#355=ORIENTED_EDGE('',*,*,#793,.T.);
#356=ORIENTED_EDGE('',*,*,#794,.T.);
#357=ORIENTED_EDGE('',*,*,#791,.T.);
#358=ORIENTED_EDGE('',*,*,#733,.F.);
#359=ORIENTED_EDGE('',*,*,#795,.T.);
#360=ORIENTED_EDGE('',*,*,#796,.T.);
#361=ORIENTED_EDGE('',*,*,#647,.T.);
#362=ORIENTED_EDGE('',*,*,#741,.F.);
#363=ORIENTED_EDGE('',*,*,#797,.F.);
#364=ORIENTED_EDGE('',*,*,#740,.F.);
#365=ORIENTED_EDGE('',*,*,#798,.F.);
#366=ORIENTED_EDGE('',*,*,#799,.T.);
#367=ORIENTED_EDGE('',*,*,#797,.T.);
#368=ORIENTED_EDGE('',*,*,#747,.F.);
#369=ORIENTED_EDGE('',*,*,#800,.T.);
#370=ORIENTED_EDGE('',*,*,#801,.F.);
#371=ORIENTED_EDGE('',*,*,#731,.T.);
#372=ORIENTED_EDGE('',*,*,#802,.T.);
#373=ORIENTED_EDGE('',*,*,#736,.F.);
#374=ORIENTED_EDGE('',*,*,#739,.T.);
#375=ORIENTED_EDGE('',*,*,#754,.F.);
#376=ORIENTED_EDGE('',*,*,#803,.F.);
#377=ORIENTED_EDGE('',*,*,#798,.T.);
#378=ORIENTED_EDGE('',*,*,#742,.T.);
#379=ORIENTED_EDGE('',*,*,#726,.F.);
#380=ORIENTED_EDGE('',*,*,#794,.F.);
#381=ORIENTED_EDGE('',*,*,#804,.T.);
#382=ORIENTED_EDGE('',*,*,#795,.F.);
#383=ORIENTED_EDGE('',*,*,#799,.F.);
#384=ORIENTED_EDGE('',*,*,#803,.T.);
#385=ORIENTED_EDGE('',*,*,#753,.F.);
#386=ORIENTED_EDGE('',*,*,#755,.T.);
#387=ORIENTED_EDGE('',*,*,#662,.T.);
#388=ORIENTED_EDGE('',*,*,#760,.F.);
#389=ORIENTED_EDGE('',*,*,#805,.T.);
#390=ORIENTED_EDGE('',*,*,#785,.F.);
#391=ORIENTED_EDGE('',*,*,#666,.F.);
#392=ORIENTED_EDGE('',*,*,#655,.T.);
#393=ORIENTED_EDGE('',*,*,#788,.T.);
#394=ORIENTED_EDGE('',*,*,#790,.F.);
#395=ORIENTED_EDGE('',*,*,#792,.T.);
#396=ORIENTED_EDGE('',*,*,#801,.T.);
#397=ORIENTED_EDGE('',*,*,#802,.F.);
#398=ORIENTED_EDGE('',*,*,#769,.F.);
#399=ORIENTED_EDGE('',*,*,#765,.T.);
#400=ORIENTED_EDGE('',*,*,#806,.T.);
#401=ORIENTED_EDGE('',*,*,#718,.F.);
#402=ORIENTED_EDGE('',*,*,#771,.F.);
#403=ORIENTED_EDGE('',*,*,#800,.F.);
#404=ORIENTED_EDGE('',*,*,#694,.F.);
#405=ORIENTED_EDGE('',*,*,#807,.T.);
#406=ORIENTED_EDGE('',*,*,#713,.T.);
#407=ORIENTED_EDGE('',*,*,#808,.T.);
#408=ORIENTED_EDGE('',*,*,#699,.T.);
#409=ORIENTED_EDGE('',*,*,#684,.T.);
#410=ORIENTED_EDGE('',*,*,#809,.F.);
#411=ORIENTED_EDGE('',*,*,#809,.T.);
#412=ORIENTED_EDGE('',*,*,#683,.T.);
#413=ORIENTED_EDGE('',*,*,#810,.F.);
#414=ORIENTED_EDGE('',*,*,#810,.T.);
#415=ORIENTED_EDGE('',*,*,#671,.F.);
#416=ORIENTED_EDGE('',*,*,#811,.T.);
#417=ORIENTED_EDGE('',*,*,#812,.T.);
#418=ORIENTED_EDGE('',*,*,#813,.T.);
#419=ORIENTED_EDGE('',*,*,#681,.F.);
#420=ORIENTED_EDGE('',*,*,#814,.T.);
#421=ORIENTED_EDGE('',*,*,#815,.T.);
#422=ORIENTED_EDGE('',*,*,#816,.T.);
#423=ORIENTED_EDGE('',*,*,#817,.T.);
#424=ORIENTED_EDGE('',*,*,#818,.T.);
#425=ORIENTED_EDGE('',*,*,#679,.F.);
#426=ORIENTED_EDGE('',*,*,#819,.F.);
#427=ORIENTED_EDGE('',*,*,#820,.T.);
#428=ORIENTED_EDGE('',*,*,#821,.T.);
#429=ORIENTED_EDGE('',*,*,#678,.T.);
#430=ORIENTED_EDGE('',*,*,#822,.F.);
#431=ORIENTED_EDGE('',*,*,#823,.F.);
#432=ORIENTED_EDGE('',*,*,#819,.T.);
#433=ORIENTED_EDGE('',*,*,#677,.T.);
#434=ORIENTED_EDGE('',*,*,#824,.F.);
#435=ORIENTED_EDGE('',*,*,#825,.F.);
#436=ORIENTED_EDGE('',*,*,#822,.T.);
#437=ORIENTED_EDGE('',*,*,#676,.T.);
#438=ORIENTED_EDGE('',*,*,#826,.F.);
#439=ORIENTED_EDGE('',*,*,#827,.F.);
#440=ORIENTED_EDGE('',*,*,#824,.T.);
#441=ORIENTED_EDGE('',*,*,#675,.T.);
#442=ORIENTED_EDGE('',*,*,#828,.F.);
#443=ORIENTED_EDGE('',*,*,#829,.F.);
#444=ORIENTED_EDGE('',*,*,#826,.T.);
#445=ORIENTED_EDGE('',*,*,#674,.T.);
#446=ORIENTED_EDGE('',*,*,#830,.F.);
#447=ORIENTED_EDGE('',*,*,#831,.F.);
#448=ORIENTED_EDGE('',*,*,#828,.T.);
#449=ORIENTED_EDGE('',*,*,#673,.F.);
#450=ORIENTED_EDGE('',*,*,#832,.T.);
#451=ORIENTED_EDGE('',*,*,#833,.T.);
#452=ORIENTED_EDGE('',*,*,#834,.F.);
#453=ORIENTED_EDGE('',*,*,#835,.T.);
#454=ORIENTED_EDGE('',*,*,#830,.T.);
#455=ORIENTED_EDGE('',*,*,#836,.T.);
#456=ORIENTED_EDGE('',*,*,#837,.T.);
#457=ORIENTED_EDGE('',*,*,#812,.F.);
#458=ORIENTED_EDGE('',*,*,#838,.T.);
#459=ORIENTED_EDGE('',*,*,#774,.T.);
#460=ORIENTED_EDGE('',*,*,#839,.T.);
#461=ORIENTED_EDGE('',*,*,#815,.F.);
#462=ORIENTED_EDGE('',*,*,#840,.T.);
#463=ORIENTED_EDGE('',*,*,#817,.F.);
#464=ORIENTED_EDGE('',*,*,#841,.F.);
#465=ORIENTED_EDGE('',*,*,#842,.T.);
#466=ORIENTED_EDGE('',*,*,#843,.F.);
#467=ORIENTED_EDGE('',*,*,#833,.F.);
#468=ORIENTED_EDGE('',*,*,#844,.T.);
#469=ORIENTED_EDGE('',*,*,#843,.T.);
#470=ORIENTED_EDGE('',*,*,#845,.F.);
#471=ORIENTED_EDGE('',*,*,#846,.F.);
#472=ORIENTED_EDGE('',*,*,#834,.T.);
#473=ORIENTED_EDGE('',*,*,#842,.F.);
#474=ORIENTED_EDGE('',*,*,#847,.F.);
#475=ORIENTED_EDGE('',*,*,#848,.T.);
#476=ORIENTED_EDGE('',*,*,#845,.T.);
#477=ORIENTED_EDGE('',*,*,#841,.T.);
#478=ORIENTED_EDGE('',*,*,#821,.F.);
#479=ORIENTED_EDGE('',*,*,#849,.F.);
#480=ORIENTED_EDGE('',*,*,#847,.T.);
#481=ORIENTED_EDGE('',*,*,#850,.T.);
#482=ORIENTED_EDGE('',*,*,#837,.F.);
#483=ORIENTED_EDGE('',*,*,#851,.T.);
#484=ORIENTED_EDGE('',*,*,#836,.F.);
#485=ORIENTED_EDGE('',*,*,#835,.F.);
#486=ORIENTED_EDGE('',*,*,#846,.T.);
#487=ORIENTED_EDGE('',*,*,#848,.F.);
#488=ORIENTED_EDGE('',*,*,#849,.T.);
#489=ORIENTED_EDGE('',*,*,#820,.F.);
#490=ORIENTED_EDGE('',*,*,#823,.T.);
#491=ORIENTED_EDGE('',*,*,#825,.T.);
#492=ORIENTED_EDGE('',*,*,#827,.T.);
#493=ORIENTED_EDGE('',*,*,#829,.T.);
#494=ORIENTED_EDGE('',*,*,#831,.T.);
#495=ORIENTED_EDGE('',*,*,#850,.F.);
#496=ORIENTED_EDGE('',*,*,#851,.F.);
#497=ORIENTED_EDGE('',*,*,#840,.F.);
#498=ORIENTED_EDGE('',*,*,#814,.F.);
#499=ORIENTED_EDGE('',*,*,#680,.F.);
#500=ORIENTED_EDGE('',*,*,#818,.F.);
#501=ORIENTED_EDGE('',*,*,#839,.F.);
#502=ORIENTED_EDGE('',*,*,#773,.F.);
#503=ORIENTED_EDGE('',*,*,#682,.F.);
#504=ORIENTED_EDGE('',*,*,#816,.F.);
#505=ORIENTED_EDGE('',*,*,#838,.F.);
#506=ORIENTED_EDGE('',*,*,#811,.F.);
#507=ORIENTED_EDGE('',*,*,#670,.F.);
#508=ORIENTED_EDGE('',*,*,#772,.F.);
#509=ORIENTED_EDGE('',*,*,#844,.F.);
#510=ORIENTED_EDGE('',*,*,#832,.F.);
#511=ORIENTED_EDGE('',*,*,#672,.F.);
#512=ORIENTED_EDGE('',*,*,#813,.F.);
#513=ORIENTED_EDGE('',*,*,#808,.F.);
#514=ORIENTED_EDGE('',*,*,#712,.T.);
#515=ORIENTED_EDGE('',*,*,#703,.T.);
#516=ORIENTED_EDGE('',*,*,#710,.T.);
#517=ORIENTED_EDGE('',*,*,#701,.T.);
#518=ORIENTED_EDGE('',*,*,#708,.T.);
#519=ORIENTED_EDGE('',*,*,#724,.F.);
#520=ORIENTED_EDGE('',*,*,#697,.T.);
#521=ORIENTED_EDGE('',*,*,#711,.T.);
#522=ORIENTED_EDGE('',*,*,#702,.T.);
#523=ORIENTED_EDGE('',*,*,#709,.T.);
#524=ORIENTED_EDGE('',*,*,#700,.T.);
#525=ORIENTED_EDGE('',*,*,#852,.F.);
#526=ORIENTED_EDGE('',*,*,#756,.F.);
#527=ORIENTED_EDGE('',*,*,#853,.F.);
#528=ORIENTED_EDGE('',*,*,#854,.T.);
#529=ORIENTED_EDGE('',*,*,#855,.F.);
#530=ORIENTED_EDGE('',*,*,#856,.T.);
#531=ORIENTED_EDGE('',*,*,#857,.T.);
#532=ORIENTED_EDGE('',*,*,#858,.T.);
#533=ORIENTED_EDGE('',*,*,#763,.F.);
#534=ORIENTED_EDGE('',*,*,#859,.T.);
#535=ORIENTED_EDGE('',*,*,#860,.T.);
#536=ORIENTED_EDGE('',*,*,#861,.T.);
#537=ORIENTED_EDGE('',*,*,#862,.T.);
#538=ORIENTED_EDGE('',*,*,#863,.T.);
#539=ORIENTED_EDGE('',*,*,#864,.T.);
#540=ORIENTED_EDGE('',*,*,#865,.T.);
#541=ORIENTED_EDGE('',*,*,#866,.T.);
#542=ORIENTED_EDGE('',*,*,#657,.F.);
#543=ORIENTED_EDGE('',*,*,#867,.T.);
#544=ORIENTED_EDGE('',*,*,#780,.T.);
#545=ORIENTED_EDGE('',*,*,#868,.T.);
#546=ORIENTED_EDGE('',*,*,#869,.T.);
#547=ORIENTED_EDGE('',*,*,#870,.T.);
#548=ORIENTED_EDGE('',*,*,#871,.T.);
#549=ORIENTED_EDGE('',*,*,#872,.T.);
#550=ORIENTED_EDGE('',*,*,#873,.F.);
#551=ORIENTED_EDGE('',*,*,#874,.F.);
#552=ORIENTED_EDGE('',*,*,#864,.F.);
#553=ORIENTED_EDGE('',*,*,#875,.F.);
#554=ORIENTED_EDGE('',*,*,#853,.T.);
#555=ORIENTED_EDGE('',*,*,#652,.F.);
#556=ORIENTED_EDGE('',*,*,#873,.T.);
#557=ORIENTED_EDGE('',*,*,#875,.T.);
#558=ORIENTED_EDGE('',*,*,#863,.F.);
#559=ORIENTED_EDGE('',*,*,#876,.F.);
#560=ORIENTED_EDGE('',*,*,#854,.F.);
#561=ORIENTED_EDGE('',*,*,#874,.T.);
#562=ORIENTED_EDGE('',*,*,#872,.F.);
#563=ORIENTED_EDGE('',*,*,#877,.F.);
#564=ORIENTED_EDGE('',*,*,#865,.F.);
#565=ORIENTED_EDGE('',*,*,#876,.T.);
#566=ORIENTED_EDGE('',*,*,#862,.F.);
#567=ORIENTED_EDGE('',*,*,#878,.F.);
#568=ORIENTED_EDGE('',*,*,#855,.T.);
#569=ORIENTED_EDGE('',*,*,#877,.T.);
#570=ORIENTED_EDGE('',*,*,#871,.F.);
#571=ORIENTED_EDGE('',*,*,#879,.F.);
#572=ORIENTED_EDGE('',*,*,#866,.F.);
#573=ORIENTED_EDGE('',*,*,#878,.T.);
#574=ORIENTED_EDGE('',*,*,#861,.F.);
#575=ORIENTED_EDGE('',*,*,#880,.F.);
#576=ORIENTED_EDGE('',*,*,#856,.F.);
#577=ORIENTED_EDGE('',*,*,#879,.T.);
#578=ORIENTED_EDGE('',*,*,#870,.F.);
#579=ORIENTED_EDGE('',*,*,#881,.F.);
#580=ORIENTED_EDGE('',*,*,#859,.F.);
#581=ORIENTED_EDGE('',*,*,#880,.T.);
#582=ORIENTED_EDGE('',*,*,#860,.F.);
#583=ORIENTED_EDGE('',*,*,#881,.T.);
#584=ORIENTED_EDGE('',*,*,#869,.F.);
#585=ORIENTED_EDGE('',*,*,#720,.F.);
#586=ORIENTED_EDGE('',*,*,#857,.F.);
#587=ORIENTED_EDGE('',*,*,#665,.F.);
#588=ORIENTED_EDGE('',*,*,#882,.F.);
#589=ORIENTED_EDGE('',*,*,#783,.T.);
#590=ORIENTED_EDGE('',*,*,#867,.F.);
#591=ORIENTED_EDGE('',*,*,#784,.T.);
#592=ORIENTED_EDGE('',*,*,#882,.T.);
#593=ORIENTED_EDGE('',*,*,#668,.T.);
#594=ORIENTED_EDGE('',*,*,#852,.T.);
#595=ORIENTED_EDGE('',*,*,#762,.F.);
#596=ORIENTED_EDGE('',*,*,#883,.T.);
#597=ORIENTED_EDGE('',*,*,#664,.T.);
#598=ORIENTED_EDGE('',*,*,#883,.F.);
#599=ORIENTED_EDGE('',*,*,#761,.F.);
#600=ORIENTED_EDGE('',*,*,#660,.F.);
#601=ORIENTED_EDGE('',*,*,#690,.T.);
#602=ORIENTED_EDGE('',*,*,#786,.F.);
#603=ORIENTED_EDGE('',*,*,#805,.F.);
#604=ORIENTED_EDGE('',*,*,#759,.T.);
#605=ORIENTED_EDGE('',*,*,#796,.F.);
#606=ORIENTED_EDGE('',*,*,#804,.F.);
#607=ORIENTED_EDGE('',*,*,#793,.F.);
#608=ORIENTED_EDGE('',*,*,#648,.F.);
#609=ORIENTED_EDGE('',*,*,#706,.F.);
#610=ORIENTED_EDGE('',*,*,#884,.T.);
#611=ORIENTED_EDGE('',*,*,#687,.F.);
#612=ORIENTED_EDGE('',*,*,#725,.F.);
#613=ORIENTED_EDGE('',*,*,#688,.F.);
#614=ORIENTED_EDGE('',*,*,#885,.T.);
#615=ORIENTED_EDGE('',*,*,#777,.F.);
#616=ORIENTED_EDGE('',*,*,#782,.F.);
#617=ORIENTED_EDGE('',*,*,#768,.F.);
#618=ORIENTED_EDGE('',*,*,#886,.T.);
#619=ORIENTED_EDGE('',*,*,#692,.F.);
#620=ORIENTED_EDGE('',*,*,#758,.F.);
#621=ORIENTED_EDGE('',*,*,#693,.F.);
#622=ORIENTED_EDGE('',*,*,#887,.T.);
#623=ORIENTED_EDGE('',*,*,#714,.F.);
#624=ORIENTED_EDGE('',*,*,#807,.F.);
#625=ORIENTED_EDGE('',*,*,#745,.F.);
#626=ORIENTED_EDGE('',*,*,#778,.F.);
#627=ORIENTED_EDGE('',*,*,#888,.F.);
#628=ORIENTED_EDGE('',*,*,#705,.F.);
#629=ORIENTED_EDGE('',*,*,#885,.F.);
#630=ORIENTED_EDGE('',*,*,#884,.F.);
#631=ORIENTED_EDGE('',*,*,#888,.T.);
#632=ORIENTED_EDGE('',*,*,#868,.F.);
#633=ORIENTED_EDGE('',*,*,#779,.F.);
#634=ORIENTED_EDGE('',*,*,#730,.F.);
#635=ORIENTED_EDGE('',*,*,#721,.F.);
#636=ORIENTED_EDGE('',*,*,#858,.F.);
#637=ORIENTED_EDGE('',*,*,#719,.F.);
#638=ORIENTED_EDGE('',*,*,#806,.F.);
#639=ORIENTED_EDGE('',*,*,#764,.F.);
#640=ORIENTED_EDGE('',*,*,#748,.F.);
#641=ORIENTED_EDGE('',*,*,#715,.F.);
#642=ORIENTED_EDGE('',*,*,#889,.F.);
#643=ORIENTED_EDGE('',*,*,#767,.F.);
#644=ORIENTED_EDGE('',*,*,#887,.F.);
#645=ORIENTED_EDGE('',*,*,#886,.F.);
#646=ORIENTED_EDGE('',*,*,#889,.T.);
#647=EDGE_CURVE('',#890,#891,#1052,.T.);
#648=EDGE_CURVE('',#890,#892,#1053,.T.);
#649=EDGE_CURVE('',#892,#893,#1054,.T.);
#650=EDGE_CURVE('',#894,#893,#1055,.T.);
#651=EDGE_CURVE('',#895,#894,#1056,.T.);
#652=EDGE_CURVE('',#895,#896,#1057,.F.);
#653=EDGE_CURVE('',#896,#897,#1058,.T.);
#654=EDGE_CURVE('',#891,#897,#1059,.T.);
#655=EDGE_CURVE('',#898,#899,#1060,.T.);
#656=EDGE_CURVE('',#898,#900,#1061,.T.);
#657=EDGE_CURVE('',#900,#895,#1062,.T.);
#658=EDGE_CURVE('',#901,#894,#1063,.T.);
#659=EDGE_CURVE('',#899,#901,#1064,.T.);
#660=EDGE_CURVE('',#902,#903,#22,.T.);
#661=EDGE_CURVE('',#904,#903,#1065,.T.);
#662=EDGE_CURVE('',#905,#904,#23,.T.);
#663=EDGE_CURVE('',#905,#906,#1066,.T.);
#664=EDGE_CURVE('',#902,#906,#1067,.T.);
#665=EDGE_CURVE('',#907,#900,#1068,.T.);
#666=EDGE_CURVE('',#898,#908,#24,.T.);
#667=EDGE_CURVE('',#908,#909,#1069,.T.);
#668=EDGE_CURVE('',#907,#909,#25,.T.);
#669=EDGE_CURVE('',#910,#911,#1070,.T.);
#670=EDGE_CURVE('',#910,#912,#26,.F.);
#671=EDGE_CURVE('',#912,#913,#27,.T.);
#672=EDGE_CURVE('',#913,#914,#28,.F.);
#673=EDGE_CURVE('',#914,#915,#29,.T.);
#674=EDGE_CURVE('',#916,#915,#1071,.T.);
#675=EDGE_CURVE('',#917,#916,#30,.T.);
#676=EDGE_CURVE('',#918,#917,#1072,.T.);
#677=EDGE_CURVE('',#919,#918,#31,.T.);
#678=EDGE_CURVE('',#920,#919,#1073,.T.);
#679=EDGE_CURVE('',#920,#921,#32,.T.);
#680=EDGE_CURVE('',#921,#922,#33,.F.);
#681=EDGE_CURVE('',#922,#923,#34,.T.);
#682=EDGE_CURVE('',#923,#911,#35,.F.);
#683=EDGE_CURVE('',#924,#924,#36,.T.);
#684=EDGE_CURVE('',#925,#925,#37,.T.);
#685=EDGE_CURVE('',#926,#926,#38,.T.);
#686=EDGE_CURVE('',#927,#927,#39,.T.);
#687=EDGE_CURVE('',#928,#929,#1074,.T.);
#688=EDGE_CURVE('',#929,#930,#1075,.F.);
#689=EDGE_CURVE('',#931,#930,#40,.T.);
#690=EDGE_CURVE('',#932,#931,#1076,.T.);
#691=EDGE_CURVE('',#932,#933,#41,.T.);
#692=EDGE_CURVE('',#933,#934,#1077,.F.);
#693=EDGE_CURVE('',#934,#935,#1078,.T.);
#694=EDGE_CURVE('',#935,#936,#42,.T.);
#695=EDGE_CURVE('',#937,#936,#1079,.T.);
#696=EDGE_CURVE('',#937,#928,#43,.T.);
#697=EDGE_CURVE('',#938,#939,#1080,.T.);
#698=EDGE_CURVE('',#938,#937,#1081,.T.);
#699=EDGE_CURVE('',#939,#936,#1082,.T.);
#700=EDGE_CURVE('',#940,#941,#44,.T.);
#701=EDGE_CURVE('',#941,#940,#45,.T.);
#702=EDGE_CURVE('',#942,#943,#46,.T.);
#703=EDGE_CURVE('',#943,#942,#47,.T.);
#704=EDGE_CURVE('',#944,#945,#1083,.T.);
#705=EDGE_CURVE('',#944,#946,#1084,.F.);
#706=EDGE_CURVE('',#946,#947,#1085,.F.);
#707=EDGE_CURVE('',#947,#948,#1086,.T.);
#708=EDGE_CURVE('',#940,#948,#1087,.T.);
#709=EDGE_CURVE('',#941,#940,#1088,.T.);
#710=EDGE_CURVE('',#942,#941,#1089,.T.);
#711=EDGE_CURVE('',#943,#942,#1090,.T.);
#712=EDGE_CURVE('',#949,#943,#1091,.T.);
#713=EDGE_CURVE('',#950,#949,#1092,.T.);
#714=EDGE_CURVE('',#950,#951,#1093,.F.);
#715=EDGE_CURVE('',#951,#952,#1094,.T.);
#716=EDGE_CURVE('',#953,#952,#1095,.T.);
#717=EDGE_CURVE('',#953,#954,#1096,.T.);
#718=EDGE_CURVE('',#954,#955,#1097,.T.);
#719=EDGE_CURVE('',#955,#956,#1098,.F.);
#720=EDGE_CURVE('',#956,#957,#1099,.T.);
#721=EDGE_CURVE('',#957,#958,#1100,.T.);
#722=EDGE_CURVE('',#958,#959,#1101,.T.);
#723=EDGE_CURVE('',#945,#959,#1102,.T.);
#724=EDGE_CURVE('',#938,#948,#48,.T.);
#725=EDGE_CURVE('',#947,#928,#18,.T.);
#726=EDGE_CURVE('',#960,#960,#49,.T.);
#727=EDGE_CURVE('',#961,#962,#1103,.T.);
#728=EDGE_CURVE('',#961,#963,#1104,.T.);
#729=EDGE_CURVE('',#959,#963,#1105,.T.);
#730=EDGE_CURVE('',#958,#962,#50,.T.);
#731=EDGE_CURVE('',#964,#964,#51,.T.);
#732=EDGE_CURVE('',#901,#965,#1106,.T.);
#733=EDGE_CURVE('',#893,#966,#1107,.T.);
#734=EDGE_CURVE('',#967,#966,#1108,.T.);
#735=EDGE_CURVE('',#967,#965,#52,.T.);
#736=EDGE_CURVE('',#968,#968,#53,.T.);
#737=EDGE_CURVE('',#897,#969,#1109,.T.);
#738=EDGE_CURVE('',#969,#970,#1110,.T.);
#739=EDGE_CURVE('',#971,#970,#54,.T.);
#740=EDGE_CURVE('',#971,#972,#1111,.T.);
#741=EDGE_CURVE('',#972,#891,#1112,.T.);
#742=EDGE_CURVE('',#973,#973,#55,.T.);
#743=EDGE_CURVE('',#974,#975,#1113,.T.);
#744=EDGE_CURVE('',#974,#976,#1114,.T.);
#745=EDGE_CURVE('',#976,#944,#56,.F.);
#746=EDGE_CURVE('',#945,#975,#1115,.T.);
#747=EDGE_CURVE('',#977,#977,#57,.T.);
#748=EDGE_CURVE('',#952,#978,#58,.F.);
#749=EDGE_CURVE('',#978,#979,#1116,.T.);
#750=EDGE_CURVE('',#979,#980,#1117,.T.);
#751=EDGE_CURVE('',#980,#953,#1118,.T.);
#752=EDGE_CURVE('',#981,#969,#1119,.T.);
#753=EDGE_CURVE('',#981,#982,#1120,.T.);
#754=EDGE_CURVE('',#982,#970,#1121,.T.);
#755=EDGE_CURVE('',#981,#905,#1122,.T.);
#756=EDGE_CURVE('',#896,#906,#1123,.T.);
#757=EDGE_CURVE('',#983,#984,#1124,.T.);
#758=EDGE_CURVE('',#983,#933,#19,.T.);
#759=EDGE_CURVE('',#985,#932,#1125,.T.);
#760=EDGE_CURVE('',#985,#904,#59,.T.);
#761=EDGE_CURVE('',#903,#986,#60,.T.);
#762=EDGE_CURVE('',#986,#984,#1126,.T.);
#763=EDGE_CURVE('',#984,#987,#1127,.T.);
#764=EDGE_CURVE('',#987,#988,#1128,.T.);
#765=EDGE_CURVE('',#989,#988,#1129,.T.);
#766=EDGE_CURVE('',#979,#989,#1130,.T.);
#767=EDGE_CURVE('',#978,#990,#1131,.F.);
#768=EDGE_CURVE('',#990,#983,#1132,.T.);
#769=EDGE_CURVE('',#989,#991,#1133,.T.);
#770=EDGE_CURVE('',#980,#991,#1134,.T.);
#771=EDGE_CURVE('',#991,#954,#1135,.T.);
#772=EDGE_CURVE('',#992,#910,#1136,.F.);
#773=EDGE_CURVE('',#911,#993,#1137,.T.);
#774=EDGE_CURVE('',#992,#993,#1138,.T.);
#775=EDGE_CURVE('',#975,#963,#1139,.T.);
#776=EDGE_CURVE('',#974,#961,#1140,.T.);
#777=EDGE_CURVE('',#994,#995,#1141,.T.);
#778=EDGE_CURVE('',#995,#976,#1142,.T.);
#779=EDGE_CURVE('',#962,#996,#1143,.F.);
#780=EDGE_CURVE('',#997,#996,#1144,.T.);
#781=EDGE_CURVE('',#994,#997,#1145,.T.);
#782=EDGE_CURVE('',#930,#994,#20,.T.);
#783=EDGE_CURVE('',#998,#997,#1146,.T.);
#784=EDGE_CURVE('',#909,#998,#61,.T.);
#785=EDGE_CURVE('',#908,#999,#62,.T.);
#786=EDGE_CURVE('',#999,#931,#1147,.T.);
#787=EDGE_CURVE('',#1000,#965,#1148,.T.);
#788=EDGE_CURVE('',#899,#1000,#1149,.T.);
#789=EDGE_CURVE('',#1001,#967,#1150,.T.);
#790=EDGE_CURVE('',#1001,#1000,#63,.T.);
#791=EDGE_CURVE('',#1002,#966,#1151,.T.);
#792=EDGE_CURVE('',#1001,#1002,#1152,.T.);
#793=EDGE_CURVE('',#892,#1003,#64,.T.);
#794=EDGE_CURVE('',#1003,#1002,#1153,.T.);
#795=EDGE_CURVE('',#1004,#1005,#1154,.T.);
#796=EDGE_CURVE('',#1005,#890,#65,.T.);
#797=EDGE_CURVE('',#1004,#972,#1155,.T.);
#798=EDGE_CURVE('',#1006,#971,#1156,.T.);
#799=EDGE_CURVE('',#1006,#1004,#1157,.T.);
#800=EDGE_CURVE('',#1007,#1007,#66,.T.);
#801=EDGE_CURVE('',#1008,#1008,#67,.T.);
#802=EDGE_CURVE('',#1009,#1009,#68,.T.);
#803=EDGE_CURVE('',#1006,#982,#69,.T.);
#804=EDGE_CURVE('',#1003,#1005,#1158,.F.);
#805=EDGE_CURVE('',#985,#999,#1159,.T.);
#806=EDGE_CURVE('',#988,#955,#70,.T.);
#807=EDGE_CURVE('',#935,#950,#21,.T.);
#808=EDGE_CURVE('',#949,#939,#71,.T.);
#809=EDGE_CURVE('',#1010,#1010,#72,.T.);
#810=EDGE_CURVE('',#1011,#1011,#73,.T.);
#811=EDGE_CURVE('',#912,#1012,#1160,.F.);
#812=EDGE_CURVE('',#1012,#1013,#74,.T.);
#813=EDGE_CURVE('',#1013,#913,#1161,.T.);
#814=EDGE_CURVE('',#922,#1014,#1162,.F.);
#815=EDGE_CURVE('',#1014,#1015,#75,.T.);
#816=EDGE_CURVE('',#1015,#923,#1163,.T.);
#817=EDGE_CURVE('',#1016,#1017,#76,.F.);
#818=EDGE_CURVE('',#1017,#921,#1164,.T.);
#819=EDGE_CURVE('',#1018,#920,#1165,.T.);
#820=EDGE_CURVE('',#1018,#1019,#77,.T.);
#821=EDGE_CURVE('',#1019,#1016,#1166,.T.);
#822=EDGE_CURVE('',#1020,#919,#1167,.T.);
#823=EDGE_CURVE('',#1018,#1020,#1168,.T.);
#824=EDGE_CURVE('',#1021,#918,#1169,.T.);
#825=EDGE_CURVE('',#1020,#1021,#78,.T.);
#826=EDGE_CURVE('',#1022,#917,#1170,.T.);
#827=EDGE_CURVE('',#1021,#1022,#1171,.T.);
#828=EDGE_CURVE('',#1023,#916,#1172,.T.);
#829=EDGE_CURVE('',#1022,#1023,#79,.T.);
#830=EDGE_CURVE('',#1024,#915,#1173,.T.);
#831=EDGE_CURVE('',#1023,#1024,#1174,.T.);
#832=EDGE_CURVE('',#914,#1025,#1175,.F.);
#833=EDGE_CURVE('',#1025,#1026,#80,.F.);
#834=EDGE_CURVE('',#1027,#1026,#1176,.T.);
#835=EDGE_CURVE('',#1027,#1024,#81,.T.);
#836=EDGE_CURVE('',#1028,#1028,#82,.T.);
#837=EDGE_CURVE('',#1029,#1029,#83,.T.);
#838=EDGE_CURVE('',#1012,#992,#84,.T.);
#839=EDGE_CURVE('',#993,#1015,#85,.T.);
#840=EDGE_CURVE('',#1014,#1017,#86,.T.);
#841=EDGE_CURVE('',#1030,#1016,#87,.T.);
#842=EDGE_CURVE('',#1030,#1031,#1177,.T.);
#843=EDGE_CURVE('',#1026,#1031,#88,.T.);
#844=EDGE_CURVE('',#1025,#1013,#89,.T.);
#845=EDGE_CURVE('',#1032,#1031,#1178,.T.);
#846=EDGE_CURVE('',#1027,#1032,#90,.T.);
#847=EDGE_CURVE('',#1033,#1030,#1179,.T.);
#848=EDGE_CURVE('',#1033,#1032,#1180,.T.);
#849=EDGE_CURVE('',#1033,#1019,#91,.T.);
#850=EDGE_CURVE('',#1034,#1034,#92,.T.);
#851=EDGE_CURVE('',#1035,#1035,#93,.T.);
#852=EDGE_CURVE('',#906,#984,#1181,.T.);
#853=EDGE_CURVE('',#1036,#896,#1182,.T.);
#854=EDGE_CURVE('',#1036,#1037,#94,.F.);
#855=EDGE_CURVE('',#1038,#1037,#1183,.T.);
#856=EDGE_CURVE('',#1038,#1039,#95,.F.);
#857=EDGE_CURVE('',#1039,#956,#1184,.T.);
#858=EDGE_CURVE('',#956,#987,#96,.T.);
#859=EDGE_CURVE('',#1040,#1041,#97,.T.);
#860=EDGE_CURVE('',#1041,#1042,#1185,.F.);
#861=EDGE_CURVE('',#1042,#1043,#98,.T.);
#862=EDGE_CURVE('',#1043,#1044,#1186,.T.);
#863=EDGE_CURVE('',#1044,#1045,#99,.T.);
#864=EDGE_CURVE('',#1045,#1046,#1187,.T.);
#865=EDGE_CURVE('',#1046,#1047,#100,.T.);
#866=EDGE_CURVE('',#1047,#1040,#1188,.F.);
#867=EDGE_CURVE('',#900,#997,#1189,.T.);
#868=EDGE_CURVE('',#996,#957,#101,.T.);
#869=EDGE_CURVE('',#957,#1048,#1190,.T.);
#870=EDGE_CURVE('',#1048,#1049,#102,.F.);
#871=EDGE_CURVE('',#1049,#1050,#1191,.T.);
#872=EDGE_CURVE('',#1050,#1051,#103,.F.);
#873=EDGE_CURVE('',#895,#1051,#1192,.T.);
#874=EDGE_CURVE('',#1046,#1051,#104,.T.);
#875=EDGE_CURVE('',#1036,#1045,#105,.T.);
#876=EDGE_CURVE('',#1037,#1044,#106,.T.);
#877=EDGE_CURVE('',#1047,#1050,#107,.T.);
#878=EDGE_CURVE('',#1038,#1043,#108,.T.);
#879=EDGE_CURVE('',#1040,#1049,#109,.T.);
#880=EDGE_CURVE('',#1039,#1042,#110,.T.);
#881=EDGE_CURVE('',#1041,#1048,#111,.T.);
#882=EDGE_CURVE('',#998,#907,#1193,.T.);
#883=EDGE_CURVE('',#986,#902,#1194,.T.);
#884=EDGE_CURVE('',#946,#929,#112,.T.);
#885=EDGE_CURVE('',#929,#995,#113,.T.);
#886=EDGE_CURVE('',#990,#934,#114,.T.);
#887=EDGE_CURVE('',#934,#951,#115,.F.);
#888=EDGE_CURVE('',#946,#995,#116,.T.);
#889=EDGE_CURVE('',#990,#951,#117,.T.);
#890=VERTEX_POINT('',#2450);
#891=VERTEX_POINT('',#2451);
#892=VERTEX_POINT('',#2453);
#893=VERTEX_POINT('',#2455);
#894=VERTEX_POINT('',#2457);
#895=VERTEX_POINT('',#2459);
#896=VERTEX_POINT('',#2461);
#897=VERTEX_POINT('',#2463);
#898=VERTEX_POINT('',#2467);
#899=VERTEX_POINT('',#2468);
#900=VERTEX_POINT('',#2470);
#901=VERTEX_POINT('',#2473);
#902=VERTEX_POINT('',#2477);
#903=VERTEX_POINT('',#2478);
#904=VERTEX_POINT('',#2480);
#905=VERTEX_POINT('',#2482);
#906=VERTEX_POINT('',#2484);
#907=VERTEX_POINT('',#2488);
#908=VERTEX_POINT('',#2490);
#909=VERTEX_POINT('',#2492);
#910=VERTEX_POINT('',#2496);
#911=VERTEX_POINT('',#2497);
#912=VERTEX_POINT('',#2499);
#913=VERTEX_POINT('',#2501);
#914=VERTEX_POINT('',#2503);
#915=VERTEX_POINT('',#2505);
#916=VERTEX_POINT('',#2507);
#917=VERTEX_POINT('',#2509);
#918=VERTEX_POINT('',#2511);
#919=VERTEX_POINT('',#2513);
#920=VERTEX_POINT('',#2515);
#921=VERTEX_POINT('',#2517);
#922=VERTEX_POINT('',#2519);
#923=VERTEX_POINT('',#2521);
#924=VERTEX_POINT('',#2524);
#925=VERTEX_POINT('',#2526);
#926=VERTEX_POINT('',#2528);
#927=VERTEX_POINT('',#2530);
#928=VERTEX_POINT('',#2532);
#929=VERTEX_POINT('',#2533);
#930=VERTEX_POINT('',#2535);
#931=VERTEX_POINT('',#2537);
#932=VERTEX_POINT('',#2539);
#933=VERTEX_POINT('',#2541);
#934=VERTEX_POINT('',#2543);
#935=VERTEX_POINT('',#2545);
#936=VERTEX_POINT('',#2547);
#937=VERTEX_POINT('',#2549);
#938=VERTEX_POINT('',#2553);
#939=VERTEX_POINT('',#2554);
#940=VERTEX_POINT('',#2559);
#941=VERTEX_POINT('',#2560);
#942=VERTEX_POINT('',#2564);
#943=VERTEX_POINT('',#2565);
#944=VERTEX_POINT('',#2569);
#945=VERTEX_POINT('',#2570);
#946=VERTEX_POINT('',#2572);
#947=VERTEX_POINT('',#2574);
#948=VERTEX_POINT('',#2576);
#949=VERTEX_POINT('',#2582);
#950=VERTEX_POINT('',#2584);
#951=VERTEX_POINT('',#2586);
#952=VERTEX_POINT('',#2588);
#953=VERTEX_POINT('',#2590);
#954=VERTEX_POINT('',#2592);
#955=VERTEX_POINT('',#2594);
#956=VERTEX_POINT('',#2596);
#957=VERTEX_POINT('',#2598);
#958=VERTEX_POINT('',#2600);
#959=VERTEX_POINT('',#2602);
#960=VERTEX_POINT('',#2613);
#961=VERTEX_POINT('',#2615);
#962=VERTEX_POINT('',#2616);
#963=VERTEX_POINT('',#2618);
#964=VERTEX_POINT('',#2623);
#965=VERTEX_POINT('',#2625);
#966=VERTEX_POINT('',#2627);
#967=VERTEX_POINT('',#2629);
#968=VERTEX_POINT('',#2633);
#969=VERTEX_POINT('',#2635);
#970=VERTEX_POINT('',#2637);
#971=VERTEX_POINT('',#2639);
#972=VERTEX_POINT('',#2641);
#973=VERTEX_POINT('',#2645);
#974=VERTEX_POINT('',#2647);
#975=VERTEX_POINT('',#2648);
#976=VERTEX_POINT('',#2650);
#977=VERTEX_POINT('',#2655);
#978=VERTEX_POINT('',#2657);
#979=VERTEX_POINT('',#2659);
#980=VERTEX_POINT('',#2661);
#981=VERTEX_POINT('',#2665);
#982=VERTEX_POINT('',#2667);
#983=VERTEX_POINT('',#2674);
#984=VERTEX_POINT('',#2675);
#985=VERTEX_POINT('',#2687);
#986=VERTEX_POINT('',#2690);
#987=VERTEX_POINT('',#2694);
#988=VERTEX_POINT('',#2696);
#989=VERTEX_POINT('',#2698);
#990=VERTEX_POINT('',#2701);
#991=VERTEX_POINT('',#2705);
#992=VERTEX_POINT('',#2711);
#993=VERTEX_POINT('',#2713);
#994=VERTEX_POINT('',#2721);
#995=VERTEX_POINT('',#2722);
#996=VERTEX_POINT('',#2725);
#997=VERTEX_POINT('',#2727);
#998=VERTEX_POINT('',#2741);
#999=VERTEX_POINT('',#2744);
#1000=VERTEX_POINT('',#2748);
#1001=VERTEX_POINT('',#2752);
#1002=VERTEX_POINT('',#2756);
#1003=VERTEX_POINT('',#2760);
#1004=VERTEX_POINT('',#2764);
#1005=VERTEX_POINT('',#2765);
#1006=VERTEX_POINT('',#2770);
#1007=VERTEX_POINT('',#2774);
#1008=VERTEX_POINT('',#2777);
#1009=VERTEX_POINT('',#2780);
#1010=VERTEX_POINT('',#2798);
#1011=VERTEX_POINT('',#2802);
#1012=VERTEX_POINT('',#2806);
#1013=VERTEX_POINT('',#2808);
#1014=VERTEX_POINT('',#2812);
#1015=VERTEX_POINT('',#2814);
#1016=VERTEX_POINT('',#2818);
#1017=VERTEX_POINT('',#2819);
#1018=VERTEX_POINT('',#2822);
#1019=VERTEX_POINT('',#2824);
#1020=VERTEX_POINT('',#2828);
#1021=VERTEX_POINT('',#2832);
#1022=VERTEX_POINT('',#2836);
#1023=VERTEX_POINT('',#2840);
#1024=VERTEX_POINT('',#2844);
#1025=VERTEX_POINT('',#2848);
#1026=VERTEX_POINT('',#2850);
#1027=VERTEX_POINT('',#2852);
#1028=VERTEX_POINT('',#2856);
#1029=VERTEX_POINT('',#2858);
#1030=VERTEX_POINT('',#2863);
#1031=VERTEX_POINT('',#2865);
#1032=VERTEX_POINT('',#2870);
#1033=VERTEX_POINT('',#2874);
#1034=VERTEX_POINT('',#2880);
#1035=VERTEX_POINT('',#2883);
#1036=VERTEX_POINT('',#2895);
#1037=VERTEX_POINT('',#2897);
#1038=VERTEX_POINT('',#2899);
#1039=VERTEX_POINT('',#2901);
#1040=VERTEX_POINT('',#2906);
#1041=VERTEX_POINT('',#2907);
#1042=VERTEX_POINT('',#2909);
#1043=VERTEX_POINT('',#2911);
#1044=VERTEX_POINT('',#2913);
#1045=VERTEX_POINT('',#2915);
#1046=VERTEX_POINT('',#2917);
#1047=VERTEX_POINT('',#2919);
#1048=VERTEX_POINT('',#2925);
#1049=VERTEX_POINT('',#2927);
#1050=VERTEX_POINT('',#2929);
#1051=VERTEX_POINT('',#2931);
#1052=LINE('',#2449,#1195);
#1053=LINE('',#2452,#1196);
#1054=LINE('',#2454,#1197);
#1055=LINE('',#2456,#1198);
#1056=LINE('',#2458,#1199);
#1057=LINE('',#2460,#1200);
#1058=LINE('',#2462,#1201);
#1059=LINE('',#2464,#1202);
#1060=LINE('',#2466,#1203);
#1061=LINE('',#2469,#1204);
#1062=LINE('',#2471,#1205);
#1063=LINE('',#2472,#1206);
#1064=LINE('',#2474,#1207);
#1065=LINE('',#2479,#1208);
#1066=LINE('',#2483,#1209);
#1067=LINE('',#2485,#1210);
#1068=LINE('',#2487,#1211);
#1069=LINE('',#2491,#1212);
#1070=LINE('',#2495,#1213);
#1071=LINE('',#2506,#1214);
#1072=LINE('',#2510,#1215);
#1073=LINE('',#2514,#1216);
#1074=LINE('',#2531,#1217);
#1075=LINE('',#2534,#1218);
#1076=LINE('',#2538,#1219);
#1077=LINE('',#2542,#1220);
#1078=LINE('',#2544,#1221);
#1079=LINE('',#2548,#1222);
#1080=LINE('',#2552,#1223);
#1081=LINE('',#2555,#1224);
#1082=LINE('',#2556,#1225);
#1083=LINE('',#2568,#1226);
#1084=LINE('',#2571,#1227);
#1085=LINE('',#2573,#1228);
#1086=LINE('',#2575,#1229);
#1087=LINE('',#2577,#1230);
#1088=LINE('',#2578,#1231);
#1089=LINE('',#2579,#1232);
#1090=LINE('',#2580,#1233);
#1091=LINE('',#2581,#1234);
#1092=LINE('',#2583,#1235);
#1093=LINE('',#2585,#1236);
#1094=LINE('',#2587,#1237);
#1095=LINE('',#2589,#1238);
#1096=LINE('',#2591,#1239);
#1097=LINE('',#2593,#1240);
#1098=LINE('',#2595,#1241);
#1099=LINE('',#2597,#1242);
#1100=LINE('',#2599,#1243);
#1101=LINE('',#2601,#1244);
#1102=LINE('',#2603,#1245);
#1103=LINE('',#2614,#1246);
#1104=LINE('',#2617,#1247);
#1105=LINE('',#2619,#1248);
#1106=LINE('',#2624,#1249);
#1107=LINE('',#2626,#1250);
#1108=LINE('',#2628,#1251);
#1109=LINE('',#2634,#1252);
#1110=LINE('',#2636,#1253);
#1111=LINE('',#2640,#1254);
#1112=LINE('',#2642,#1255);
#1113=LINE('',#2646,#1256);
#1114=LINE('',#2649,#1257);
#1115=LINE('',#2652,#1258);
#1116=LINE('',#2658,#1259);
#1117=LINE('',#2660,#1260);
#1118=LINE('',#2662,#1261);
#1119=LINE('',#2664,#1262);
#1120=LINE('',#2666,#1263);
#1121=LINE('',#2668,#1264);
#1122=LINE('',#2670,#1265);
#1123=LINE('',#2671,#1266);
#1124=LINE('',#2673,#1267);
#1125=LINE('',#2686,#1268);
#1126=LINE('',#2691,#1269);
#1127=LINE('',#2693,#1270);
#1128=LINE('',#2695,#1271);
#1129=LINE('',#2697,#1272);
#1130=LINE('',#2699,#1273);
#1131=LINE('',#2700,#1274);
#1132=LINE('',#2702,#1275);
#1133=LINE('',#2704,#1276);
#1134=LINE('',#2706,#1277);
#1135=LINE('',#2708,#1278);
#1136=LINE('',#2710,#1279);
#1137=LINE('',#2712,#1280);
#1138=LINE('',#2714,#1281);
#1139=LINE('',#2716,#1282);
#1140=LINE('',#2718,#1283);
#1141=LINE('',#2720,#1284);
#1142=LINE('',#2723,#1285);
#1143=LINE('',#2724,#1286);
#1144=LINE('',#2726,#1287);
#1145=LINE('',#2728,#1288);
#1146=LINE('',#2740,#1289);
#1147=LINE('',#2745,#1290);
#1148=LINE('',#2747,#1291);
#1149=LINE('',#2749,#1292);
#1150=LINE('',#2751,#1293);
#1151=LINE('',#2755,#1294);
#1152=LINE('',#2757,#1295);
#1153=LINE('',#2761,#1296);
#1154=LINE('',#2763,#1297);
#1155=LINE('',#2767,#1298);
#1156=LINE('',#2769,#1299);
#1157=LINE('',#2771,#1300);
#1158=LINE('',#2785,#1301);
#1159=LINE('',#2786,#1302);
#1160=LINE('',#2805,#1303);
#1161=LINE('',#2809,#1304);
#1162=LINE('',#2811,#1305);
#1163=LINE('',#2815,#1306);
#1164=LINE('',#2820,#1307);
#1165=LINE('',#2821,#1308);
#1166=LINE('',#2825,#1309);
#1167=LINE('',#2827,#1310);
#1168=LINE('',#2829,#1311);
#1169=LINE('',#2831,#1312);
#1170=LINE('',#2835,#1313);
#1171=LINE('',#2837,#1314);
#1172=LINE('',#2839,#1315);
#1173=LINE('',#2843,#1316);
#1174=LINE('',#2845,#1317);
#1175=LINE('',#2847,#1318);
#1176=LINE('',#2851,#1319);
#1177=LINE('',#2864,#1320);
#1178=LINE('',#2869,#1321);
#1179=LINE('',#2873,#1322);
#1180=LINE('',#2875,#1323);
#1181=LINE('',#2893,#1324);
#1182=LINE('',#2894,#1325);
#1183=LINE('',#2898,#1326);
#1184=LINE('',#2902,#1327);
#1185=LINE('',#2908,#1328);
#1186=LINE('',#2912,#1329);
#1187=LINE('',#2916,#1330);
#1188=LINE('',#2920,#1331);
#1189=LINE('',#2922,#1332);
#1190=LINE('',#2924,#1333);
#1191=LINE('',#2928,#1334);
#1192=LINE('',#2932,#1335);
#1193=LINE('',#2950,#1336);
#1194=LINE('',#2953,#1337);
#1195=VECTOR('',#1926,1.);
#1196=VECTOR('',#1927,1.);
#1197=VECTOR('',#1928,1.);
#1198=VECTOR('',#1929,1.);
#1199=VECTOR('',#1930,1.);
#1200=VECTOR('',#1931,1.);
#1201=VECTOR('',#1932,1.);
#1202=VECTOR('',#1933,1.);
#1203=VECTOR('',#1936,1.);
#1204=VECTOR('',#1937,1.);
#1205=VECTOR('',#1938,1.);
#1206=VECTOR('',#1939,1.);
#1207=VECTOR('',#1940,1.);
#1208=VECTOR('',#1945,1.);
#1209=VECTOR('',#1948,1.);
#1210=VECTOR('',#1949,1.);
#1211=VECTOR('',#1952,1.);
#1212=VECTOR('',#1955,1.);
#1213=VECTOR('',#1960,1.);
#1214=VECTOR('',#1969,1.);
#1215=VECTOR('',#1972,1.);
#1216=VECTOR('',#1975,1.);
#1217=VECTOR('',#1992,1.);
#1218=VECTOR('',#1993,1.);
#1219=VECTOR('',#1996,1.);
#1220=VECTOR('',#1999,1.);
#1221=VECTOR('',#2000,1.);
#1222=VECTOR('',#2003,1.);
#1223=VECTOR('',#2008,1.);
#1224=VECTOR('',#2009,1.);
#1225=VECTOR('',#2010,1.);
#1226=VECTOR('',#2025,1.);
#1227=VECTOR('',#2026,1.);
#1228=VECTOR('',#2027,1.);
#1229=VECTOR('',#2028,1.);
#1230=VECTOR('',#2029,1.);
#1231=VECTOR('',#2030,1.);
#1232=VECTOR('',#2031,1.);
#1233=VECTOR('',#2032,1.);
#1234=VECTOR('',#2033,1.);
#1235=VECTOR('',#2034,1.);
#1236=VECTOR('',#2035,1.);
#1237=VECTOR('',#2036,1.);
#1238=VECTOR('',#2037,1.);
#1239=VECTOR('',#2038,1.);
#1240=VECTOR('',#2039,1.);
#1241=VECTOR('',#2040,1.);
#1242=VECTOR('',#2041,1.);
#1243=VECTOR('',#2042,1.);
#1244=VECTOR('',#2043,1.);
#1245=VECTOR('',#2044,1.);
#1246=VECTOR('',#2053,1.);
#1247=VECTOR('',#2054,1.);
#1248=VECTOR('',#2055,1.);
#1249=VECTOR('',#2062,1.);
#1250=VECTOR('',#2063,1.);
#1251=VECTOR('',#2064,1.);
#1252=VECTOR('',#2071,1.);
#1253=VECTOR('',#2072,1.);
#1254=VECTOR('',#2075,1.);
#1255=VECTOR('',#2076,1.);
#1256=VECTOR('',#2081,1.);
#1257=VECTOR('',#2082,1.);
#1258=VECTOR('',#2085,1.);
#1259=VECTOR('',#2092,1.);
#1260=VECTOR('',#2093,1.);
#1261=VECTOR('',#2094,1.);
#1262=VECTOR('',#2097,1.);
#1263=VECTOR('',#2098,1.);
#1264=VECTOR('',#2099,1.);
#1265=VECTOR('',#2102,1.);
#1266=VECTOR('',#2103,1.);
#1267=VECTOR('',#2106,1.);
#1268=VECTOR('',#2107,1.);
#1269=VECTOR('',#2112,1.);
#1270=VECTOR('',#2115,1.);
#1271=VECTOR('',#2116,1.);
#1272=VECTOR('',#2117,1.);
#1273=VECTOR('',#2118,1.);
#1274=VECTOR('',#2119,1.);
#1275=VECTOR('',#2120,1.);
#1276=VECTOR('',#2123,1.);
#1277=VECTOR('',#2124,1.);
#1278=VECTOR('',#2127,1.);
#1279=VECTOR('',#2130,1.);
#1280=VECTOR('',#2131,1.);
#1281=VECTOR('',#2132,1.);
#1282=VECTOR('',#2135,1.);
#1283=VECTOR('',#2138,1.);
#1284=VECTOR('',#2141,1.);
#1285=VECTOR('',#2142,1.);
#1286=VECTOR('',#2143,1.);
#1287=VECTOR('',#2144,1.);
#1288=VECTOR('',#2145,1.);
#1289=VECTOR('',#2148,1.);
#1290=VECTOR('',#2153,1.);
#1291=VECTOR('',#2156,1.);
#1292=VECTOR('',#2157,1.);
#1293=VECTOR('',#2160,1.);
#1294=VECTOR('',#2165,1.);
#1295=VECTOR('',#2166,1.);
#1296=VECTOR('',#2171,1.);
#1297=VECTOR('',#2174,1.);
#1298=VECTOR('',#2177,1.);
#1299=VECTOR('',#2180,1.);
#1300=VECTOR('',#2181,1.);
#1301=VECTOR('',#2202,1.);
#1302=VECTOR('',#2203,1.);
#1303=VECTOR('',#2226,1.);
#1304=VECTOR('',#2229,1.);
#1305=VECTOR('',#2232,1.);
#1306=VECTOR('',#2235,1.);
#1307=VECTOR('',#2240,1.);
#1308=VECTOR('',#2241,1.);
#1309=VECTOR('',#2244,1.);
#1310=VECTOR('',#2247,1.);
#1311=VECTOR('',#2248,1.);
#1312=VECTOR('',#2251,1.);
#1313=VECTOR('',#2256,1.);
#1314=VECTOR('',#2257,1.);
#1315=VECTOR('',#2260,1.);
#1316=VECTOR('',#2265,1.);
#1317=VECTOR('',#2266,1.);
#1318=VECTOR('',#2269,1.);
#1319=VECTOR('',#2272,1.);
#1320=VECTOR('',#2289,1.);
#1321=VECTOR('',#2296,1.);
#1322=VECTOR('',#2301,1.);
#1323=VECTOR('',#2302,1.);
#1324=VECTOR('',#2333,1.);
#1325=VECTOR('',#2334,1.);
#1326=VECTOR('',#2337,1.);
#1327=VECTOR('',#2340,1.);
#1328=VECTOR('',#2347,1.);
#1329=VECTOR('',#2350,1.);
#1330=VECTOR('',#2353,1.);
#1331=VECTOR('',#2356,1.);
#1332=VECTOR('',#2359,1.);
#1333=VECTOR('',#2362,1.);
#1334=VECTOR('',#2365,1.);
#1335=VECTOR('',#2368,1.);
#1336=VECTOR('',#2403,1.);
#1337=VECTOR('',#2408,1.);
#1338=EDGE_LOOP('',(#161,#162,#163,#164,#165,#166,#167,#168));
#1339=EDGE_LOOP('',(#169,#170,#171,#172,#173,#174));
#1340=EDGE_LOOP('',(#175,#176,#177,#178,#179));
#1341=EDGE_LOOP('',(#180,#181,#182,#183,#184));
#1342=EDGE_LOOP('',(#185,#186,#187,#188,#189,#190,#191,#192,#193,#194,#195,
#196,#197,#198));
#1343=EDGE_LOOP('',(#199));
#1344=EDGE_LOOP('',(#200));
#1345=EDGE_LOOP('',(#201));
#1346=EDGE_LOOP('',(#202));
#1347=EDGE_LOOP('',(#203,#204,#205,#206,#207,#208,#209,#210,#211,#212));
#1348=EDGE_LOOP('',(#213,#214,#215,#216));
#1349=EDGE_LOOP('',(#217,#218));
#1350=EDGE_LOOP('',(#219));
#1351=EDGE_LOOP('',(#220,#221));
#1352=EDGE_LOOP('',(#222));
#1353=EDGE_LOOP('',(#223,#224,#225,#226,#227,#228,#229,#230,#231,#232,#233,
#234,#235,#236,#237,#238,#239,#240,#241,#242));
#1354=EDGE_LOOP('',(#243,#244,#245,#246,#247));
#1355=EDGE_LOOP('',(#248));
#1356=EDGE_LOOP('',(#249,#250,#251,#252,#253));
#1357=EDGE_LOOP('',(#254));
#1358=EDGE_LOOP('',(#255,#256,#257,#258,#259,#260));
#1359=EDGE_LOOP('',(#261));
#1360=EDGE_LOOP('',(#262,#263,#264,#265,#266,#267));
#1361=EDGE_LOOP('',(#268));
#1362=EDGE_LOOP('',(#269,#270,#271,#272,#273));
#1363=EDGE_LOOP('',(#274));
#1364=EDGE_LOOP('',(#275,#276,#277,#278,#279));
#1365=EDGE_LOOP('',(#280,#281,#282,#283));
#1366=EDGE_LOOP('',(#284,#285,#286,#287,#288,#289));
#1367=EDGE_LOOP('',(#290,#291,#292,#293,#294,#295,#296,#297));
#1368=EDGE_LOOP('',(#298,#299,#300,#301,#302,#303,#304,#305));
#1369=EDGE_LOOP('',(#306,#307,#308,#309));
#1370=EDGE_LOOP('',(#310,#311,#312,#313));
#1371=EDGE_LOOP('',(#314,#315,#316,#317));
#1372=EDGE_LOOP('',(#318,#319,#320,#321));
#1373=EDGE_LOOP('',(#322,#323,#324,#325));
#1374=EDGE_LOOP('',(#326,#327,#328,#329,#330,#331,#332,#333));
#1375=EDGE_LOOP('',(#334,#335,#336,#337,#338,#339,#340,#341));
#1376=EDGE_LOOP('',(#342,#343,#344,#345));
#1377=EDGE_LOOP('',(#346,#347,#348,#349));
#1378=EDGE_LOOP('',(#350,#351,#352,#353));
#1379=EDGE_LOOP('',(#354,#355,#356,#357,#358));
#1380=EDGE_LOOP('',(#359,#360,#361,#362,#363));
#1381=EDGE_LOOP('',(#364,#365,#366,#367));
#1382=EDGE_LOOP('',(#368));
#1383=EDGE_LOOP('',(#369));
#1384=EDGE_LOOP('',(#370));
#1385=EDGE_LOOP('',(#371));
#1386=EDGE_LOOP('',(#372));
#1387=EDGE_LOOP('',(#373));
#1388=EDGE_LOOP('',(#374,#375,#376,#377));
#1389=EDGE_LOOP('',(#378));
#1390=EDGE_LOOP('',(#379));
#1391=EDGE_LOOP('',(#380,#381,#382,#383,#384,#385,#386,#387,#388,#389,#390,
#391,#392,#393,#394,#395));
#1392=EDGE_LOOP('',(#396));
#1393=EDGE_LOOP('',(#397));
#1394=EDGE_LOOP('',(#398,#399,#400,#401,#402));
#1395=EDGE_LOOP('',(#403));
#1396=EDGE_LOOP('',(#404,#405,#406,#407,#408));
#1397=EDGE_LOOP('',(#409));
#1398=EDGE_LOOP('',(#410));
#1399=EDGE_LOOP('',(#411));
#1400=EDGE_LOOP('',(#412));
#1401=EDGE_LOOP('',(#413));
#1402=EDGE_LOOP('',(#414));
#1403=EDGE_LOOP('',(#415,#416,#417,#418));
#1404=EDGE_LOOP('',(#419,#420,#421,#422));
#1405=EDGE_LOOP('',(#423,#424,#425,#426,#427,#428));
#1406=EDGE_LOOP('',(#429,#430,#431,#432));
#1407=EDGE_LOOP('',(#433,#434,#435,#436));
#1408=EDGE_LOOP('',(#437,#438,#439,#440));
#1409=EDGE_LOOP('',(#441,#442,#443,#444));
#1410=EDGE_LOOP('',(#445,#446,#447,#448));
#1411=EDGE_LOOP('',(#449,#450,#451,#452,#453,#454));
#1412=EDGE_LOOP('',(#455));
#1413=EDGE_LOOP('',(#456));
#1414=EDGE_LOOP('',(#457,#458,#459,#460,#461,#462,#463,#464,#465,#466,#467,
#468));
#1415=EDGE_LOOP('',(#469,#470,#471,#472));
#1416=EDGE_LOOP('',(#473,#474,#475,#476));
#1417=EDGE_LOOP('',(#477,#478,#479,#480));
#1418=EDGE_LOOP('',(#481));
#1419=EDGE_LOOP('',(#482));
#1420=EDGE_LOOP('',(#483));
#1421=EDGE_LOOP('',(#484));
#1422=EDGE_LOOP('',(#485,#486,#487,#488,#489,#490,#491,#492,#493,#494));
#1423=EDGE_LOOP('',(#495));
#1424=EDGE_LOOP('',(#496));
#1425=EDGE_LOOP('',(#497,#498,#499,#500));
#1426=EDGE_LOOP('',(#501,#502,#503,#504));
#1427=EDGE_LOOP('',(#505,#506,#507,#508));
#1428=EDGE_LOOP('',(#509,#510,#511,#512));
#1429=EDGE_LOOP('',(#513,#514,#515,#516,#517,#518,#519,#520));
#1430=EDGE_LOOP('',(#521,#522));
#1431=EDGE_LOOP('',(#523,#524));
#1432=EDGE_LOOP('',(#525,#526,#527,#528,#529,#530,#531,#532,#533));
#1433=EDGE_LOOP('',(#534,#535,#536,#537,#538,#539,#540,#541));
#1434=EDGE_LOOP('',(#542,#543,#544,#545,#546,#547,#548,#549,#550));
#1435=EDGE_LOOP('',(#551,#552,#553,#554,#555,#556));
#1436=EDGE_LOOP('',(#557,#558,#559,#560));
#1437=EDGE_LOOP('',(#561,#562,#563,#564));
#1438=EDGE_LOOP('',(#565,#566,#567,#568));
#1439=EDGE_LOOP('',(#569,#570,#571,#572));
#1440=EDGE_LOOP('',(#573,#574,#575,#576));
#1441=EDGE_LOOP('',(#577,#578,#579,#580));
#1442=EDGE_LOOP('',(#581,#582,#583,#584,#585,#586));
#1443=EDGE_LOOP('',(#587,#588,#589,#590));
#1444=EDGE_LOOP('',(#591,#592,#593));
#1445=EDGE_LOOP('',(#594,#595,#596,#597));
#1446=EDGE_LOOP('',(#598,#599,#600));
#1447=EDGE_LOOP('',(#601,#602,#603,#604));
#1448=EDGE_LOOP('',(#605,#606,#607,#608));
#1449=EDGE_LOOP('',(#609,#610,#611,#612));
#1450=EDGE_LOOP('',(#613,#614,#615,#616));
#1451=EDGE_LOOP('',(#617,#618,#619,#620));
#1452=EDGE_LOOP('',(#621,#622,#623,#624));
#1453=EDGE_LOOP('',(#625,#626,#627,#628));
#1454=EDGE_LOOP('',(#629,#630,#631));
#1455=EDGE_LOOP('',(#632,#633,#634,#635));
#1456=EDGE_LOOP('',(#636,#637,#638,#639));
#1457=EDGE_LOOP('',(#640,#641,#642,#643));
#1458=EDGE_LOOP('',(#644,#645,#646));
#1459=FACE_BOUND('',#1338,.T.);
#1460=FACE_BOUND('',#1339,.T.);
#1461=FACE_BOUND('',#1340,.T.);
#1462=FACE_BOUND('',#1341,.T.);
#1463=FACE_BOUND('',#1342,.T.);
#1464=FACE_BOUND('',#1343,.T.);
#1465=FACE_BOUND('',#1344,.T.);
#1466=FACE_BOUND('',#1345,.T.);
#1467=FACE_BOUND('',#1346,.T.);
#1468=FACE_BOUND('',#1347,.T.);
#1469=FACE_BOUND('',#1348,.T.);
#1470=FACE_BOUND('',#1349,.T.);
#1471=FACE_BOUND('',#1350,.T.);
#1472=FACE_BOUND('',#1351,.T.);
#1473=FACE_BOUND('',#1352,.T.);
#1474=FACE_BOUND('',#1353,.T.);
#1475=FACE_BOUND('',#1354,.T.);
#1476=FACE_BOUND('',#1355,.T.);
#1477=FACE_BOUND('',#1356,.T.);
#1478=FACE_BOUND('',#1357,.T.);
#1479=FACE_BOUND('',#1358,.T.);
#1480=FACE_BOUND('',#1359,.T.);
#1481=FACE_BOUND('',#1360,.T.);
#1482=FACE_BOUND('',#1361,.T.);
#1483=FACE_BOUND('',#1362,.T.);
#1484=FACE_BOUND('',#1363,.T.);
#1485=FACE_BOUND('',#1364,.T.);
#1486=FACE_BOUND('',#1365,.T.);
#1487=FACE_BOUND('',#1366,.T.);
#1488=FACE_BOUND('',#1367,.T.);
#1489=FACE_BOUND('',#1368,.T.);
#1490=FACE_BOUND('',#1369,.T.);
#1491=FACE_BOUND('',#1370,.T.);
#1492=FACE_BOUND('',#1371,.T.);
#1493=FACE_BOUND('',#1372,.T.);
#1494=FACE_BOUND('',#1373,.T.);
#1495=FACE_BOUND('',#1374,.T.);
#1496=FACE_BOUND('',#1375,.T.);
#1497=FACE_BOUND('',#1376,.T.);
#1498=FACE_BOUND('',#1377,.T.);
#1499=FACE_BOUND('',#1378,.T.);
#1500=FACE_BOUND('',#1379,.T.);
#1501=FACE_BOUND('',#1380,.T.);
#1502=FACE_BOUND('',#1381,.T.);
#1503=FACE_BOUND('',#1382,.T.);
#1504=FACE_BOUND('',#1383,.T.);
#1505=FACE_BOUND('',#1384,.T.);
#1506=FACE_BOUND('',#1385,.T.);
#1507=FACE_BOUND('',#1386,.T.);
#1508=FACE_BOUND('',#1387,.T.);
#1509=FACE_BOUND('',#1388,.T.);
#1510=FACE_BOUND('',#1389,.T.);
#1511=FACE_BOUND('',#1390,.T.);
#1512=FACE_BOUND('',#1391,.T.);
#1513=FACE_BOUND('',#1392,.T.);
#1514=FACE_BOUND('',#1393,.T.);
#1515=FACE_BOUND('',#1394,.T.);
#1516=FACE_BOUND('',#1395,.T.);
#1517=FACE_BOUND('',#1396,.T.);
#1518=FACE_BOUND('',#1397,.T.);
#1519=FACE_BOUND('',#1398,.T.);
#1520=FACE_BOUND('',#1399,.T.);
#1521=FACE_BOUND('',#1400,.T.);
#1522=FACE_BOUND('',#1401,.T.);
#1523=FACE_BOUND('',#1402,.T.);
#1524=FACE_BOUND('',#1403,.T.);
#1525=FACE_BOUND('',#1404,.T.);
#1526=FACE_BOUND('',#1405,.T.);
#1527=FACE_BOUND('',#1406,.T.);
#1528=FACE_BOUND('',#1407,.T.);
#1529=FACE_BOUND('',#1408,.T.);
#1530=FACE_BOUND('',#1409,.T.);
#1531=FACE_BOUND('',#1410,.T.);
#1532=FACE_BOUND('',#1411,.T.);
#1533=FACE_BOUND('',#1412,.T.);
#1534=FACE_BOUND('',#1413,.T.);
#1535=FACE_BOUND('',#1414,.T.);
#1536=FACE_BOUND('',#1415,.T.);
#1537=FACE_BOUND('',#1416,.T.);
#1538=FACE_BOUND('',#1417,.T.);
#1539=FACE_BOUND('',#1418,.T.);
#1540=FACE_BOUND('',#1419,.T.);
#1541=FACE_BOUND('',#1420,.T.);
#1542=FACE_BOUND('',#1421,.T.);
#1543=FACE_BOUND('',#1422,.T.);
#1544=FACE_BOUND('',#1423,.T.);
#1545=FACE_BOUND('',#1424,.T.);
#1546=FACE_BOUND('',#1425,.T.);
#1547=FACE_BOUND('',#1426,.T.);
#1548=FACE_BOUND('',#1427,.T.);
#1549=FACE_BOUND('',#1428,.T.);
#1550=FACE_BOUND('',#1429,.T.);
#1551=FACE_BOUND('',#1430,.T.);
#1552=FACE_BOUND('',#1431,.T.);
#1553=FACE_BOUND('',#1432,.T.);
#1554=FACE_BOUND('',#1433,.T.);
#1555=FACE_BOUND('',#1434,.T.);
#1556=FACE_BOUND('',#1435,.T.);
#1557=FACE_BOUND('',#1436,.T.);
#1558=FACE_BOUND('',#1437,.T.);
#1559=FACE_BOUND('',#1438,.T.);
#1560=FACE_BOUND('',#1439,.T.);
#1561=FACE_BOUND('',#1440,.T.);
#1562=FACE_BOUND('',#1441,.T.);
#1563=FACE_BOUND('',#1442,.T.);
#1564=FACE_BOUND('',#1443,.T.);
#1565=FACE_BOUND('',#1444,.T.);
#1566=FACE_BOUND('',#1445,.T.);
#1567=FACE_BOUND('',#1446,.T.);
#1568=FACE_BOUND('',#1447,.T.);
#1569=FACE_BOUND('',#1448,.T.);
#1570=FACE_BOUND('',#1449,.T.);
#1571=FACE_BOUND('',#1450,.T.);
#1572=FACE_BOUND('',#1451,.T.);
#1573=FACE_BOUND('',#1452,.T.);
#1574=FACE_BOUND('',#1453,.T.);
#1575=FACE_BOUND('',#1454,.T.);
#1576=FACE_BOUND('',#1455,.T.);
#1577=FACE_BOUND('',#1456,.T.);
#1578=FACE_BOUND('',#1457,.T.);
#1579=FACE_BOUND('',#1458,.T.);
#1580=PLANE('',#1732);
#1581=PLANE('',#1733);
#1582=PLANE('',#1740);
#1583=PLANE('',#1759);
#1584=PLANE('',#1766);
#1585=PLANE('',#1769);
#1586=PLANE('',#1772);
#1587=PLANE('',#1775);
#1588=PLANE('',#1778);
#1589=PLANE('',#1781);
#1590=PLANE('',#1784);
#1591=PLANE('',#1785);
#1592=PLANE('',#1789);
#1593=PLANE('',#1790);
#1594=PLANE('',#1791);
#1595=PLANE('',#1792);
#1596=PLANE('',#1793);
#1597=PLANE('',#1794);
#1598=PLANE('',#1795);
#1599=PLANE('',#1799);
#1600=PLANE('',#1802);
#1601=PLANE('',#1803);
#1602=PLANE('',#1805);
#1603=PLANE('',#1807);
#1604=PLANE('',#1817);
#1605=PLANE('',#1818);
#1606=PLANE('',#1824);
#1607=PLANE('',#1827);
#1608=PLANE('',#1835);
#1609=PLANE('',#1838);
#1610=PLANE('',#1841);
#1611=PLANE('',#1845);
#1612=PLANE('',#1856);
#1613=PLANE('',#1863);
#1614=PLANE('',#1868);
#1615=PLANE('',#1869);
#1616=PLANE('',#1870);
#1617=PLANE('',#1871);
#1618=PLANE('',#1875);
#1619=PLANE('',#1880);
#1620=PLANE('',#1900);
#1621=PLANE('',#1901);
#1622=PLANE('',#1902);
#1623=PLANE('',#1903);
#1624=PLANE('',#1904);
#1625=ADVANCED_FACE('',(#1459),#1580,.T.);
#1626=ADVANCED_FACE('',(#1460),#1581,.F.);
#1627=ADVANCED_FACE('',(#1461),#118,.F.);
#1628=ADVANCED_FACE('',(#1462),#119,.F.);
#1629=ADVANCED_FACE('',(#1463,#1464,#1465,#1466,#1467,#1468),#1582,.T.);
#1630=ADVANCED_FACE('',(#1469),#1583,.F.);
#1631=ADVANCED_FACE('',(#1470,#1471),#120,.F.);
#1632=ADVANCED_FACE('',(#1472,#1473),#121,.F.);
#1633=ADVANCED_FACE('',(#1474),#1584,.F.);
#1634=ADVANCED_FACE('',(#1475),#122,.T.);
#1635=ADVANCED_FACE('',(#1476,#1477),#1585,.F.);
#1636=ADVANCED_FACE('',(#1478,#1479),#1586,.F.);
#1637=ADVANCED_FACE('',(#1480,#1481),#1587,.F.);
#1638=ADVANCED_FACE('',(#1482,#1483),#1588,.T.);
#1639=ADVANCED_FACE('',(#1484,#1485),#1589,.T.);
#1640=ADVANCED_FACE('',(#1486),#1590,.T.);
#1641=ADVANCED_FACE('',(#1487),#1591,.T.);
#1642=ADVANCED_FACE('',(#1488),#123,.T.);
#1643=ADVANCED_FACE('',(#1489),#1592,.T.);
#1644=ADVANCED_FACE('',(#1490),#1593,.F.);
#1645=ADVANCED_FACE('',(#1491),#1594,.F.);
#1646=ADVANCED_FACE('',(#1492),#1595,.F.);
#1647=ADVANCED_FACE('',(#1493),#1596,.F.);
#1648=ADVANCED_FACE('',(#1494),#1597,.T.);
#1649=ADVANCED_FACE('',(#1495),#1598,.F.);
#1650=ADVANCED_FACE('',(#1496),#124,.T.);
#1651=ADVANCED_FACE('',(#1497),#1599,.F.);
#1652=ADVANCED_FACE('',(#1498),#125,.F.);
#1653=ADVANCED_FACE('',(#1499),#1600,.F.);
#1654=ADVANCED_FACE('',(#1500),#1601,.T.);
#1655=ADVANCED_FACE('',(#1501),#1602,.T.);
#1656=ADVANCED_FACE('',(#1502),#1603,.T.);
#1657=ADVANCED_FACE('',(#1503,#1504),#126,.F.);
#1658=ADVANCED_FACE('',(#1505,#1506),#127,.F.);
#1659=ADVANCED_FACE('',(#1507,#1508),#128,.F.);
#1660=ADVANCED_FACE('',(#1509),#129,.F.);
#1661=ADVANCED_FACE('',(#1510,#1511),#130,.F.);
#1662=ADVANCED_FACE('',(#1512,#1513,#1514),#1604,.T.);
#1663=ADVANCED_FACE('',(#1515,#1516),#1605,.F.);
#1664=ADVANCED_FACE('',(#1517),#131,.T.);
#1665=ADVANCED_FACE('',(#1518,#1519),#132,.T.);
#1666=ADVANCED_FACE('',(#1520),#1606,.T.);
#1667=ADVANCED_FACE('',(#1521,#1522),#133,.T.);
#1668=ADVANCED_FACE('',(#1523),#1607,.T.);
#1669=ADVANCED_FACE('',(#1524),#134,.F.);
#1670=ADVANCED_FACE('',(#1525),#135,.F.);
#1671=ADVANCED_FACE('',(#1526),#136,.F.);
#1672=ADVANCED_FACE('',(#1527),#1608,.F.);
#1673=ADVANCED_FACE('',(#1528),#137,.T.);
#1674=ADVANCED_FACE('',(#1529),#1609,.F.);
#1675=ADVANCED_FACE('',(#1530),#138,.T.);
#1676=ADVANCED_FACE('',(#1531),#1610,.F.);
#1677=ADVANCED_FACE('',(#1532),#139,.F.);
#1678=ADVANCED_FACE('',(#1533,#1534,#1535),#1611,.F.);
#1679=ADVANCED_FACE('',(#1536),#140,.T.);
#1680=ADVANCED_FACE('',(#1537),#1612,.T.);
#1681=ADVANCED_FACE('',(#1538),#141,.T.);
#1682=ADVANCED_FACE('',(#1539,#1540),#142,.F.);
#1683=ADVANCED_FACE('',(#1541,#1542),#143,.F.);
#1684=ADVANCED_FACE('',(#1543,#1544,#1545),#1613,.T.);
#1685=ADVANCED_FACE('',(#1546),#144,.T.);
#1686=ADVANCED_FACE('',(#1547),#145,.T.);
#1687=ADVANCED_FACE('',(#1548),#146,.T.);
#1688=ADVANCED_FACE('',(#1549),#147,.T.);
#1689=ADVANCED_FACE('',(#1550),#1614,.F.);
#1690=ADVANCED_FACE('',(#1551),#1615,.T.);
#1691=ADVANCED_FACE('',(#1552),#1616,.T.);
#1692=ADVANCED_FACE('',(#1553),#1617,.F.);
#1693=ADVANCED_FACE('',(#1554),#1618,.T.);
#1694=ADVANCED_FACE('',(#1555),#1619,.F.);
#1695=ADVANCED_FACE('',(#1556),#148,.T.);
#1696=ADVANCED_FACE('',(#1557),#14,.T.);
#1697=ADVANCED_FACE('',(#1558),#15,.T.);
#1698=ADVANCED_FACE('',(#1559),#149,.T.);
#1699=ADVANCED_FACE('',(#1560),#150,.T.);
#1700=ADVANCED_FACE('',(#1561),#16,.T.);
#1701=ADVANCED_FACE('',(#1562),#17,.T.);
#1702=ADVANCED_FACE('',(#1563),#151,.T.);
#1703=ADVANCED_FACE('',(#1564),#1620,.F.);
#1704=ADVANCED_FACE('',(#1565),#1621,.T.);
#1705=ADVANCED_FACE('',(#1566),#1622,.T.);
#1706=ADVANCED_FACE('',(#1567),#1623,.T.);
#1707=ADVANCED_FACE('',(#1568),#1624,.F.);
#1708=ADVANCED_FACE('',(#1569),#152,.T.);
#1709=ADVANCED_FACE('',(#1570),#153,.T.);
#1710=ADVANCED_FACE('',(#1571),#154,.T.);
#1711=ADVANCED_FACE('',(#1572),#155,.T.);
#1712=ADVANCED_FACE('',(#1573),#156,.T.);
#1713=ADVANCED_FACE('',(#1574),#157,.T.);
#1714=ADVANCED_FACE('',(#1575),#12,.T.);
#1715=ADVANCED_FACE('',(#1576),#158,.T.);
#1716=ADVANCED_FACE('',(#1577),#159,.T.);
#1717=ADVANCED_FACE('',(#1578),#160,.T.);
#1718=ADVANCED_FACE('',(#1579),#13,.T.);
#1719=CLOSED_SHELL('',(#1625,#1626,#1627,#1628,#1629,#1630,#1631,#1632,
#1633,#1634,#1635,#1636,#1637,#1638,#1639,#1640,#1641,#1642,#1643,#1644,
#1645,#1646,#1647,#1648,#1649,#1650,#1651,#1652,#1653,#1654,#1655,#1656,
#1657,#1658,#1659,#1660,#1661,#1662,#1663,#1664,#1665,#1666,#1667,#1668,
#1669,#1670,#1671,#1672,#1673,#1674,#1675,#1676,#1677,#1678,#1679,#1680,
#1681,#1682,#1683,#1684,#1685,#1686,#1687,#1688,#1689,#1690,#1691,#1692,
#1693,#1694,#1695,#1696,#1697,#1698,#1699,#1700,#1701,#1702,#1703,#1704,
#1705,#1706,#1707,#1708,#1709,#1710,#1711,#1712,#1713,#1714,#1715,#1716,
#1717,#1718));
#1720=STYLED_ITEM('',(#1721),#1728);
#1721=PRESENTATION_STYLE_ASSIGNMENT((#1722));
#1722=SURFACE_STYLE_USAGE(.BOTH.,#1723);
#1723=SURFACE_SIDE_STYLE('',(#1724));
#1724=SURFACE_STYLE_FILL_AREA(#1725);
#1725=FILL_AREA_STYLE('',(#1726));
#1726=FILL_AREA_STYLE_COLOUR('',#1727);
#1727=COLOUR_RGB('',0.615686274509804,0.811764705882353,0.929411764705882);
#1728=MANIFOLD_SOLID_BREP('Part 1',#1719);
#1729=SHAPE_DEFINITION_REPRESENTATION(#2979,#1730);
#1730=SHAPE_REPRESENTATION('Part 1',(#1731),#2974);
#1731=AXIS2_PLACEMENT_3D('',#2447,#1922,#1923);
#1732=AXIS2_PLACEMENT_3D('',#2448,#1924,#1925);
#1733=AXIS2_PLACEMENT_3D('',#2465,#1934,#1935);
#1734=AXIS2_PLACEMENT_3D('',#2475,#1941,#1942);
#1735=AXIS2_PLACEMENT_3D('',#2476,#1943,#1944);
#1736=AXIS2_PLACEMENT_3D('',#2481,#1946,#1947);
#1737=AXIS2_PLACEMENT_3D('',#2486,#1950,#1951);
#1738=AXIS2_PLACEMENT_3D('',#2489,#1953,#1954);
#1739=AXIS2_PLACEMENT_3D('',#2493,#1956,#1957);
#1740=AXIS2_PLACEMENT_3D('',#2494,#1958,#1959);
#1741=AXIS2_PLACEMENT_3D('',#2498,#1961,#1962);
#1742=AXIS2_PLACEMENT_3D('',#2500,#1963,#1964);
#1743=AXIS2_PLACEMENT_3D('',#2502,#1965,#1966);
#1744=AXIS2_PLACEMENT_3D('',#2504,#1967,#1968);
#1745=AXIS2_PLACEMENT_3D('',#2508,#1970,#1971);
#1746=AXIS2_PLACEMENT_3D('',#2512,#1973,#1974);
#1747=AXIS2_PLACEMENT_3D('',#2516,#1976,#1977);
#1748=AXIS2_PLACEMENT_3D('',#2518,#1978,#1979);
#1749=AXIS2_PLACEMENT_3D('',#2520,#1980,#1981);
#1750=AXIS2_PLACEMENT_3D('',#2522,#1982,#1983);
#1751=AXIS2_PLACEMENT_3D('',#2523,#1984,#1985);
#1752=AXIS2_PLACEMENT_3D('',#2525,#1986,#1987);
#1753=AXIS2_PLACEMENT_3D('',#2527,#1988,#1989);
#1754=AXIS2_PLACEMENT_3D('',#2529,#1990,#1991);
#1755=AXIS2_PLACEMENT_3D('',#2536,#1994,#1995);
#1756=AXIS2_PLACEMENT_3D('',#2540,#1997,#1998);
#1757=AXIS2_PLACEMENT_3D('',#2546,#2001,#2002);
#1758=AXIS2_PLACEMENT_3D('',#2550,#2004,#2005);
#1759=AXIS2_PLACEMENT_3D('',#2551,#2006,#2007);
#1760=AXIS2_PLACEMENT_3D('',#2557,#2011,#2012);
#1761=AXIS2_PLACEMENT_3D('',#2558,#2013,#2014);
#1762=AXIS2_PLACEMENT_3D('',#2561,#2015,#2016);
#1763=AXIS2_PLACEMENT_3D('',#2562,#2017,#2018);
#1764=AXIS2_PLACEMENT_3D('',#2563,#2019,#2020);
#1765=AXIS2_PLACEMENT_3D('',#2566,#2021,#2022);
#1766=AXIS2_PLACEMENT_3D('',#2567,#2023,#2024);
#1767=AXIS2_PLACEMENT_3D('',#2604,#2045,#2046);
#1768=AXIS2_PLACEMENT_3D('',#2605,#2047,#2048);
#1769=AXIS2_PLACEMENT_3D('',#2611,#2049,#2050);
#1770=AXIS2_PLACEMENT_3D('',#2612,#2051,#2052);
#1771=AXIS2_PLACEMENT_3D('',#2620,#2056,#2057);
#1772=AXIS2_PLACEMENT_3D('',#2621,#2058,#2059);
#1773=AXIS2_PLACEMENT_3D('',#2622,#2060,#2061);
#1774=AXIS2_PLACEMENT_3D('',#2630,#2065,#2066);
#1775=AXIS2_PLACEMENT_3D('',#2631,#2067,#2068);
#1776=AXIS2_PLACEMENT_3D('',#2632,#2069,#2070);
#1777=AXIS2_PLACEMENT_3D('',#2638,#2073,#2074);
#1778=AXIS2_PLACEMENT_3D('',#2643,#2077,#2078);
#1779=AXIS2_PLACEMENT_3D('',#2644,#2079,#2080);
#1780=AXIS2_PLACEMENT_3D('',#2651,#2083,#2084);
#1781=AXIS2_PLACEMENT_3D('',#2653,#2086,#2087);
#1782=AXIS2_PLACEMENT_3D('',#2654,#2088,#2089);
#1783=AXIS2_PLACEMENT_3D('',#2656,#2090,#2091);
#1784=AXIS2_PLACEMENT_3D('',#2663,#2095,#2096);
#1785=AXIS2_PLACEMENT_3D('',#2669,#2100,#2101);
#1786=AXIS2_PLACEMENT_3D('',#2672,#2104,#2105);
#1787=AXIS2_PLACEMENT_3D('',#2688,#2108,#2109);
#1788=AXIS2_PLACEMENT_3D('',#2689,#2110,#2111);
#1789=AXIS2_PLACEMENT_3D('',#2692,#2113,#2114);
#1790=AXIS2_PLACEMENT_3D('',#2703,#2121,#2122);
#1791=AXIS2_PLACEMENT_3D('',#2707,#2125,#2126);
#1792=AXIS2_PLACEMENT_3D('',#2709,#2128,#2129);
#1793=AXIS2_PLACEMENT_3D('',#2715,#2133,#2134);
#1794=AXIS2_PLACEMENT_3D('',#2717,#2136,#2137);
#1795=AXIS2_PLACEMENT_3D('',#2719,#2139,#2140);
#1796=AXIS2_PLACEMENT_3D('',#2729,#2146,#2147);
#1797=AXIS2_PLACEMENT_3D('',#2742,#2149,#2150);
#1798=AXIS2_PLACEMENT_3D('',#2743,#2151,#2152);
#1799=AXIS2_PLACEMENT_3D('',#2746,#2154,#2155);
#1800=AXIS2_PLACEMENT_3D('',#2750,#2158,#2159);
#1801=AXIS2_PLACEMENT_3D('',#2753,#2161,#2162);
#1802=AXIS2_PLACEMENT_3D('',#2754,#2163,#2164);
#1803=AXIS2_PLACEMENT_3D('',#2758,#2167,#2168);
#1804=AXIS2_PLACEMENT_3D('',#2759,#2169,#2170);
#1805=AXIS2_PLACEMENT_3D('',#2762,#2172,#2173);
#1806=AXIS2_PLACEMENT_3D('',#2766,#2175,#2176);
#1807=AXIS2_PLACEMENT_3D('',#2768,#2178,#2179);
#1808=AXIS2_PLACEMENT_3D('',#2772,#2182,#2183);
#1809=AXIS2_PLACEMENT_3D('',#2773,#2184,#2185);
#1810=AXIS2_PLACEMENT_3D('',#2775,#2186,#2187);
#1811=AXIS2_PLACEMENT_3D('',#2776,#2188,#2189);
#1812=AXIS2_PLACEMENT_3D('',#2778,#2190,#2191);
#1813=AXIS2_PLACEMENT_3D('',#2779,#2192,#2193);
#1814=AXIS2_PLACEMENT_3D('',#2781,#2194,#2195);
#1815=AXIS2_PLACEMENT_3D('',#2782,#2196,#2197);
#1816=AXIS2_PLACEMENT_3D('',#2783,#2198,#2199);
#1817=AXIS2_PLACEMENT_3D('',#2784,#2200,#2201);
#1818=AXIS2_PLACEMENT_3D('',#2787,#2204,#2205);
#1819=AXIS2_PLACEMENT_3D('',#2788,#2206,#2207);
#1820=AXIS2_PLACEMENT_3D('',#2789,#2208,#2209);
#1821=AXIS2_PLACEMENT_3D('',#2795,#2210,#2211);
#1822=AXIS2_PLACEMENT_3D('',#2796,#2212,#2213);
#1823=AXIS2_PLACEMENT_3D('',#2797,#2214,#2215);
#1824=AXIS2_PLACEMENT_3D('',#2799,#2216,#2217);
#1825=AXIS2_PLACEMENT_3D('',#2800,#2218,#2219);
#1826=AXIS2_PLACEMENT_3D('',#2801,#2220,#2221);
#1827=AXIS2_PLACEMENT_3D('',#2803,#2222,#2223);
#1828=AXIS2_PLACEMENT_3D('',#2804,#2224,#2225);
#1829=AXIS2_PLACEMENT_3D('',#2807,#2227,#2228);
#1830=AXIS2_PLACEMENT_3D('',#2810,#2230,#2231);
#1831=AXIS2_PLACEMENT_3D('',#2813,#2233,#2234);
#1832=AXIS2_PLACEMENT_3D('',#2816,#2236,#2237);
#1833=AXIS2_PLACEMENT_3D('',#2817,#2238,#2239);
#1834=AXIS2_PLACEMENT_3D('',#2823,#2242,#2243);
#1835=AXIS2_PLACEMENT_3D('',#2826,#2245,#2246);
#1836=AXIS2_PLACEMENT_3D('',#2830,#2249,#2250);
#1837=AXIS2_PLACEMENT_3D('',#2833,#2252,#2253);
#1838=AXIS2_PLACEMENT_3D('',#2834,#2254,#2255);
#1839=AXIS2_PLACEMENT_3D('',#2838,#2258,#2259);
#1840=AXIS2_PLACEMENT_3D('',#2841,#2261,#2262);
#1841=AXIS2_PLACEMENT_3D('',#2842,#2263,#2264);
#1842=AXIS2_PLACEMENT_3D('',#2846,#2267,#2268);
#1843=AXIS2_PLACEMENT_3D('',#2849,#2270,#2271);
#1844=AXIS2_PLACEMENT_3D('',#2853,#2273,#2274);
#1845=AXIS2_PLACEMENT_3D('',#2854,#2275,#2276);
#1846=AXIS2_PLACEMENT_3D('',#2855,#2277,#2278);
#1847=AXIS2_PLACEMENT_3D('',#2857,#2279,#2280);
#1848=AXIS2_PLACEMENT_3D('',#2859,#2281,#2282);
#1849=AXIS2_PLACEMENT_3D('',#2860,#2283,#2284);
#1850=AXIS2_PLACEMENT_3D('',#2861,#2285,#2286);
#1851=AXIS2_PLACEMENT_3D('',#2862,#2287,#2288);
#1852=AXIS2_PLACEMENT_3D('',#2866,#2290,#2291);
#1853=AXIS2_PLACEMENT_3D('',#2867,#2292,#2293);
#1854=AXIS2_PLACEMENT_3D('',#2868,#2294,#2295);
#1855=AXIS2_PLACEMENT_3D('',#2871,#2297,#2298);
#1856=AXIS2_PLACEMENT_3D('',#2872,#2299,#2300);
#1857=AXIS2_PLACEMENT_3D('',#2876,#2303,#2304);
#1858=AXIS2_PLACEMENT_3D('',#2877,#2305,#2306);
#1859=AXIS2_PLACEMENT_3D('',#2878,#2307,#2308);
#1860=AXIS2_PLACEMENT_3D('',#2879,#2309,#2310);
#1861=AXIS2_PLACEMENT_3D('',#2881,#2311,#2312);
#1862=AXIS2_PLACEMENT_3D('',#2882,#2313,#2314);
#1863=AXIS2_PLACEMENT_3D('',#2884,#2315,#2316);
#1864=AXIS2_PLACEMENT_3D('',#2885,#2317,#2318);
#1865=AXIS2_PLACEMENT_3D('',#2886,#2319,#2320);
#1866=AXIS2_PLACEMENT_3D('',#2887,#2321,#2322);
#1867=AXIS2_PLACEMENT_3D('',#2888,#2323,#2324);
#1868=AXIS2_PLACEMENT_3D('',#2889,#2325,#2326);
#1869=AXIS2_PLACEMENT_3D('',#2890,#2327,#2328);
#1870=AXIS2_PLACEMENT_3D('',#2891,#2329,#2330);
#1871=AXIS2_PLACEMENT_3D('',#2892,#2331,#2332);
#1872=AXIS2_PLACEMENT_3D('',#2896,#2335,#2336);
#1873=AXIS2_PLACEMENT_3D('',#2900,#2338,#2339);
#1874=AXIS2_PLACEMENT_3D('',#2903,#2341,#2342);
#1875=AXIS2_PLACEMENT_3D('',#2904,#2343,#2344);
#1876=AXIS2_PLACEMENT_3D('',#2905,#2345,#2346);
#1877=AXIS2_PLACEMENT_3D('',#2910,#2348,#2349);
#1878=AXIS2_PLACEMENT_3D('',#2914,#2351,#2352);
#1879=AXIS2_PLACEMENT_3D('',#2918,#2354,#2355);
#1880=AXIS2_PLACEMENT_3D('',#2921,#2357,#2358);
#1881=AXIS2_PLACEMENT_3D('',#2923,#2360,#2361);
#1882=AXIS2_PLACEMENT_3D('',#2926,#2363,#2364);
#1883=AXIS2_PLACEMENT_3D('',#2930,#2366,#2367);
#1884=AXIS2_PLACEMENT_3D('',#2933,#2369,#2370);
#1885=AXIS2_PLACEMENT_3D('',#2934,#2371,#2372);
#1886=AXIS2_PLACEMENT_3D('',#2935,#2373,#2374);
#1887=AXIS2_PLACEMENT_3D('',#2936,#2375,#2376);
#1888=AXIS2_PLACEMENT_3D('',#2937,#2377,#2378);
#1889=AXIS2_PLACEMENT_3D('',#2938,#2379,#2380);
#1890=AXIS2_PLACEMENT_3D('',#2939,#2381,#2382);
#1891=AXIS2_PLACEMENT_3D('',#2940,#2383,#2384);
#1892=AXIS2_PLACEMENT_3D('',#2941,#2385,#2386);
#1893=AXIS2_PLACEMENT_3D('',#2942,#2387,#2388);
#1894=AXIS2_PLACEMENT_3D('',#2943,#2389,#2390);
#1895=AXIS2_PLACEMENT_3D('',#2944,#2391,#2392);
#1896=AXIS2_PLACEMENT_3D('',#2945,#2393,#2394);
#1897=AXIS2_PLACEMENT_3D('',#2946,#2395,#2396);
#1898=AXIS2_PLACEMENT_3D('',#2947,#2397,#2398);
#1899=AXIS2_PLACEMENT_3D('',#2948,#2399,#2400);
#1900=AXIS2_PLACEMENT_3D('',#2949,#2401,#2402);
#1901=AXIS2_PLACEMENT_3D('',#2951,#2404,#2405);
#1902=AXIS2_PLACEMENT_3D('',#2952,#2406,#2407);
#1903=AXIS2_PLACEMENT_3D('',#2954,#2409,#2410);
#1904=AXIS2_PLACEMENT_3D('',#2955,#2411,#2412);
#1905=AXIS2_PLACEMENT_3D('',#2956,#2413,#2414);
#1906=AXIS2_PLACEMENT_3D('',#2957,#2415,#2416);
#1907=AXIS2_PLACEMENT_3D('',#2958,#2417,#2418);
#1908=AXIS2_PLACEMENT_3D('',#2959,#2419,#2420);
#1909=AXIS2_PLACEMENT_3D('',#2960,#2421,#2422);
#1910=AXIS2_PLACEMENT_3D('',#2961,#2423,#2424);
#1911=AXIS2_PLACEMENT_3D('',#2962,#2425,#2426);
#1912=AXIS2_PLACEMENT_3D('',#2963,#2427,#2428);
#1913=AXIS2_PLACEMENT_3D('',#2964,#2429,#2430);
#1914=AXIS2_PLACEMENT_3D('',#2965,#2431,#2432);
#1915=AXIS2_PLACEMENT_3D('',#2966,#2433,#2434);
#1916=AXIS2_PLACEMENT_3D('',#2967,#2435,#2436);
#1917=AXIS2_PLACEMENT_3D('',#2968,#2437,#2438);
#1918=AXIS2_PLACEMENT_3D('',#2969,#2439,#2440);
#1919=AXIS2_PLACEMENT_3D('',#2970,#2441,#2442);
#1920=AXIS2_PLACEMENT_3D('',#2971,#2443,#2444);
#1921=AXIS2_PLACEMENT_3D('',#2972,#2445,#2446);
#1922=DIRECTION('',(0.,0.,1.));
#1923=DIRECTION('',(1.,0.,0.));
#1924=DIRECTION('',(0.,1.,0.));
#1925=DIRECTION('',(0.,0.,1.));
#1926=DIRECTION('',(0.,0.,-1.));
#1927=DIRECTION('',(1.,0.,0.));
#1928=DIRECTION('',(0.,0.,-1.));
#1929=DIRECTION('',(1.,0.,0.));
#1930=DIRECTION('',(0.,0.,1.));
#1931=DIRECTION('',(1.,0.,0.));
#1932=DIRECTION('',(0.,0.,1.));
#1933=DIRECTION('',(1.,0.,0.));
#1934=DIRECTION('',(-1.,0.,0.));
#1935=DIRECTION('',(0.,0.,1.));
#1936=DIRECTION('',(0.,1.,0.));
#1937=DIRECTION('',(0.,0.,-1.));
#1938=DIRECTION('',(0.,1.,0.));
#1939=DIRECTION('',(0.,1.,0.));
#1940=DIRECTION('',(0.,0.,-1.));
#1941=DIRECTION('',(0.,0.,-1.));
#1942=DIRECTION('',(-1.,0.,0.));
#1943=DIRECTION('',(0.,0.,-1.));
#1944=DIRECTION('',(1.,0.,0.));
#1945=DIRECTION('',(0.,0.,-1.));
#1946=DIRECTION('',(0.,0.,-1.));
#1947=DIRECTION('',(1.,0.,0.));
#1948=DIRECTION('',(0.,0.,-1.));
#1949=DIRECTION('',(0.,0.,1.));
#1950=DIRECTION('',(0.,0.,-1.));
#1951=DIRECTION('',(-1.,0.,0.));
#1952=DIRECTION('',(0.,0.,1.));
#1953=DIRECTION('',(0.,0.,1.));
#1954=DIRECTION('',(1.,0.,0.));
#1955=DIRECTION('',(0.,0.,-1.));
#1956=DIRECTION('',(0.,0.,1.));
#1957=DIRECTION('',(1.,0.,0.));
#1958=DIRECTION('',(0.,0.,1.));
#1959=DIRECTION('',(1.,0.,0.));
#1960=DIRECTION('',(1.,0.,0.));
#1961=DIRECTION('',(0.,0.,1.));
#1962=DIRECTION('',(1.,0.,0.));
#1963=DIRECTION('',(0.,0.,1.));
#1964=DIRECTION('',(1.,0.,0.));
#1965=DIRECTION('',(0.,0.,1.));
#1966=DIRECTION('',(1.,0.,0.));
#1967=DIRECTION('',(0.,0.,1.));
#1968=DIRECTION('',(1.,0.,0.));
#1969=DIRECTION('',(0.,-1.,0.));
#1970=DIRECTION('',(0.,0.,1.));
#1971=DIRECTION('',(1.,0.,0.));
#1972=DIRECTION('',(-1.,0.,0.));
#1973=DIRECTION('',(0.,0.,1.));
#1974=DIRECTION('',(1.,0.,0.));
#1975=DIRECTION('',(0.,1.,0.));
#1976=DIRECTION('',(0.,0.,1.));
#1977=DIRECTION('',(1.,0.,0.));
#1978=DIRECTION('',(0.,0.,1.));
#1979=DIRECTION('',(1.,0.,0.));
#1980=DIRECTION('',(0.,0.,1.));
#1981=DIRECTION('',(1.,0.,0.));
#1982=DIRECTION('',(0.,0.,1.));
#1983=DIRECTION('',(1.,0.,0.));
#1984=DIRECTION('',(0.,0.,1.));
#1985=DIRECTION('',(1.,0.,0.));
#1986=DIRECTION('',(0.,0.,1.));
#1987=DIRECTION('',(1.,0.,0.));
#1988=DIRECTION('',(0.,0.,1.));
#1989=DIRECTION('',(1.,0.,0.));
#1990=DIRECTION('',(0.,0.,1.));
#1991=DIRECTION('',(1.,0.,0.));
#1992=DIRECTION('',(1.,0.,0.));
#1993=DIRECTION('',(0.,-1.,0.));
#1994=DIRECTION('',(0.,0.,-1.));
#1995=DIRECTION('',(1.,0.,0.));
#1996=DIRECTION('',(1.,2.02107114368746E-14,0.));
#1997=DIRECTION('',(0.,0.,1.));
#1998=DIRECTION('',(1.,0.,0.));
#1999=DIRECTION('',(0.,1.,0.));
#2000=DIRECTION('',(1.,0.,0.));
#2001=DIRECTION('',(0.,0.,1.));
#2002=DIRECTION('',(1.,0.,0.));
#2003=DIRECTION('',(-1.,7.70988211545248E-16,0.));
#2004=DIRECTION('',(0.,0.,1.));
#2005=DIRECTION('',(1.,0.,0.));
#2006=DIRECTION('',(7.70988211545248E-16,1.,0.));
#2007=DIRECTION('',(-1.,7.70988211545248E-16,0.));
#2008=DIRECTION('',(-1.,7.70988211545248E-16,0.));
#2009=DIRECTION('',(0.,0.,1.));
#2010=DIRECTION('',(0.,0.,1.));
#2011=DIRECTION('',(0.,0.,-1.));
#2012=DIRECTION('',(-1.,0.,0.));
#2013=DIRECTION('',(0.,0.,1.));
#2014=DIRECTION('',(1.,0.,0.));
#2015=DIRECTION('',(0.,0.,1.));
#2016=DIRECTION('',(1.,0.,0.));
#2017=DIRECTION('',(0.,0.,-1.));
#2018=DIRECTION('',(-1.,0.,0.));
#2019=DIRECTION('',(0.,0.,1.));
#2020=DIRECTION('',(1.,0.,0.));
#2021=DIRECTION('',(0.,0.,1.));
#2022=DIRECTION('',(1.,0.,0.));
#2023=DIRECTION('',(0.,1.,0.));
#2024=DIRECTION('',(0.,0.,1.));
#2025=DIRECTION('',(1.,0.,0.));
#2026=DIRECTION('',(0.,0.,-1.));
#2027=DIRECTION('',(1.,0.,0.));
#2028=DIRECTION('',(0.,0.,-1.));
#2029=DIRECTION('',(1.,0.,0.));
#2030=DIRECTION('',(1.,0.,0.));
#2031=DIRECTION('',(1.,0.,0.));
#2032=DIRECTION('',(1.,0.,0.));
#2033=DIRECTION('',(1.,0.,0.));
#2034=DIRECTION('',(0.,0.,-1.));
#2035=DIRECTION('',(1.,0.,0.));
#2036=DIRECTION('',(0.,0.,-1.));
#2037=DIRECTION('',(1.,0.,0.));
#2038=DIRECTION('',(0.,0.,-1.));
#2039=DIRECTION('',(1.,0.,0.));
#2040=DIRECTION('',(0.,0.,1.));
#2041=DIRECTION('',(1.,0.,0.));
#2042=DIRECTION('',(0.,0.,1.));
#2043=DIRECTION('',(1.,0.,0.));
#2044=DIRECTION('',(0.,0.,-1.));
#2045=DIRECTION('',(0.,0.,-1.));
#2046=DIRECTION('',(-1.,0.,0.));
#2047=DIRECTION('',(0.,0.,1.));
#2048=DIRECTION('',(1.,0.,0.));
#2049=DIRECTION('',(0.,0.,1.));
#2050=DIRECTION('',(1.,0.,0.));
#2051=DIRECTION('',(0.,0.,1.));
#2052=DIRECTION('',(1.,0.,0.));
#2053=DIRECTION('',(0.,-1.,0.));
#2054=DIRECTION('',(1.,0.,0.));
#2055=DIRECTION('',(0.,1.,0.));
#2056=DIRECTION('',(0.,0.,1.));
#2057=DIRECTION('',(1.,0.,0.));
#2058=DIRECTION('',(0.,0.,1.));
#2059=DIRECTION('',(1.,0.,0.));
#2060=DIRECTION('',(0.,0.,-1.));
#2061=DIRECTION('',(1.,0.,0.));
#2062=DIRECTION('',(1.,0.,0.));
#2063=DIRECTION('',(0.,-1.,0.));
#2064=DIRECTION('',(1.,0.,0.));
#2065=DIRECTION('',(0.,0.,1.));
#2066=DIRECTION('',(1.,0.,0.));
#2067=DIRECTION('',(0.,0.,1.));
#2068=DIRECTION('',(1.,0.,0.));
#2069=DIRECTION('',(0.,0.,1.));
#2070=DIRECTION('',(1.,0.,0.));
#2071=DIRECTION('',(0.,-1.,0.));
#2072=DIRECTION('',(-1.,0.,0.));
#2073=DIRECTION('',(0.,0.,-1.));
#2074=DIRECTION('',(1.,0.,0.));
#2075=DIRECTION('',(-1.,0.,0.));
#2076=DIRECTION('',(0.,1.,0.));
#2077=DIRECTION('',(0.,0.,1.));
#2078=DIRECTION('',(1.,0.,0.));
#2079=DIRECTION('',(0.,0.,1.));
#2080=DIRECTION('',(1.,0.,0.));
#2081=DIRECTION('',(1.,0.,0.));
#2082=DIRECTION('',(0.,-1.,0.));
#2083=DIRECTION('',(0.,0.,1.));
#2084=DIRECTION('',(1.,0.,0.));
#2085=DIRECTION('',(0.,1.,0.));
#2086=DIRECTION('',(0.,0.,1.));
#2087=DIRECTION('',(1.,0.,0.));
#2088=DIRECTION('',(0.,0.,-1.));
#2089=DIRECTION('',(1.,0.,0.));
#2090=DIRECTION('',(0.,0.,1.));
#2091=DIRECTION('',(1.,0.,0.));
#2092=DIRECTION('',(0.,1.,0.));
#2093=DIRECTION('',(-1.,0.,0.));
#2094=DIRECTION('',(0.,-1.,0.));
#2095=DIRECTION('',(0.,-1.,0.));
#2096=DIRECTION('',(0.,0.,-1.));
#2097=DIRECTION('',(0.,0.,-1.));
#2098=DIRECTION('',(-1.,0.,0.));
#2099=DIRECTION('',(0.,0.,-1.));
#2100=DIRECTION('',(-1.,0.,0.));
#2101=DIRECTION('',(0.,0.,1.));
#2102=DIRECTION('',(0.,-1.,0.));
#2103=DIRECTION('',(0.,-1.,0.));
#2104=DIRECTION('',(0.,0.,-1.));
#2105=DIRECTION('',(-1.,0.,0.));
#2106=DIRECTION('',(0.,0.,-1.));
#2107=DIRECTION('',(0.,0.,1.));
#2108=DIRECTION('',(0.,0.,1.));
#2109=DIRECTION('',(1.,0.,0.));
#2110=DIRECTION('',(0.,0.,1.));
#2111=DIRECTION('',(1.,0.,0.));
#2112=DIRECTION('',(0.,0.,1.));
#2113=DIRECTION('',(-1.,0.,0.));
#2114=DIRECTION('',(0.,0.,1.));
#2115=DIRECTION('',(0.,-1.,0.));
#2116=DIRECTION('',(0.,0.,1.));
#2117=DIRECTION('',(0.,-1.,0.));
#2118=DIRECTION('',(0.,0.,-1.));
#2119=DIRECTION('',(0.,0.,-1.));
#2120=DIRECTION('',(0.,1.,0.));
#2121=DIRECTION('',(0.,-1.,0.));
#2122=DIRECTION('',(0.,0.,-1.));
#2123=DIRECTION('',(-1.,0.,0.));
#2124=DIRECTION('',(0.,0.,-1.));
#2125=DIRECTION('',(1.,0.,0.));
#2126=DIRECTION('',(0.,0.,-1.));
#2127=DIRECTION('',(0.,-1.,0.));
#2128=DIRECTION('',(0.,1.,0.));
#2129=DIRECTION('',(0.,0.,1.));
#2130=DIRECTION('',(0.,0.,1.));
#2131=DIRECTION('',(0.,0.,1.));
#2132=DIRECTION('',(1.,0.,0.));
#2133=DIRECTION('',(-1.,0.,0.));
#2134=DIRECTION('',(0.,0.,1.));
#2135=DIRECTION('',(0.,0.,-1.));
#2136=DIRECTION('',(0.,1.,0.));
#2137=DIRECTION('',(0.,0.,1.));
#2138=DIRECTION('',(0.,0.,-1.));
#2139=DIRECTION('',(-1.,0.,0.));
#2140=DIRECTION('',(0.,0.,1.));
#2141=DIRECTION('',(0.,-1.,0.));
#2142=DIRECTION('',(0.,0.,-1.));
#2143=DIRECTION('',(0.,0.,1.));
#2144=DIRECTION('',(0.,-1.,0.));
#2145=DIRECTION('',(0.,0.,-1.));
#2146=DIRECTION('',(0.,0.,-1.));
#2147=DIRECTION('',(-1.,0.,0.));
#2148=DIRECTION('',(0.,0.,1.));
#2149=DIRECTION('',(0.,0.,-1.));
#2150=DIRECTION('',(1.,0.,0.));
#2151=DIRECTION('',(0.,0.,1.));
#2152=DIRECTION('',(1.,0.,0.));
#2153=DIRECTION('',(0.,0.,1.));
#2154=DIRECTION('',(0.,1.,0.));
#2155=DIRECTION('',(0.,0.,1.));
#2156=DIRECTION('',(0.,0.,-1.));
#2157=DIRECTION('',(1.,0.,0.));
#2158=DIRECTION('',(0.,0.,-1.));
#2159=DIRECTION('',(-1.,0.,0.));
#2160=DIRECTION('',(0.,0.,-1.));
#2161=DIRECTION('',(0.,0.,1.));
#2162=DIRECTION('',(1.,0.,0.));
#2163=DIRECTION('',(0.,1.,0.));
#2164=DIRECTION('',(0.,0.,1.));
#2165=DIRECTION('',(0.,0.,-1.));
#2166=DIRECTION('',(1.,0.,0.));
#2167=DIRECTION('',(1.,0.,0.));
#2168=DIRECTION('',(0.,0.,-1.));
#2169=DIRECTION('',(1.,0.,0.));
#2170=DIRECTION('',(0.,0.,-1.));
#2171=DIRECTION('',(0.,-1.,0.));
#2172=DIRECTION('',(-1.,0.,0.));
#2173=DIRECTION('',(0.,0.,1.));
#2174=DIRECTION('',(0.,1.,0.));
#2175=DIRECTION('',(-1.,0.,0.));
#2176=DIRECTION('',(0.,0.,1.));
#2177=DIRECTION('',(0.,0.,-1.));
#2178=DIRECTION('',(0.,-1.,0.));
#2179=DIRECTION('',(0.,0.,-1.));
#2180=DIRECTION('',(0.,0.,-1.));
#2181=DIRECTION('',(-1.,0.,0.));
#2182=DIRECTION('',(0.,0.,-1.));
#2183=DIRECTION('',(-1.,0.,0.));
#2184=DIRECTION('',(0.,0.,-1.));
#2185=DIRECTION('',(1.,0.,0.));
#2186=DIRECTION('',(0.,0.,-1.));
#2187=DIRECTION('',(-1.,0.,0.));
#2188=DIRECTION('',(0.,0.,-1.));
#2189=DIRECTION('',(1.,0.,0.));
#2190=DIRECTION('',(0.,0.,-1.));
#2191=DIRECTION('',(-1.,0.,0.));
#2192=DIRECTION('',(0.,0.,1.));
#2193=DIRECTION('',(1.,0.,0.));
#2194=DIRECTION('',(0.,0.,-1.));
#2195=DIRECTION('',(-1.,0.,0.));
#2196=DIRECTION('',(0.,0.,-1.));
#2197=DIRECTION('',(1.,0.,0.));
#2198=DIRECTION('',(0.,0.,-1.));
#2199=DIRECTION('',(-1.,0.,0.));
#2200=DIRECTION('',(0.,0.,1.));
#2201=DIRECTION('',(1.,0.,0.));
#2202=DIRECTION('',(1.,0.,0.));
#2203=DIRECTION('',(1.,2.02107114368746E-14,0.));
#2204=DIRECTION('',(0.,0.,1.));
#2205=DIRECTION('',(1.,0.,0.));
#2206=DIRECTION('',(0.,0.,1.));
#2207=DIRECTION('',(1.,0.,0.));
#2208=DIRECTION('',(0.,0.,-1.));
#2209=DIRECTION('',(-1.,0.,0.));
#2210=DIRECTION('',(0.,0.,1.));
#2211=DIRECTION('',(1.,0.,0.));
#2212=DIRECTION('',(0.,0.,-1.));
#2213=DIRECTION('',(-1.,0.,0.));
#2214=DIRECTION('',(0.,0.,1.));
#2215=DIRECTION('',(1.,0.,0.));
#2216=DIRECTION('',(0.,0.,1.));
#2217=DIRECTION('',(1.,0.,0.));
#2218=DIRECTION('',(0.,0.,-1.));
#2219=DIRECTION('',(-1.,0.,0.));
#2220=DIRECTION('',(0.,0.,1.));
#2221=DIRECTION('',(1.,0.,0.));
#2222=DIRECTION('',(0.,0.,1.));
#2223=DIRECTION('',(1.,0.,0.));
#2224=DIRECTION('',(0.,0.,-1.));
#2225=DIRECTION('',(-1.,0.,0.));
#2226=DIRECTION('',(0.,0.,-1.));
#2227=DIRECTION('',(0.,0.,1.));
#2228=DIRECTION('',(1.,0.,0.));
#2229=DIRECTION('',(0.,0.,-1.));
#2230=DIRECTION('',(0.,0.,-1.));
#2231=DIRECTION('',(-1.,0.,0.));
#2232=DIRECTION('',(0.,0.,-1.));
#2233=DIRECTION('',(0.,0.,1.));
#2234=DIRECTION('',(1.,0.,0.));
#2235=DIRECTION('',(0.,0.,-1.));
#2236=DIRECTION('',(0.,0.,-1.));
#2237=DIRECTION('',(-1.,0.,0.));
#2238=DIRECTION('',(0.,0.,1.));
#2239=DIRECTION('',(1.,0.,0.));
#2240=DIRECTION('',(0.,0.,-1.));
#2241=DIRECTION('',(0.,0.,-1.));
#2242=DIRECTION('',(0.,0.,1.));
#2243=DIRECTION('',(1.,0.,0.));
#2244=DIRECTION('',(0.,0.,-1.));
#2245=DIRECTION('',(-1.,0.,0.));
#2246=DIRECTION('',(0.,0.,1.));
#2247=DIRECTION('',(0.,0.,-1.));
#2248=DIRECTION('',(0.,1.,0.));
#2249=DIRECTION('',(0.,0.,-1.));
#2250=DIRECTION('',(-1.,0.,0.));
#2251=DIRECTION('',(0.,0.,-1.));
#2252=DIRECTION('',(0.,0.,1.));
#2253=DIRECTION('',(1.,0.,0.));
#2254=DIRECTION('',(0.,-1.,0.));
#2255=DIRECTION('',(0.,0.,-1.));
#2256=DIRECTION('',(0.,0.,-1.));
#2257=DIRECTION('',(-1.,0.,0.));
#2258=DIRECTION('',(0.,0.,-1.));
#2259=DIRECTION('',(-1.,0.,0.));
#2260=DIRECTION('',(0.,0.,-1.));
#2261=DIRECTION('',(0.,0.,1.));
#2262=DIRECTION('',(1.,0.,0.));
#2263=DIRECTION('',(1.,0.,0.));
#2264=DIRECTION('',(0.,0.,-1.));
#2265=DIRECTION('',(0.,0.,-1.));
#2266=DIRECTION('',(0.,-1.,0.));
#2267=DIRECTION('',(0.,0.,-1.));
#2268=DIRECTION('',(-1.,0.,0.));
#2269=DIRECTION('',(0.,0.,-1.));
#2270=DIRECTION('',(0.,0.,1.));
#2271=DIRECTION('',(1.,0.,0.));
#2272=DIRECTION('',(0.,0.,-1.));
#2273=DIRECTION('',(0.,0.,1.));
#2274=DIRECTION('',(1.,0.,0.));
#2275=DIRECTION('',(0.,0.,1.));
#2276=DIRECTION('',(1.,0.,0.));
#2277=DIRECTION('',(0.,0.,1.));
#2278=DIRECTION('',(1.,0.,0.));
#2279=DIRECTION('',(0.,0.,1.));
#2280=DIRECTION('',(1.,0.,0.));
#2281=DIRECTION('',(0.,0.,1.));
#2282=DIRECTION('',(1.,0.,0.));
#2283=DIRECTION('',(0.,0.,1.));
#2284=DIRECTION('',(1.,0.,0.));
#2285=DIRECTION('',(0.,0.,1.));
#2286=DIRECTION('',(1.,0.,0.));
#2287=DIRECTION('',(0.,0.,1.));
#2288=DIRECTION('',(1.,0.,0.));
#2289=DIRECTION('',(-1.,7.70988211545248E-16,0.));
#2290=DIRECTION('',(0.,0.,1.));
#2291=DIRECTION('',(1.,0.,0.));
#2292=DIRECTION('',(0.,0.,1.));
#2293=DIRECTION('',(1.,0.,0.));
#2294=DIRECTION('',(0.,0.,-1.));
#2295=DIRECTION('',(-1.,0.,0.));
#2296=DIRECTION('',(0.,0.,-1.));
#2297=DIRECTION('',(0.,0.,1.));
#2298=DIRECTION('',(1.,0.,0.));
#2299=DIRECTION('',(-7.70988211545248E-16,-1.,0.));
#2300=DIRECTION('',(1.,-7.70988211545248E-16,0.));
#2301=DIRECTION('',(0.,0.,-1.));
#2302=DIRECTION('',(-1.,7.70988211545248E-16,0.));
#2303=DIRECTION('',(0.,0.,-1.));
#2304=DIRECTION('',(-1.,0.,0.));
#2305=DIRECTION('',(0.,0.,1.));
#2306=DIRECTION('',(1.,0.,0.));
#2307=DIRECTION('',(0.,0.,-1.));
#2308=DIRECTION('',(-1.,0.,0.));
#2309=DIRECTION('',(0.,0.,1.));
#2310=DIRECTION('',(1.,0.,0.));
#2311=DIRECTION('',(0.,0.,-1.));
#2312=DIRECTION('',(-1.,0.,0.));
#2313=DIRECTION('',(0.,0.,1.));
#2314=DIRECTION('',(1.,0.,0.));
#2315=DIRECTION('',(0.,0.,1.));
#2316=DIRECTION('',(1.,0.,0.));
#2317=DIRECTION('',(0.,0.,-1.));
#2318=DIRECTION('',(-1.,0.,0.));
#2319=DIRECTION('',(0.,0.,-1.));
#2320=DIRECTION('',(-1.,0.,0.));
#2321=DIRECTION('',(0.,0.,-1.));
#2322=DIRECTION('',(-1.,0.,0.));
#2323=DIRECTION('',(0.,0.,-1.));
#2324=DIRECTION('',(-1.,0.,0.));
#2325=DIRECTION('',(0.,0.,1.));
#2326=DIRECTION('',(1.,0.,0.));
#2327=DIRECTION('',(0.,0.,1.));
#2328=DIRECTION('',(1.,0.,0.));
#2329=DIRECTION('',(0.,0.,1.));
#2330=DIRECTION('',(1.,0.,0.));
#2331=DIRECTION('',(0.,0.,-1.));
#2332=DIRECTION('',(1.,0.,0.));
#2333=DIRECTION('',(0.,-1.,0.));
#2334=DIRECTION('',(1.,0.,0.));
#2335=DIRECTION('',(0.,0.,-1.));
#2336=DIRECTION('',(-1.,0.,0.));
#2337=DIRECTION('',(0.,1.,0.));
#2338=DIRECTION('',(0.,0.,-1.));
#2339=DIRECTION('',(-1.,0.,0.));
#2340=DIRECTION('',(1.,0.,0.));
#2341=DIRECTION('',(0.,0.,-1.));
#2342=DIRECTION('',(-1.,0.,0.));
#2343=DIRECTION('',(0.,0.,-1.));
#2344=DIRECTION('',(1.,0.,0.));
#2345=DIRECTION('',(0.,0.,-1.));
#2346=DIRECTION('',(-1.,0.,0.));
#2347=DIRECTION('',(1.,0.,0.));
#2348=DIRECTION('',(0.,0.,-1.));
#2349=DIRECTION('',(-1.,0.,0.));
#2350=DIRECTION('',(0.,1.,0.));
#2351=DIRECTION('',(0.,0.,-1.));
#2352=DIRECTION('',(-1.,0.,0.));
#2353=DIRECTION('',(1.,0.,0.));
#2354=DIRECTION('',(0.,0.,-1.));
#2355=DIRECTION('',(-1.,0.,0.));
#2356=DIRECTION('',(0.,1.,0.));
#2357=DIRECTION('',(0.,0.,-1.));
#2358=DIRECTION('',(1.,0.,0.));
#2359=DIRECTION('',(0.,-1.,0.));
#2360=DIRECTION('',(0.,0.,-1.));
#2361=DIRECTION('',(-1.,0.,0.));
#2362=DIRECTION('',(1.,0.,0.));
#2363=DIRECTION('',(0.,0.,-1.));
#2364=DIRECTION('',(-1.,0.,0.));
#2365=DIRECTION('',(0.,1.,0.));
#2366=DIRECTION('',(0.,0.,-1.));
#2367=DIRECTION('',(-1.,0.,0.));
#2368=DIRECTION('',(1.,0.,0.));
#2369=DIRECTION('',(1.,0.,0.));
#2370=DIRECTION('',(0.,0.,-1.));
#2371=DIRECTION('',(1.,0.,0.));
#2372=DIRECTION('',(0.,0.,-1.));
#2373=DIRECTION('',(-1.,0.,0.));
#2374=DIRECTION('',(0.,0.,1.));
#2375=DIRECTION('',(0.,0.,-1.));
#2376=DIRECTION('',(-1.,0.,0.));
#2377=DIRECTION('',(0.,-1.,0.));
#2378=DIRECTION('',(0.,0.,-1.));
#2379=DIRECTION('',(0.,0.,-1.));
#2380=DIRECTION('',(-1.,0.,0.));
#2381=DIRECTION('',(0.,-1.,0.));
#2382=DIRECTION('',(0.,0.,-1.));
#2383=DIRECTION('',(0.,-1.,0.));
#2384=DIRECTION('',(0.,0.,-1.));
#2385=DIRECTION('',(0.,-1.,0.));
#2386=DIRECTION('',(0.,0.,-1.));
#2387=DIRECTION('',(0.,1.,0.));
#2388=DIRECTION('',(0.,0.,1.));
#2389=DIRECTION('',(0.,-1.,0.));
#2390=DIRECTION('',(0.,0.,-1.));
#2391=DIRECTION('',(0.,0.,-1.));
#2392=DIRECTION('',(-1.,0.,0.));
#2393=DIRECTION('',(1.,0.,0.));
#2394=DIRECTION('',(0.,0.,-1.));
#2395=DIRECTION('',(0.,0.,-1.));
#2396=DIRECTION('',(-1.,0.,0.));
#2397=DIRECTION('',(-1.,0.,0.));
#2398=DIRECTION('',(0.,0.,1.));
#2399=DIRECTION('',(-1.,0.,0.));
#2400=DIRECTION('',(0.,0.,1.));
#2401=DIRECTION('',(1.,0.,0.));
#2402=DIRECTION('',(0.,0.,-1.));
#2403=DIRECTION('',(0.,1.,0.));
#2404=DIRECTION('',(0.,0.,1.));
#2405=DIRECTION('',(1.,0.,0.));
#2406=DIRECTION('',(1.,0.,0.));
#2407=DIRECTION('',(0.,0.,-1.));
#2408=DIRECTION('',(0.,1.,0.));
#2409=DIRECTION('',(0.,0.,1.));
#2410=DIRECTION('',(1.,0.,0.));
#2411=DIRECTION('',(2.02107114368746E-14,-1.,0.));
#2412=DIRECTION('',(1.,2.02107114368746E-14,0.));
#2413=DIRECTION('',(1.,0.,0.));
#2414=DIRECTION('',(0.,0.,-1.));
#2415=DIRECTION('',(-1.,0.,0.));
#2416=DIRECTION('',(0.,0.,1.));
#2417=DIRECTION('',(-1.,0.,0.));
#2418=DIRECTION('',(0.,0.,1.));
#2419=DIRECTION('',(0.,1.,0.));
#2420=DIRECTION('',(0.,0.,1.));
#2421=DIRECTION('',(0.,1.,0.));
#2422=DIRECTION('',(0.,0.,1.));
#2423=DIRECTION('',(0.,1.,0.));
#2424=DIRECTION('',(0.,0.,1.));
#2425=DIRECTION('',(0.,1.,0.));
#2426=DIRECTION('',(0.,0.,1.));
#2427=DIRECTION('',(-1.,0.,0.));
#2428=DIRECTION('',(0.,0.,1.));
#2429=DIRECTION('',(-1.,0.,0.));
#2430=DIRECTION('',(0.,0.,1.));
#2431=DIRECTION('',(0.,0.,-1.));
#2432=DIRECTION('',(-1.,0.,0.));
#2433=DIRECTION('',(0.,0.,1.));
#2434=DIRECTION('',(1.,0.,0.));
#2435=DIRECTION('',(0.,0.,1.));
#2436=DIRECTION('',(1.,0.,0.));
#2437=DIRECTION('',(0.,0.,1.));
#2438=DIRECTION('',(1.,0.,0.));
#2439=DIRECTION('',(0.,0.,-1.));
#2440=DIRECTION('',(-1.,0.,0.));
#2441=DIRECTION('',(0.,0.,1.));
#2442=DIRECTION('',(1.,0.,0.));
#2443=DIRECTION('',(0.,0.,1.));
#2444=DIRECTION('',(1.,0.,0.));
#2445=DIRECTION('',(0.,0.,1.));
#2446=DIRECTION('',(1.,0.,0.));
#2447=CARTESIAN_POINT('',(0.,0.,0.));
#2448=CARTESIAN_POINT('',(0.0059,0.0325,0.0059));
#2449=CARTESIAN_POINT('',(0.,0.0325,0.0059));
#2450=CARTESIAN_POINT('',(0.,0.0325,0.0049));
#2451=CARTESIAN_POINT('',(0.,0.0325,0.));
#2452=CARTESIAN_POINT('',(0.0059,0.0325,0.0049));
#2453=CARTESIAN_POINT('',(0.0832,0.0325,0.0049));
#2454=CARTESIAN_POINT('',(0.0832,0.0325,0.0059));
#2455=CARTESIAN_POINT('',(0.0832,0.0325,0.));
#2456=CARTESIAN_POINT('',(0.0059,0.0325,0.));
#2457=CARTESIAN_POINT('',(0.0714,0.0325,0.));
#2458=CARTESIAN_POINT('',(0.0714,0.0325,-0.01));
#2459=CARTESIAN_POINT('',(0.0714,0.0325,-0.01));
#2460=CARTESIAN_POINT('',(0.0059,0.0325,-0.01));
#2461=CARTESIAN_POINT('',(0.0118,0.0325,-0.01));
#2462=CARTESIAN_POINT('',(0.0118,0.0325,-0.01));
#2463=CARTESIAN_POINT('',(0.0118,0.0325,0.));
#2464=CARTESIAN_POINT('',(0.0059,0.0325,0.));
#2465=CARTESIAN_POINT('',(0.0714,0.0259138181696986,0.0059));
#2466=CARTESIAN_POINT('',(0.0714,0.0259138181696986,0.0059));
#2467=CARTESIAN_POINT('',(0.0714,0.0243276363393972,0.0059));
#2468=CARTESIAN_POINT('',(0.0714,0.0275,0.0059));
#2469=CARTESIAN_POINT('',(0.0714,0.0243276363393972,0.0059));
#2470=CARTESIAN_POINT('',(0.0714,0.0243276363393972,-0.01));
#2471=CARTESIAN_POINT('',(0.0714,0.0259138181696986,-0.01));
#2472=CARTESIAN_POINT('',(0.0714,0.0259138181696986,0.));
#2473=CARTESIAN_POINT('',(0.0714,0.0275,0.));
#2474=CARTESIAN_POINT('',(0.0714,0.0275,0.0059));
#2475=CARTESIAN_POINT('',(0.0059,0.0216,0.0059));
#2476=CARTESIAN_POINT('',(0.0059,0.0216,-0.0108));
#2477=CARTESIAN_POINT('',(0.0118,0.0243276363393971,-0.0108));
#2478=CARTESIAN_POINT('',(0.0121505777510741,0.0198166666666667,-0.0108));
#2479=CARTESIAN_POINT('',(0.0121505777510741,0.0198166666666667,0.0059));
#2480=CARTESIAN_POINT('',(0.0121505777510741,0.0198166666666667,0.0059));
#2481=CARTESIAN_POINT('',(0.0059,0.0216,0.0059));
#2482=CARTESIAN_POINT('',(0.0118,0.0243276363393971,0.0059));
#2483=CARTESIAN_POINT('',(0.0118,0.0243276363393971,0.0059));
#2484=CARTESIAN_POINT('',(0.0118,0.0243276363393971,-0.01));
#2485=CARTESIAN_POINT('',(0.0118,0.0243276363393971,-0.0108));
#2486=CARTESIAN_POINT('',(0.0773,0.0216,0.0059));
#2487=CARTESIAN_POINT('',(0.0714,0.0243276363393972,-0.0108));
#2488=CARTESIAN_POINT('',(0.0714,0.0243276363393972,-0.0108));
#2489=CARTESIAN_POINT('',(0.0773,0.0216,0.0059));
#2490=CARTESIAN_POINT('',(0.0710494222489259,0.0198166666666666,0.0059));
#2491=CARTESIAN_POINT('',(0.0710494222489259,0.0198166666666666,0.0059));
#2492=CARTESIAN_POINT('',(0.0710494222489259,0.0198166666666666,-0.0108));
#2493=CARTESIAN_POINT('',(0.0773,0.0216,-0.0108));
#2494=CARTESIAN_POINT('',(0.0416,0.01475,0.0167));
#2495=CARTESIAN_POINT('',(0.04085,0.,0.0167));
#2496=CARTESIAN_POINT('',(0.0405641016151378,0.,0.0167));
#2497=CARTESIAN_POINT('',(0.0426358983848623,0.,0.0167));
#2498=CARTESIAN_POINT('',(0.0405641016151378,0.0005,0.0167));
#2499=CARTESIAN_POINT('',(0.0400692299558324,0.000428571428571429,0.0167));
#2500=CARTESIAN_POINT('',(0.0371,0.,0.0167));
#2501=CARTESIAN_POINT('',(0.0377619713324545,0.00292605433220376,0.0167));
#2502=CARTESIAN_POINT('',(0.0378722998878636,0.00341373005423772,0.0167));
#2503=CARTESIAN_POINT('',(0.0375293635344215,0.00377759082086117,0.0167));
#2504=CARTESIAN_POINT('',(0.0341,0.00741619848709564,0.0167));
#2505=CARTESIAN_POINT('',(0.0391,0.00741619848709564,0.0167));
#2506=CARTESIAN_POINT('',(0.0391,0.00820809924354783,0.0167));
#2507=CARTESIAN_POINT('',(0.0391,0.009,0.0167));
#2508=CARTESIAN_POINT('',(0.0401,0.009,0.0167));
#2509=CARTESIAN_POINT('',(0.0401,0.01,0.0167));
#2510=CARTESIAN_POINT('',(0.0416,0.01,0.0167));
#2511=CARTESIAN_POINT('',(0.0431,0.01,0.0167));
#2512=CARTESIAN_POINT('',(0.0431,0.009,0.0167));
#2513=CARTESIAN_POINT('',(0.0441,0.009,0.0167));
#2514=CARTESIAN_POINT('',(0.0441,0.00820809924354784,0.0167));
#2515=CARTESIAN_POINT('',(0.0441,0.00741619848709567,0.0167));
#2516=CARTESIAN_POINT('',(0.0491,0.00741619848709568,0.0167));
#2517=CARTESIAN_POINT('',(0.0456706364655786,0.00377759082086117,0.0167));
#2518=CARTESIAN_POINT('',(0.0453277001121364,0.00341373005423773,0.0167));
#2519=CARTESIAN_POINT('',(0.0454380286675455,0.00292605433220376,0.0167));
#2520=CARTESIAN_POINT('',(0.0461,6.17377888866305E-19,0.0167));
#2521=CARTESIAN_POINT('',(0.0431307700441676,0.00042857142857143,0.0167));
#2522=CARTESIAN_POINT('',(0.0426358983848623,0.0005,0.0167));
#2523=CARTESIAN_POINT('',(0.0246517332532223,0.01625,0.0167));
#2524=CARTESIAN_POINT('',(0.0269517332532223,0.01625,0.0167));
#2525=CARTESIAN_POINT('',(0.0585482667467778,0.01625,0.0167));
#2526=CARTESIAN_POINT('',(0.0608482667467778,0.01625,0.0167));
#2527=CARTESIAN_POINT('',(0.0461,1.3164953090834E-19,0.0167));
#2528=CARTESIAN_POINT('',(0.04825,1.3164953090834E-19,0.0167));
#2529=CARTESIAN_POINT('',(0.0371,1.3164953090834E-19,0.0167));
#2530=CARTESIAN_POINT('',(0.03925,1.3164953090834E-19,0.0167));
#2531=CARTESIAN_POINT('',(0.0714,0.001,0.0167));
#2532=CARTESIAN_POINT('',(0.0489284271247462,0.001,0.0167));
#2533=CARTESIAN_POINT('',(0.0704,0.001,0.0167));
#2534=CARTESIAN_POINT('',(0.0704,0.0182077927336728,0.0167));
#2535=CARTESIAN_POINT('',(0.0704,0.0215919489790211,0.0167));
#2536=CARTESIAN_POINT('',(0.0585482667467814,0.0162500000000007,0.0167));
#2537=CARTESIAN_POINT('',(0.0455482667467778,0.0162500000000005,0.0167));
#2538=CARTESIAN_POINT('',(0.0416,0.0162500000000005,0.0167));
#2539=CARTESIAN_POINT('',(0.0376517332532223,0.0162500000000004,0.0167));
#2540=CARTESIAN_POINT('',(0.0246517332532219,0.01625,0.0167));
#2541=CARTESIAN_POINT('',(0.0128,0.0215919489790213,0.0167));
#2542=CARTESIAN_POINT('',(0.0128,0.01475,0.0167));
#2543=CARTESIAN_POINT('',(0.0128,0.001,0.0167));
#2544=CARTESIAN_POINT('',(0.0341,0.001,0.0167));
#2545=CARTESIAN_POINT('',(0.0342715728752538,0.001,0.0167));
#2546=CARTESIAN_POINT('',(0.0371,1.83697019872103E-19,0.0167));
#2547=CARTESIAN_POINT('',(0.0371,-0.003,0.0167));
#2548=CARTESIAN_POINT('',(0.0416,-0.003,0.0167));
#2549=CARTESIAN_POINT('',(0.0461,-0.003,0.0167));
#2550=CARTESIAN_POINT('',(0.0461,1.83697019872103E-19,0.0167));
#2551=CARTESIAN_POINT('',(0.0416,-0.003,0.0059));
#2552=CARTESIAN_POINT('',(0.0416,-0.003,0.0087));
#2553=CARTESIAN_POINT('',(0.0461,-0.003,0.0087));
#2554=CARTESIAN_POINT('',(0.0371,-0.003,0.0087));
#2555=CARTESIAN_POINT('',(0.0461,-0.003,0.0059));
#2556=CARTESIAN_POINT('',(0.0371,-0.003,0.0059));
#2557=CARTESIAN_POINT('',(0.0461,1.3164953090834E-19,0.0167));
#2558=CARTESIAN_POINT('',(0.0461,1.3164953090834E-19,0.0087));
#2559=CARTESIAN_POINT('',(0.04825,0.,0.0087));
#2560=CARTESIAN_POINT('',(0.04395,0.,0.0087));
#2561=CARTESIAN_POINT('',(0.0461,1.3164953090834E-19,0.0087));
#2562=CARTESIAN_POINT('',(0.0371,1.3164953090834E-19,0.0167));
#2563=CARTESIAN_POINT('',(0.0371,1.3164953090834E-19,0.0087));
#2564=CARTESIAN_POINT('',(0.03925,0.,0.0087));
#2565=CARTESIAN_POINT('',(0.03495,0.,0.0087));
#2566=CARTESIAN_POINT('',(0.0371,1.3164953090834E-19,0.0087));
#2567=CARTESIAN_POINT('',(0.0059,0.,0.0059));
#2568=CARTESIAN_POINT('',(0.0059,0.,0.0059));
#2569=CARTESIAN_POINT('',(0.0704,0.,0.0059));
#2570=CARTESIAN_POINT('',(0.0832,2.03830008427275E-17,0.0059));
#2571=CARTESIAN_POINT('',(0.0704,0.,0.0059));
#2572=CARTESIAN_POINT('',(0.0704,0.,0.0157));
#2573=CARTESIAN_POINT('',(0.0491,0.,0.0157));
#2574=CARTESIAN_POINT('',(0.0491,0.,0.0157));
#2575=CARTESIAN_POINT('',(0.0491,0.,0.0167));
#2576=CARTESIAN_POINT('',(0.0491,0.,0.0087));
#2577=CARTESIAN_POINT('',(0.0059,0.,0.0087));
#2578=CARTESIAN_POINT('',(0.0059,0.,0.0087));
#2579=CARTESIAN_POINT('',(0.0059,0.,0.0087));
#2580=CARTESIAN_POINT('',(0.0059,0.,0.0087));
#2581=CARTESIAN_POINT('',(0.0059,0.,0.0087));
#2582=CARTESIAN_POINT('',(0.0341,3.67394039744206E-19,0.0087));
#2583=CARTESIAN_POINT('',(0.0341,3.67394039744206E-19,0.0167));
#2584=CARTESIAN_POINT('',(0.0341,3.67394039744206E-19,0.0157));
#2585=CARTESIAN_POINT('',(0.0118,0.,0.0157));
#2586=CARTESIAN_POINT('',(0.0128,0.,0.0157));
#2587=CARTESIAN_POINT('',(0.0128,0.,0.0059));
#2588=CARTESIAN_POINT('',(0.0128,0.,0.0059));
#2589=CARTESIAN_POINT('',(0.0059,0.,0.0059));
#2590=CARTESIAN_POINT('',(0.,0.,0.0059));
#2591=CARTESIAN_POINT('',(0.,0.,0.0059));
#2592=CARTESIAN_POINT('',(0.,0.,0.));
#2593=CARTESIAN_POINT('',(0.0059,0.,0.));
#2594=CARTESIAN_POINT('',(0.0128,0.,0.));
#2595=CARTESIAN_POINT('',(0.0128,0.,-0.01));
#2596=CARTESIAN_POINT('',(0.0128,0.,-0.01));
#2597=CARTESIAN_POINT('',(0.0812,0.,-0.01));
#2598=CARTESIAN_POINT('',(0.0704,0.,-0.01));
#2599=CARTESIAN_POINT('',(0.0704,0.,0.0059));
#2600=CARTESIAN_POINT('',(0.0704,0.,0.));
#2601=CARTESIAN_POINT('',(0.0059,0.,0.));
#2602=CARTESIAN_POINT('',(0.0832,2.03830008427275E-17,0.));
#2603=CARTESIAN_POINT('',(0.0832,2.03830008427275E-17,0.0059));
#2604=CARTESIAN_POINT('',(0.0461,1.83697019872103E-19,0.0167));
#2605=CARTESIAN_POINT('',(0.0461,1.83697019872103E-19,0.0087));
#2606=CARTESIAN_POINT('',(0.0491,0.,0.0157));
#2607=CARTESIAN_POINT('',(0.0491,0.,0.0159672324320214));
#2608=CARTESIAN_POINT('',(0.0491113869642542,0.000223898935909747,0.016492656791453));
#2609=CARTESIAN_POINT('',(0.0490174867502294,0.000748101339563591,0.0167));
#2610=CARTESIAN_POINT('',(0.0489284271247462,0.001,0.0167));
#2611=CARTESIAN_POINT('',(0.0416,0.01475,0.));
#2612=CARTESIAN_POINT('',(0.0773,0.0026,0.));
#2613=CARTESIAN_POINT('',(0.0783,0.0026,0.));
#2614=CARTESIAN_POINT('',(0.0714,0.0025,0.));
#2615=CARTESIAN_POINT('',(0.0714,0.005,0.));
#2616=CARTESIAN_POINT('',(0.0714,0.001,0.));
#2617=CARTESIAN_POINT('',(0.0773,0.005,0.));
#2618=CARTESIAN_POINT('',(0.0832,0.005,0.));
#2619=CARTESIAN_POINT('',(0.0832,0.0025,0.));
#2620=CARTESIAN_POINT('',(0.0704,0.001,0.));
#2621=CARTESIAN_POINT('',(0.0416,0.01475,0.));
#2622=CARTESIAN_POINT('',(0.0773,0.0299,0.));
#2623=CARTESIAN_POINT('',(0.0783,0.0299,0.));
#2624=CARTESIAN_POINT('',(0.0729861818303014,0.0275,0.));
#2625=CARTESIAN_POINT('',(0.0745723636606028,0.0275,0.));
#2626=CARTESIAN_POINT('',(0.0832,0.03,0.));
#2627=CARTESIAN_POINT('',(0.0832,0.0275,0.));
#2628=CARTESIAN_POINT('',(0.0816138181696986,0.0275,0.));
#2629=CARTESIAN_POINT('',(0.0800276363393972,0.0275,0.));
#2630=CARTESIAN_POINT('',(0.0773,0.0216,0.));
#2631=CARTESIAN_POINT('',(0.0416,0.01475,0.));
#2632=CARTESIAN_POINT('',(0.0059,0.0299,0.));
#2633=CARTESIAN_POINT('',(0.0069,0.0299,0.));
#2634=CARTESIAN_POINT('',(0.0118,0.03,0.));
#2635=CARTESIAN_POINT('',(0.0118,0.0275,0.));
#2636=CARTESIAN_POINT('',(0.0102138181696986,0.0275,0.));
#2637=CARTESIAN_POINT('',(0.00862763633939719,0.0275,0.));
#2638=CARTESIAN_POINT('',(0.0059,0.0216,0.));
#2639=CARTESIAN_POINT('',(0.00317236366060282,0.0275,0.));
#2640=CARTESIAN_POINT('',(0.00158618183030141,0.0275,0.));
#2641=CARTESIAN_POINT('',(0.,0.0275,0.));
#2642=CARTESIAN_POINT('',(0.,0.03,0.));
#2643=CARTESIAN_POINT('',(0.0416,0.01475,0.0059));
#2644=CARTESIAN_POINT('',(0.0773,0.0026,0.0059));
#2645=CARTESIAN_POINT('',(0.0783,0.0026,0.0059));
#2646=CARTESIAN_POINT('',(0.0773,0.005,0.0059));
#2647=CARTESIAN_POINT('',(0.0714,0.005,0.0059));
#2648=CARTESIAN_POINT('',(0.0832,0.005,0.0059));
#2649=CARTESIAN_POINT('',(0.0714,0.0025,0.0059));
#2650=CARTESIAN_POINT('',(0.0714,0.001,0.0059));
#2651=CARTESIAN_POINT('',(0.0704,0.001,0.0059));
#2652=CARTESIAN_POINT('',(0.0832,0.0025,0.0059));
#2653=CARTESIAN_POINT('',(0.0416,0.01475,0.0059));
#2654=CARTESIAN_POINT('',(0.0059,0.0026,0.0059));
#2655=CARTESIAN_POINT('',(0.0069,0.0026,0.0059));
#2656=CARTESIAN_POINT('',(0.0128,0.001,0.0059));
#2657=CARTESIAN_POINT('',(0.0118,0.001,0.0059));
#2658=CARTESIAN_POINT('',(0.0118,0.01625,0.0059));
#2659=CARTESIAN_POINT('',(0.0118,0.005,0.0059));
#2660=CARTESIAN_POINT('',(0.00885,0.005,0.0059));
#2661=CARTESIAN_POINT('',(0.,0.005,0.0059));
#2662=CARTESIAN_POINT('',(0.,0.0025,0.0059));
#2663=CARTESIAN_POINT('',(0.0102138181696986,0.0275,0.0059));
#2664=CARTESIAN_POINT('',(0.0118,0.0275,0.0059));
#2665=CARTESIAN_POINT('',(0.0118,0.0275,0.0059));
#2666=CARTESIAN_POINT('',(0.0102138181696986,0.0275,0.0059));
#2667=CARTESIAN_POINT('',(0.00862763633939719,0.0275,0.0059));
#2668=CARTESIAN_POINT('',(0.00862763633939719,0.0275,0.0059));
#2669=CARTESIAN_POINT('',(0.0118,0.0259138181696986,0.0059));
#2670=CARTESIAN_POINT('',(0.0118,0.03,0.0059));
#2671=CARTESIAN_POINT('',(0.0118,0.03,-0.01));
#2672=CARTESIAN_POINT('',(0.0246517332532219,0.01625,0.0059));
#2673=CARTESIAN_POINT('',(0.0118,0.0182077927336728,0.0059));
#2674=CARTESIAN_POINT('',(0.0118,0.0182077927336728,0.0157));
#2675=CARTESIAN_POINT('',(0.0118,0.0182077927336728,-0.01));
#2676=CARTESIAN_POINT('',(0.0118,0.0182077927336728,0.0157));
#2677=CARTESIAN_POINT('',(0.0118,0.0182077927336728,0.015781164981941));
#2678=CARTESIAN_POINT('',(0.0118182583143385,0.0183274286293117,0.0159080553644073));
#2679=CARTESIAN_POINT('',(0.0118635864726336,0.0185945590517812,0.01606393765986));
#2680=CARTESIAN_POINT('',(0.0119343588746371,0.0189586176541047,0.0162114128671569));
#2681=CARTESIAN_POINT('',(0.0120357495626944,0.0193972200406405,0.0163521832461059));
#2682=CARTESIAN_POINT('',(0.0121929215440394,0.0199836661221425,0.0165077079512275));
#2683=CARTESIAN_POINT('',(0.0124310036106422,0.0207162254314854,0.0166501807984042));
#2684=CARTESIAN_POINT('',(0.012669838417686,0.0213031704153433,0.0167));
#2685=CARTESIAN_POINT('',(0.0128,0.0215919489790213,0.0167));
#2686=CARTESIAN_POINT('',(0.0376517332532223,0.01625,0.0059));
#2687=CARTESIAN_POINT('',(0.0376517332532223,0.01625,0.0059));
#2688=CARTESIAN_POINT('',(0.0246517332532223,0.01625,0.0059));
#2689=CARTESIAN_POINT('',(0.0246517332532219,0.01625,-0.0108));
#2690=CARTESIAN_POINT('',(0.0118,0.0182077927336728,-0.0108));
#2691=CARTESIAN_POINT('',(0.0118,0.0182077927336728,-0.0108));
#2692=CARTESIAN_POINT('',(0.0118,0.00964610363316356,0.0059));
#2693=CARTESIAN_POINT('',(0.0118,0.0025,-0.01));
#2694=CARTESIAN_POINT('',(0.0118,0.001,-0.01));
#2695=CARTESIAN_POINT('',(0.0118,0.001,0.));
#2696=CARTESIAN_POINT('',(0.0118,0.001,0.));
#2697=CARTESIAN_POINT('',(0.0118,0.0025,0.));
#2698=CARTESIAN_POINT('',(0.0118,0.005,0.));
#2699=CARTESIAN_POINT('',(0.0118,0.005,0.0059));
#2700=CARTESIAN_POINT('',(0.0118,0.001,0.0157));
#2701=CARTESIAN_POINT('',(0.0118,0.001,0.0157));
#2702=CARTESIAN_POINT('',(0.0118,0.00964610363316356,0.0157));
#2703=CARTESIAN_POINT('',(0.00885,0.005,0.0059));
#2704=CARTESIAN_POINT('',(0.00885,0.005,0.));
#2705=CARTESIAN_POINT('',(0.,0.005,0.));
#2706=CARTESIAN_POINT('',(0.,0.005,0.0059));
#2707=CARTESIAN_POINT('',(0.,0.0025,0.0059));
#2708=CARTESIAN_POINT('',(0.,0.0025,0.));
#2709=CARTESIAN_POINT('',(0.0059,0.,0.0059));
#2710=CARTESIAN_POINT('',(0.0405641016151378,0.,0.0167));
#2711=CARTESIAN_POINT('',(0.0405641016151378,0.,0.0247));
#2712=CARTESIAN_POINT('',(0.0426358983848623,0.,0.0247));
#2713=CARTESIAN_POINT('',(0.0426358983848623,0.,0.0247));
#2714=CARTESIAN_POINT('',(0.04085,0.,0.0247));
#2715=CARTESIAN_POINT('',(0.0832,0.0025,0.0059));
#2716=CARTESIAN_POINT('',(0.0832,0.005,0.0059));
#2717=CARTESIAN_POINT('',(0.0773,0.005,0.0059));
#2718=CARTESIAN_POINT('',(0.0714,0.005,0.0059));
#2719=CARTESIAN_POINT('',(0.0714,0.01625,0.0059));
#2720=CARTESIAN_POINT('',(0.0714,1.7347234759768E-17,0.0157));
#2721=CARTESIAN_POINT('',(0.0714,0.0182077927336728,0.0157));
#2722=CARTESIAN_POINT('',(0.0714,0.001,0.0157));
#2723=CARTESIAN_POINT('',(0.0714,0.001,0.0059));
#2724=CARTESIAN_POINT('',(0.0714,0.001,0.0059));
#2725=CARTESIAN_POINT('',(0.0714,0.001,-0.01));
#2726=CARTESIAN_POINT('',(0.0714,0.0025,-0.01));
#2727=CARTESIAN_POINT('',(0.0714,0.0182077927336728,-0.01));
#2728=CARTESIAN_POINT('',(0.0714,0.0182077927336728,0.0059));
#2729=CARTESIAN_POINT('',(0.0585482667467814,0.0162500000000007,0.0059));
#2730=CARTESIAN_POINT('',(0.0704,0.0215919489790211,0.0167));
#2731=CARTESIAN_POINT('',(0.0705303591864927,0.0213027320075589,0.0167));
#2732=CARTESIAN_POINT('',(0.0707665468664084,0.020722424042215,0.0166508053289563));
#2733=CARTESIAN_POINT('',(0.0710058528804829,0.0199882442698396,0.0165089307470019));
#2734=CARTESIAN_POINT('',(0.0711647514605233,0.0193953826728012,0.0163517012294823));
#2735=CARTESIAN_POINT('',(0.0712663736404857,0.018955205896624,0.0162102607977664));
#2736=CARTESIAN_POINT('',(0.0713370301265567,0.0185911432236703,0.0160622525538502));
#2737=CARTESIAN_POINT('',(0.0713820125161272,0.018325680273281,0.0159068139840755));
#2738=CARTESIAN_POINT('',(0.0714,0.0182077927336729,0.0157801600404959));
#2739=CARTESIAN_POINT('',(0.0714,0.0182077927336729,0.0157));
#2740=CARTESIAN_POINT('',(0.0714,0.0182077927336728,-0.0108));
#2741=CARTESIAN_POINT('',(0.0714,0.0182077927336728,-0.0108));
#2742=CARTESIAN_POINT('',(0.0585482667467814,0.0162500000000007,-0.0108));
#2743=CARTESIAN_POINT('',(0.0585482667467778,0.01625,0.0059));
#2744=CARTESIAN_POINT('',(0.0455482667467778,0.0162500000000005,0.0059));
#2745=CARTESIAN_POINT('',(0.0455482667467778,0.0162500000000005,0.0059));
#2746=CARTESIAN_POINT('',(0.0729861818303014,0.0275,0.0059));
#2747=CARTESIAN_POINT('',(0.0745723636606028,0.0275,0.0059));
#2748=CARTESIAN_POINT('',(0.0745723636606028,0.0275,0.0059));
#2749=CARTESIAN_POINT('',(0.0729861818303014,0.0275,0.0059));
#2750=CARTESIAN_POINT('',(0.0773,0.0216,0.0059));
#2751=CARTESIAN_POINT('',(0.0800276363393972,0.0275,0.0059));
#2752=CARTESIAN_POINT('',(0.0800276363393972,0.0275,0.0059));
#2753=CARTESIAN_POINT('',(0.0773,0.0216,0.0059));
#2754=CARTESIAN_POINT('',(0.0816138181696986,0.0275,0.0059));
#2755=CARTESIAN_POINT('',(0.0832,0.0275,0.0059));
#2756=CARTESIAN_POINT('',(0.0832,0.0275,0.0059));
#2757=CARTESIAN_POINT('',(0.0816138181696986,0.0275,0.0059));
#2758=CARTESIAN_POINT('',(0.0832,0.03,0.0059));
#2759=CARTESIAN_POINT('',(0.0832,0.0315,0.0049));
#2760=CARTESIAN_POINT('',(0.0832,0.0315,0.0059));
#2761=CARTESIAN_POINT('',(0.0832,0.03,0.0059));
#2762=CARTESIAN_POINT('',(0.,0.03,0.0059));
#2763=CARTESIAN_POINT('',(0.,0.03,0.0059));
#2764=CARTESIAN_POINT('',(0.,0.0275,0.0059));
#2765=CARTESIAN_POINT('',(0.,0.0315,0.0059));
#2766=CARTESIAN_POINT('',(0.,0.0315,0.0049));
#2767=CARTESIAN_POINT('',(0.,0.0275,0.0059));
#2768=CARTESIAN_POINT('',(0.00158618183030141,0.0275,0.0059));
#2769=CARTESIAN_POINT('',(0.00317236366060282,0.0275,0.0059));
#2770=CARTESIAN_POINT('',(0.00317236366060282,0.0275,0.0059));
#2771=CARTESIAN_POINT('',(0.00158618183030141,0.0275,0.0059));
#2772=CARTESIAN_POINT('',(0.0059,0.0026,0.0059));
#2773=CARTESIAN_POINT('',(0.0059,0.0026,0.));
#2774=CARTESIAN_POINT('',(0.0069,0.0026,0.));
#2775=CARTESIAN_POINT('',(0.0773,0.0299,0.0059));
#2776=CARTESIAN_POINT('',(0.0773,0.0299,0.0059));
#2777=CARTESIAN_POINT('',(0.0783,0.0299,0.0059));
#2778=CARTESIAN_POINT('',(0.0059,0.0299,0.0059));
#2779=CARTESIAN_POINT('',(0.0059,0.0299,0.0059));
#2780=CARTESIAN_POINT('',(0.0069,0.0299,0.0059));
#2781=CARTESIAN_POINT('',(0.0059,0.0216,0.0059));
#2782=CARTESIAN_POINT('',(0.0059,0.0216,0.0059));
#2783=CARTESIAN_POINT('',(0.0773,0.0026,0.0059));
#2784=CARTESIAN_POINT('',(0.0416,0.01475,0.0059));
#2785=CARTESIAN_POINT('',(0.0416,0.0315,0.0059));
#2786=CARTESIAN_POINT('',(0.0416,0.0162500000000005,0.0059));
#2787=CARTESIAN_POINT('',(0.0416,0.01475,0.));
#2788=CARTESIAN_POINT('',(0.0128,0.001,0.));
#2789=CARTESIAN_POINT('',(0.0371,1.83697019872103E-19,0.0167));
#2790=CARTESIAN_POINT('',(0.0342715728752538,0.001,0.0167));
#2791=CARTESIAN_POINT('',(0.0341825432299254,0.000748186136246547,0.0167));
#2792=CARTESIAN_POINT('',(0.0340887118988822,0.000224992197123238,0.0164937795091641));
#2793=CARTESIAN_POINT('',(0.0341,9.1495423502279E-19,0.0159672179648707));
#2794=CARTESIAN_POINT('',(0.0341,9.1495423502279E-19,0.0157));
#2795=CARTESIAN_POINT('',(0.0371,1.83697019872103E-19,0.0087));
#2796=CARTESIAN_POINT('',(0.0585482667467778,0.01625,0.0199));
#2797=CARTESIAN_POINT('',(0.0585482667467778,0.01625,0.0199));
#2798=CARTESIAN_POINT('',(0.0608482667467778,0.01625,0.0199));
#2799=CARTESIAN_POINT('',(0.0416,0.01475,0.0199));
#2800=CARTESIAN_POINT('',(0.0246517332532223,0.01625,0.0199));
#2801=CARTESIAN_POINT('',(0.0246517332532223,0.01625,0.0199));
#2802=CARTESIAN_POINT('',(0.0269517332532223,0.01625,0.0199));
#2803=CARTESIAN_POINT('',(0.0416,0.01475,0.0199));
#2804=CARTESIAN_POINT('',(0.0371,0.,0.0247));
#2805=CARTESIAN_POINT('',(0.0400692299558324,0.000428571428571429,0.0247));
#2806=CARTESIAN_POINT('',(0.0400692299558324,0.000428571428571429,0.0247));
#2807=CARTESIAN_POINT('',(0.0371,0.,0.0247));
#2808=CARTESIAN_POINT('',(0.0377619713324545,0.00292605433220376,0.0247));
#2809=CARTESIAN_POINT('',(0.0377619713324545,0.00292605433220376,0.0247));
#2810=CARTESIAN_POINT('',(0.0461,6.17377888866305E-19,0.0247));
#2811=CARTESIAN_POINT('',(0.0454380286675455,0.00292605433220376,0.0247));
#2812=CARTESIAN_POINT('',(0.0454380286675455,0.00292605433220376,0.0247));
#2813=CARTESIAN_POINT('',(0.0461,6.17377888866305E-19,0.0247));
#2814=CARTESIAN_POINT('',(0.0431307700441676,0.00042857142857143,0.0247));
#2815=CARTESIAN_POINT('',(0.0431307700441676,0.000428571428571429,0.0247));
#2816=CARTESIAN_POINT('',(0.0491,0.00741619848709568,0.0247));
#2817=CARTESIAN_POINT('',(0.0491,0.00741619848709568,0.0247));
#2818=CARTESIAN_POINT('',(0.047225,0.00278107443266088,0.0247));
#2819=CARTESIAN_POINT('',(0.0456706364655786,0.00377759082086117,0.0247));
#2820=CARTESIAN_POINT('',(0.0456706364655786,0.00377759082086117,0.0247));
#2821=CARTESIAN_POINT('',(0.0441,0.00741619848709567,0.0247));
#2822=CARTESIAN_POINT('',(0.0441,0.00741619848709567,0.0287));
#2823=CARTESIAN_POINT('',(0.0491,0.00741619848709568,0.0287));
#2824=CARTESIAN_POINT('',(0.047225,0.00278107443266088,0.0287));
#2825=CARTESIAN_POINT('',(0.047225,0.00278107443266088,0.0287));
#2826=CARTESIAN_POINT('',(0.0441,0.00820809924354784,0.0247));
#2827=CARTESIAN_POINT('',(0.0441,0.009,0.0247));
#2828=CARTESIAN_POINT('',(0.0441,0.009,0.0287));
#2829=CARTESIAN_POINT('',(0.0441,0.00820809924354784,0.0287));
#2830=CARTESIAN_POINT('',(0.0431,0.009,0.0247));
#2831=CARTESIAN_POINT('',(0.0431,0.01,0.0247));
#2832=CARTESIAN_POINT('',(0.0431,0.01,0.0287));
#2833=CARTESIAN_POINT('',(0.0431,0.009,0.0287));
#2834=CARTESIAN_POINT('',(0.0416,0.01,0.0247));
#2835=CARTESIAN_POINT('',(0.0401,0.01,0.0247));
#2836=CARTESIAN_POINT('',(0.0401,0.01,0.0287));
#2837=CARTESIAN_POINT('',(0.0416,0.01,0.0287));
#2838=CARTESIAN_POINT('',(0.0401,0.009,0.0247));
#2839=CARTESIAN_POINT('',(0.0391,0.009,0.0247));
#2840=CARTESIAN_POINT('',(0.0391,0.009,0.0287));
#2841=CARTESIAN_POINT('',(0.0401,0.009,0.0287));
#2842=CARTESIAN_POINT('',(0.0391,0.00820809924354783,0.0247));
#2843=CARTESIAN_POINT('',(0.0391,0.00741619848709565,0.0247));
#2844=CARTESIAN_POINT('',(0.0391,0.00741619848709565,0.0287));
#2845=CARTESIAN_POINT('',(0.0391,0.00820809924354783,0.0287));
#2846=CARTESIAN_POINT('',(0.0341,0.00741619848709564,0.0247));
#2847=CARTESIAN_POINT('',(0.0375293635344215,0.00377759082086117,0.0247));
#2848=CARTESIAN_POINT('',(0.0375293635344215,0.00377759082086117,0.0247));
#2849=CARTESIAN_POINT('',(0.0341,0.00741619848709564,0.0247));
#2850=CARTESIAN_POINT('',(0.035975,0.00278107443266087,0.0247));
#2851=CARTESIAN_POINT('',(0.035975,0.00278107443266087,0.0287));
#2852=CARTESIAN_POINT('',(0.035975,0.00278107443266087,0.0287));
#2853=CARTESIAN_POINT('',(0.0341,0.00741619848709564,0.0287));
#2854=CARTESIAN_POINT('',(0.0416,0.01475,0.0247));
#2855=CARTESIAN_POINT('',(0.0461,1.3164953090834E-19,0.0247));
#2856=CARTESIAN_POINT('',(0.04825,1.3164953090834E-19,0.0247));
#2857=CARTESIAN_POINT('',(0.0371,1.3164953090834E-19,0.0247));
#2858=CARTESIAN_POINT('',(0.03925,1.3164953090834E-19,0.0247));
#2859=CARTESIAN_POINT('',(0.0405641016151378,0.0005,0.0247));
#2860=CARTESIAN_POINT('',(0.0426358983848623,0.0005,0.0247));
#2861=CARTESIAN_POINT('',(0.0453277001121364,0.00341373005423773,0.0247));
#2862=CARTESIAN_POINT('',(0.0461,1.83697019872103E-19,0.0247));
#2863=CARTESIAN_POINT('',(0.0461,-0.003,0.0247));
#2864=CARTESIAN_POINT('',(0.0416,-0.003,0.0247));
#2865=CARTESIAN_POINT('',(0.0371,-0.003,0.0247));
#2866=CARTESIAN_POINT('',(0.0371,1.83697019872103E-19,0.0247));
#2867=CARTESIAN_POINT('',(0.0378722998878636,0.00341373005423772,0.0247));
#2868=CARTESIAN_POINT('',(0.0371,1.83697019872103E-19,0.0287));
#2869=CARTESIAN_POINT('',(0.0371,-0.003,0.0287));
#2870=CARTESIAN_POINT('',(0.0371,-0.003,0.0287));
#2871=CARTESIAN_POINT('',(0.0371,1.83697019872103E-19,0.0287));
#2872=CARTESIAN_POINT('',(0.0416,-0.003,0.0287));
#2873=CARTESIAN_POINT('',(0.0461,-0.003,0.0287));
#2874=CARTESIAN_POINT('',(0.0461,-0.003,0.0287));
#2875=CARTESIAN_POINT('',(0.0416,-0.003,0.0287));
#2876=CARTESIAN_POINT('',(0.0461,1.83697019872103E-19,0.0287));
#2877=CARTESIAN_POINT('',(0.0461,1.83697019872103E-19,0.0287));
#2878=CARTESIAN_POINT('',(0.0371,1.3164953090834E-19,0.0287));
#2879=CARTESIAN_POINT('',(0.0371,1.3164953090834E-19,0.0287));
#2880=CARTESIAN_POINT('',(0.03925,1.3164953090834E-19,0.0287));
#2881=CARTESIAN_POINT('',(0.0461,1.3164953090834E-19,0.0287));
#2882=CARTESIAN_POINT('',(0.0461,1.3164953090834E-19,0.0287));
#2883=CARTESIAN_POINT('',(0.04825,1.3164953090834E-19,0.0287));
#2884=CARTESIAN_POINT('',(0.0416,0.01475,0.0287));
#2885=CARTESIAN_POINT('',(0.0453277001121364,0.00341373005423773,0.0247));
#2886=CARTESIAN_POINT('',(0.0426358983848623,0.0005,0.0247));
#2887=CARTESIAN_POINT('',(0.0405641016151378,0.0005,0.0247));
#2888=CARTESIAN_POINT('',(0.0378722998878636,0.00341373005423772,0.0247));
#2889=CARTESIAN_POINT('',(0.0416,0.01475,0.0087));
#2890=CARTESIAN_POINT('',(0.0416,0.01475,0.0087));
#2891=CARTESIAN_POINT('',(0.0416,0.01475,0.0087));
#2892=CARTESIAN_POINT('',(0.0416,0.01625,-0.01));
#2893=CARTESIAN_POINT('',(0.0118,0.01625,-0.01));
#2894=CARTESIAN_POINT('',(0.0416,0.0325,-0.01));
#2895=CARTESIAN_POINT('',(0.002,0.0325,-0.01));
#2896=CARTESIAN_POINT('',(0.002,0.0305,-0.01));
#2897=CARTESIAN_POINT('',(0.,0.0305,-0.01));
#2898=CARTESIAN_POINT('',(0.,0.01625,-0.01));
#2899=CARTESIAN_POINT('',(0.,0.002,-0.01));
#2900=CARTESIAN_POINT('',(0.002,0.002,-0.01));
#2901=CARTESIAN_POINT('',(0.002,0.,-0.01));
#2902=CARTESIAN_POINT('',(0.0416,0.,-0.01));
#2903=CARTESIAN_POINT('',(0.0128,0.001,-0.01));
#2904=CARTESIAN_POINT('',(0.0416,0.01625,-0.011));
#2905=CARTESIAN_POINT('',(0.0812,0.002,-0.011));
#2906=CARTESIAN_POINT('',(0.0822,0.002,-0.011));
#2907=CARTESIAN_POINT('',(0.0812,0.001,-0.011));
#2908=CARTESIAN_POINT('',(0.002,0.001,-0.011));
#2909=CARTESIAN_POINT('',(0.002,0.001,-0.011));
#2910=CARTESIAN_POINT('',(0.002,0.002,-0.011));
#2911=CARTESIAN_POINT('',(0.001,0.002,-0.011));
#2912=CARTESIAN_POINT('',(0.001,0.0305,-0.011));
#2913=CARTESIAN_POINT('',(0.001,0.0305,-0.011));
#2914=CARTESIAN_POINT('',(0.002,0.0305,-0.011));
#2915=CARTESIAN_POINT('',(0.002,0.0315,-0.011));
#2916=CARTESIAN_POINT('',(0.0416,0.0315,-0.011));
#2917=CARTESIAN_POINT('',(0.0812,0.0315,-0.011));
#2918=CARTESIAN_POINT('',(0.0812,0.0305,-0.011));
#2919=CARTESIAN_POINT('',(0.0822,0.0305,-0.011));
#2920=CARTESIAN_POINT('',(0.0822,0.01625,-0.011));
#2921=CARTESIAN_POINT('',(0.0416,0.01625,-0.01));
#2922=CARTESIAN_POINT('',(0.0714,0.01625,-0.01));
#2923=CARTESIAN_POINT('',(0.0704,0.001,-0.01));
#2924=CARTESIAN_POINT('',(0.0416,0.,-0.01));
#2925=CARTESIAN_POINT('',(0.0812,0.,-0.01));
#2926=CARTESIAN_POINT('',(0.0812,0.002,-0.01));
#2927=CARTESIAN_POINT('',(0.0832,0.002,-0.01));
#2928=CARTESIAN_POINT('',(0.0832,0.01625,-0.01));
#2929=CARTESIAN_POINT('',(0.0832,0.0305,-0.01));
#2930=CARTESIAN_POINT('',(0.0812,0.0305,-0.01));
#2931=CARTESIAN_POINT('',(0.0812,0.0325,-0.01));
#2932=CARTESIAN_POINT('',(0.0416,0.0325,-0.01));
#2933=CARTESIAN_POINT('',(0.0416,0.0315,-0.01));
#2934=CARTESIAN_POINT('',(0.0812,0.0315,-0.01));
#2935=CARTESIAN_POINT('',(0.002,0.0315,-0.01));
#2936=CARTESIAN_POINT('',(0.002,0.0305,-0.01));
#2937=CARTESIAN_POINT('',(0.001,0.0305,-0.01));
#2938=CARTESIAN_POINT('',(0.0812,0.0305,-0.01));
#2939=CARTESIAN_POINT('',(0.0822,0.0305,-0.01));
#2940=CARTESIAN_POINT('',(0.001,0.01625,-0.01));
#2941=CARTESIAN_POINT('',(0.001,0.002,-0.01));
#2942=CARTESIAN_POINT('',(0.0822,0.01625,-0.01));
#2943=CARTESIAN_POINT('',(0.0822,0.002,-0.01));
#2944=CARTESIAN_POINT('',(0.002,0.002,-0.01));
#2945=CARTESIAN_POINT('',(0.002,0.001,-0.01));
#2946=CARTESIAN_POINT('',(0.0812,0.002,-0.01));
#2947=CARTESIAN_POINT('',(0.0812,0.001,-0.01));
#2948=CARTESIAN_POINT('',(0.0059,0.001,-0.01));
#2949=CARTESIAN_POINT('',(0.0714,0.0216,-0.0108));
#2950=CARTESIAN_POINT('',(0.0714,0.0216,-0.0108));
#2951=CARTESIAN_POINT('',(0.0416,0.01475,-0.0108));
#2952=CARTESIAN_POINT('',(0.0118,0.0216,-0.0108));
#2953=CARTESIAN_POINT('',(0.0118,0.0216,-0.0108));
#2954=CARTESIAN_POINT('',(0.0416,0.01475,-0.0108));
#2955=CARTESIAN_POINT('',(0.0416,0.0162500000000005,0.0059));
#2956=CARTESIAN_POINT('',(0.0059,0.0315,0.0049));
#2957=CARTESIAN_POINT('',(0.0416,0.001,0.0157));
#2958=CARTESIAN_POINT('',(0.0704,0.001,0.0157));
#2959=CARTESIAN_POINT('',(0.0704,0.01625,0.0157));
#2960=CARTESIAN_POINT('',(0.0704,0.001,0.0157));
#2961=CARTESIAN_POINT('',(0.0128,0.00964610363316356,0.0157));
#2962=CARTESIAN_POINT('',(0.0128,0.001,0.0157));
#2963=CARTESIAN_POINT('',(0.0416,0.001,0.0157));
#2964=CARTESIAN_POINT('',(0.0128,0.001,0.0157));
#2965=CARTESIAN_POINT('',(0.0704,0.001,0.0059));
#2966=CARTESIAN_POINT('',(0.0704,0.001,0.0157));
#2967=CARTESIAN_POINT('',(0.0704,0.001,0.0157));
#2968=CARTESIAN_POINT('',(0.0704,0.001,0.0059));
#2969=CARTESIAN_POINT('',(0.0128,0.001,0.0059));
#2970=CARTESIAN_POINT('',(0.0128,0.001,0.0059));
#2971=CARTESIAN_POINT('',(0.0128,0.001,0.0157));
#2972=CARTESIAN_POINT('',(0.0128,0.001,0.0157));
#2973=MECHANICAL_DESIGN_GEOMETRIC_PRESENTATION_REPRESENTATION('',(#1720),
#2974);
#2974=(
GEOMETRIC_REPRESENTATION_CONTEXT(3)
GLOBAL_UNCERTAINTY_ASSIGNED_CONTEXT((#2975))
GLOBAL_UNIT_ASSIGNED_CONTEXT((#2978,#2977,#2976))
REPRESENTATION_CONTEXT('Part 1','TOP_LEVEL_ASSEMBLY_PART')
);
#2975=UNCERTAINTY_MEASURE_WITH_UNIT(LENGTH_MEASURE(2.E-5),#2978,
'DISTANCE_ACCURACY_VALUE','Maximum Tolerance applied to model');
#2976=(
NAMED_UNIT(*)
SI_UNIT($,.STERADIAN.)
SOLID_ANGLE_UNIT()
);
#2977=(
NAMED_UNIT(*)
PLANE_ANGLE_UNIT()
SI_UNIT($,.RADIAN.)
);
#2978=(
LENGTH_UNIT()
NAMED_UNIT(*)
SI_UNIT($,.METRE.)
);
#2979=PRODUCT_DEFINITION_SHAPE('','',#2980);
#2980=PRODUCT_DEFINITION('','',#2982,#2981);
#2981=PRODUCT_DEFINITION_CONTEXT('',#2988,'design');
#2982=PRODUCT_DEFINITION_FORMATION_WITH_SPECIFIED_SOURCE('','',#2984,
 .NOT_KNOWN.);
#2983=PRODUCT_RELATED_PRODUCT_CATEGORY('','',(#2984));
#2984=PRODUCT('Part 1','Part 1','Part 1',(#2986));
#2985=PRODUCT_CATEGORY('','');
#2986=PRODUCT_CONTEXT('',#2988,'mechanical');
#2987=APPLICATION_PROTOCOL_DEFINITION('international standard',
'ap242_managed_model_based_3d_engineering',2020,#2988);
#2988=APPLICATION_CONTEXT('managed model based 3d engineering');
ENDSEC;
END-ISO-10303-21;
