ISO-10303-21;
HEADER;
/* Generated by software containing ST-Developer
 * from STEP Tools, Inc. (www.steptools.com) 
 */
/* OPTION: using custom renumber hook */

FILE_DESCRIPTION(
/* description */ ('STEP AP242 Edition 2',
'CAx-IF Rec.Pracs.---Representation and Presentation of Product Manufa
cturing Information (PMI)---4.0---2014-10-13',
'CAx-IF Rec.Pracs.---3D Tessellated Geometry---0.4---2014-09-14','2;1',
'CAx-IF Rec.Pracs.---User Defined Attributes---1.5---2016-08-15'),
/* implementation_level */ '2;1');

FILE_NAME(
/* name */ 'Multistable Gripper Copy 1',
/* time_stamp */ '2026-09-07T18:44:58Z',
/* author */ (''),
/* organization */ (''),
/* preprocessor_version */ 'ST-DEVELOPER v20',
/* originating_system */ 'ONSHAPE BY PTC INC, 1.220',
/* authorisation */ '  ');

FILE_SCHEMA (('AP242_MANAGED_MODEL_BASED_3D_ENGINEERING_MIM_LF { 1 0 10303 442 3 1 4 }'));
ENDSEC;

DATA;
#10=SHAPE_REPRESENTATION_RELATIONSHIP('','',#3286,#11);
#11=ADVANCED_BREP_SHAPE_REPRESENTATION('',(#3284),#5496);
#12=B_SPLINE_CURVE_WITH_KNOTS('',3,(#4572,#4573,#4574,#4575,#4576,#4577,
#4578,#4579,#4580,#4581,#4582),.UNSPECIFIED.,.F.,.F.,(4,1,1,1,1,1,1,1,4),
(0.,0.000444302832779937,0.000888605665559874,0.00133290849833981,0.00177721133111975,
0.00222151416389969,0.00266581699667962,0.00311011982945956,0.0035544226622395),
 .UNSPECIFIED.);
#13=B_SPLINE_CURVE_WITH_KNOTS('',3,(#4583,#4584,#4585,#4586,#4587,#4588,
#4589,#4590,#4591,#4592,#4593),.UNSPECIFIED.,.F.,.F.,(4,1,1,1,1,1,1,1,4),
(0.,0.000444302832779928,0.000888605665559856,0.00133290849833978,0.00177721133111971,
0.00222151416389964,0.00266581699667957,0.0031101198294595,0.00355442266223942),
 .UNSPECIFIED.);
#14=CYLINDRICAL_SURFACE('',#3298,0.000762);
#15=CYLINDRICAL_SURFACE('',#3435,0.0058556415700001);
#16=CYLINDRICAL_SURFACE('',#3436,0.00535564157000272);
#17=CYLINDRICAL_SURFACE('',#3437,0.00535564157);
#18=CYLINDRICAL_SURFACE('',#3438,0.00585564156999999);
#19=CYLINDRICAL_SURFACE('',#3441,0.00585564157000004);
#20=CYLINDRICAL_SURFACE('',#3442,0.00535564157000278);
#21=CYLINDRICAL_SURFACE('',#3443,0.00535564157);
#22=CYLINDRICAL_SURFACE('',#3444,0.00585564157000001);
#23=CYLINDRICAL_SURFACE('',#3447,0.00585564156999999);
#24=CYLINDRICAL_SURFACE('',#3448,0.00535564157);
#25=CYLINDRICAL_SURFACE('',#3449,0.00535564157);
#26=CYLINDRICAL_SURFACE('',#3450,0.00585564156999998);
#27=CYLINDRICAL_SURFACE('',#3453,0.00585564157000001);
#28=CYLINDRICAL_SURFACE('',#3454,0.00535564157);
#29=CYLINDRICAL_SURFACE('',#3455,0.00535564156999996);
#30=CYLINDRICAL_SURFACE('',#3456,0.00585564156999994);
#31=CYLINDRICAL_SURFACE('',#3459,0.00585564157000003);
#32=CYLINDRICAL_SURFACE('',#3460,0.00535564157);
#33=CYLINDRICAL_SURFACE('',#3461,0.00535564157);
#34=CYLINDRICAL_SURFACE('',#3462,0.00585564157);
#35=CYLINDRICAL_SURFACE('',#3465,0.00622935100799999);
#36=CYLINDRICAL_SURFACE('',#3466,0.004981932132);
#37=CYLINDRICAL_SURFACE('',#3467,0.006229351008);
#38=CYLINDRICAL_SURFACE('',#3470,0.00622935100800003);
#39=CYLINDRICAL_SURFACE('',#3471,0.004981932132);
#40=CYLINDRICAL_SURFACE('',#3472,0.00622935100800001);
#41=CYLINDRICAL_SURFACE('',#3474,0.00622935100799996);
#42=CYLINDRICAL_SURFACE('',#3475,0.00498193213200001);
#43=CYLINDRICAL_SURFACE('',#3476,0.00622935100800611);
#44=CYLINDRICAL_SURFACE('',#3479,0.00622935100800286);
#45=CYLINDRICAL_SURFACE('',#3480,0.004981932132);
#46=CYLINDRICAL_SURFACE('',#3481,0.00622935100800354);
#47=CYLINDRICAL_SURFACE('',#3483,0.006229351008);
#48=CYLINDRICAL_SURFACE('',#3484,0.004981932132);
#49=CYLINDRICAL_SURFACE('',#3485,0.00622935100799423);
#50=CYLINDRICAL_SURFACE('',#3488,0.00622935100799998);
#51=CYLINDRICAL_SURFACE('',#3489,0.004981932132);
#52=CYLINDRICAL_SURFACE('',#3490,0.00622935100799999);
#53=CYLINDRICAL_SURFACE('',#3493,0.00622935100800005);
#54=CYLINDRICAL_SURFACE('',#3494,0.004981932132);
#55=CYLINDRICAL_SURFACE('',#3495,0.00622935126997742);
#56=CYLINDRICAL_SURFACE('',#3498,0.00535564156999997);
#57=CYLINDRICAL_SURFACE('',#3499,0.00585564156999999);
#58=CYLINDRICAL_SURFACE('',#3501,0.00585564157000009);
#59=CYLINDRICAL_SURFACE('',#3502,0.00535564130622222);
#60=CYLINDRICAL_SURFACE('',#3504,0.00585564156999999);
#61=CYLINDRICAL_SURFACE('',#3506,0.00585564157);
#62=CYLINDRICAL_SURFACE('',#3507,0.00535564156999166);
#63=CYLINDRICAL_SURFACE('',#3551,0.000762);
#64=CYLINDRICAL_SURFACE('',#3552,0.000762);
#65=CYLINDRICAL_SURFACE('',#3553,0.000762);
#66=CYLINDRICAL_SURFACE('',#3554,0.000762);
#67=CYLINDRICAL_SURFACE('',#3559,0.000762);
#68=CYLINDRICAL_SURFACE('',#3560,0.000762);
#69=CYLINDRICAL_SURFACE('',#3561,0.000762);
#70=CYLINDRICAL_SURFACE('',#3562,0.000762);
#71=CYLINDRICAL_SURFACE('',#3567,0.000762);
#72=CYLINDRICAL_SURFACE('',#3568,0.000762);
#73=CYLINDRICAL_SURFACE('',#3569,0.000762);
#74=CYLINDRICAL_SURFACE('',#3570,0.000762);
#75=CYLINDRICAL_SURFACE('',#3574,0.000762);
#76=CYLINDRICAL_SURFACE('',#3575,0.000762);
#77=CYLINDRICAL_SURFACE('',#3576,0.000762);
#78=CYLINDRICAL_SURFACE('',#3582,0.000762);
#79=CYLINDRICAL_SURFACE('',#3583,0.000762);
#80=CYLINDRICAL_SURFACE('',#3584,0.000762);
#81=CYLINDRICAL_SURFACE('',#3585,0.00215);
#82=CYLINDRICAL_SURFACE('',#3588,0.00215);
#83=CYLINDRICAL_SURFACE('',#3591,0.00215);
#84=CYLINDRICAL_SURFACE('',#3592,0.00215);
#85=ELLIPSE('',#3294,0.00902502275581525,0.00215);
#86=ELLIPSE('',#3295,0.00902502275581525,0.00215);
#87=ELLIPSE('',#3296,0.00902502275581525,0.00215);
#88=ELLIPSE('',#3297,0.00902502275581525,0.00215);
#89=LINE('',#4536,#412);
#90=LINE('',#4539,#413);
#91=LINE('',#4541,#414);
#92=LINE('',#4543,#415);
#93=LINE('',#4547,#416);
#94=LINE('',#4552,#417);
#95=LINE('',#4556,#418);
#96=LINE('',#4558,#419);
#97=LINE('',#4560,#420);
#98=LINE('',#4562,#421);
#99=LINE('',#4564,#422);
#100=LINE('',#4568,#423);
#101=LINE('',#4596,#424);
#102=LINE('',#4603,#425);
#103=LINE('',#4607,#426);
#104=LINE('',#4611,#427);
#105=LINE('',#4615,#428);
#106=LINE('',#4619,#429);
#107=LINE('',#4623,#430);
#108=LINE('',#4627,#431);
#109=LINE('',#4631,#432);
#110=LINE('',#4635,#433);
#111=LINE('',#4639,#434);
#112=LINE('',#4643,#435);
#113=LINE('',#4647,#436);
#114=LINE('',#4651,#437);
#115=LINE('',#4655,#438);
#116=LINE('',#4659,#439);
#117=LINE('',#4660,#440);
#118=LINE('',#4671,#441);
#119=LINE('',#4673,#442);
#120=LINE('',#4677,#443);
#121=LINE('',#4679,#444);
#122=LINE('',#4681,#445);
#123=LINE('',#4688,#446);
#124=LINE('',#4699,#447);
#125=LINE('',#4701,#448);
#126=LINE('',#4702,#449);
#127=LINE('',#4713,#450);
#128=LINE('',#4715,#451);
#129=LINE('',#4716,#452);
#130=LINE('',#4727,#453);
#131=LINE('',#4729,#454);
#132=LINE('',#4730,#455);
#133=LINE('',#4739,#456);
#134=LINE('',#4741,#457);
#135=LINE('',#4742,#458);
#136=LINE('',#4751,#459);
#137=LINE('',#4753,#460);
#138=LINE('',#4754,#461);
#139=LINE('',#4763,#462);
#140=LINE('',#4765,#463);
#141=LINE('',#4769,#464);
#142=LINE('',#4771,#465);
#143=LINE('',#4779,#466);
#144=LINE('',#4781,#467);
#145=LINE('',#4783,#468);
#146=LINE('',#4788,#469);
#147=LINE('',#4797,#470);
#148=LINE('',#4799,#471);
#149=LINE('',#4803,#472);
#150=LINE('',#4805,#473);
#151=LINE('',#4807,#474);
#152=LINE('',#4809,#475);
#153=LINE('',#4817,#476);
#154=LINE('',#4819,#477);
#155=LINE('',#4821,#478);
#156=LINE('',#4823,#479);
#157=LINE('',#4826,#480);
#158=LINE('',#4835,#481);
#159=LINE('',#4837,#482);
#160=LINE('',#4838,#483);
#161=LINE('',#4845,#484);
#162=LINE('',#4847,#485);
#163=LINE('',#4849,#486);
#164=LINE('',#4851,#487);
#165=LINE('',#4852,#488);
#166=LINE('',#4854,#489);
#167=LINE('',#4856,#490);
#168=LINE('',#4858,#491);
#169=LINE('',#4860,#492);
#170=LINE('',#4862,#493);
#171=LINE('',#4864,#494);
#172=LINE('',#4866,#495);
#173=LINE('',#4868,#496);
#174=LINE('',#4870,#497);
#175=LINE('',#4872,#498);
#176=LINE('',#4874,#499);
#177=LINE('',#4876,#500);
#178=LINE('',#4877,#501);
#179=LINE('',#4880,#502);
#180=LINE('',#4882,#503);
#181=LINE('',#4885,#504);
#182=LINE('',#4889,#505);
#183=LINE('',#4893,#506);
#184=LINE('',#4895,#507);
#185=LINE('',#4900,#508);
#186=LINE('',#4903,#509);
#187=LINE('',#4906,#510);
#188=LINE('',#4909,#511);
#189=LINE('',#4911,#512);
#190=LINE('',#4912,#513);
#191=LINE('',#4914,#514);
#192=LINE('',#4916,#515);
#193=LINE('',#4918,#516);
#194=LINE('',#4920,#517);
#195=LINE('',#4922,#518);
#196=LINE('',#4924,#519);
#197=LINE('',#4926,#520);
#198=LINE('',#4928,#521);
#199=LINE('',#4930,#522);
#200=LINE('',#4932,#523);
#201=LINE('',#4934,#524);
#202=LINE('',#4936,#525);
#203=LINE('',#4940,#526);
#204=LINE('',#4942,#527);
#205=LINE('',#4944,#528);
#206=LINE('',#4946,#529);
#207=LINE('',#4948,#530);
#208=LINE('',#4954,#531);
#209=LINE('',#4956,#532);
#210=LINE('',#4958,#533);
#211=LINE('',#4963,#534);
#212=LINE('',#4970,#535);
#213=LINE('',#4972,#536);
#214=LINE('',#4974,#537);
#215=LINE('',#4975,#538);
#216=LINE('',#4984,#539);
#217=LINE('',#4986,#540);
#218=LINE('',#4988,#541);
#219=LINE('',#4992,#542);
#220=LINE('',#4994,#543);
#221=LINE('',#4996,#544);
#222=LINE('',#5001,#545);
#223=LINE('',#5010,#546);
#224=LINE('',#5012,#547);
#225=LINE('',#5013,#548);
#226=LINE('',#5022,#549);
#227=LINE('',#5026,#550);
#228=LINE('',#5028,#551);
#229=LINE('',#5030,#552);
#230=LINE('',#5038,#553);
#231=LINE('',#5040,#554);
#232=LINE('',#5042,#555);
#233=LINE('',#5050,#556);
#234=LINE('',#5052,#557);
#235=LINE('',#5054,#558);
#236=LINE('',#5062,#559);
#237=LINE('',#5064,#560);
#238=LINE('',#5066,#561);
#239=LINE('',#5076,#562);
#240=LINE('',#5078,#563);
#241=LINE('',#5080,#564);
#242=LINE('',#5090,#565);
#243=LINE('',#5092,#566);
#244=LINE('',#5094,#567);
#245=LINE('',#5101,#568);
#246=LINE('',#5112,#569);
#247=LINE('',#5114,#570);
#248=LINE('',#5118,#571);
#249=LINE('',#5120,#572);
#250=LINE('',#5122,#573);
#251=LINE('',#5129,#574);
#252=LINE('',#5134,#575);
#253=LINE('',#5138,#576);
#254=LINE('',#5142,#577);
#255=LINE('',#5145,#578);
#256=LINE('',#5150,#579);
#257=LINE('',#5154,#580);
#258=LINE('',#5158,#581);
#259=LINE('',#5161,#582);
#260=LINE('',#5166,#583);
#261=LINE('',#5170,#584);
#262=LINE('',#5174,#585);
#263=LINE('',#5177,#586);
#264=LINE('',#5182,#587);
#265=LINE('',#5186,#588);
#266=LINE('',#5190,#589);
#267=LINE('',#5191,#590);
#268=LINE('',#5193,#591);
#269=LINE('',#5195,#592);
#270=LINE('',#5197,#593);
#271=LINE('',#5199,#594);
#272=LINE('',#5201,#595);
#273=LINE('',#5203,#596);
#274=LINE('',#5204,#597);
#275=LINE('',#5206,#598);
#276=LINE('',#5208,#599);
#277=LINE('',#5210,#600);
#278=LINE('',#5212,#601);
#279=LINE('',#5214,#602);
#280=LINE('',#5216,#603);
#281=LINE('',#5217,#604);
#282=LINE('',#5219,#605);
#283=LINE('',#5221,#606);
#284=LINE('',#5223,#607);
#285=LINE('',#5225,#608);
#286=LINE('',#5227,#609);
#287=LINE('',#5229,#610);
#288=LINE('',#5230,#611);
#289=LINE('',#5232,#612);
#290=LINE('',#5234,#613);
#291=LINE('',#5236,#614);
#292=LINE('',#5238,#615);
#293=LINE('',#5240,#616);
#294=LINE('',#5242,#617);
#295=LINE('',#5243,#618);
#296=LINE('',#5245,#619);
#297=LINE('',#5247,#620);
#298=LINE('',#5249,#621);
#299=LINE('',#5251,#622);
#300=LINE('',#5253,#623);
#301=LINE('',#5255,#624);
#302=LINE('',#5256,#625);
#303=LINE('',#5258,#626);
#304=LINE('',#5260,#627);
#305=LINE('',#5262,#628);
#306=LINE('',#5264,#629);
#307=LINE('',#5266,#630);
#308=LINE('',#5267,#631);
#309=LINE('',#5269,#632);
#310=LINE('',#5271,#633);
#311=LINE('',#5273,#634);
#312=LINE('',#5275,#635);
#313=LINE('',#5276,#636);
#314=LINE('',#5278,#637);
#315=LINE('',#5280,#638);
#316=LINE('',#5282,#639);
#317=LINE('',#5284,#640);
#318=LINE('',#5286,#641);
#319=LINE('',#5287,#642);
#320=LINE('',#5289,#643);
#321=LINE('',#5291,#644);
#322=LINE('',#5293,#645);
#323=LINE('',#5295,#646);
#324=LINE('',#5296,#647);
#325=LINE('',#5298,#648);
#326=LINE('',#5300,#649);
#327=LINE('',#5302,#650);
#328=LINE('',#5304,#651);
#329=LINE('',#5306,#652);
#330=LINE('',#5307,#653);
#331=LINE('',#5309,#654);
#332=LINE('',#5311,#655);
#333=LINE('',#5313,#656);
#334=LINE('',#5315,#657);
#335=LINE('',#5317,#658);
#336=LINE('',#5318,#659);
#337=LINE('',#5320,#660);
#338=LINE('',#5322,#661);
#339=LINE('',#5324,#662);
#340=LINE('',#5326,#663);
#341=LINE('',#5328,#664);
#342=LINE('',#5329,#665);
#343=LINE('',#5331,#666);
#344=LINE('',#5333,#667);
#345=LINE('',#5335,#668);
#346=LINE('',#5336,#669);
#347=LINE('',#5338,#670);
#348=LINE('',#5340,#671);
#349=LINE('',#5342,#672);
#350=LINE('',#5344,#673);
#351=LINE('',#5346,#674);
#352=LINE('',#5347,#675);
#353=LINE('',#5349,#676);
#354=LINE('',#5351,#677);
#355=LINE('',#5353,#678);
#356=LINE('',#5355,#679);
#357=LINE('',#5358,#680);
#358=LINE('',#5360,#681);
#359=LINE('',#5362,#682);
#360=LINE('',#5364,#683);
#361=LINE('',#5366,#684);
#362=LINE('',#5372,#685);
#363=LINE('',#5380,#686);
#364=LINE('',#5382,#687);
#365=LINE('',#5384,#688);
#366=LINE('',#5385,#689);
#367=LINE('',#5387,#690);
#368=LINE('',#5388,#691);
#369=LINE('',#5390,#692);
#370=LINE('',#5392,#693);
#371=LINE('',#5394,#694);
#372=LINE('',#5396,#695);
#373=LINE('',#5399,#696);
#374=LINE('',#5401,#697);
#375=LINE('',#5403,#698);
#376=LINE('',#5405,#699);
#377=LINE('',#5413,#700);
#378=LINE('',#5414,#701);
#379=LINE('',#5416,#702);
#380=LINE('',#5417,#703);
#381=LINE('',#5419,#704);
#382=LINE('',#5420,#705);
#383=LINE('',#5422,#706);
#384=LINE('',#5423,#707);
#385=LINE('',#5429,#708);
#386=LINE('',#5430,#709);
#387=LINE('',#5432,#710);
#388=LINE('',#5433,#711);
#389=LINE('',#5435,#712);
#390=LINE('',#5436,#713);
#391=LINE('',#5438,#714);
#392=LINE('',#5439,#715);
#393=LINE('',#5445,#716);
#394=LINE('',#5446,#717);
#395=LINE('',#5448,#718);
#396=LINE('',#5449,#719);
#397=LINE('',#5451,#720);
#398=LINE('',#5452,#721);
#399=LINE('',#5454,#722);
#400=LINE('',#5455,#723);
#401=LINE('',#5461,#724);
#402=LINE('',#5462,#725);
#403=LINE('',#5464,#726);
#404=LINE('',#5465,#727);
#405=LINE('',#5467,#728);
#406=LINE('',#5468,#729);
#407=LINE('',#5477,#730);
#408=LINE('',#5479,#731);
#409=LINE('',#5480,#732);
#410=LINE('',#5482,#733);
#411=LINE('',#5483,#734);
#412=VECTOR('',#3603,1.);
#413=VECTOR('',#3604,1.);
#414=VECTOR('',#3605,1.);
#415=VECTOR('',#3606,1.);
#416=VECTOR('',#3611,1.);
#417=VECTOR('',#3614,1.);
#418=VECTOR('',#3617,1.);
#419=VECTOR('',#3618,1.);
#420=VECTOR('',#3619,1.);
#421=VECTOR('',#3620,1.);
#422=VECTOR('',#3621,1.);
#423=VECTOR('',#3624,1.);
#424=VECTOR('',#3631,1.);
#425=VECTOR('',#3638,1.);
#426=VECTOR('',#3641,1.);
#427=VECTOR('',#3644,1.);
#428=VECTOR('',#3647,1.);
#429=VECTOR('',#3650,1.);
#430=VECTOR('',#3653,1.);
#431=VECTOR('',#3656,1.);
#432=VECTOR('',#3659,1.);
#433=VECTOR('',#3662,1.);
#434=VECTOR('',#3665,1.);
#435=VECTOR('',#3668,1.);
#436=VECTOR('',#3671,1.);
#437=VECTOR('',#3674,1.);
#438=VECTOR('',#3677,1.);
#439=VECTOR('',#3680,1.);
#440=VECTOR('',#3681,1.);
#441=VECTOR('',#3690,1.);
#442=VECTOR('',#3691,1.);
#443=VECTOR('',#3694,1.);
#444=VECTOR('',#3695,1.);
#445=VECTOR('',#3696,1.);
#446=VECTOR('',#3703,1.);
#447=VECTOR('',#3712,1.);
#448=VECTOR('',#3713,1.);
#449=VECTOR('',#3714,1.);
#450=VECTOR('',#3723,1.);
#451=VECTOR('',#3724,1.);
#452=VECTOR('',#3725,1.);
#453=VECTOR('',#3734,1.);
#454=VECTOR('',#3735,1.);
#455=VECTOR('',#3736,1.);
#456=VECTOR('',#3743,1.);
#457=VECTOR('',#3744,1.);
#458=VECTOR('',#3745,1.);
#459=VECTOR('',#3752,1.);
#460=VECTOR('',#3753,1.);
#461=VECTOR('',#3754,1.);
#462=VECTOR('',#3761,1.);
#463=VECTOR('',#3762,1.);
#464=VECTOR('',#3765,1.);
#465=VECTOR('',#3766,1.);
#466=VECTOR('',#3773,1.);
#467=VECTOR('',#3774,1.);
#468=VECTOR('',#3775,1.);
#469=VECTOR('',#3780,1.);
#470=VECTOR('',#3787,1.);
#471=VECTOR('',#3788,1.);
#472=VECTOR('',#3791,1.);
#473=VECTOR('',#3792,1.);
#474=VECTOR('',#3793,1.);
#475=VECTOR('',#3794,1.);
#476=VECTOR('',#3801,1.);
#477=VECTOR('',#3802,1.);
#478=VECTOR('',#3803,1.);
#479=VECTOR('',#3804,1.);
#480=VECTOR('',#3807,1.);
#481=VECTOR('',#3814,1.);
#482=VECTOR('',#3815,1.);
#483=VECTOR('',#3816,1.);
#484=VECTOR('',#3821,1.);
#485=VECTOR('',#3822,1.);
#486=VECTOR('',#3823,1.);
#487=VECTOR('',#3824,1.);
#488=VECTOR('',#3825,1.);
#489=VECTOR('',#3826,1.);
#490=VECTOR('',#3827,1.);
#491=VECTOR('',#3828,1.);
#492=VECTOR('',#3829,1.);
#493=VECTOR('',#3830,1.);
#494=VECTOR('',#3831,1.);
#495=VECTOR('',#3832,1.);
#496=VECTOR('',#3833,1.);
#497=VECTOR('',#3834,1.);
#498=VECTOR('',#3835,1.);
#499=VECTOR('',#3836,1.);
#500=VECTOR('',#3837,1.);
#501=VECTOR('',#3838,1.);
#502=VECTOR('',#3839,1.);
#503=VECTOR('',#3840,1.);
#504=VECTOR('',#3843,1.);
#505=VECTOR('',#3846,1.);
#506=VECTOR('',#3849,1.);
#507=VECTOR('',#3852,1.);
#508=VECTOR('',#3855,1.);
#509=VECTOR('',#3858,1.);
#510=VECTOR('',#3861,1.);
#511=VECTOR('',#3862,1.);
#512=VECTOR('',#3863,1.);
#513=VECTOR('',#3864,1.);
#514=VECTOR('',#3865,1.);
#515=VECTOR('',#3866,1.);
#516=VECTOR('',#3867,1.);
#517=VECTOR('',#3868,1.);
#518=VECTOR('',#3869,1.);
#519=VECTOR('',#3870,1.);
#520=VECTOR('',#3871,1.);
#521=VECTOR('',#3872,1.);
#522=VECTOR('',#3873,1.);
#523=VECTOR('',#3874,1.);
#524=VECTOR('',#3875,1.);
#525=VECTOR('',#3876,1.);
#526=VECTOR('',#3879,1.);
#527=VECTOR('',#3880,1.);
#528=VECTOR('',#3881,1.);
#529=VECTOR('',#3882,1.);
#530=VECTOR('',#3883,1.);
#531=VECTOR('',#3888,1.);
#532=VECTOR('',#3889,1.);
#533=VECTOR('',#3890,1.);
#534=VECTOR('',#3895,1.);
#535=VECTOR('',#3900,1.);
#536=VECTOR('',#3901,1.);
#537=VECTOR('',#3902,1.);
#538=VECTOR('',#3903,1.);
#539=VECTOR('',#3910,1.);
#540=VECTOR('',#3911,1.);
#541=VECTOR('',#3912,1.);
#542=VECTOR('',#3915,1.);
#543=VECTOR('',#3916,1.);
#544=VECTOR('',#3917,1.);
#545=VECTOR('',#3922,1.);
#546=VECTOR('',#3929,1.);
#547=VECTOR('',#3930,1.);
#548=VECTOR('',#3931,1.);
#549=VECTOR('',#3938,1.);
#550=VECTOR('',#3941,1.);
#551=VECTOR('',#3942,1.);
#552=VECTOR('',#3943,1.);
#553=VECTOR('',#3950,1.);
#554=VECTOR('',#3951,1.);
#555=VECTOR('',#3952,1.);
#556=VECTOR('',#3959,1.);
#557=VECTOR('',#3960,1.);
#558=VECTOR('',#3961,1.);
#559=VECTOR('',#3968,1.);
#560=VECTOR('',#3969,1.);
#561=VECTOR('',#3970,1.);
#562=VECTOR('',#3979,1.);
#563=VECTOR('',#3980,1.);
#564=VECTOR('',#3981,1.);
#565=VECTOR('',#3990,1.);
#566=VECTOR('',#3991,1.);
#567=VECTOR('',#3992,1.);
#568=VECTOR('',#3999,1.);
#569=VECTOR('',#4008,1.);
#570=VECTOR('',#4009,1.);
#571=VECTOR('',#4012,1.);
#572=VECTOR('',#4013,1.);
#573=VECTOR('',#4014,1.);
#574=VECTOR('',#4021,1.);
#575=VECTOR('',#4024,1.);
#576=VECTOR('',#4027,1.);
#577=VECTOR('',#4030,1.);
#578=VECTOR('',#4033,1.);
#579=VECTOR('',#4036,1.);
#580=VECTOR('',#4039,1.);
#581=VECTOR('',#4042,1.);
#582=VECTOR('',#4045,1.);
#583=VECTOR('',#4048,1.);
#584=VECTOR('',#4051,1.);
#585=VECTOR('',#4054,1.);
#586=VECTOR('',#4057,1.);
#587=VECTOR('',#4060,1.);
#588=VECTOR('',#4063,1.);
#589=VECTOR('',#4068,1.);
#590=VECTOR('',#4069,1.);
#591=VECTOR('',#4072,1.);
#592=VECTOR('',#4075,1.);
#593=VECTOR('',#4078,1.);
#594=VECTOR('',#4081,1.);
#595=VECTOR('',#4084,1.);
#596=VECTOR('',#4087,1.);
#597=VECTOR('',#4088,1.);
#598=VECTOR('',#4091,1.);
#599=VECTOR('',#4094,1.);
#600=VECTOR('',#4097,1.);
#601=VECTOR('',#4100,1.);
#602=VECTOR('',#4103,1.);
#603=VECTOR('',#4106,1.);
#604=VECTOR('',#4107,1.);
#605=VECTOR('',#4110,1.);
#606=VECTOR('',#4113,1.);
#607=VECTOR('',#4116,1.);
#608=VECTOR('',#4119,1.);
#609=VECTOR('',#4122,1.);
#610=VECTOR('',#4125,1.);
#611=VECTOR('',#4126,1.);
#612=VECTOR('',#4129,1.);
#613=VECTOR('',#4132,1.);
#614=VECTOR('',#4135,1.);
#615=VECTOR('',#4138,1.);
#616=VECTOR('',#4141,1.);
#617=VECTOR('',#4144,1.);
#618=VECTOR('',#4145,1.);
#619=VECTOR('',#4148,1.);
#620=VECTOR('',#4151,1.);
#621=VECTOR('',#4154,1.);
#622=VECTOR('',#4157,1.);
#623=VECTOR('',#4160,1.);
#624=VECTOR('',#4163,1.);
#625=VECTOR('',#4164,1.);
#626=VECTOR('',#4167,1.);
#627=VECTOR('',#4170,1.);
#628=VECTOR('',#4173,1.);
#629=VECTOR('',#4176,1.);
#630=VECTOR('',#4179,1.);
#631=VECTOR('',#4180,1.);
#632=VECTOR('',#4183,1.);
#633=VECTOR('',#4186,1.);
#634=VECTOR('',#4189,1.);
#635=VECTOR('',#4192,1.);
#636=VECTOR('',#4193,1.);
#637=VECTOR('',#4196,1.);
#638=VECTOR('',#4199,1.);
#639=VECTOR('',#4202,1.);
#640=VECTOR('',#4205,1.);
#641=VECTOR('',#4208,1.);
#642=VECTOR('',#4209,1.);
#643=VECTOR('',#4212,1.);
#644=VECTOR('',#4215,1.);
#645=VECTOR('',#4218,1.);
#646=VECTOR('',#4221,1.);
#647=VECTOR('',#4222,1.);
#648=VECTOR('',#4225,1.);
#649=VECTOR('',#4228,1.);
#650=VECTOR('',#4231,1.);
#651=VECTOR('',#4234,1.);
#652=VECTOR('',#4237,1.);
#653=VECTOR('',#4238,1.);
#654=VECTOR('',#4241,1.);
#655=VECTOR('',#4244,1.);
#656=VECTOR('',#4247,1.);
#657=VECTOR('',#4250,1.);
#658=VECTOR('',#4253,1.);
#659=VECTOR('',#4254,1.);
#660=VECTOR('',#4257,1.);
#661=VECTOR('',#4260,1.);
#662=VECTOR('',#4263,1.);
#663=VECTOR('',#4266,1.);
#664=VECTOR('',#4269,1.);
#665=VECTOR('',#4270,1.);
#666=VECTOR('',#4273,1.);
#667=VECTOR('',#4276,1.);
#668=VECTOR('',#4279,1.);
#669=VECTOR('',#4280,1.);
#670=VECTOR('',#4283,1.);
#671=VECTOR('',#4286,1.);
#672=VECTOR('',#4289,1.);
#673=VECTOR('',#4292,1.);
#674=VECTOR('',#4295,1.);
#675=VECTOR('',#4296,1.);
#676=VECTOR('',#4299,1.);
#677=VECTOR('',#4302,1.);
#678=VECTOR('',#4305,1.);
#679=VECTOR('',#4308,1.);
#680=VECTOR('',#4313,1.);
#681=VECTOR('',#4316,1.);
#682=VECTOR('',#4319,1.);
#683=VECTOR('',#4322,1.);
#684=VECTOR('',#4325,1.);
#685=VECTOR('',#4336,1.);
#686=VECTOR('',#4351,1.);
#687=VECTOR('',#4354,1.);
#688=VECTOR('',#4357,1.);
#689=VECTOR('',#4358,1.);
#690=VECTOR('',#4361,1.);
#691=VECTOR('',#4362,1.);
#692=VECTOR('',#4365,1.);
#693=VECTOR('',#4368,1.);
#694=VECTOR('',#4371,1.);
#695=VECTOR('',#4374,1.);
#696=VECTOR('',#4379,1.);
#697=VECTOR('',#4382,1.);
#698=VECTOR('',#4385,1.);
#699=VECTOR('',#4388,1.);
#700=VECTOR('',#4403,1.);
#701=VECTOR('',#4404,1.);
#702=VECTOR('',#4407,1.);
#703=VECTOR('',#4408,1.);
#704=VECTOR('',#4411,1.);
#705=VECTOR('',#4412,1.);
#706=VECTOR('',#4415,1.);
#707=VECTOR('',#4416,1.);
#708=VECTOR('',#4427,1.);
#709=VECTOR('',#4428,1.);
#710=VECTOR('',#4431,1.);
#711=VECTOR('',#4432,1.);
#712=VECTOR('',#4435,1.);
#713=VECTOR('',#4436,1.);
#714=VECTOR('',#4439,1.);
#715=VECTOR('',#4440,1.);
#716=VECTOR('',#4451,1.);
#717=VECTOR('',#4452,1.);
#718=VECTOR('',#4455,1.);
#719=VECTOR('',#4456,1.);
#720=VECTOR('',#4459,1.);
#721=VECTOR('',#4460,1.);
#722=VECTOR('',#4463,1.);
#723=VECTOR('',#4464,1.);
#724=VECTOR('',#4475,1.);
#725=VECTOR('',#4476,1.);
#726=VECTOR('',#4479,1.);
#727=VECTOR('',#4480,1.);
#728=VECTOR('',#4483,1.);
#729=VECTOR('',#4484,1.);
#730=VECTOR('',#4497,1.);
#731=VECTOR('',#4500,1.);
#732=VECTOR('',#4501,1.);
#733=VECTOR('',#4504,1.);
#734=VECTOR('',#4505,1.);
#735=ORIENTED_EDGE('',*,*,#1677,.F.);
#736=ORIENTED_EDGE('',*,*,#1678,.F.);
#737=ORIENTED_EDGE('',*,*,#1679,.F.);
#738=ORIENTED_EDGE('',*,*,#1680,.T.);
#739=ORIENTED_EDGE('',*,*,#1681,.F.);
#740=ORIENTED_EDGE('',*,*,#1682,.F.);
#741=ORIENTED_EDGE('',*,*,#1683,.T.);
#742=ORIENTED_EDGE('',*,*,#1684,.T.);
#743=ORIENTED_EDGE('',*,*,#1685,.F.);
#744=ORIENTED_EDGE('',*,*,#1686,.T.);
#745=ORIENTED_EDGE('',*,*,#1687,.T.);
#746=ORIENTED_EDGE('',*,*,#1688,.T.);
#747=ORIENTED_EDGE('',*,*,#1689,.F.);
#748=ORIENTED_EDGE('',*,*,#1690,.T.);
#749=ORIENTED_EDGE('',*,*,#1691,.F.);
#750=ORIENTED_EDGE('',*,*,#1692,.F.);
#751=ORIENTED_EDGE('',*,*,#1693,.F.);
#752=ORIENTED_EDGE('',*,*,#1694,.F.);
#753=ORIENTED_EDGE('',*,*,#1695,.T.);
#754=ORIENTED_EDGE('',*,*,#1696,.F.);
#755=ORIENTED_EDGE('',*,*,#1697,.F.);
#756=ORIENTED_EDGE('',*,*,#1685,.T.);
#757=ORIENTED_EDGE('',*,*,#1698,.T.);
#758=ORIENTED_EDGE('',*,*,#1693,.T.);
#759=ORIENTED_EDGE('',*,*,#1699,.T.);
#760=ORIENTED_EDGE('',*,*,#1700,.T.);
#761=ORIENTED_EDGE('',*,*,#1701,.F.);
#762=ORIENTED_EDGE('',*,*,#1689,.T.);
#763=ORIENTED_EDGE('',*,*,#1702,.F.);
#764=ORIENTED_EDGE('',*,*,#1703,.T.);
#765=ORIENTED_EDGE('',*,*,#1704,.F.);
#766=ORIENTED_EDGE('',*,*,#1705,.T.);
#767=ORIENTED_EDGE('',*,*,#1706,.F.);
#768=ORIENTED_EDGE('',*,*,#1707,.T.);
#769=ORIENTED_EDGE('',*,*,#1708,.F.);
#770=ORIENTED_EDGE('',*,*,#1709,.T.);
#771=ORIENTED_EDGE('',*,*,#1710,.F.);
#772=ORIENTED_EDGE('',*,*,#1711,.T.);
#773=ORIENTED_EDGE('',*,*,#1712,.F.);
#774=ORIENTED_EDGE('',*,*,#1713,.T.);
#775=ORIENTED_EDGE('',*,*,#1714,.F.);
#776=ORIENTED_EDGE('',*,*,#1715,.T.);
#777=ORIENTED_EDGE('',*,*,#1716,.F.);
#778=ORIENTED_EDGE('',*,*,#1717,.T.);
#779=ORIENTED_EDGE('',*,*,#1718,.F.);
#780=ORIENTED_EDGE('',*,*,#1719,.T.);
#781=ORIENTED_EDGE('',*,*,#1720,.F.);
#782=ORIENTED_EDGE('',*,*,#1721,.T.);
#783=ORIENTED_EDGE('',*,*,#1722,.F.);
#784=ORIENTED_EDGE('',*,*,#1723,.T.);
#785=ORIENTED_EDGE('',*,*,#1724,.F.);
#786=ORIENTED_EDGE('',*,*,#1725,.T.);
#787=ORIENTED_EDGE('',*,*,#1726,.F.);
#788=ORIENTED_EDGE('',*,*,#1727,.T.);
#789=ORIENTED_EDGE('',*,*,#1728,.F.);
#790=ORIENTED_EDGE('',*,*,#1729,.T.);
#791=ORIENTED_EDGE('',*,*,#1730,.F.);
#792=ORIENTED_EDGE('',*,*,#1731,.T.);
#793=ORIENTED_EDGE('',*,*,#1732,.F.);
#794=ORIENTED_EDGE('',*,*,#1733,.T.);
#795=ORIENTED_EDGE('',*,*,#1734,.F.);
#796=ORIENTED_EDGE('',*,*,#1735,.T.);
#797=ORIENTED_EDGE('',*,*,#1736,.F.);
#798=ORIENTED_EDGE('',*,*,#1737,.T.);
#799=ORIENTED_EDGE('',*,*,#1738,.T.);
#800=ORIENTED_EDGE('',*,*,#1739,.F.);
#801=ORIENTED_EDGE('',*,*,#1740,.T.);
#802=ORIENTED_EDGE('',*,*,#1741,.T.);
#803=ORIENTED_EDGE('',*,*,#1742,.F.);
#804=ORIENTED_EDGE('',*,*,#1743,.T.);
#805=ORIENTED_EDGE('',*,*,#1744,.F.);
#806=ORIENTED_EDGE('',*,*,#1745,.T.);
#807=ORIENTED_EDGE('',*,*,#1746,.F.);
#808=ORIENTED_EDGE('',*,*,#1747,.F.);
#809=ORIENTED_EDGE('',*,*,#1748,.F.);
#810=ORIENTED_EDGE('',*,*,#1749,.T.);
#811=ORIENTED_EDGE('',*,*,#1750,.T.);
#812=ORIENTED_EDGE('',*,*,#1751,.T.);
#813=ORIENTED_EDGE('',*,*,#1752,.T.);
#814=ORIENTED_EDGE('',*,*,#1753,.F.);
#815=ORIENTED_EDGE('',*,*,#1754,.F.);
#816=ORIENTED_EDGE('',*,*,#1755,.F.);
#817=ORIENTED_EDGE('',*,*,#1756,.T.);
#818=ORIENTED_EDGE('',*,*,#1757,.T.);
#819=ORIENTED_EDGE('',*,*,#1758,.T.);
#820=ORIENTED_EDGE('',*,*,#1759,.T.);
#821=ORIENTED_EDGE('',*,*,#1760,.F.);
#822=ORIENTED_EDGE('',*,*,#1761,.F.);
#823=ORIENTED_EDGE('',*,*,#1762,.F.);
#824=ORIENTED_EDGE('',*,*,#1763,.T.);
#825=ORIENTED_EDGE('',*,*,#1764,.T.);
#826=ORIENTED_EDGE('',*,*,#1765,.T.);
#827=ORIENTED_EDGE('',*,*,#1766,.T.);
#828=ORIENTED_EDGE('',*,*,#1767,.F.);
#829=ORIENTED_EDGE('',*,*,#1768,.T.);
#830=ORIENTED_EDGE('',*,*,#1769,.T.);
#831=ORIENTED_EDGE('',*,*,#1770,.F.);
#832=ORIENTED_EDGE('',*,*,#1771,.T.);
#833=ORIENTED_EDGE('',*,*,#1772,.F.);
#834=ORIENTED_EDGE('',*,*,#1773,.F.);
#835=ORIENTED_EDGE('',*,*,#1774,.T.);
#836=ORIENTED_EDGE('',*,*,#1775,.T.);
#837=ORIENTED_EDGE('',*,*,#1776,.F.);
#838=ORIENTED_EDGE('',*,*,#1777,.T.);
#839=ORIENTED_EDGE('',*,*,#1778,.F.);
#840=ORIENTED_EDGE('',*,*,#1779,.F.);
#841=ORIENTED_EDGE('',*,*,#1780,.T.);
#842=ORIENTED_EDGE('',*,*,#1781,.T.);
#843=ORIENTED_EDGE('',*,*,#1782,.F.);
#844=ORIENTED_EDGE('',*,*,#1783,.T.);
#845=ORIENTED_EDGE('',*,*,#1784,.F.);
#846=ORIENTED_EDGE('',*,*,#1785,.F.);
#847=ORIENTED_EDGE('',*,*,#1786,.T.);
#848=ORIENTED_EDGE('',*,*,#1787,.T.);
#849=ORIENTED_EDGE('',*,*,#1788,.T.);
#850=ORIENTED_EDGE('',*,*,#1789,.T.);
#851=ORIENTED_EDGE('',*,*,#1790,.F.);
#852=ORIENTED_EDGE('',*,*,#1791,.T.);
#853=ORIENTED_EDGE('',*,*,#1792,.F.);
#854=ORIENTED_EDGE('',*,*,#1793,.F.);
#855=ORIENTED_EDGE('',*,*,#1794,.T.);
#856=ORIENTED_EDGE('',*,*,#1795,.F.);
#857=ORIENTED_EDGE('',*,*,#1796,.F.);
#858=ORIENTED_EDGE('',*,*,#1797,.T.);
#859=ORIENTED_EDGE('',*,*,#1798,.F.);
#860=ORIENTED_EDGE('',*,*,#1799,.F.);
#861=ORIENTED_EDGE('',*,*,#1800,.T.);
#862=ORIENTED_EDGE('',*,*,#1801,.F.);
#863=ORIENTED_EDGE('',*,*,#1802,.F.);
#864=ORIENTED_EDGE('',*,*,#1803,.T.);
#865=ORIENTED_EDGE('',*,*,#1804,.F.);
#866=ORIENTED_EDGE('',*,*,#1805,.T.);
#867=ORIENTED_EDGE('',*,*,#1806,.F.);
#868=ORIENTED_EDGE('',*,*,#1807,.T.);
#869=ORIENTED_EDGE('',*,*,#1808,.F.);
#870=ORIENTED_EDGE('',*,*,#1809,.F.);
#871=ORIENTED_EDGE('',*,*,#1810,.T.);
#872=ORIENTED_EDGE('',*,*,#1811,.T.);
#873=ORIENTED_EDGE('',*,*,#1812,.T.);
#874=ORIENTED_EDGE('',*,*,#1813,.T.);
#875=ORIENTED_EDGE('',*,*,#1814,.T.);
#876=ORIENTED_EDGE('',*,*,#1815,.F.);
#877=ORIENTED_EDGE('',*,*,#1816,.T.);
#878=ORIENTED_EDGE('',*,*,#1817,.F.);
#879=ORIENTED_EDGE('',*,*,#1818,.F.);
#880=ORIENTED_EDGE('',*,*,#1819,.T.);
#881=ORIENTED_EDGE('',*,*,#1820,.T.);
#882=ORIENTED_EDGE('',*,*,#1821,.F.);
#883=ORIENTED_EDGE('',*,*,#1822,.F.);
#884=ORIENTED_EDGE('',*,*,#1823,.F.);
#885=ORIENTED_EDGE('',*,*,#1824,.T.);
#886=ORIENTED_EDGE('',*,*,#1825,.T.);
#887=ORIENTED_EDGE('',*,*,#1826,.T.);
#888=ORIENTED_EDGE('',*,*,#1827,.T.);
#889=ORIENTED_EDGE('',*,*,#1682,.T.);
#890=ORIENTED_EDGE('',*,*,#1828,.F.);
#891=ORIENTED_EDGE('',*,*,#1829,.F.);
#892=ORIENTED_EDGE('',*,*,#1830,.F.);
#893=ORIENTED_EDGE('',*,*,#1831,.F.);
#894=ORIENTED_EDGE('',*,*,#1832,.F.);
#895=ORIENTED_EDGE('',*,*,#1833,.F.);
#896=ORIENTED_EDGE('',*,*,#1834,.F.);
#897=ORIENTED_EDGE('',*,*,#1835,.F.);
#898=ORIENTED_EDGE('',*,*,#1836,.F.);
#899=ORIENTED_EDGE('',*,*,#1837,.F.);
#900=ORIENTED_EDGE('',*,*,#1838,.T.);
#901=ORIENTED_EDGE('',*,*,#1839,.T.);
#902=ORIENTED_EDGE('',*,*,#1840,.F.);
#903=ORIENTED_EDGE('',*,*,#1841,.F.);
#904=ORIENTED_EDGE('',*,*,#1842,.T.);
#905=ORIENTED_EDGE('',*,*,#1843,.T.);
#906=ORIENTED_EDGE('',*,*,#1844,.F.);
#907=ORIENTED_EDGE('',*,*,#1845,.T.);
#908=ORIENTED_EDGE('',*,*,#1846,.F.);
#909=ORIENTED_EDGE('',*,*,#1847,.T.);
#910=ORIENTED_EDGE('',*,*,#1848,.F.);
#911=ORIENTED_EDGE('',*,*,#1849,.T.);
#912=ORIENTED_EDGE('',*,*,#1699,.F.);
#913=ORIENTED_EDGE('',*,*,#1692,.T.);
#914=ORIENTED_EDGE('',*,*,#1850,.F.);
#915=ORIENTED_EDGE('',*,*,#1851,.T.);
#916=ORIENTED_EDGE('',*,*,#1852,.F.);
#917=ORIENTED_EDGE('',*,*,#1853,.T.);
#918=ORIENTED_EDGE('',*,*,#1690,.F.);
#919=ORIENTED_EDGE('',*,*,#1701,.T.);
#920=ORIENTED_EDGE('',*,*,#1854,.T.);
#921=ORIENTED_EDGE('',*,*,#1855,.T.);
#922=ORIENTED_EDGE('',*,*,#1856,.F.);
#923=ORIENTED_EDGE('',*,*,#1857,.T.);
#924=ORIENTED_EDGE('',*,*,#1858,.F.);
#925=ORIENTED_EDGE('',*,*,#1859,.T.);
#926=ORIENTED_EDGE('',*,*,#1680,.F.);
#927=ORIENTED_EDGE('',*,*,#1860,.T.);
#928=ORIENTED_EDGE('',*,*,#1861,.F.);
#929=ORIENTED_EDGE('',*,*,#1862,.F.);
#930=ORIENTED_EDGE('',*,*,#1863,.T.);
#931=ORIENTED_EDGE('',*,*,#1864,.T.);
#932=ORIENTED_EDGE('',*,*,#1865,.T.);
#933=ORIENTED_EDGE('',*,*,#1866,.T.);
#934=ORIENTED_EDGE('',*,*,#1867,.T.);
#935=ORIENTED_EDGE('',*,*,#1868,.T.);
#936=ORIENTED_EDGE('',*,*,#1869,.T.);
#937=ORIENTED_EDGE('',*,*,#1870,.T.);
#938=ORIENTED_EDGE('',*,*,#1871,.T.);
#939=ORIENTED_EDGE('',*,*,#1872,.T.);
#940=ORIENTED_EDGE('',*,*,#1873,.T.);
#941=ORIENTED_EDGE('',*,*,#1874,.F.);
#942=ORIENTED_EDGE('',*,*,#1875,.F.);
#943=ORIENTED_EDGE('',*,*,#1876,.F.);
#944=ORIENTED_EDGE('',*,*,#1877,.F.);
#945=ORIENTED_EDGE('',*,*,#1878,.T.);
#946=ORIENTED_EDGE('',*,*,#1879,.F.);
#947=ORIENTED_EDGE('',*,*,#1880,.T.);
#948=ORIENTED_EDGE('',*,*,#1881,.F.);
#949=ORIENTED_EDGE('',*,*,#1882,.F.);
#950=ORIENTED_EDGE('',*,*,#1883,.T.);
#951=ORIENTED_EDGE('',*,*,#1884,.T.);
#952=ORIENTED_EDGE('',*,*,#1885,.F.);
#953=ORIENTED_EDGE('',*,*,#1886,.T.);
#954=ORIENTED_EDGE('',*,*,#1887,.F.);
#955=ORIENTED_EDGE('',*,*,#1888,.F.);
#956=ORIENTED_EDGE('',*,*,#1889,.F.);
#957=ORIENTED_EDGE('',*,*,#1890,.F.);
#958=ORIENTED_EDGE('',*,*,#1891,.F.);
#959=ORIENTED_EDGE('',*,*,#1892,.T.);
#960=ORIENTED_EDGE('',*,*,#1893,.T.);
#961=ORIENTED_EDGE('',*,*,#1894,.F.);
#962=ORIENTED_EDGE('',*,*,#1895,.T.);
#963=ORIENTED_EDGE('',*,*,#1896,.F.);
#964=ORIENTED_EDGE('',*,*,#1897,.T.);
#965=ORIENTED_EDGE('',*,*,#1898,.F.);
#966=ORIENTED_EDGE('',*,*,#1899,.T.);
#967=ORIENTED_EDGE('',*,*,#1900,.T.);
#968=ORIENTED_EDGE('',*,*,#1901,.F.);
#969=ORIENTED_EDGE('',*,*,#1902,.T.);
#970=ORIENTED_EDGE('',*,*,#1903,.T.);
#971=ORIENTED_EDGE('',*,*,#1904,.F.);
#972=ORIENTED_EDGE('',*,*,#1905,.T.);
#973=ORIENTED_EDGE('',*,*,#1906,.T.);
#974=ORIENTED_EDGE('',*,*,#1907,.F.);
#975=ORIENTED_EDGE('',*,*,#1908,.T.);
#976=ORIENTED_EDGE('',*,*,#1909,.T.);
#977=ORIENTED_EDGE('',*,*,#1910,.F.);
#978=ORIENTED_EDGE('',*,*,#1911,.T.);
#979=ORIENTED_EDGE('',*,*,#1912,.F.);
#980=ORIENTED_EDGE('',*,*,#1913,.F.);
#981=ORIENTED_EDGE('',*,*,#1914,.F.);
#982=ORIENTED_EDGE('',*,*,#1915,.F.);
#983=ORIENTED_EDGE('',*,*,#1916,.T.);
#984=ORIENTED_EDGE('',*,*,#1917,.T.);
#985=ORIENTED_EDGE('',*,*,#1918,.F.);
#986=ORIENTED_EDGE('',*,*,#1919,.T.);
#987=ORIENTED_EDGE('',*,*,#1920,.F.);
#988=ORIENTED_EDGE('',*,*,#1921,.F.);
#989=ORIENTED_EDGE('',*,*,#1922,.T.);
#990=ORIENTED_EDGE('',*,*,#1923,.T.);
#991=ORIENTED_EDGE('',*,*,#1924,.F.);
#992=ORIENTED_EDGE('',*,*,#1925,.T.);
#993=ORIENTED_EDGE('',*,*,#1926,.F.);
#994=ORIENTED_EDGE('',*,*,#1927,.F.);
#995=ORIENTED_EDGE('',*,*,#1928,.T.);
#996=ORIENTED_EDGE('',*,*,#1929,.T.);
#997=ORIENTED_EDGE('',*,*,#1930,.F.);
#998=ORIENTED_EDGE('',*,*,#1931,.T.);
#999=ORIENTED_EDGE('',*,*,#1932,.F.);
#1000=ORIENTED_EDGE('',*,*,#1933,.T.);
#1001=ORIENTED_EDGE('',*,*,#1934,.T.);
#1002=ORIENTED_EDGE('',*,*,#1935,.F.);
#1003=ORIENTED_EDGE('',*,*,#1936,.F.);
#1004=ORIENTED_EDGE('',*,*,#1937,.F.);
#1005=ORIENTED_EDGE('',*,*,#1938,.F.);
#1006=ORIENTED_EDGE('',*,*,#1939,.T.);
#1007=ORIENTED_EDGE('',*,*,#1940,.T.);
#1008=ORIENTED_EDGE('',*,*,#1941,.T.);
#1009=ORIENTED_EDGE('',*,*,#1942,.F.);
#1010=ORIENTED_EDGE('',*,*,#1943,.F.);
#1011=ORIENTED_EDGE('',*,*,#1944,.F.);
#1012=ORIENTED_EDGE('',*,*,#1945,.F.);
#1013=ORIENTED_EDGE('',*,*,#1946,.T.);
#1014=ORIENTED_EDGE('',*,*,#1947,.T.);
#1015=ORIENTED_EDGE('',*,*,#1948,.T.);
#1016=ORIENTED_EDGE('',*,*,#1949,.F.);
#1017=ORIENTED_EDGE('',*,*,#1950,.F.);
#1018=ORIENTED_EDGE('',*,*,#1951,.F.);
#1019=ORIENTED_EDGE('',*,*,#1952,.F.);
#1020=ORIENTED_EDGE('',*,*,#1953,.T.);
#1021=ORIENTED_EDGE('',*,*,#1954,.F.);
#1022=ORIENTED_EDGE('',*,*,#1955,.T.);
#1023=ORIENTED_EDGE('',*,*,#1956,.F.);
#1024=ORIENTED_EDGE('',*,*,#1957,.T.);
#1025=ORIENTED_EDGE('',*,*,#1958,.F.);
#1026=ORIENTED_EDGE('',*,*,#1959,.T.);
#1027=ORIENTED_EDGE('',*,*,#1960,.F.);
#1028=ORIENTED_EDGE('',*,*,#1961,.F.);
#1029=ORIENTED_EDGE('',*,*,#1962,.T.);
#1030=ORIENTED_EDGE('',*,*,#1963,.F.);
#1031=ORIENTED_EDGE('',*,*,#1964,.F.);
#1032=ORIENTED_EDGE('',*,*,#1965,.T.);
#1033=ORIENTED_EDGE('',*,*,#1966,.F.);
#1034=ORIENTED_EDGE('',*,*,#1967,.T.);
#1035=ORIENTED_EDGE('',*,*,#1968,.F.);
#1036=ORIENTED_EDGE('',*,*,#1969,.T.);
#1037=ORIENTED_EDGE('',*,*,#1970,.F.);
#1038=ORIENTED_EDGE('',*,*,#1971,.T.);
#1039=ORIENTED_EDGE('',*,*,#1972,.F.);
#1040=ORIENTED_EDGE('',*,*,#1973,.T.);
#1041=ORIENTED_EDGE('',*,*,#1974,.F.);
#1042=ORIENTED_EDGE('',*,*,#1975,.T.);
#1043=ORIENTED_EDGE('',*,*,#1976,.F.);
#1044=ORIENTED_EDGE('',*,*,#1977,.T.);
#1045=ORIENTED_EDGE('',*,*,#1978,.F.);
#1046=ORIENTED_EDGE('',*,*,#1979,.T.);
#1047=ORIENTED_EDGE('',*,*,#1980,.F.);
#1048=ORIENTED_EDGE('',*,*,#1981,.T.);
#1049=ORIENTED_EDGE('',*,*,#1982,.F.);
#1050=ORIENTED_EDGE('',*,*,#1983,.T.);
#1051=ORIENTED_EDGE('',*,*,#1984,.F.);
#1052=ORIENTED_EDGE('',*,*,#1985,.T.);
#1053=ORIENTED_EDGE('',*,*,#1986,.F.);
#1054=ORIENTED_EDGE('',*,*,#1987,.T.);
#1055=ORIENTED_EDGE('',*,*,#1988,.F.);
#1056=ORIENTED_EDGE('',*,*,#1989,.T.);
#1057=ORIENTED_EDGE('',*,*,#1990,.F.);
#1058=ORIENTED_EDGE('',*,*,#1991,.T.);
#1059=ORIENTED_EDGE('',*,*,#1992,.F.);
#1060=ORIENTED_EDGE('',*,*,#1993,.T.);
#1061=ORIENTED_EDGE('',*,*,#1994,.F.);
#1062=ORIENTED_EDGE('',*,*,#1995,.T.);
#1063=ORIENTED_EDGE('',*,*,#1996,.F.);
#1064=ORIENTED_EDGE('',*,*,#1997,.T.);
#1065=ORIENTED_EDGE('',*,*,#1961,.T.);
#1066=ORIENTED_EDGE('',*,*,#1998,.F.);
#1067=ORIENTED_EDGE('',*,*,#1733,.F.);
#1068=ORIENTED_EDGE('',*,*,#1999,.T.);
#1069=ORIENTED_EDGE('',*,*,#1967,.F.);
#1070=ORIENTED_EDGE('',*,*,#2000,.F.);
#1071=ORIENTED_EDGE('',*,*,#1734,.T.);
#1072=ORIENTED_EDGE('',*,*,#1998,.T.);
#1073=ORIENTED_EDGE('',*,*,#1966,.T.);
#1074=ORIENTED_EDGE('',*,*,#2001,.F.);
#1075=ORIENTED_EDGE('',*,*,#1735,.F.);
#1076=ORIENTED_EDGE('',*,*,#2000,.T.);
#1077=ORIENTED_EDGE('',*,*,#1965,.F.);
#1078=ORIENTED_EDGE('',*,*,#2002,.F.);
#1079=ORIENTED_EDGE('',*,*,#1736,.T.);
#1080=ORIENTED_EDGE('',*,*,#2001,.T.);
#1081=ORIENTED_EDGE('',*,*,#1999,.F.);
#1082=ORIENTED_EDGE('',*,*,#1732,.T.);
#1083=ORIENTED_EDGE('',*,*,#2003,.T.);
#1084=ORIENTED_EDGE('',*,*,#1962,.F.);
#1085=ORIENTED_EDGE('',*,*,#1737,.F.);
#1086=ORIENTED_EDGE('',*,*,#2002,.T.);
#1087=ORIENTED_EDGE('',*,*,#1964,.T.);
#1088=ORIENTED_EDGE('',*,*,#2004,.F.);
#1089=ORIENTED_EDGE('',*,*,#1958,.T.);
#1090=ORIENTED_EDGE('',*,*,#2005,.F.);
#1091=ORIENTED_EDGE('',*,*,#1743,.F.);
#1092=ORIENTED_EDGE('',*,*,#2006,.T.);
#1093=ORIENTED_EDGE('',*,*,#1957,.F.);
#1094=ORIENTED_EDGE('',*,*,#2007,.F.);
#1095=ORIENTED_EDGE('',*,*,#1744,.T.);
#1096=ORIENTED_EDGE('',*,*,#2005,.T.);
#1097=ORIENTED_EDGE('',*,*,#1956,.T.);
#1098=ORIENTED_EDGE('',*,*,#2008,.F.);
#1099=ORIENTED_EDGE('',*,*,#1745,.F.);
#1100=ORIENTED_EDGE('',*,*,#2007,.T.);
#1101=ORIENTED_EDGE('',*,*,#1955,.F.);
#1102=ORIENTED_EDGE('',*,*,#2009,.F.);
#1103=ORIENTED_EDGE('',*,*,#1739,.T.);
#1104=ORIENTED_EDGE('',*,*,#2008,.T.);
#1105=ORIENTED_EDGE('',*,*,#1740,.F.);
#1106=ORIENTED_EDGE('',*,*,#2009,.T.);
#1107=ORIENTED_EDGE('',*,*,#1954,.T.);
#1108=ORIENTED_EDGE('',*,*,#2010,.F.);
#1109=ORIENTED_EDGE('',*,*,#2006,.F.);
#1110=ORIENTED_EDGE('',*,*,#1742,.T.);
#1111=ORIENTED_EDGE('',*,*,#2011,.T.);
#1112=ORIENTED_EDGE('',*,*,#1959,.F.);
#1113=ORIENTED_EDGE('',*,*,#1947,.F.);
#1114=ORIENTED_EDGE('',*,*,#2012,.F.);
#1115=ORIENTED_EDGE('',*,*,#1747,.T.);
#1116=ORIENTED_EDGE('',*,*,#2013,.T.);
#1117=ORIENTED_EDGE('',*,*,#1953,.F.);
#1118=ORIENTED_EDGE('',*,*,#2014,.F.);
#1119=ORIENTED_EDGE('',*,*,#1748,.T.);
#1120=ORIENTED_EDGE('',*,*,#2012,.T.);
#1121=ORIENTED_EDGE('',*,*,#1952,.T.);
#1122=ORIENTED_EDGE('',*,*,#2015,.F.);
#1123=ORIENTED_EDGE('',*,*,#1749,.F.);
#1124=ORIENTED_EDGE('',*,*,#2014,.T.);
#1125=ORIENTED_EDGE('',*,*,#1951,.T.);
#1126=ORIENTED_EDGE('',*,*,#2016,.F.);
#1127=ORIENTED_EDGE('',*,*,#1750,.F.);
#1128=ORIENTED_EDGE('',*,*,#2015,.T.);
#1129=ORIENTED_EDGE('',*,*,#2013,.F.);
#1130=ORIENTED_EDGE('',*,*,#1746,.T.);
#1131=ORIENTED_EDGE('',*,*,#2017,.T.);
#1132=ORIENTED_EDGE('',*,*,#1948,.F.);
#1133=ORIENTED_EDGE('',*,*,#1751,.F.);
#1134=ORIENTED_EDGE('',*,*,#2016,.T.);
#1135=ORIENTED_EDGE('',*,*,#1950,.T.);
#1136=ORIENTED_EDGE('',*,*,#2018,.F.);
#1137=ORIENTED_EDGE('',*,*,#1940,.F.);
#1138=ORIENTED_EDGE('',*,*,#2019,.F.);
#1139=ORIENTED_EDGE('',*,*,#1754,.T.);
#1140=ORIENTED_EDGE('',*,*,#2020,.T.);
#1141=ORIENTED_EDGE('',*,*,#1946,.F.);
#1142=ORIENTED_EDGE('',*,*,#2021,.F.);
#1143=ORIENTED_EDGE('',*,*,#1755,.T.);
#1144=ORIENTED_EDGE('',*,*,#2019,.T.);
#1145=ORIENTED_EDGE('',*,*,#1945,.T.);
#1146=ORIENTED_EDGE('',*,*,#2022,.F.);
#1147=ORIENTED_EDGE('',*,*,#1756,.F.);
#1148=ORIENTED_EDGE('',*,*,#2021,.T.);
#1149=ORIENTED_EDGE('',*,*,#1944,.T.);
#1150=ORIENTED_EDGE('',*,*,#2023,.F.);
#1151=ORIENTED_EDGE('',*,*,#1757,.F.);
#1152=ORIENTED_EDGE('',*,*,#2022,.T.);
#1153=ORIENTED_EDGE('',*,*,#2020,.F.);
#1154=ORIENTED_EDGE('',*,*,#1753,.T.);
#1155=ORIENTED_EDGE('',*,*,#2024,.T.);
#1156=ORIENTED_EDGE('',*,*,#1941,.F.);
#1157=ORIENTED_EDGE('',*,*,#1758,.F.);
#1158=ORIENTED_EDGE('',*,*,#2023,.T.);
#1159=ORIENTED_EDGE('',*,*,#1943,.T.);
#1160=ORIENTED_EDGE('',*,*,#2025,.F.);
#1161=ORIENTED_EDGE('',*,*,#1933,.F.);
#1162=ORIENTED_EDGE('',*,*,#2026,.F.);
#1163=ORIENTED_EDGE('',*,*,#1761,.T.);
#1164=ORIENTED_EDGE('',*,*,#2027,.T.);
#1165=ORIENTED_EDGE('',*,*,#1939,.F.);
#1166=ORIENTED_EDGE('',*,*,#2028,.F.);
#1167=ORIENTED_EDGE('',*,*,#1762,.T.);
#1168=ORIENTED_EDGE('',*,*,#2026,.T.);
#1169=ORIENTED_EDGE('',*,*,#1938,.T.);
#1170=ORIENTED_EDGE('',*,*,#2029,.F.);
#1171=ORIENTED_EDGE('',*,*,#1763,.F.);
#1172=ORIENTED_EDGE('',*,*,#2028,.T.);
#1173=ORIENTED_EDGE('',*,*,#1937,.T.);
#1174=ORIENTED_EDGE('',*,*,#2030,.F.);
#1175=ORIENTED_EDGE('',*,*,#1764,.F.);
#1176=ORIENTED_EDGE('',*,*,#2029,.T.);
#1177=ORIENTED_EDGE('',*,*,#2027,.F.);
#1178=ORIENTED_EDGE('',*,*,#1760,.T.);
#1179=ORIENTED_EDGE('',*,*,#2031,.T.);
#1180=ORIENTED_EDGE('',*,*,#1934,.F.);
#1181=ORIENTED_EDGE('',*,*,#1765,.F.);
#1182=ORIENTED_EDGE('',*,*,#2030,.T.);
#1183=ORIENTED_EDGE('',*,*,#1936,.T.);
#1184=ORIENTED_EDGE('',*,*,#2032,.F.);
#1185=ORIENTED_EDGE('',*,*,#1927,.T.);
#1186=ORIENTED_EDGE('',*,*,#2033,.F.);
#1187=ORIENTED_EDGE('',*,*,#1768,.F.);
#1188=ORIENTED_EDGE('',*,*,#2034,.T.);
#1189=ORIENTED_EDGE('',*,*,#1932,.T.);
#1190=ORIENTED_EDGE('',*,*,#2035,.F.);
#1191=ORIENTED_EDGE('',*,*,#1769,.F.);
#1192=ORIENTED_EDGE('',*,*,#2033,.T.);
#1193=ORIENTED_EDGE('',*,*,#1931,.F.);
#1194=ORIENTED_EDGE('',*,*,#2036,.F.);
#1195=ORIENTED_EDGE('',*,*,#1770,.T.);
#1196=ORIENTED_EDGE('',*,*,#2035,.T.);
#1197=ORIENTED_EDGE('',*,*,#2034,.F.);
#1198=ORIENTED_EDGE('',*,*,#1767,.T.);
#1199=ORIENTED_EDGE('',*,*,#2037,.T.);
#1200=ORIENTED_EDGE('',*,*,#1928,.F.);
#1201=ORIENTED_EDGE('',*,*,#1771,.F.);
#1202=ORIENTED_EDGE('',*,*,#2036,.T.);
#1203=ORIENTED_EDGE('',*,*,#1930,.T.);
#1204=ORIENTED_EDGE('',*,*,#2038,.F.);
#1205=ORIENTED_EDGE('',*,*,#1921,.T.);
#1206=ORIENTED_EDGE('',*,*,#2039,.F.);
#1207=ORIENTED_EDGE('',*,*,#1774,.F.);
#1208=ORIENTED_EDGE('',*,*,#2040,.T.);
#1209=ORIENTED_EDGE('',*,*,#1926,.T.);
#1210=ORIENTED_EDGE('',*,*,#2041,.F.);
#1211=ORIENTED_EDGE('',*,*,#1775,.F.);
#1212=ORIENTED_EDGE('',*,*,#2039,.T.);
#1213=ORIENTED_EDGE('',*,*,#1925,.F.);
#1214=ORIENTED_EDGE('',*,*,#2042,.F.);
#1215=ORIENTED_EDGE('',*,*,#1776,.T.);
#1216=ORIENTED_EDGE('',*,*,#2041,.T.);
#1217=ORIENTED_EDGE('',*,*,#2040,.F.);
#1218=ORIENTED_EDGE('',*,*,#1773,.T.);
#1219=ORIENTED_EDGE('',*,*,#2043,.T.);
#1220=ORIENTED_EDGE('',*,*,#1922,.F.);
#1221=ORIENTED_EDGE('',*,*,#1915,.T.);
#1222=ORIENTED_EDGE('',*,*,#2044,.F.);
#1223=ORIENTED_EDGE('',*,*,#1780,.F.);
#1224=ORIENTED_EDGE('',*,*,#2045,.T.);
#1225=ORIENTED_EDGE('',*,*,#1920,.T.);
#1226=ORIENTED_EDGE('',*,*,#2046,.F.);
#1227=ORIENTED_EDGE('',*,*,#1781,.F.);
#1228=ORIENTED_EDGE('',*,*,#2044,.T.);
#1229=ORIENTED_EDGE('',*,*,#1919,.F.);
#1230=ORIENTED_EDGE('',*,*,#2047,.F.);
#1231=ORIENTED_EDGE('',*,*,#1782,.T.);
#1232=ORIENTED_EDGE('',*,*,#2046,.T.);
#1233=ORIENTED_EDGE('',*,*,#2045,.F.);
#1234=ORIENTED_EDGE('',*,*,#1779,.T.);
#1235=ORIENTED_EDGE('',*,*,#2048,.T.);
#1236=ORIENTED_EDGE('',*,*,#1916,.F.);
#1237=ORIENTED_EDGE('',*,*,#1783,.F.);
#1238=ORIENTED_EDGE('',*,*,#2047,.T.);
#1239=ORIENTED_EDGE('',*,*,#1918,.T.);
#1240=ORIENTED_EDGE('',*,*,#2049,.F.);
#1241=ORIENTED_EDGE('',*,*,#1913,.T.);
#1242=ORIENTED_EDGE('',*,*,#2050,.F.);
#1243=ORIENTED_EDGE('',*,*,#1788,.F.);
#1244=ORIENTED_EDGE('',*,*,#2051,.T.);
#1245=ORIENTED_EDGE('',*,*,#1912,.T.);
#1246=ORIENTED_EDGE('',*,*,#2052,.F.);
#1247=ORIENTED_EDGE('',*,*,#1789,.F.);
#1248=ORIENTED_EDGE('',*,*,#2050,.T.);
#1249=ORIENTED_EDGE('',*,*,#1911,.F.);
#1250=ORIENTED_EDGE('',*,*,#2053,.F.);
#1251=ORIENTED_EDGE('',*,*,#1785,.T.);
#1252=ORIENTED_EDGE('',*,*,#2052,.T.);
#1253=ORIENTED_EDGE('',*,*,#1786,.F.);
#1254=ORIENTED_EDGE('',*,*,#2053,.T.);
#1255=ORIENTED_EDGE('',*,*,#1910,.T.);
#1256=ORIENTED_EDGE('',*,*,#2054,.F.);
#1257=ORIENTED_EDGE('',*,*,#1907,.T.);
#1258=ORIENTED_EDGE('',*,*,#2055,.F.);
#1259=ORIENTED_EDGE('',*,*,#1794,.F.);
#1260=ORIENTED_EDGE('',*,*,#2056,.T.);
#1261=ORIENTED_EDGE('',*,*,#1906,.F.);
#1262=ORIENTED_EDGE('',*,*,#2057,.F.);
#1263=ORIENTED_EDGE('',*,*,#1795,.T.);
#1264=ORIENTED_EDGE('',*,*,#2055,.T.);
#1265=ORIENTED_EDGE('',*,*,#1905,.F.);
#1266=ORIENTED_EDGE('',*,*,#2058,.F.);
#1267=ORIENTED_EDGE('',*,*,#1790,.T.);
#1268=ORIENTED_EDGE('',*,*,#2057,.T.);
#1269=ORIENTED_EDGE('',*,*,#1791,.F.);
#1270=ORIENTED_EDGE('',*,*,#2058,.T.);
#1271=ORIENTED_EDGE('',*,*,#1904,.T.);
#1272=ORIENTED_EDGE('',*,*,#2059,.F.);
#1273=ORIENTED_EDGE('',*,*,#2056,.F.);
#1274=ORIENTED_EDGE('',*,*,#1793,.T.);
#1275=ORIENTED_EDGE('',*,*,#2060,.T.);
#1276=ORIENTED_EDGE('',*,*,#1908,.F.);
#1277=ORIENTED_EDGE('',*,*,#1898,.T.);
#1278=ORIENTED_EDGE('',*,*,#2061,.F.);
#1279=ORIENTED_EDGE('',*,*,#1797,.F.);
#1280=ORIENTED_EDGE('',*,*,#2062,.T.);
#1281=ORIENTED_EDGE('',*,*,#1903,.F.);
#1282=ORIENTED_EDGE('',*,*,#2063,.F.);
#1283=ORIENTED_EDGE('',*,*,#1798,.T.);
#1284=ORIENTED_EDGE('',*,*,#2061,.T.);
#1285=ORIENTED_EDGE('',*,*,#1902,.F.);
#1286=ORIENTED_EDGE('',*,*,#2064,.F.);
#1287=ORIENTED_EDGE('',*,*,#1799,.T.);
#1288=ORIENTED_EDGE('',*,*,#2063,.T.);
#1289=ORIENTED_EDGE('',*,*,#1800,.F.);
#1290=ORIENTED_EDGE('',*,*,#2064,.T.);
#1291=ORIENTED_EDGE('',*,*,#1901,.T.);
#1292=ORIENTED_EDGE('',*,*,#2065,.F.);
#1293=ORIENTED_EDGE('',*,*,#2062,.F.);
#1294=ORIENTED_EDGE('',*,*,#1796,.T.);
#1295=ORIENTED_EDGE('',*,*,#2066,.T.);
#1296=ORIENTED_EDGE('',*,*,#1899,.F.);
#1297=ORIENTED_EDGE('',*,*,#1894,.T.);
#1298=ORIENTED_EDGE('',*,*,#2067,.F.);
#1299=ORIENTED_EDGE('',*,*,#1807,.F.);
#1300=ORIENTED_EDGE('',*,*,#2068,.T.);
#1301=ORIENTED_EDGE('',*,*,#1893,.F.);
#1302=ORIENTED_EDGE('',*,*,#2069,.F.);
#1303=ORIENTED_EDGE('',*,*,#1808,.T.);
#1304=ORIENTED_EDGE('',*,*,#2067,.T.);
#1305=ORIENTED_EDGE('',*,*,#1892,.F.);
#1306=ORIENTED_EDGE('',*,*,#2070,.F.);
#1307=ORIENTED_EDGE('',*,*,#1802,.T.);
#1308=ORIENTED_EDGE('',*,*,#2069,.T.);
#1309=ORIENTED_EDGE('',*,*,#1803,.F.);
#1310=ORIENTED_EDGE('',*,*,#2070,.T.);
#1311=ORIENTED_EDGE('',*,*,#1891,.T.);
#1312=ORIENTED_EDGE('',*,*,#2071,.F.);
#1313=ORIENTED_EDGE('',*,*,#2068,.F.);
#1314=ORIENTED_EDGE('',*,*,#1806,.T.);
#1315=ORIENTED_EDGE('',*,*,#2072,.T.);
#1316=ORIENTED_EDGE('',*,*,#1895,.F.);
#1317=ORIENTED_EDGE('',*,*,#1887,.T.);
#1318=ORIENTED_EDGE('',*,*,#2073,.F.);
#1319=ORIENTED_EDGE('',*,*,#1814,.F.);
#1320=ORIENTED_EDGE('',*,*,#2074,.T.);
#1321=ORIENTED_EDGE('',*,*,#1886,.F.);
#1322=ORIENTED_EDGE('',*,*,#2075,.F.);
#1323=ORIENTED_EDGE('',*,*,#1809,.T.);
#1324=ORIENTED_EDGE('',*,*,#2073,.T.);
#1325=ORIENTED_EDGE('',*,*,#1810,.F.);
#1326=ORIENTED_EDGE('',*,*,#2075,.T.);
#1327=ORIENTED_EDGE('',*,*,#1885,.T.);
#1328=ORIENTED_EDGE('',*,*,#2076,.F.);
#1329=ORIENTED_EDGE('',*,*,#1879,.T.);
#1330=ORIENTED_EDGE('',*,*,#2077,.F.);
#1331=ORIENTED_EDGE('',*,*,#1816,.F.);
#1332=ORIENTED_EDGE('',*,*,#2078,.T.);
#1333=ORIENTED_EDGE('',*,*,#1884,.F.);
#1334=ORIENTED_EDGE('',*,*,#2079,.F.);
#1335=ORIENTED_EDGE('',*,*,#1817,.T.);
#1336=ORIENTED_EDGE('',*,*,#2077,.T.);
#1337=ORIENTED_EDGE('',*,*,#2078,.F.);
#1338=ORIENTED_EDGE('',*,*,#1815,.T.);
#1339=ORIENTED_EDGE('',*,*,#2080,.T.);
#1340=ORIENTED_EDGE('',*,*,#1880,.F.);
#1341=ORIENTED_EDGE('',*,*,#1883,.F.);
#1342=ORIENTED_EDGE('',*,*,#2081,.F.);
#1343=ORIENTED_EDGE('',*,*,#1818,.T.);
#1344=ORIENTED_EDGE('',*,*,#2079,.T.);
#1345=ORIENTED_EDGE('',*,*,#1819,.F.);
#1346=ORIENTED_EDGE('',*,*,#2081,.T.);
#1347=ORIENTED_EDGE('',*,*,#1882,.T.);
#1348=ORIENTED_EDGE('',*,*,#2082,.F.);
#1349=ORIENTED_EDGE('',*,*,#1872,.F.);
#1350=ORIENTED_EDGE('',*,*,#2083,.F.);
#1351=ORIENTED_EDGE('',*,*,#1822,.T.);
#1352=ORIENTED_EDGE('',*,*,#2084,.T.);
#1353=ORIENTED_EDGE('',*,*,#1878,.F.);
#1354=ORIENTED_EDGE('',*,*,#2085,.F.);
#1355=ORIENTED_EDGE('',*,*,#1823,.T.);
#1356=ORIENTED_EDGE('',*,*,#2083,.T.);
#1357=ORIENTED_EDGE('',*,*,#1877,.T.);
#1358=ORIENTED_EDGE('',*,*,#2086,.F.);
#1359=ORIENTED_EDGE('',*,*,#1824,.F.);
#1360=ORIENTED_EDGE('',*,*,#2085,.T.);
#1361=ORIENTED_EDGE('',*,*,#2084,.F.);
#1362=ORIENTED_EDGE('',*,*,#1821,.T.);
#1363=ORIENTED_EDGE('',*,*,#2087,.T.);
#1364=ORIENTED_EDGE('',*,*,#1873,.F.);
#1365=ORIENTED_EDGE('',*,*,#2043,.F.);
#1366=ORIENTED_EDGE('',*,*,#1778,.T.);
#1367=ORIENTED_EDGE('',*,*,#2088,.T.);
#1368=ORIENTED_EDGE('',*,*,#1923,.F.);
#1369=ORIENTED_EDGE('',*,*,#1924,.T.);
#1370=ORIENTED_EDGE('',*,*,#2088,.F.);
#1371=ORIENTED_EDGE('',*,*,#1777,.F.);
#1372=ORIENTED_EDGE('',*,*,#2042,.T.);
#1373=ORIENTED_EDGE('',*,*,#1859,.F.);
#1374=ORIENTED_EDGE('',*,*,#2089,.F.);
#1375=ORIENTED_EDGE('',*,*,#1828,.T.);
#1376=ORIENTED_EDGE('',*,*,#1681,.T.);
#1377=ORIENTED_EDGE('',*,*,#1888,.T.);
#1378=ORIENTED_EDGE('',*,*,#2074,.F.);
#1379=ORIENTED_EDGE('',*,*,#1813,.F.);
#1380=ORIENTED_EDGE('',*,*,#2090,.T.);
#1381=ORIENTED_EDGE('',*,*,#1871,.F.);
#1382=ORIENTED_EDGE('',*,*,#2091,.F.);
#1383=ORIENTED_EDGE('',*,*,#1829,.T.);
#1384=ORIENTED_EDGE('',*,*,#2089,.T.);
#1385=ORIENTED_EDGE('',*,*,#1870,.F.);
#1386=ORIENTED_EDGE('',*,*,#2092,.F.);
#1387=ORIENTED_EDGE('',*,*,#1830,.T.);
#1388=ORIENTED_EDGE('',*,*,#2091,.T.);
#1389=ORIENTED_EDGE('',*,*,#1889,.T.);
#1390=ORIENTED_EDGE('',*,*,#2090,.F.);
#1391=ORIENTED_EDGE('',*,*,#1812,.F.);
#1392=ORIENTED_EDGE('',*,*,#2093,.T.);
#1393=ORIENTED_EDGE('',*,*,#1909,.F.);
#1394=ORIENTED_EDGE('',*,*,#2060,.F.);
#1395=ORIENTED_EDGE('',*,*,#1792,.T.);
#1396=ORIENTED_EDGE('',*,*,#2059,.T.);
#1397=ORIENTED_EDGE('',*,*,#1949,.T.);
#1398=ORIENTED_EDGE('',*,*,#2017,.F.);
#1399=ORIENTED_EDGE('',*,*,#1752,.F.);
#1400=ORIENTED_EDGE('',*,*,#2018,.T.);
#1401=ORIENTED_EDGE('',*,*,#1963,.T.);
#1402=ORIENTED_EDGE('',*,*,#2003,.F.);
#1403=ORIENTED_EDGE('',*,*,#1738,.F.);
#1404=ORIENTED_EDGE('',*,*,#2004,.T.);
#1405=ORIENTED_EDGE('',*,*,#1917,.F.);
#1406=ORIENTED_EDGE('',*,*,#2048,.F.);
#1407=ORIENTED_EDGE('',*,*,#1784,.T.);
#1408=ORIENTED_EDGE('',*,*,#2049,.T.);
#1409=ORIENTED_EDGE('',*,*,#1897,.F.);
#1410=ORIENTED_EDGE('',*,*,#2094,.F.);
#1411=ORIENTED_EDGE('',*,*,#1804,.T.);
#1412=ORIENTED_EDGE('',*,*,#2071,.T.);
#1413=ORIENTED_EDGE('',*,*,#1929,.F.);
#1414=ORIENTED_EDGE('',*,*,#2037,.F.);
#1415=ORIENTED_EDGE('',*,*,#1772,.T.);
#1416=ORIENTED_EDGE('',*,*,#2038,.T.);
#1417=ORIENTED_EDGE('',*,*,#1960,.T.);
#1418=ORIENTED_EDGE('',*,*,#2011,.F.);
#1419=ORIENTED_EDGE('',*,*,#1741,.F.);
#1420=ORIENTED_EDGE('',*,*,#2010,.T.);
#1421=ORIENTED_EDGE('',*,*,#1890,.T.);
#1422=ORIENTED_EDGE('',*,*,#2093,.F.);
#1423=ORIENTED_EDGE('',*,*,#1811,.F.);
#1424=ORIENTED_EDGE('',*,*,#2076,.T.);
#1425=ORIENTED_EDGE('',*,*,#1881,.T.);
#1426=ORIENTED_EDGE('',*,*,#2080,.F.);
#1427=ORIENTED_EDGE('',*,*,#1820,.F.);
#1428=ORIENTED_EDGE('',*,*,#2082,.T.);
#1429=ORIENTED_EDGE('',*,*,#1935,.T.);
#1430=ORIENTED_EDGE('',*,*,#2031,.F.);
#1431=ORIENTED_EDGE('',*,*,#1766,.F.);
#1432=ORIENTED_EDGE('',*,*,#2032,.T.);
#1433=ORIENTED_EDGE('',*,*,#1942,.T.);
#1434=ORIENTED_EDGE('',*,*,#2024,.F.);
#1435=ORIENTED_EDGE('',*,*,#1759,.F.);
#1436=ORIENTED_EDGE('',*,*,#2025,.T.);
#1437=ORIENTED_EDGE('',*,*,#1860,.F.);
#1438=ORIENTED_EDGE('',*,*,#1683,.F.);
#1439=ORIENTED_EDGE('',*,*,#1840,.T.);
#1440=ORIENTED_EDGE('',*,*,#2095,.T.);
#1441=ORIENTED_EDGE('',*,*,#1874,.T.);
#1442=ORIENTED_EDGE('',*,*,#2087,.F.);
#1443=ORIENTED_EDGE('',*,*,#1827,.F.);
#1444=ORIENTED_EDGE('',*,*,#2096,.T.);
#1445=ORIENTED_EDGE('',*,*,#1858,.T.);
#1446=ORIENTED_EDGE('',*,*,#2097,.F.);
#1447=ORIENTED_EDGE('',*,*,#1843,.F.);
#1448=ORIENTED_EDGE('',*,*,#2098,.T.);
#1449=ORIENTED_EDGE('',*,*,#1868,.F.);
#1450=ORIENTED_EDGE('',*,*,#2099,.F.);
#1451=ORIENTED_EDGE('',*,*,#1832,.T.);
#1452=ORIENTED_EDGE('',*,*,#2100,.T.);
#1453=ORIENTED_EDGE('',*,*,#1867,.F.);
#1454=ORIENTED_EDGE('',*,*,#2101,.F.);
#1455=ORIENTED_EDGE('',*,*,#1833,.T.);
#1456=ORIENTED_EDGE('',*,*,#2099,.T.);
#1457=ORIENTED_EDGE('',*,*,#1866,.F.);
#1458=ORIENTED_EDGE('',*,*,#2102,.F.);
#1459=ORIENTED_EDGE('',*,*,#1834,.T.);
#1460=ORIENTED_EDGE('',*,*,#2101,.T.);
#1461=ORIENTED_EDGE('',*,*,#1865,.F.);
#1462=ORIENTED_EDGE('',*,*,#2103,.F.);
#1463=ORIENTED_EDGE('',*,*,#1835,.T.);
#1464=ORIENTED_EDGE('',*,*,#2102,.T.);
#1465=ORIENTED_EDGE('',*,*,#2098,.F.);
#1466=ORIENTED_EDGE('',*,*,#1842,.F.);
#1467=ORIENTED_EDGE('',*,*,#2104,.T.);
#1468=ORIENTED_EDGE('',*,*,#1856,.T.);
#1469=ORIENTED_EDGE('',*,*,#1914,.T.);
#1470=ORIENTED_EDGE('',*,*,#2051,.F.);
#1471=ORIENTED_EDGE('',*,*,#1787,.F.);
#1472=ORIENTED_EDGE('',*,*,#2054,.T.);
#1473=ORIENTED_EDGE('',*,*,#1876,.T.);
#1474=ORIENTED_EDGE('',*,*,#2105,.F.);
#1475=ORIENTED_EDGE('',*,*,#1825,.F.);
#1476=ORIENTED_EDGE('',*,*,#2086,.T.);
#1477=ORIENTED_EDGE('',*,*,#1864,.F.);
#1478=ORIENTED_EDGE('',*,*,#2106,.F.);
#1479=ORIENTED_EDGE('',*,*,#1836,.T.);
#1480=ORIENTED_EDGE('',*,*,#2103,.T.);
#1481=ORIENTED_EDGE('',*,*,#1863,.F.);
#1482=ORIENTED_EDGE('',*,*,#2107,.F.);
#1483=ORIENTED_EDGE('',*,*,#1837,.T.);
#1484=ORIENTED_EDGE('',*,*,#2106,.T.);
#1485=ORIENTED_EDGE('',*,*,#1862,.T.);
#1486=ORIENTED_EDGE('',*,*,#2108,.F.);
#1487=ORIENTED_EDGE('',*,*,#1838,.F.);
#1488=ORIENTED_EDGE('',*,*,#2107,.T.);
#1489=ORIENTED_EDGE('',*,*,#1861,.T.);
#1490=ORIENTED_EDGE('',*,*,#2095,.F.);
#1491=ORIENTED_EDGE('',*,*,#1839,.F.);
#1492=ORIENTED_EDGE('',*,*,#2108,.T.);
#1493=ORIENTED_EDGE('',*,*,#1896,.T.);
#1494=ORIENTED_EDGE('',*,*,#2072,.F.);
#1495=ORIENTED_EDGE('',*,*,#1805,.F.);
#1496=ORIENTED_EDGE('',*,*,#2094,.T.);
#1497=ORIENTED_EDGE('',*,*,#1869,.F.);
#1498=ORIENTED_EDGE('',*,*,#2100,.F.);
#1499=ORIENTED_EDGE('',*,*,#1831,.T.);
#1500=ORIENTED_EDGE('',*,*,#2092,.T.);
#1501=ORIENTED_EDGE('',*,*,#1857,.F.);
#1502=ORIENTED_EDGE('',*,*,#2104,.F.);
#1503=ORIENTED_EDGE('',*,*,#1841,.T.);
#1504=ORIENTED_EDGE('',*,*,#2097,.T.);
#1505=ORIENTED_EDGE('',*,*,#1875,.T.);
#1506=ORIENTED_EDGE('',*,*,#2096,.F.);
#1507=ORIENTED_EDGE('',*,*,#1826,.F.);
#1508=ORIENTED_EDGE('',*,*,#2105,.T.);
#1509=ORIENTED_EDGE('',*,*,#1801,.T.);
#1510=ORIENTED_EDGE('',*,*,#2065,.T.);
#1511=ORIENTED_EDGE('',*,*,#1900,.F.);
#1512=ORIENTED_EDGE('',*,*,#2066,.F.);
#1513=ORIENTED_EDGE('',*,*,#1974,.T.);
#1514=ORIENTED_EDGE('',*,*,#2109,.F.);
#1515=ORIENTED_EDGE('',*,*,#1729,.F.);
#1516=ORIENTED_EDGE('',*,*,#2110,.F.);
#1517=ORIENTED_EDGE('',*,*,#1970,.T.);
#1518=ORIENTED_EDGE('',*,*,#2111,.F.);
#1519=ORIENTED_EDGE('',*,*,#1725,.F.);
#1520=ORIENTED_EDGE('',*,*,#2112,.F.);
#1521=ORIENTED_EDGE('',*,*,#1968,.T.);
#1522=ORIENTED_EDGE('',*,*,#2113,.F.);
#1523=ORIENTED_EDGE('',*,*,#1727,.F.);
#1524=ORIENTED_EDGE('',*,*,#2114,.F.);
#1525=ORIENTED_EDGE('',*,*,#1972,.T.);
#1526=ORIENTED_EDGE('',*,*,#2115,.F.);
#1527=ORIENTED_EDGE('',*,*,#1731,.F.);
#1528=ORIENTED_EDGE('',*,*,#2116,.F.);
#1529=ORIENTED_EDGE('',*,*,#2114,.T.);
#1530=ORIENTED_EDGE('',*,*,#1726,.T.);
#1531=ORIENTED_EDGE('',*,*,#2111,.T.);
#1532=ORIENTED_EDGE('',*,*,#1969,.F.);
#1533=ORIENTED_EDGE('',*,*,#2112,.T.);
#1534=ORIENTED_EDGE('',*,*,#1724,.T.);
#1535=ORIENTED_EDGE('',*,*,#2115,.T.);
#1536=ORIENTED_EDGE('',*,*,#1971,.F.);
#1537=ORIENTED_EDGE('',*,*,#2110,.T.);
#1538=ORIENTED_EDGE('',*,*,#1728,.T.);
#1539=ORIENTED_EDGE('',*,*,#2113,.T.);
#1540=ORIENTED_EDGE('',*,*,#1975,.F.);
#1541=ORIENTED_EDGE('',*,*,#2116,.T.);
#1542=ORIENTED_EDGE('',*,*,#1730,.T.);
#1543=ORIENTED_EDGE('',*,*,#2109,.T.);
#1544=ORIENTED_EDGE('',*,*,#1973,.F.);
#1545=ORIENTED_EDGE('',*,*,#1982,.T.);
#1546=ORIENTED_EDGE('',*,*,#2117,.F.);
#1547=ORIENTED_EDGE('',*,*,#1721,.F.);
#1548=ORIENTED_EDGE('',*,*,#2118,.F.);
#1549=ORIENTED_EDGE('',*,*,#1978,.T.);
#1550=ORIENTED_EDGE('',*,*,#2119,.F.);
#1551=ORIENTED_EDGE('',*,*,#1717,.F.);
#1552=ORIENTED_EDGE('',*,*,#2120,.F.);
#1553=ORIENTED_EDGE('',*,*,#1976,.T.);
#1554=ORIENTED_EDGE('',*,*,#2121,.F.);
#1555=ORIENTED_EDGE('',*,*,#1719,.F.);
#1556=ORIENTED_EDGE('',*,*,#2122,.F.);
#1557=ORIENTED_EDGE('',*,*,#1980,.T.);
#1558=ORIENTED_EDGE('',*,*,#2123,.F.);
#1559=ORIENTED_EDGE('',*,*,#1723,.F.);
#1560=ORIENTED_EDGE('',*,*,#2124,.F.);
#1561=ORIENTED_EDGE('',*,*,#2122,.T.);
#1562=ORIENTED_EDGE('',*,*,#1718,.T.);
#1563=ORIENTED_EDGE('',*,*,#2119,.T.);
#1564=ORIENTED_EDGE('',*,*,#1977,.F.);
#1565=ORIENTED_EDGE('',*,*,#2120,.T.);
#1566=ORIENTED_EDGE('',*,*,#1716,.T.);
#1567=ORIENTED_EDGE('',*,*,#2123,.T.);
#1568=ORIENTED_EDGE('',*,*,#1979,.F.);
#1569=ORIENTED_EDGE('',*,*,#2118,.T.);
#1570=ORIENTED_EDGE('',*,*,#1720,.T.);
#1571=ORIENTED_EDGE('',*,*,#2121,.T.);
#1572=ORIENTED_EDGE('',*,*,#1983,.F.);
#1573=ORIENTED_EDGE('',*,*,#2124,.T.);
#1574=ORIENTED_EDGE('',*,*,#1722,.T.);
#1575=ORIENTED_EDGE('',*,*,#2117,.T.);
#1576=ORIENTED_EDGE('',*,*,#1981,.F.);
#1577=ORIENTED_EDGE('',*,*,#1986,.T.);
#1578=ORIENTED_EDGE('',*,*,#2125,.F.);
#1579=ORIENTED_EDGE('',*,*,#1709,.F.);
#1580=ORIENTED_EDGE('',*,*,#2126,.F.);
#1581=ORIENTED_EDGE('',*,*,#1990,.T.);
#1582=ORIENTED_EDGE('',*,*,#2127,.F.);
#1583=ORIENTED_EDGE('',*,*,#1713,.F.);
#1584=ORIENTED_EDGE('',*,*,#2128,.F.);
#1585=ORIENTED_EDGE('',*,*,#1988,.T.);
#1586=ORIENTED_EDGE('',*,*,#2129,.F.);
#1587=ORIENTED_EDGE('',*,*,#1715,.F.);
#1588=ORIENTED_EDGE('',*,*,#2130,.F.);
#1589=ORIENTED_EDGE('',*,*,#1984,.T.);
#1590=ORIENTED_EDGE('',*,*,#2131,.F.);
#1591=ORIENTED_EDGE('',*,*,#1711,.F.);
#1592=ORIENTED_EDGE('',*,*,#2132,.F.);
#1593=ORIENTED_EDGE('',*,*,#2132,.T.);
#1594=ORIENTED_EDGE('',*,*,#1710,.T.);
#1595=ORIENTED_EDGE('',*,*,#2125,.T.);
#1596=ORIENTED_EDGE('',*,*,#1985,.F.);
#1597=ORIENTED_EDGE('',*,*,#2126,.T.);
#1598=ORIENTED_EDGE('',*,*,#1708,.T.);
#1599=ORIENTED_EDGE('',*,*,#2129,.T.);
#1600=ORIENTED_EDGE('',*,*,#1987,.F.);
#1601=ORIENTED_EDGE('',*,*,#2128,.T.);
#1602=ORIENTED_EDGE('',*,*,#1712,.T.);
#1603=ORIENTED_EDGE('',*,*,#2131,.T.);
#1604=ORIENTED_EDGE('',*,*,#1991,.F.);
#1605=ORIENTED_EDGE('',*,*,#2130,.T.);
#1606=ORIENTED_EDGE('',*,*,#1714,.T.);
#1607=ORIENTED_EDGE('',*,*,#2127,.T.);
#1608=ORIENTED_EDGE('',*,*,#1989,.F.);
#1609=ORIENTED_EDGE('',*,*,#1996,.T.);
#1610=ORIENTED_EDGE('',*,*,#2133,.F.);
#1611=ORIENTED_EDGE('',*,*,#1705,.F.);
#1612=ORIENTED_EDGE('',*,*,#2134,.F.);
#1613=ORIENTED_EDGE('',*,*,#1994,.T.);
#1614=ORIENTED_EDGE('',*,*,#2135,.F.);
#1615=ORIENTED_EDGE('',*,*,#1707,.F.);
#1616=ORIENTED_EDGE('',*,*,#2136,.F.);
#1617=ORIENTED_EDGE('',*,*,#1992,.T.);
#1618=ORIENTED_EDGE('',*,*,#2137,.F.);
#1619=ORIENTED_EDGE('',*,*,#1703,.F.);
#1620=ORIENTED_EDGE('',*,*,#2138,.F.);
#1621=ORIENTED_EDGE('',*,*,#2138,.T.);
#1622=ORIENTED_EDGE('',*,*,#1702,.T.);
#1623=ORIENTED_EDGE('',*,*,#2135,.T.);
#1624=ORIENTED_EDGE('',*,*,#1993,.F.);
#1625=ORIENTED_EDGE('',*,*,#2134,.T.);
#1626=ORIENTED_EDGE('',*,*,#1704,.T.);
#1627=ORIENTED_EDGE('',*,*,#2137,.T.);
#1628=ORIENTED_EDGE('',*,*,#1997,.F.);
#1629=ORIENTED_EDGE('',*,*,#2136,.T.);
#1630=ORIENTED_EDGE('',*,*,#1706,.T.);
#1631=ORIENTED_EDGE('',*,*,#2133,.T.);
#1632=ORIENTED_EDGE('',*,*,#1995,.F.);
#1633=ORIENTED_EDGE('',*,*,#2139,.T.);
#1634=ORIENTED_EDGE('',*,*,#2140,.T.);
#1635=ORIENTED_EDGE('',*,*,#1700,.F.);
#1636=ORIENTED_EDGE('',*,*,#1849,.F.);
#1637=ORIENTED_EDGE('',*,*,#2141,.F.);
#1638=ORIENTED_EDGE('',*,*,#1854,.F.);
#1639=ORIENTED_EDGE('',*,*,#1850,.T.);
#1640=ORIENTED_EDGE('',*,*,#2142,.F.);
#1641=ORIENTED_EDGE('',*,*,#1847,.F.);
#1642=ORIENTED_EDGE('',*,*,#2143,.F.);
#1643=ORIENTED_EDGE('',*,*,#1852,.T.);
#1644=ORIENTED_EDGE('',*,*,#2144,.F.);
#1645=ORIENTED_EDGE('',*,*,#1845,.F.);
#1646=ORIENTED_EDGE('',*,*,#2145,.F.);
#1647=ORIENTED_EDGE('',*,*,#2143,.T.);
#1648=ORIENTED_EDGE('',*,*,#1846,.T.);
#1649=ORIENTED_EDGE('',*,*,#2144,.T.);
#1650=ORIENTED_EDGE('',*,*,#1851,.F.);
#1651=ORIENTED_EDGE('',*,*,#2145,.T.);
#1652=ORIENTED_EDGE('',*,*,#1844,.T.);
#1653=ORIENTED_EDGE('',*,*,#1691,.T.);
#1654=ORIENTED_EDGE('',*,*,#1853,.F.);
#1655=ORIENTED_EDGE('',*,*,#2141,.T.);
#1656=ORIENTED_EDGE('',*,*,#1848,.T.);
#1657=ORIENTED_EDGE('',*,*,#2142,.T.);
#1658=ORIENTED_EDGE('',*,*,#1855,.F.);
#1659=ORIENTED_EDGE('',*,*,#1696,.T.);
#1660=ORIENTED_EDGE('',*,*,#2146,.F.);
#1661=ORIENTED_EDGE('',*,*,#1694,.T.);
#1662=ORIENTED_EDGE('',*,*,#1698,.F.);
#1663=ORIENTED_EDGE('',*,*,#1679,.T.);
#1664=ORIENTED_EDGE('',*,*,#2146,.T.);
#1665=ORIENTED_EDGE('',*,*,#1695,.F.);
#1666=ORIENTED_EDGE('',*,*,#1697,.T.);
#1667=ORIENTED_EDGE('',*,*,#1688,.F.);
#1668=ORIENTED_EDGE('',*,*,#2147,.T.);
#1669=ORIENTED_EDGE('',*,*,#1686,.F.);
#1670=ORIENTED_EDGE('',*,*,#1684,.F.);
#1671=ORIENTED_EDGE('',*,*,#2147,.F.);
#1672=ORIENTED_EDGE('',*,*,#1687,.F.);
#1673=ORIENTED_EDGE('',*,*,#1678,.T.);
#1674=ORIENTED_EDGE('',*,*,#2140,.F.);
#1675=ORIENTED_EDGE('',*,*,#1677,.T.);
#1676=ORIENTED_EDGE('',*,*,#2139,.F.);
#1677=EDGE_CURVE('',#2148,#2148,#2464,.T.);
#1678=EDGE_CURVE('',#2149,#2149,#2465,.T.);
#1679=EDGE_CURVE('',#2150,#2150,#2466,.T.);
#1680=EDGE_CURVE('',#2151,#2152,#89,.T.);
#1681=EDGE_CURVE('',#2153,#2152,#90,.T.);
#1682=EDGE_CURVE('',#2154,#2153,#91,.T.);
#1683=EDGE_CURVE('',#2154,#2151,#92,.T.);
#1684=EDGE_CURVE('',#2155,#2155,#2467,.T.);
#1685=EDGE_CURVE('',#2156,#2157,#93,.F.);
#1686=EDGE_CURVE('',#2156,#2158,#85,.F.);
#1687=EDGE_CURVE('',#2158,#2159,#94,.T.);
#1688=EDGE_CURVE('',#2159,#2160,#86,.F.);
#1689=EDGE_CURVE('',#2161,#2160,#95,.F.);
#1690=EDGE_CURVE('',#2161,#2162,#96,.T.);
#1691=EDGE_CURVE('',#2163,#2162,#97,.F.);
#1692=EDGE_CURVE('',#2164,#2163,#98,.T.);
#1693=EDGE_CURVE('',#2165,#2164,#99,.F.);
#1694=EDGE_CURVE('',#2166,#2165,#87,.T.);
#1695=EDGE_CURVE('',#2166,#2167,#100,.T.);
#1696=EDGE_CURVE('',#2157,#2167,#88,.T.);
#1697=EDGE_CURVE('',#2156,#2160,#12,.T.);
#1698=EDGE_CURVE('',#2157,#2165,#13,.T.);
#1699=EDGE_CURVE('',#2164,#2168,#2468,.T.);
#1700=EDGE_CURVE('',#2168,#2169,#101,.T.);
#1701=EDGE_CURVE('',#2161,#2169,#2469,.T.);
#1702=EDGE_CURVE('',#2170,#2171,#2470,.T.);
#1703=EDGE_CURVE('',#2170,#2172,#102,.T.);
#1704=EDGE_CURVE('',#2173,#2172,#2471,.T.);
#1705=EDGE_CURVE('',#2173,#2174,#103,.T.);
#1706=EDGE_CURVE('',#2175,#2174,#2472,.T.);
#1707=EDGE_CURVE('',#2175,#2171,#104,.T.);
#1708=EDGE_CURVE('',#2176,#2177,#2473,.T.);
#1709=EDGE_CURVE('',#2176,#2178,#105,.T.);
#1710=EDGE_CURVE('',#2179,#2178,#2474,.T.);
#1711=EDGE_CURVE('',#2179,#2180,#106,.T.);
#1712=EDGE_CURVE('',#2181,#2180,#2475,.T.);
#1713=EDGE_CURVE('',#2181,#2182,#107,.T.);
#1714=EDGE_CURVE('',#2183,#2182,#2476,.T.);
#1715=EDGE_CURVE('',#2183,#2177,#108,.T.);
#1716=EDGE_CURVE('',#2184,#2185,#2477,.T.);
#1717=EDGE_CURVE('',#2184,#2186,#109,.T.);
#1718=EDGE_CURVE('',#2187,#2186,#2478,.T.);
#1719=EDGE_CURVE('',#2187,#2188,#110,.T.);
#1720=EDGE_CURVE('',#2189,#2188,#2479,.T.);
#1721=EDGE_CURVE('',#2189,#2190,#111,.T.);
#1722=EDGE_CURVE('',#2191,#2190,#2480,.T.);
#1723=EDGE_CURVE('',#2191,#2185,#112,.T.);
#1724=EDGE_CURVE('',#2192,#2193,#2481,.T.);
#1725=EDGE_CURVE('',#2192,#2194,#113,.T.);
#1726=EDGE_CURVE('',#2195,#2194,#2482,.T.);
#1727=EDGE_CURVE('',#2195,#2196,#114,.T.);
#1728=EDGE_CURVE('',#2197,#2196,#2483,.T.);
#1729=EDGE_CURVE('',#2197,#2198,#115,.T.);
#1730=EDGE_CURVE('',#2199,#2198,#2484,.T.);
#1731=EDGE_CURVE('',#2199,#2193,#116,.T.);
#1732=EDGE_CURVE('',#2200,#2201,#117,.T.);
#1733=EDGE_CURVE('',#2200,#2202,#2485,.T.);
#1734=EDGE_CURVE('',#2203,#2202,#2486,.T.);
#1735=EDGE_CURVE('',#2203,#2204,#2487,.T.);
#1736=EDGE_CURVE('',#2205,#2204,#2488,.T.);
#1737=EDGE_CURVE('',#2205,#2206,#118,.T.);
#1738=EDGE_CURVE('',#2206,#2201,#119,.T.);
#1739=EDGE_CURVE('',#2207,#2208,#2489,.T.);
#1740=EDGE_CURVE('',#2207,#2209,#120,.T.);
#1741=EDGE_CURVE('',#2209,#2210,#121,.T.);
#1742=EDGE_CURVE('',#2211,#2210,#122,.T.);
#1743=EDGE_CURVE('',#2211,#2212,#2490,.T.);
#1744=EDGE_CURVE('',#2213,#2212,#2491,.T.);
#1745=EDGE_CURVE('',#2213,#2208,#2492,.T.);
#1746=EDGE_CURVE('',#2214,#2215,#123,.T.);
#1747=EDGE_CURVE('',#2216,#2214,#2493,.T.);
#1748=EDGE_CURVE('',#2217,#2216,#2494,.T.);
#1749=EDGE_CURVE('',#2217,#2218,#2495,.T.);
#1750=EDGE_CURVE('',#2218,#2219,#2496,.T.);
#1751=EDGE_CURVE('',#2219,#2220,#124,.T.);
#1752=EDGE_CURVE('',#2220,#2215,#125,.T.);
#1753=EDGE_CURVE('',#2221,#2222,#126,.T.);
#1754=EDGE_CURVE('',#2223,#2221,#2497,.T.);
#1755=EDGE_CURVE('',#2224,#2223,#2498,.T.);
#1756=EDGE_CURVE('',#2224,#2225,#2499,.T.);
#1757=EDGE_CURVE('',#2225,#2226,#2500,.T.);
#1758=EDGE_CURVE('',#2226,#2227,#127,.T.);
#1759=EDGE_CURVE('',#2227,#2222,#128,.T.);
#1760=EDGE_CURVE('',#2228,#2229,#129,.T.);
#1761=EDGE_CURVE('',#2230,#2228,#2501,.T.);
#1762=EDGE_CURVE('',#2231,#2230,#2502,.T.);
#1763=EDGE_CURVE('',#2231,#2232,#2503,.T.);
#1764=EDGE_CURVE('',#2232,#2233,#2504,.T.);
#1765=EDGE_CURVE('',#2233,#2234,#130,.T.);
#1766=EDGE_CURVE('',#2234,#2229,#131,.T.);
#1767=EDGE_CURVE('',#2235,#2236,#132,.T.);
#1768=EDGE_CURVE('',#2235,#2237,#2505,.T.);
#1769=EDGE_CURVE('',#2237,#2238,#2506,.T.);
#1770=EDGE_CURVE('',#2239,#2238,#2507,.T.);
#1771=EDGE_CURVE('',#2239,#2240,#133,.T.);
#1772=EDGE_CURVE('',#2236,#2240,#134,.T.);
#1773=EDGE_CURVE('',#2241,#2242,#135,.T.);
#1774=EDGE_CURVE('',#2241,#2243,#2508,.T.);
#1775=EDGE_CURVE('',#2243,#2244,#2509,.T.);
#1776=EDGE_CURVE('',#2245,#2244,#2510,.T.);
#1777=EDGE_CURVE('',#2245,#2246,#136,.T.);
#1778=EDGE_CURVE('',#2242,#2246,#137,.T.);
#1779=EDGE_CURVE('',#2247,#2248,#138,.T.);
#1780=EDGE_CURVE('',#2247,#2249,#2511,.T.);
#1781=EDGE_CURVE('',#2249,#2250,#2512,.T.);
#1782=EDGE_CURVE('',#2251,#2250,#2513,.T.);
#1783=EDGE_CURVE('',#2251,#2252,#139,.T.);
#1784=EDGE_CURVE('',#2248,#2252,#140,.T.);
#1785=EDGE_CURVE('',#2253,#2254,#2514,.T.);
#1786=EDGE_CURVE('',#2253,#2255,#141,.T.);
#1787=EDGE_CURVE('',#2255,#2256,#142,.T.);
#1788=EDGE_CURVE('',#2256,#2257,#2515,.T.);
#1789=EDGE_CURVE('',#2257,#2254,#2516,.T.);
#1790=EDGE_CURVE('',#2258,#2259,#2517,.T.);
#1791=EDGE_CURVE('',#2258,#2260,#143,.T.);
#1792=EDGE_CURVE('',#2261,#2260,#144,.T.);
#1793=EDGE_CURVE('',#2262,#2261,#145,.T.);
#1794=EDGE_CURVE('',#2262,#2263,#2518,.T.);
#1795=EDGE_CURVE('',#2259,#2263,#2519,.T.);
#1796=EDGE_CURVE('',#2264,#2265,#146,.T.);
#1797=EDGE_CURVE('',#2264,#2266,#2520,.T.);
#1798=EDGE_CURVE('',#2267,#2266,#2521,.T.);
#1799=EDGE_CURVE('',#2268,#2267,#2522,.T.);
#1800=EDGE_CURVE('',#2268,#2269,#147,.T.);
#1801=EDGE_CURVE('',#2265,#2269,#148,.T.);
#1802=EDGE_CURVE('',#2270,#2271,#2523,.T.);
#1803=EDGE_CURVE('',#2270,#2272,#149,.T.);
#1804=EDGE_CURVE('',#2273,#2272,#150,.T.);
#1805=EDGE_CURVE('',#2273,#2274,#151,.T.);
#1806=EDGE_CURVE('',#2275,#2274,#152,.T.);
#1807=EDGE_CURVE('',#2275,#2276,#2524,.T.);
#1808=EDGE_CURVE('',#2271,#2276,#2525,.T.);
#1809=EDGE_CURVE('',#2277,#2278,#2526,.T.);
#1810=EDGE_CURVE('',#2277,#2279,#153,.T.);
#1811=EDGE_CURVE('',#2279,#2280,#154,.T.);
#1812=EDGE_CURVE('',#2280,#2281,#155,.T.);
#1813=EDGE_CURVE('',#2281,#2282,#156,.T.);
#1814=EDGE_CURVE('',#2282,#2278,#2527,.T.);
#1815=EDGE_CURVE('',#2283,#2284,#157,.T.);
#1816=EDGE_CURVE('',#2283,#2285,#2528,.T.);
#1817=EDGE_CURVE('',#2286,#2285,#2529,.T.);
#1818=EDGE_CURVE('',#2287,#2286,#2530,.T.);
#1819=EDGE_CURVE('',#2287,#2288,#158,.T.);
#1820=EDGE_CURVE('',#2288,#2284,#159,.T.);
#1821=EDGE_CURVE('',#2289,#2290,#160,.T.);
#1822=EDGE_CURVE('',#2291,#2289,#2531,.T.);
#1823=EDGE_CURVE('',#2292,#2291,#2532,.T.);
#1824=EDGE_CURVE('',#2292,#2293,#161,.T.);
#1825=EDGE_CURVE('',#2293,#2294,#162,.T.);
#1826=EDGE_CURVE('',#2294,#2295,#163,.T.);
#1827=EDGE_CURVE('',#2295,#2290,#164,.T.);
#1828=EDGE_CURVE('',#2296,#2153,#165,.T.);
#1829=EDGE_CURVE('',#2297,#2296,#166,.T.);
#1830=EDGE_CURVE('',#2298,#2297,#167,.T.);
#1831=EDGE_CURVE('',#2299,#2298,#168,.T.);
#1832=EDGE_CURVE('',#2300,#2299,#169,.T.);
#1833=EDGE_CURVE('',#2301,#2300,#170,.T.);
#1834=EDGE_CURVE('',#2302,#2301,#171,.T.);
#1835=EDGE_CURVE('',#2303,#2302,#172,.T.);
#1836=EDGE_CURVE('',#2304,#2303,#173,.T.);
#1837=EDGE_CURVE('',#2305,#2304,#174,.T.);
#1838=EDGE_CURVE('',#2305,#2306,#175,.T.);
#1839=EDGE_CURVE('',#2306,#2307,#176,.T.);
#1840=EDGE_CURVE('',#2154,#2307,#177,.T.);
#1841=EDGE_CURVE('',#2308,#2309,#178,.T.);
#1842=EDGE_CURVE('',#2308,#2310,#179,.T.);
#1843=EDGE_CURVE('',#2310,#2309,#180,.T.);
#1844=EDGE_CURVE('',#2311,#2163,#2533,.T.);
#1845=EDGE_CURVE('',#2311,#2312,#181,.T.);
#1846=EDGE_CURVE('',#2313,#2312,#2534,.T.);
#1847=EDGE_CURVE('',#2313,#2314,#182,.T.);
#1848=EDGE_CURVE('',#2315,#2314,#2535,.T.);
#1849=EDGE_CURVE('',#2315,#2168,#183,.T.);
#1850=EDGE_CURVE('',#2316,#2317,#184,.T.);
#1851=EDGE_CURVE('',#2316,#2318,#2536,.T.);
#1852=EDGE_CURVE('',#2319,#2318,#185,.T.);
#1853=EDGE_CURVE('',#2319,#2162,#2537,.T.);
#1854=EDGE_CURVE('',#2169,#2320,#186,.T.);
#1855=EDGE_CURVE('',#2320,#2317,#2538,.T.);
#1856=EDGE_CURVE('',#2321,#2322,#187,.T.);
#1857=EDGE_CURVE('',#2321,#2323,#188,.T.);
#1858=EDGE_CURVE('',#2322,#2323,#189,.T.);
#1859=EDGE_CURVE('',#2324,#2152,#190,.T.);
#1860=EDGE_CURVE('',#2151,#2325,#191,.T.);
#1861=EDGE_CURVE('',#2326,#2325,#192,.T.);
#1862=EDGE_CURVE('',#2327,#2326,#193,.T.);
#1863=EDGE_CURVE('',#2327,#2328,#194,.T.);
#1864=EDGE_CURVE('',#2328,#2329,#195,.T.);
#1865=EDGE_CURVE('',#2329,#2330,#196,.T.);
#1866=EDGE_CURVE('',#2330,#2331,#197,.T.);
#1867=EDGE_CURVE('',#2331,#2332,#198,.T.);
#1868=EDGE_CURVE('',#2332,#2333,#199,.T.);
#1869=EDGE_CURVE('',#2333,#2334,#200,.T.);
#1870=EDGE_CURVE('',#2334,#2335,#201,.T.);
#1871=EDGE_CURVE('',#2335,#2324,#202,.T.);
#1872=EDGE_CURVE('',#2336,#2337,#2539,.T.);
#1873=EDGE_CURVE('',#2337,#2338,#203,.T.);
#1874=EDGE_CURVE('',#2339,#2338,#204,.T.);
#1875=EDGE_CURVE('',#2340,#2339,#205,.T.);
#1876=EDGE_CURVE('',#2341,#2340,#206,.T.);
#1877=EDGE_CURVE('',#2342,#2341,#207,.T.);
#1878=EDGE_CURVE('',#2342,#2336,#2540,.T.);
#1879=EDGE_CURVE('',#2343,#2344,#2541,.T.);
#1880=EDGE_CURVE('',#2343,#2345,#208,.T.);
#1881=EDGE_CURVE('',#2346,#2345,#209,.T.);
#1882=EDGE_CURVE('',#2347,#2346,#210,.T.);
#1883=EDGE_CURVE('',#2347,#2348,#2542,.T.);
#1884=EDGE_CURVE('',#2348,#2344,#2543,.T.);
#1885=EDGE_CURVE('',#2349,#2350,#211,.T.);
#1886=EDGE_CURVE('',#2349,#2351,#2544,.T.);
#1887=EDGE_CURVE('',#2352,#2351,#2545,.T.);
#1888=EDGE_CURVE('',#2353,#2352,#212,.T.);
#1889=EDGE_CURVE('',#2354,#2353,#213,.T.);
#1890=EDGE_CURVE('',#2350,#2354,#214,.T.);
#1891=EDGE_CURVE('',#2355,#2356,#215,.T.);
#1892=EDGE_CURVE('',#2355,#2357,#2546,.T.);
#1893=EDGE_CURVE('',#2357,#2358,#2547,.T.);
#1894=EDGE_CURVE('',#2359,#2358,#2548,.T.);
#1895=EDGE_CURVE('',#2359,#2360,#216,.T.);
#1896=EDGE_CURVE('',#2361,#2360,#217,.T.);
#1897=EDGE_CURVE('',#2361,#2356,#218,.T.);
#1898=EDGE_CURVE('',#2362,#2363,#2549,.T.);
#1899=EDGE_CURVE('',#2362,#2364,#219,.T.);
#1900=EDGE_CURVE('',#2364,#2365,#220,.T.);
#1901=EDGE_CURVE('',#2366,#2365,#221,.T.);
#1902=EDGE_CURVE('',#2366,#2367,#2550,.T.);
#1903=EDGE_CURVE('',#2367,#2363,#2551,.T.);
#1904=EDGE_CURVE('',#2368,#2369,#222,.T.);
#1905=EDGE_CURVE('',#2368,#2370,#2552,.T.);
#1906=EDGE_CURVE('',#2370,#2371,#2553,.T.);
#1907=EDGE_CURVE('',#2372,#2371,#2554,.T.);
#1908=EDGE_CURVE('',#2372,#2373,#223,.T.);
#1909=EDGE_CURVE('',#2373,#2369,#224,.T.);
#1910=EDGE_CURVE('',#2374,#2375,#225,.T.);
#1911=EDGE_CURVE('',#2374,#2376,#2555,.T.);
#1912=EDGE_CURVE('',#2377,#2376,#2556,.T.);
#1913=EDGE_CURVE('',#2378,#2377,#2557,.T.);
#1914=EDGE_CURVE('',#2375,#2378,#226,.T.);
#1915=EDGE_CURVE('',#2379,#2380,#2558,.T.);
#1916=EDGE_CURVE('',#2379,#2381,#227,.T.);
#1917=EDGE_CURVE('',#2381,#2382,#228,.T.);
#1918=EDGE_CURVE('',#2383,#2382,#229,.T.);
#1919=EDGE_CURVE('',#2383,#2384,#2559,.T.);
#1920=EDGE_CURVE('',#2380,#2384,#2560,.T.);
#1921=EDGE_CURVE('',#2385,#2386,#2561,.T.);
#1922=EDGE_CURVE('',#2385,#2387,#230,.T.);
#1923=EDGE_CURVE('',#2387,#2388,#231,.T.);
#1924=EDGE_CURVE('',#2389,#2388,#232,.T.);
#1925=EDGE_CURVE('',#2389,#2390,#2562,.T.);
#1926=EDGE_CURVE('',#2386,#2390,#2563,.T.);
#1927=EDGE_CURVE('',#2391,#2392,#2564,.T.);
#1928=EDGE_CURVE('',#2391,#2393,#233,.T.);
#1929=EDGE_CURVE('',#2393,#2394,#234,.T.);
#1930=EDGE_CURVE('',#2395,#2394,#235,.T.);
#1931=EDGE_CURVE('',#2395,#2396,#2565,.T.);
#1932=EDGE_CURVE('',#2392,#2396,#2566,.T.);
#1933=EDGE_CURVE('',#2397,#2398,#2567,.T.);
#1934=EDGE_CURVE('',#2398,#2399,#236,.T.);
#1935=EDGE_CURVE('',#2400,#2399,#237,.T.);
#1936=EDGE_CURVE('',#2401,#2400,#238,.T.);
#1937=EDGE_CURVE('',#2402,#2401,#2568,.T.);
#1938=EDGE_CURVE('',#2403,#2402,#2569,.T.);
#1939=EDGE_CURVE('',#2403,#2397,#2570,.T.);
#1940=EDGE_CURVE('',#2404,#2405,#2571,.T.);
#1941=EDGE_CURVE('',#2405,#2406,#239,.T.);
#1942=EDGE_CURVE('',#2407,#2406,#240,.T.);
#1943=EDGE_CURVE('',#2408,#2407,#241,.T.);
#1944=EDGE_CURVE('',#2409,#2408,#2572,.T.);
#1945=EDGE_CURVE('',#2410,#2409,#2573,.T.);
#1946=EDGE_CURVE('',#2410,#2404,#2574,.T.);
#1947=EDGE_CURVE('',#2411,#2412,#2575,.T.);
#1948=EDGE_CURVE('',#2412,#2413,#242,.T.);
#1949=EDGE_CURVE('',#2414,#2413,#243,.T.);
#1950=EDGE_CURVE('',#2415,#2414,#244,.T.);
#1951=EDGE_CURVE('',#2416,#2415,#2576,.T.);
#1952=EDGE_CURVE('',#2417,#2416,#2577,.T.);
#1953=EDGE_CURVE('',#2417,#2411,#2578,.T.);
#1954=EDGE_CURVE('',#2418,#2419,#245,.T.);
#1955=EDGE_CURVE('',#2418,#2420,#2579,.T.);
#1956=EDGE_CURVE('',#2421,#2420,#2580,.T.);
#1957=EDGE_CURVE('',#2421,#2422,#2581,.T.);
#1958=EDGE_CURVE('',#2423,#2422,#2582,.T.);
#1959=EDGE_CURVE('',#2423,#2424,#246,.T.);
#1960=EDGE_CURVE('',#2419,#2424,#247,.T.);
#1961=EDGE_CURVE('',#2425,#2426,#2583,.T.);
#1962=EDGE_CURVE('',#2425,#2427,#248,.T.);
#1963=EDGE_CURVE('',#2428,#2427,#249,.T.);
#1964=EDGE_CURVE('',#2429,#2428,#250,.T.);
#1965=EDGE_CURVE('',#2429,#2430,#2584,.T.);
#1966=EDGE_CURVE('',#2431,#2430,#2585,.T.);
#1967=EDGE_CURVE('',#2431,#2426,#2586,.T.);
#1968=EDGE_CURVE('',#2432,#2433,#251,.T.);
#1969=EDGE_CURVE('',#2432,#2434,#2587,.T.);
#1970=EDGE_CURVE('',#2435,#2434,#252,.T.);
#1971=EDGE_CURVE('',#2435,#2436,#2588,.T.);
#1972=EDGE_CURVE('',#2437,#2436,#253,.T.);
#1973=EDGE_CURVE('',#2437,#2438,#2589,.T.);
#1974=EDGE_CURVE('',#2439,#2438,#254,.T.);
#1975=EDGE_CURVE('',#2439,#2433,#2590,.T.);
#1976=EDGE_CURVE('',#2440,#2441,#255,.T.);
#1977=EDGE_CURVE('',#2440,#2442,#2591,.T.);
#1978=EDGE_CURVE('',#2443,#2442,#256,.T.);
#1979=EDGE_CURVE('',#2443,#2444,#2592,.T.);
#1980=EDGE_CURVE('',#2445,#2444,#257,.T.);
#1981=EDGE_CURVE('',#2445,#2446,#2593,.T.);
#1982=EDGE_CURVE('',#2447,#2446,#258,.T.);
#1983=EDGE_CURVE('',#2447,#2441,#2594,.T.);
#1984=EDGE_CURVE('',#2448,#2449,#259,.T.);
#1985=EDGE_CURVE('',#2448,#2450,#2595,.T.);
#1986=EDGE_CURVE('',#2451,#2450,#260,.T.);
#1987=EDGE_CURVE('',#2451,#2452,#2596,.T.);
#1988=EDGE_CURVE('',#2453,#2452,#261,.T.);
#1989=EDGE_CURVE('',#2453,#2454,#2597,.T.);
#1990=EDGE_CURVE('',#2455,#2454,#262,.T.);
#1991=EDGE_CURVE('',#2455,#2449,#2598,.T.);
#1992=EDGE_CURVE('',#2456,#2457,#263,.T.);
#1993=EDGE_CURVE('',#2456,#2458,#2599,.T.);
#1994=EDGE_CURVE('',#2459,#2458,#264,.T.);
#1995=EDGE_CURVE('',#2459,#2460,#2600,.T.);
#1996=EDGE_CURVE('',#2461,#2460,#265,.T.);
#1997=EDGE_CURVE('',#2461,#2457,#2601,.T.);
#1998=EDGE_CURVE('',#2202,#2426,#266,.T.);
#1999=EDGE_CURVE('',#2200,#2425,#267,.T.);
#2000=EDGE_CURVE('',#2203,#2431,#268,.T.);
#2001=EDGE_CURVE('',#2204,#2430,#269,.T.);
#2002=EDGE_CURVE('',#2205,#2429,#270,.T.);
#2003=EDGE_CURVE('',#2201,#2427,#271,.T.);
#2004=EDGE_CURVE('',#2206,#2428,#272,.T.);
#2005=EDGE_CURVE('',#2212,#2422,#273,.T.);
#2006=EDGE_CURVE('',#2211,#2423,#274,.T.);
#2007=EDGE_CURVE('',#2213,#2421,#275,.T.);
#2008=EDGE_CURVE('',#2208,#2420,#276,.T.);
#2009=EDGE_CURVE('',#2207,#2418,#277,.T.);
#2010=EDGE_CURVE('',#2209,#2419,#278,.T.);
#2011=EDGE_CURVE('',#2210,#2424,#279,.T.);
#2012=EDGE_CURVE('',#2216,#2411,#280,.T.);
#2013=EDGE_CURVE('',#2214,#2412,#281,.T.);
#2014=EDGE_CURVE('',#2217,#2417,#282,.T.);
#2015=EDGE_CURVE('',#2218,#2416,#283,.T.);
#2016=EDGE_CURVE('',#2219,#2415,#284,.T.);
#2017=EDGE_CURVE('',#2215,#2413,#285,.T.);
#2018=EDGE_CURVE('',#2220,#2414,#286,.T.);
#2019=EDGE_CURVE('',#2223,#2404,#287,.T.);
#2020=EDGE_CURVE('',#2221,#2405,#288,.T.);
#2021=EDGE_CURVE('',#2224,#2410,#289,.T.);
#2022=EDGE_CURVE('',#2225,#2409,#290,.T.);
#2023=EDGE_CURVE('',#2226,#2408,#291,.T.);
#2024=EDGE_CURVE('',#2222,#2406,#292,.T.);
#2025=EDGE_CURVE('',#2227,#2407,#293,.T.);
#2026=EDGE_CURVE('',#2230,#2397,#294,.T.);
#2027=EDGE_CURVE('',#2228,#2398,#295,.T.);
#2028=EDGE_CURVE('',#2231,#2403,#296,.T.);
#2029=EDGE_CURVE('',#2232,#2402,#297,.T.);
#2030=EDGE_CURVE('',#2233,#2401,#298,.T.);
#2031=EDGE_CURVE('',#2229,#2399,#299,.T.);
#2032=EDGE_CURVE('',#2234,#2400,#300,.T.);
#2033=EDGE_CURVE('',#2237,#2392,#301,.T.);
#2034=EDGE_CURVE('',#2235,#2391,#302,.T.);
#2035=EDGE_CURVE('',#2238,#2396,#303,.T.);
#2036=EDGE_CURVE('',#2239,#2395,#304,.T.);
#2037=EDGE_CURVE('',#2236,#2393,#305,.T.);
#2038=EDGE_CURVE('',#2240,#2394,#306,.T.);
#2039=EDGE_CURVE('',#2243,#2386,#307,.T.);
#2040=EDGE_CURVE('',#2241,#2385,#308,.T.);
#2041=EDGE_CURVE('',#2244,#2390,#309,.T.);
#2042=EDGE_CURVE('',#2245,#2389,#310,.T.);
#2043=EDGE_CURVE('',#2242,#2387,#311,.T.);
#2044=EDGE_CURVE('',#2249,#2380,#312,.T.);
#2045=EDGE_CURVE('',#2247,#2379,#313,.T.);
#2046=EDGE_CURVE('',#2250,#2384,#314,.T.);
#2047=EDGE_CURVE('',#2251,#2383,#315,.T.);
#2048=EDGE_CURVE('',#2248,#2381,#316,.T.);
#2049=EDGE_CURVE('',#2252,#2382,#317,.T.);
#2050=EDGE_CURVE('',#2257,#2377,#318,.T.);
#2051=EDGE_CURVE('',#2256,#2378,#319,.T.);
#2052=EDGE_CURVE('',#2254,#2376,#320,.T.);
#2053=EDGE_CURVE('',#2253,#2374,#321,.T.);
#2054=EDGE_CURVE('',#2255,#2375,#322,.T.);
#2055=EDGE_CURVE('',#2263,#2371,#323,.T.);
#2056=EDGE_CURVE('',#2262,#2372,#324,.T.);
#2057=EDGE_CURVE('',#2259,#2370,#325,.T.);
#2058=EDGE_CURVE('',#2258,#2368,#326,.T.);
#2059=EDGE_CURVE('',#2260,#2369,#327,.T.);
#2060=EDGE_CURVE('',#2261,#2373,#328,.T.);
#2061=EDGE_CURVE('',#2266,#2363,#329,.T.);
#2062=EDGE_CURVE('',#2264,#2362,#330,.T.);
#2063=EDGE_CURVE('',#2267,#2367,#331,.T.);
#2064=EDGE_CURVE('',#2268,#2366,#332,.T.);
#2065=EDGE_CURVE('',#2269,#2365,#333,.F.);
#2066=EDGE_CURVE('',#2265,#2364,#334,.T.);
#2067=EDGE_CURVE('',#2276,#2358,#335,.T.);
#2068=EDGE_CURVE('',#2275,#2359,#336,.T.);
#2069=EDGE_CURVE('',#2271,#2357,#337,.T.);
#2070=EDGE_CURVE('',#2270,#2355,#338,.T.);
#2071=EDGE_CURVE('',#2272,#2356,#339,.T.);
#2072=EDGE_CURVE('',#2274,#2360,#340,.T.);
#2073=EDGE_CURVE('',#2278,#2351,#341,.T.);
#2074=EDGE_CURVE('',#2282,#2352,#342,.T.);
#2075=EDGE_CURVE('',#2277,#2349,#343,.T.);
#2076=EDGE_CURVE('',#2279,#2350,#344,.T.);
#2077=EDGE_CURVE('',#2285,#2344,#345,.T.);
#2078=EDGE_CURVE('',#2283,#2343,#346,.T.);
#2079=EDGE_CURVE('',#2286,#2348,#347,.T.);
#2080=EDGE_CURVE('',#2284,#2345,#348,.T.);
#2081=EDGE_CURVE('',#2287,#2347,#349,.T.);
#2082=EDGE_CURVE('',#2288,#2346,#350,.T.);
#2083=EDGE_CURVE('',#2291,#2336,#351,.T.);
#2084=EDGE_CURVE('',#2289,#2337,#352,.T.);
#2085=EDGE_CURVE('',#2292,#2342,#353,.T.);
#2086=EDGE_CURVE('',#2293,#2341,#354,.T.);
#2087=EDGE_CURVE('',#2290,#2338,#355,.T.);
#2088=EDGE_CURVE('',#2246,#2388,#356,.T.);
#2089=EDGE_CURVE('',#2296,#2324,#357,.T.);
#2090=EDGE_CURVE('',#2281,#2353,#358,.T.);
#2091=EDGE_CURVE('',#2297,#2335,#359,.T.);
#2092=EDGE_CURVE('',#2298,#2334,#360,.T.);
#2093=EDGE_CURVE('',#2280,#2354,#361,.T.);
#2094=EDGE_CURVE('',#2273,#2361,#362,.T.);
#2095=EDGE_CURVE('',#2307,#2325,#363,.T.);
#2096=EDGE_CURVE('',#2295,#2339,#364,.T.);
#2097=EDGE_CURVE('',#2309,#2323,#365,.T.);
#2098=EDGE_CURVE('',#2310,#2322,#366,.T.);
#2099=EDGE_CURVE('',#2300,#2332,#367,.T.);
#2100=EDGE_CURVE('',#2299,#2333,#368,.T.);
#2101=EDGE_CURVE('',#2301,#2331,#369,.T.);
#2102=EDGE_CURVE('',#2302,#2330,#370,.T.);
#2103=EDGE_CURVE('',#2303,#2329,#371,.T.);
#2104=EDGE_CURVE('',#2308,#2321,#372,.T.);
#2105=EDGE_CURVE('',#2294,#2340,#373,.T.);
#2106=EDGE_CURVE('',#2304,#2328,#374,.T.);
#2107=EDGE_CURVE('',#2305,#2327,#375,.T.);
#2108=EDGE_CURVE('',#2306,#2326,#376,.T.);
#2109=EDGE_CURVE('',#2198,#2438,#377,.F.);
#2110=EDGE_CURVE('',#2439,#2197,#378,.F.);
#2111=EDGE_CURVE('',#2194,#2434,#379,.F.);
#2112=EDGE_CURVE('',#2435,#2192,#380,.F.);
#2113=EDGE_CURVE('',#2196,#2433,#381,.T.);
#2114=EDGE_CURVE('',#2432,#2195,#382,.T.);
#2115=EDGE_CURVE('',#2193,#2436,#383,.T.);
#2116=EDGE_CURVE('',#2437,#2199,#384,.T.);
#2117=EDGE_CURVE('',#2190,#2446,#385,.F.);
#2118=EDGE_CURVE('',#2447,#2189,#386,.F.);
#2119=EDGE_CURVE('',#2186,#2442,#387,.F.);
#2120=EDGE_CURVE('',#2443,#2184,#388,.F.);
#2121=EDGE_CURVE('',#2188,#2441,#389,.T.);
#2122=EDGE_CURVE('',#2440,#2187,#390,.T.);
#2123=EDGE_CURVE('',#2185,#2444,#391,.T.);
#2124=EDGE_CURVE('',#2445,#2191,#392,.T.);
#2125=EDGE_CURVE('',#2178,#2450,#393,.F.);
#2126=EDGE_CURVE('',#2451,#2176,#394,.F.);
#2127=EDGE_CURVE('',#2182,#2454,#395,.F.);
#2128=EDGE_CURVE('',#2455,#2181,#396,.F.);
#2129=EDGE_CURVE('',#2177,#2452,#397,.T.);
#2130=EDGE_CURVE('',#2453,#2183,#398,.T.);
#2131=EDGE_CURVE('',#2180,#2449,#399,.T.);
#2132=EDGE_CURVE('',#2448,#2179,#400,.T.);
#2133=EDGE_CURVE('',#2174,#2460,#401,.F.);
#2134=EDGE_CURVE('',#2461,#2173,#402,.F.);
#2135=EDGE_CURVE('',#2171,#2458,#403,.F.);
#2136=EDGE_CURVE('',#2459,#2175,#404,.T.);
#2137=EDGE_CURVE('',#2172,#2457,#405,.T.);
#2138=EDGE_CURVE('',#2456,#2170,#406,.T.);
#2139=EDGE_CURVE('',#2462,#2462,#2602,.T.);
#2140=EDGE_CURVE('',#2463,#2463,#2603,.T.);
#2141=EDGE_CURVE('',#2320,#2315,#407,.T.);
#2142=EDGE_CURVE('',#2314,#2317,#408,.F.);
#2143=EDGE_CURVE('',#2316,#2313,#409,.F.);
#2144=EDGE_CURVE('',#2312,#2318,#410,.T.);
#2145=EDGE_CURVE('',#2319,#2311,#411,.T.);
#2146=EDGE_CURVE('',#2166,#2167,#2604,.T.);
#2147=EDGE_CURVE('',#2159,#2158,#2605,.T.);
#2148=VERTEX_POINT('',#4531);
#2149=VERTEX_POINT('',#4533);
#2150=VERTEX_POINT('',#4535);
#2151=VERTEX_POINT('',#4537);
#2152=VERTEX_POINT('',#4538);
#2153=VERTEX_POINT('',#4540);
#2154=VERTEX_POINT('',#4542);
#2155=VERTEX_POINT('',#4545);
#2156=VERTEX_POINT('',#4548);
#2157=VERTEX_POINT('',#4549);
#2158=VERTEX_POINT('',#4551);
#2159=VERTEX_POINT('',#4553);
#2160=VERTEX_POINT('',#4555);
#2161=VERTEX_POINT('',#4557);
#2162=VERTEX_POINT('',#4559);
#2163=VERTEX_POINT('',#4561);
#2164=VERTEX_POINT('',#4563);
#2165=VERTEX_POINT('',#4565);
#2166=VERTEX_POINT('',#4567);
#2167=VERTEX_POINT('',#4569);
#2168=VERTEX_POINT('',#4595);
#2169=VERTEX_POINT('',#4597);
#2170=VERTEX_POINT('',#4601);
#2171=VERTEX_POINT('',#4602);
#2172=VERTEX_POINT('',#4604);
#2173=VERTEX_POINT('',#4606);
#2174=VERTEX_POINT('',#4608);
#2175=VERTEX_POINT('',#4610);
#2176=VERTEX_POINT('',#4613);
#2177=VERTEX_POINT('',#4614);
#2178=VERTEX_POINT('',#4616);
#2179=VERTEX_POINT('',#4618);
#2180=VERTEX_POINT('',#4620);
#2181=VERTEX_POINT('',#4622);
#2182=VERTEX_POINT('',#4624);
#2183=VERTEX_POINT('',#4626);
#2184=VERTEX_POINT('',#4629);
#2185=VERTEX_POINT('',#4630);
#2186=VERTEX_POINT('',#4632);
#2187=VERTEX_POINT('',#4634);
#2188=VERTEX_POINT('',#4636);
#2189=VERTEX_POINT('',#4638);
#2190=VERTEX_POINT('',#4640);
#2191=VERTEX_POINT('',#4642);
#2192=VERTEX_POINT('',#4645);
#2193=VERTEX_POINT('',#4646);
#2194=VERTEX_POINT('',#4648);
#2195=VERTEX_POINT('',#4650);
#2196=VERTEX_POINT('',#4652);
#2197=VERTEX_POINT('',#4654);
#2198=VERTEX_POINT('',#4656);
#2199=VERTEX_POINT('',#4658);
#2200=VERTEX_POINT('',#4661);
#2201=VERTEX_POINT('',#4662);
#2202=VERTEX_POINT('',#4664);
#2203=VERTEX_POINT('',#4666);
#2204=VERTEX_POINT('',#4668);
#2205=VERTEX_POINT('',#4670);
#2206=VERTEX_POINT('',#4672);
#2207=VERTEX_POINT('',#4675);
#2208=VERTEX_POINT('',#4676);
#2209=VERTEX_POINT('',#4678);
#2210=VERTEX_POINT('',#4680);
#2211=VERTEX_POINT('',#4682);
#2212=VERTEX_POINT('',#4684);
#2213=VERTEX_POINT('',#4686);
#2214=VERTEX_POINT('',#4689);
#2215=VERTEX_POINT('',#4690);
#2216=VERTEX_POINT('',#4692);
#2217=VERTEX_POINT('',#4694);
#2218=VERTEX_POINT('',#4696);
#2219=VERTEX_POINT('',#4698);
#2220=VERTEX_POINT('',#4700);
#2221=VERTEX_POINT('',#4703);
#2222=VERTEX_POINT('',#4704);
#2223=VERTEX_POINT('',#4706);
#2224=VERTEX_POINT('',#4708);
#2225=VERTEX_POINT('',#4710);
#2226=VERTEX_POINT('',#4712);
#2227=VERTEX_POINT('',#4714);
#2228=VERTEX_POINT('',#4717);
#2229=VERTEX_POINT('',#4718);
#2230=VERTEX_POINT('',#4720);
#2231=VERTEX_POINT('',#4722);
#2232=VERTEX_POINT('',#4724);
#2233=VERTEX_POINT('',#4726);
#2234=VERTEX_POINT('',#4728);
#2235=VERTEX_POINT('',#4731);
#2236=VERTEX_POINT('',#4732);
#2237=VERTEX_POINT('',#4734);
#2238=VERTEX_POINT('',#4736);
#2239=VERTEX_POINT('',#4738);
#2240=VERTEX_POINT('',#4740);
#2241=VERTEX_POINT('',#4743);
#2242=VERTEX_POINT('',#4744);
#2243=VERTEX_POINT('',#4746);
#2244=VERTEX_POINT('',#4748);
#2245=VERTEX_POINT('',#4750);
#2246=VERTEX_POINT('',#4752);
#2247=VERTEX_POINT('',#4755);
#2248=VERTEX_POINT('',#4756);
#2249=VERTEX_POINT('',#4758);
#2250=VERTEX_POINT('',#4760);
#2251=VERTEX_POINT('',#4762);
#2252=VERTEX_POINT('',#4764);
#2253=VERTEX_POINT('',#4767);
#2254=VERTEX_POINT('',#4768);
#2255=VERTEX_POINT('',#4770);
#2256=VERTEX_POINT('',#4772);
#2257=VERTEX_POINT('',#4774);
#2258=VERTEX_POINT('',#4777);
#2259=VERTEX_POINT('',#4778);
#2260=VERTEX_POINT('',#4780);
#2261=VERTEX_POINT('',#4782);
#2262=VERTEX_POINT('',#4784);
#2263=VERTEX_POINT('',#4786);
#2264=VERTEX_POINT('',#4789);
#2265=VERTEX_POINT('',#4790);
#2266=VERTEX_POINT('',#4792);
#2267=VERTEX_POINT('',#4794);
#2268=VERTEX_POINT('',#4796);
#2269=VERTEX_POINT('',#4798);
#2270=VERTEX_POINT('',#4801);
#2271=VERTEX_POINT('',#4802);
#2272=VERTEX_POINT('',#4804);
#2273=VERTEX_POINT('',#4806);
#2274=VERTEX_POINT('',#4808);
#2275=VERTEX_POINT('',#4810);
#2276=VERTEX_POINT('',#4812);
#2277=VERTEX_POINT('',#4815);
#2278=VERTEX_POINT('',#4816);
#2279=VERTEX_POINT('',#4818);
#2280=VERTEX_POINT('',#4820);
#2281=VERTEX_POINT('',#4822);
#2282=VERTEX_POINT('',#4824);
#2283=VERTEX_POINT('',#4827);
#2284=VERTEX_POINT('',#4828);
#2285=VERTEX_POINT('',#4830);
#2286=VERTEX_POINT('',#4832);
#2287=VERTEX_POINT('',#4834);
#2288=VERTEX_POINT('',#4836);
#2289=VERTEX_POINT('',#4839);
#2290=VERTEX_POINT('',#4840);
#2291=VERTEX_POINT('',#4842);
#2292=VERTEX_POINT('',#4844);
#2293=VERTEX_POINT('',#4846);
#2294=VERTEX_POINT('',#4848);
#2295=VERTEX_POINT('',#4850);
#2296=VERTEX_POINT('',#4853);
#2297=VERTEX_POINT('',#4855);
#2298=VERTEX_POINT('',#4857);
#2299=VERTEX_POINT('',#4859);
#2300=VERTEX_POINT('',#4861);
#2301=VERTEX_POINT('',#4863);
#2302=VERTEX_POINT('',#4865);
#2303=VERTEX_POINT('',#4867);
#2304=VERTEX_POINT('',#4869);
#2305=VERTEX_POINT('',#4871);
#2306=VERTEX_POINT('',#4873);
#2307=VERTEX_POINT('',#4875);
#2308=VERTEX_POINT('',#4878);
#2309=VERTEX_POINT('',#4879);
#2310=VERTEX_POINT('',#4881);
#2311=VERTEX_POINT('',#4884);
#2312=VERTEX_POINT('',#4886);
#2313=VERTEX_POINT('',#4888);
#2314=VERTEX_POINT('',#4890);
#2315=VERTEX_POINT('',#4892);
#2316=VERTEX_POINT('',#4896);
#2317=VERTEX_POINT('',#4897);
#2318=VERTEX_POINT('',#4899);
#2319=VERTEX_POINT('',#4901);
#2320=VERTEX_POINT('',#4904);
#2321=VERTEX_POINT('',#4907);
#2322=VERTEX_POINT('',#4908);
#2323=VERTEX_POINT('',#4910);
#2324=VERTEX_POINT('',#4913);
#2325=VERTEX_POINT('',#4915);
#2326=VERTEX_POINT('',#4917);
#2327=VERTEX_POINT('',#4919);
#2328=VERTEX_POINT('',#4921);
#2329=VERTEX_POINT('',#4923);
#2330=VERTEX_POINT('',#4925);
#2331=VERTEX_POINT('',#4927);
#2332=VERTEX_POINT('',#4929);
#2333=VERTEX_POINT('',#4931);
#2334=VERTEX_POINT('',#4933);
#2335=VERTEX_POINT('',#4935);
#2336=VERTEX_POINT('',#4938);
#2337=VERTEX_POINT('',#4939);
#2338=VERTEX_POINT('',#4941);
#2339=VERTEX_POINT('',#4943);
#2340=VERTEX_POINT('',#4945);
#2341=VERTEX_POINT('',#4947);
#2342=VERTEX_POINT('',#4949);
#2343=VERTEX_POINT('',#4952);
#2344=VERTEX_POINT('',#4953);
#2345=VERTEX_POINT('',#4955);
#2346=VERTEX_POINT('',#4957);
#2347=VERTEX_POINT('',#4959);
#2348=VERTEX_POINT('',#4961);
#2349=VERTEX_POINT('',#4964);
#2350=VERTEX_POINT('',#4965);
#2351=VERTEX_POINT('',#4967);
#2352=VERTEX_POINT('',#4969);
#2353=VERTEX_POINT('',#4971);
#2354=VERTEX_POINT('',#4973);
#2355=VERTEX_POINT('',#4976);
#2356=VERTEX_POINT('',#4977);
#2357=VERTEX_POINT('',#4979);
#2358=VERTEX_POINT('',#4981);
#2359=VERTEX_POINT('',#4983);
#2360=VERTEX_POINT('',#4985);
#2361=VERTEX_POINT('',#4987);
#2362=VERTEX_POINT('',#4990);
#2363=VERTEX_POINT('',#4991);
#2364=VERTEX_POINT('',#4993);
#2365=VERTEX_POINT('',#4995);
#2366=VERTEX_POINT('',#4997);
#2367=VERTEX_POINT('',#4999);
#2368=VERTEX_POINT('',#5002);
#2369=VERTEX_POINT('',#5003);
#2370=VERTEX_POINT('',#5005);
#2371=VERTEX_POINT('',#5007);
#2372=VERTEX_POINT('',#5009);
#2373=VERTEX_POINT('',#5011);
#2374=VERTEX_POINT('',#5014);
#2375=VERTEX_POINT('',#5015);
#2376=VERTEX_POINT('',#5017);
#2377=VERTEX_POINT('',#5019);
#2378=VERTEX_POINT('',#5021);
#2379=VERTEX_POINT('',#5024);
#2380=VERTEX_POINT('',#5025);
#2381=VERTEX_POINT('',#5027);
#2382=VERTEX_POINT('',#5029);
#2383=VERTEX_POINT('',#5031);
#2384=VERTEX_POINT('',#5033);
#2385=VERTEX_POINT('',#5036);
#2386=VERTEX_POINT('',#5037);
#2387=VERTEX_POINT('',#5039);
#2388=VERTEX_POINT('',#5041);
#2389=VERTEX_POINT('',#5043);
#2390=VERTEX_POINT('',#5045);
#2391=VERTEX_POINT('',#5048);
#2392=VERTEX_POINT('',#5049);
#2393=VERTEX_POINT('',#5051);
#2394=VERTEX_POINT('',#5053);
#2395=VERTEX_POINT('',#5055);
#2396=VERTEX_POINT('',#5057);
#2397=VERTEX_POINT('',#5060);
#2398=VERTEX_POINT('',#5061);
#2399=VERTEX_POINT('',#5063);
#2400=VERTEX_POINT('',#5065);
#2401=VERTEX_POINT('',#5067);
#2402=VERTEX_POINT('',#5069);
#2403=VERTEX_POINT('',#5071);
#2404=VERTEX_POINT('',#5074);
#2405=VERTEX_POINT('',#5075);
#2406=VERTEX_POINT('',#5077);
#2407=VERTEX_POINT('',#5079);
#2408=VERTEX_POINT('',#5081);
#2409=VERTEX_POINT('',#5083);
#2410=VERTEX_POINT('',#5085);
#2411=VERTEX_POINT('',#5088);
#2412=VERTEX_POINT('',#5089);
#2413=VERTEX_POINT('',#5091);
#2414=VERTEX_POINT('',#5093);
#2415=VERTEX_POINT('',#5095);
#2416=VERTEX_POINT('',#5097);
#2417=VERTEX_POINT('',#5099);
#2418=VERTEX_POINT('',#5102);
#2419=VERTEX_POINT('',#5103);
#2420=VERTEX_POINT('',#5105);
#2421=VERTEX_POINT('',#5107);
#2422=VERTEX_POINT('',#5109);
#2423=VERTEX_POINT('',#5111);
#2424=VERTEX_POINT('',#5113);
#2425=VERTEX_POINT('',#5116);
#2426=VERTEX_POINT('',#5117);
#2427=VERTEX_POINT('',#5119);
#2428=VERTEX_POINT('',#5121);
#2429=VERTEX_POINT('',#5123);
#2430=VERTEX_POINT('',#5125);
#2431=VERTEX_POINT('',#5127);
#2432=VERTEX_POINT('',#5130);
#2433=VERTEX_POINT('',#5131);
#2434=VERTEX_POINT('',#5133);
#2435=VERTEX_POINT('',#5135);
#2436=VERTEX_POINT('',#5137);
#2437=VERTEX_POINT('',#5139);
#2438=VERTEX_POINT('',#5141);
#2439=VERTEX_POINT('',#5143);
#2440=VERTEX_POINT('',#5146);
#2441=VERTEX_POINT('',#5147);
#2442=VERTEX_POINT('',#5149);
#2443=VERTEX_POINT('',#5151);
#2444=VERTEX_POINT('',#5153);
#2445=VERTEX_POINT('',#5155);
#2446=VERTEX_POINT('',#5157);
#2447=VERTEX_POINT('',#5159);
#2448=VERTEX_POINT('',#5162);
#2449=VERTEX_POINT('',#5163);
#2450=VERTEX_POINT('',#5165);
#2451=VERTEX_POINT('',#5167);
#2452=VERTEX_POINT('',#5169);
#2453=VERTEX_POINT('',#5171);
#2454=VERTEX_POINT('',#5173);
#2455=VERTEX_POINT('',#5175);
#2456=VERTEX_POINT('',#5178);
#2457=VERTEX_POINT('',#5179);
#2458=VERTEX_POINT('',#5181);
#2459=VERTEX_POINT('',#5183);
#2460=VERTEX_POINT('',#5185);
#2461=VERTEX_POINT('',#5187);
#2462=VERTEX_POINT('',#5474);
#2463=VERTEX_POINT('',#5476);
#2464=CIRCLE('',#3289,0.00215);
#2465=CIRCLE('',#3290,0.00215);
#2466=CIRCLE('',#3291,0.00215);
#2467=CIRCLE('',#3292,0.00215);
#2468=CIRCLE('',#3299,0.000762);
#2469=CIRCLE('',#3300,0.000762);
#2470=CIRCLE('',#3302,0.000762);
#2471=CIRCLE('',#3303,0.000762);
#2472=CIRCLE('',#3304,0.000762);
#2473=CIRCLE('',#3305,0.000762);
#2474=CIRCLE('',#3306,0.000762);
#2475=CIRCLE('',#3307,0.000762);
#2476=CIRCLE('',#3308,0.000762);
#2477=CIRCLE('',#3309,0.000762);
#2478=CIRCLE('',#3310,0.000762);
#2479=CIRCLE('',#3311,0.000762);
#2480=CIRCLE('',#3312,0.000762);
#2481=CIRCLE('',#3313,0.000762);
#2482=CIRCLE('',#3314,0.000762);
#2483=CIRCLE('',#3315,0.000762);
#2484=CIRCLE('',#3316,0.000762);
#2485=CIRCLE('',#3317,0.0058556415700001);
#2486=CIRCLE('',#3318,0.00535564157000272);
#2487=CIRCLE('',#3319,0.00535564157);
#2488=CIRCLE('',#3320,0.00585564156999999);
#2489=CIRCLE('',#3321,0.00585564157000001);
#2490=CIRCLE('',#3322,0.00585564157000004);
#2491=CIRCLE('',#3323,0.00535564157000278);
#2492=CIRCLE('',#3324,0.00535564157);
#2493=CIRCLE('',#3325,0.00585564156999999);
#2494=CIRCLE('',#3326,0.00535564157);
#2495=CIRCLE('',#3327,0.00535564157);
#2496=CIRCLE('',#3328,0.00585564156999998);
#2497=CIRCLE('',#3329,0.00585564157000001);
#2498=CIRCLE('',#3330,0.00535564157);
#2499=CIRCLE('',#3331,0.00535564156999996);
#2500=CIRCLE('',#3332,0.00585564156999994);
#2501=CIRCLE('',#3333,0.00585564157000003);
#2502=CIRCLE('',#3334,0.00535564157);
#2503=CIRCLE('',#3335,0.00535564157);
#2504=CIRCLE('',#3336,0.00585564157);
#2505=CIRCLE('',#3337,0.00622935100799999);
#2506=CIRCLE('',#3338,0.004981932132);
#2507=CIRCLE('',#3339,0.006229351008);
#2508=CIRCLE('',#3340,0.00622935100800003);
#2509=CIRCLE('',#3341,0.004981932132);
#2510=CIRCLE('',#3342,0.00622935100800001);
#2511=CIRCLE('',#3343,0.00622935100799996);
#2512=CIRCLE('',#3344,0.00498193213200001);
#2513=CIRCLE('',#3345,0.00622935100800611);
#2514=CIRCLE('',#3346,0.00622935100800354);
#2515=CIRCLE('',#3347,0.00622935100800286);
#2516=CIRCLE('',#3348,0.004981932132);
#2517=CIRCLE('',#3349,0.00622935100799423);
#2518=CIRCLE('',#3350,0.006229351008);
#2519=CIRCLE('',#3351,0.004981932132);
#2520=CIRCLE('',#3352,0.00622935100799998);
#2521=CIRCLE('',#3353,0.004981932132);
#2522=CIRCLE('',#3354,0.00622935100799999);
#2523=CIRCLE('',#3355,0.00622935126997742);
#2524=CIRCLE('',#3356,0.00622935100800005);
#2525=CIRCLE('',#3357,0.004981932132);
#2526=CIRCLE('',#3358,0.00585564156999999);
#2527=CIRCLE('',#3359,0.00535564156999997);
#2528=CIRCLE('',#3360,0.00585564157000009);
#2529=CIRCLE('',#3361,0.00535564130622222);
#2530=CIRCLE('',#3362,0.00585564156999999);
#2531=CIRCLE('',#3363,0.00585564157);
#2532=CIRCLE('',#3364,0.00535564156999166);
#2533=CIRCLE('',#3365,0.000762);
#2534=CIRCLE('',#3366,0.000762);
#2535=CIRCLE('',#3367,0.000762);
#2536=CIRCLE('',#3369,0.000762);
#2537=CIRCLE('',#3370,0.000762);
#2538=CIRCLE('',#3371,0.000762);
#2539=CIRCLE('',#3372,0.00585564157);
#2540=CIRCLE('',#3373,0.00535564156999166);
#2541=CIRCLE('',#3374,0.00585564157000009);
#2542=CIRCLE('',#3375,0.00585564156999999);
#2543=CIRCLE('',#3376,0.00535564130622222);
#2544=CIRCLE('',#3377,0.00585564156999999);
#2545=CIRCLE('',#3378,0.00535564156999997);
#2546=CIRCLE('',#3379,0.00622935126997742);
#2547=CIRCLE('',#3380,0.004981932132);
#2548=CIRCLE('',#3381,0.00622935100800005);
#2549=CIRCLE('',#3382,0.00622935100799998);
#2550=CIRCLE('',#3383,0.00622935100799999);
#2551=CIRCLE('',#3384,0.004981932132);
#2552=CIRCLE('',#3385,0.00622935100799423);
#2553=CIRCLE('',#3386,0.004981932132);
#2554=CIRCLE('',#3387,0.006229351008);
#2555=CIRCLE('',#3388,0.00622935100800354);
#2556=CIRCLE('',#3389,0.004981932132);
#2557=CIRCLE('',#3390,0.00622935100800286);
#2558=CIRCLE('',#3391,0.00622935100799996);
#2559=CIRCLE('',#3392,0.00622935100800611);
#2560=CIRCLE('',#3393,0.00498193213200001);
#2561=CIRCLE('',#3394,0.00622935100800003);
#2562=CIRCLE('',#3395,0.00622935100800001);
#2563=CIRCLE('',#3396,0.004981932132);
#2564=CIRCLE('',#3397,0.00622935100799999);
#2565=CIRCLE('',#3398,0.006229351008);
#2566=CIRCLE('',#3399,0.004981932132);
#2567=CIRCLE('',#3400,0.00585564157000003);
#2568=CIRCLE('',#3401,0.00585564157);
#2569=CIRCLE('',#3402,0.00535564157);
#2570=CIRCLE('',#3403,0.00535564157);
#2571=CIRCLE('',#3404,0.00585564157000001);
#2572=CIRCLE('',#3405,0.00585564156999994);
#2573=CIRCLE('',#3406,0.00535564156999996);
#2574=CIRCLE('',#3407,0.00535564157);
#2575=CIRCLE('',#3408,0.00585564156999999);
#2576=CIRCLE('',#3409,0.00585564156999998);
#2577=CIRCLE('',#3410,0.00535564157);
#2578=CIRCLE('',#3411,0.00535564157);
#2579=CIRCLE('',#3412,0.00585564157000001);
#2580=CIRCLE('',#3413,0.00535564157);
#2581=CIRCLE('',#3414,0.00535564157000278);
#2582=CIRCLE('',#3415,0.00585564157000004);
#2583=CIRCLE('',#3416,0.0058556415700001);
#2584=CIRCLE('',#3417,0.00585564156999999);
#2585=CIRCLE('',#3418,0.00535564157);
#2586=CIRCLE('',#3419,0.00535564157000272);
#2587=CIRCLE('',#3420,0.000762);
#2588=CIRCLE('',#3421,0.000762);
#2589=CIRCLE('',#3422,0.000762);
#2590=CIRCLE('',#3423,0.000762);
#2591=CIRCLE('',#3424,0.000762);
#2592=CIRCLE('',#3425,0.000762);
#2593=CIRCLE('',#3426,0.000762);
#2594=CIRCLE('',#3427,0.000762);
#2595=CIRCLE('',#3428,0.000762);
#2596=CIRCLE('',#3429,0.000762);
#2597=CIRCLE('',#3430,0.000762);
#2598=CIRCLE('',#3431,0.000762);
#2599=CIRCLE('',#3432,0.000762);
#2600=CIRCLE('',#3433,0.000762);
#2601=CIRCLE('',#3434,0.000762);
#2602=CIRCLE('',#3578,0.00215);
#2603=CIRCLE('',#3579,0.00215);
#2604=CIRCLE('',#3586,0.00215);
#2605=CIRCLE('',#3589,0.00215);
#2606=EDGE_LOOP('',(#735));
#2607=EDGE_LOOP('',(#736));
#2608=EDGE_LOOP('',(#737));
#2609=EDGE_LOOP('',(#738,#739,#740,#741));
#2610=EDGE_LOOP('',(#742));
#2611=EDGE_LOOP('',(#743,#744,#745,#746,#747,#748,#749,#750,#751,#752,#753,
#754));
#2612=EDGE_LOOP('',(#755,#756,#757,#758,#759,#760,#761,#762));
#2613=EDGE_LOOP('',(#763,#764,#765,#766,#767,#768));
#2614=EDGE_LOOP('',(#769,#770,#771,#772,#773,#774,#775,#776));
#2615=EDGE_LOOP('',(#777,#778,#779,#780,#781,#782,#783,#784));
#2616=EDGE_LOOP('',(#785,#786,#787,#788,#789,#790,#791,#792));
#2617=EDGE_LOOP('',(#793,#794,#795,#796,#797,#798,#799));
#2618=EDGE_LOOP('',(#800,#801,#802,#803,#804,#805,#806));
#2619=EDGE_LOOP('',(#807,#808,#809,#810,#811,#812,#813));
#2620=EDGE_LOOP('',(#814,#815,#816,#817,#818,#819,#820));
#2621=EDGE_LOOP('',(#821,#822,#823,#824,#825,#826,#827));
#2622=EDGE_LOOP('',(#828,#829,#830,#831,#832,#833));
#2623=EDGE_LOOP('',(#834,#835,#836,#837,#838,#839));
#2624=EDGE_LOOP('',(#840,#841,#842,#843,#844,#845));
#2625=EDGE_LOOP('',(#846,#847,#848,#849,#850));
#2626=EDGE_LOOP('',(#851,#852,#853,#854,#855,#856));
#2627=EDGE_LOOP('',(#857,#858,#859,#860,#861,#862));
#2628=EDGE_LOOP('',(#863,#864,#865,#866,#867,#868,#869));
#2629=EDGE_LOOP('',(#870,#871,#872,#873,#874,#875));
#2630=EDGE_LOOP('',(#876,#877,#878,#879,#880,#881));
#2631=EDGE_LOOP('',(#882,#883,#884,#885,#886,#887,#888));
#2632=EDGE_LOOP('',(#889,#890,#891,#892,#893,#894,#895,#896,#897,#898,#899,
#900,#901,#902));
#2633=EDGE_LOOP('',(#903,#904,#905));
#2634=EDGE_LOOP('',(#906,#907,#908,#909,#910,#911,#912,#913));
#2635=EDGE_LOOP('',(#914,#915,#916,#917,#918,#919,#920,#921));
#2636=EDGE_LOOP('',(#922,#923,#924));
#2637=EDGE_LOOP('',(#925,#926,#927,#928,#929,#930,#931,#932,#933,#934,#935,
#936,#937,#938));
#2638=EDGE_LOOP('',(#939,#940,#941,#942,#943,#944,#945));
#2639=EDGE_LOOP('',(#946,#947,#948,#949,#950,#951));
#2640=EDGE_LOOP('',(#952,#953,#954,#955,#956,#957));
#2641=EDGE_LOOP('',(#958,#959,#960,#961,#962,#963,#964));
#2642=EDGE_LOOP('',(#965,#966,#967,#968,#969,#970));
#2643=EDGE_LOOP('',(#971,#972,#973,#974,#975,#976));
#2644=EDGE_LOOP('',(#977,#978,#979,#980,#981));
#2645=EDGE_LOOP('',(#982,#983,#984,#985,#986,#987));
#2646=EDGE_LOOP('',(#988,#989,#990,#991,#992,#993));
#2647=EDGE_LOOP('',(#994,#995,#996,#997,#998,#999));
#2648=EDGE_LOOP('',(#1000,#1001,#1002,#1003,#1004,#1005,#1006));
#2649=EDGE_LOOP('',(#1007,#1008,#1009,#1010,#1011,#1012,#1013));
#2650=EDGE_LOOP('',(#1014,#1015,#1016,#1017,#1018,#1019,#1020));
#2651=EDGE_LOOP('',(#1021,#1022,#1023,#1024,#1025,#1026,#1027));
#2652=EDGE_LOOP('',(#1028,#1029,#1030,#1031,#1032,#1033,#1034));
#2653=EDGE_LOOP('',(#1035,#1036,#1037,#1038,#1039,#1040,#1041,#1042));
#2654=EDGE_LOOP('',(#1043,#1044,#1045,#1046,#1047,#1048,#1049,#1050));
#2655=EDGE_LOOP('',(#1051,#1052,#1053,#1054,#1055,#1056,#1057,#1058));
#2656=EDGE_LOOP('',(#1059,#1060,#1061,#1062,#1063,#1064));
#2657=EDGE_LOOP('',(#1065,#1066,#1067,#1068));
#2658=EDGE_LOOP('',(#1069,#1070,#1071,#1072));
#2659=EDGE_LOOP('',(#1073,#1074,#1075,#1076));
#2660=EDGE_LOOP('',(#1077,#1078,#1079,#1080));
#2661=EDGE_LOOP('',(#1081,#1082,#1083,#1084));
#2662=EDGE_LOOP('',(#1085,#1086,#1087,#1088));
#2663=EDGE_LOOP('',(#1089,#1090,#1091,#1092));
#2664=EDGE_LOOP('',(#1093,#1094,#1095,#1096));
#2665=EDGE_LOOP('',(#1097,#1098,#1099,#1100));
#2666=EDGE_LOOP('',(#1101,#1102,#1103,#1104));
#2667=EDGE_LOOP('',(#1105,#1106,#1107,#1108));
#2668=EDGE_LOOP('',(#1109,#1110,#1111,#1112));
#2669=EDGE_LOOP('',(#1113,#1114,#1115,#1116));
#2670=EDGE_LOOP('',(#1117,#1118,#1119,#1120));
#2671=EDGE_LOOP('',(#1121,#1122,#1123,#1124));
#2672=EDGE_LOOP('',(#1125,#1126,#1127,#1128));
#2673=EDGE_LOOP('',(#1129,#1130,#1131,#1132));
#2674=EDGE_LOOP('',(#1133,#1134,#1135,#1136));
#2675=EDGE_LOOP('',(#1137,#1138,#1139,#1140));
#2676=EDGE_LOOP('',(#1141,#1142,#1143,#1144));
#2677=EDGE_LOOP('',(#1145,#1146,#1147,#1148));
#2678=EDGE_LOOP('',(#1149,#1150,#1151,#1152));
#2679=EDGE_LOOP('',(#1153,#1154,#1155,#1156));
#2680=EDGE_LOOP('',(#1157,#1158,#1159,#1160));
#2681=EDGE_LOOP('',(#1161,#1162,#1163,#1164));
#2682=EDGE_LOOP('',(#1165,#1166,#1167,#1168));
#2683=EDGE_LOOP('',(#1169,#1170,#1171,#1172));
#2684=EDGE_LOOP('',(#1173,#1174,#1175,#1176));
#2685=EDGE_LOOP('',(#1177,#1178,#1179,#1180));
#2686=EDGE_LOOP('',(#1181,#1182,#1183,#1184));
#2687=EDGE_LOOP('',(#1185,#1186,#1187,#1188));
#2688=EDGE_LOOP('',(#1189,#1190,#1191,#1192));
#2689=EDGE_LOOP('',(#1193,#1194,#1195,#1196));
#2690=EDGE_LOOP('',(#1197,#1198,#1199,#1200));
#2691=EDGE_LOOP('',(#1201,#1202,#1203,#1204));
#2692=EDGE_LOOP('',(#1205,#1206,#1207,#1208));
#2693=EDGE_LOOP('',(#1209,#1210,#1211,#1212));
#2694=EDGE_LOOP('',(#1213,#1214,#1215,#1216));
#2695=EDGE_LOOP('',(#1217,#1218,#1219,#1220));
#2696=EDGE_LOOP('',(#1221,#1222,#1223,#1224));
#2697=EDGE_LOOP('',(#1225,#1226,#1227,#1228));
#2698=EDGE_LOOP('',(#1229,#1230,#1231,#1232));
#2699=EDGE_LOOP('',(#1233,#1234,#1235,#1236));
#2700=EDGE_LOOP('',(#1237,#1238,#1239,#1240));
#2701=EDGE_LOOP('',(#1241,#1242,#1243,#1244));
#2702=EDGE_LOOP('',(#1245,#1246,#1247,#1248));
#2703=EDGE_LOOP('',(#1249,#1250,#1251,#1252));
#2704=EDGE_LOOP('',(#1253,#1254,#1255,#1256));
#2705=EDGE_LOOP('',(#1257,#1258,#1259,#1260));
#2706=EDGE_LOOP('',(#1261,#1262,#1263,#1264));
#2707=EDGE_LOOP('',(#1265,#1266,#1267,#1268));
#2708=EDGE_LOOP('',(#1269,#1270,#1271,#1272));
#2709=EDGE_LOOP('',(#1273,#1274,#1275,#1276));
#2710=EDGE_LOOP('',(#1277,#1278,#1279,#1280));
#2711=EDGE_LOOP('',(#1281,#1282,#1283,#1284));
#2712=EDGE_LOOP('',(#1285,#1286,#1287,#1288));
#2713=EDGE_LOOP('',(#1289,#1290,#1291,#1292));
#2714=EDGE_LOOP('',(#1293,#1294,#1295,#1296));
#2715=EDGE_LOOP('',(#1297,#1298,#1299,#1300));
#2716=EDGE_LOOP('',(#1301,#1302,#1303,#1304));
#2717=EDGE_LOOP('',(#1305,#1306,#1307,#1308));
#2718=EDGE_LOOP('',(#1309,#1310,#1311,#1312));
#2719=EDGE_LOOP('',(#1313,#1314,#1315,#1316));
#2720=EDGE_LOOP('',(#1317,#1318,#1319,#1320));
#2721=EDGE_LOOP('',(#1321,#1322,#1323,#1324));
#2722=EDGE_LOOP('',(#1325,#1326,#1327,#1328));
#2723=EDGE_LOOP('',(#1329,#1330,#1331,#1332));
#2724=EDGE_LOOP('',(#1333,#1334,#1335,#1336));
#2725=EDGE_LOOP('',(#1337,#1338,#1339,#1340));
#2726=EDGE_LOOP('',(#1341,#1342,#1343,#1344));
#2727=EDGE_LOOP('',(#1345,#1346,#1347,#1348));
#2728=EDGE_LOOP('',(#1349,#1350,#1351,#1352));
#2729=EDGE_LOOP('',(#1353,#1354,#1355,#1356));
#2730=EDGE_LOOP('',(#1357,#1358,#1359,#1360));
#2731=EDGE_LOOP('',(#1361,#1362,#1363,#1364));
#2732=EDGE_LOOP('',(#1365,#1366,#1367,#1368));
#2733=EDGE_LOOP('',(#1369,#1370,#1371,#1372));
#2734=EDGE_LOOP('',(#1373,#1374,#1375,#1376));
#2735=EDGE_LOOP('',(#1377,#1378,#1379,#1380));
#2736=EDGE_LOOP('',(#1381,#1382,#1383,#1384));
#2737=EDGE_LOOP('',(#1385,#1386,#1387,#1388));
#2738=EDGE_LOOP('',(#1389,#1390,#1391,#1392));
#2739=EDGE_LOOP('',(#1393,#1394,#1395,#1396));
#2740=EDGE_LOOP('',(#1397,#1398,#1399,#1400));
#2741=EDGE_LOOP('',(#1401,#1402,#1403,#1404));
#2742=EDGE_LOOP('',(#1405,#1406,#1407,#1408));
#2743=EDGE_LOOP('',(#1409,#1410,#1411,#1412));
#2744=EDGE_LOOP('',(#1413,#1414,#1415,#1416));
#2745=EDGE_LOOP('',(#1417,#1418,#1419,#1420));
#2746=EDGE_LOOP('',(#1421,#1422,#1423,#1424));
#2747=EDGE_LOOP('',(#1425,#1426,#1427,#1428));
#2748=EDGE_LOOP('',(#1429,#1430,#1431,#1432));
#2749=EDGE_LOOP('',(#1433,#1434,#1435,#1436));
#2750=EDGE_LOOP('',(#1437,#1438,#1439,#1440));
#2751=EDGE_LOOP('',(#1441,#1442,#1443,#1444));
#2752=EDGE_LOOP('',(#1445,#1446,#1447,#1448));
#2753=EDGE_LOOP('',(#1449,#1450,#1451,#1452));
#2754=EDGE_LOOP('',(#1453,#1454,#1455,#1456));
#2755=EDGE_LOOP('',(#1457,#1458,#1459,#1460));
#2756=EDGE_LOOP('',(#1461,#1462,#1463,#1464));
#2757=EDGE_LOOP('',(#1465,#1466,#1467,#1468));
#2758=EDGE_LOOP('',(#1469,#1470,#1471,#1472));
#2759=EDGE_LOOP('',(#1473,#1474,#1475,#1476));
#2760=EDGE_LOOP('',(#1477,#1478,#1479,#1480));
#2761=EDGE_LOOP('',(#1481,#1482,#1483,#1484));
#2762=EDGE_LOOP('',(#1485,#1486,#1487,#1488));
#2763=EDGE_LOOP('',(#1489,#1490,#1491,#1492));
#2764=EDGE_LOOP('',(#1493,#1494,#1495,#1496));
#2765=EDGE_LOOP('',(#1497,#1498,#1499,#1500));
#2766=EDGE_LOOP('',(#1501,#1502,#1503,#1504));
#2767=EDGE_LOOP('',(#1505,#1506,#1507,#1508));
#2768=EDGE_LOOP('',(#1509,#1510,#1511,#1512));
#2769=EDGE_LOOP('',(#1513,#1514,#1515,#1516));
#2770=EDGE_LOOP('',(#1517,#1518,#1519,#1520));
#2771=EDGE_LOOP('',(#1521,#1522,#1523,#1524));
#2772=EDGE_LOOP('',(#1525,#1526,#1527,#1528));
#2773=EDGE_LOOP('',(#1529,#1530,#1531,#1532));
#2774=EDGE_LOOP('',(#1533,#1534,#1535,#1536));
#2775=EDGE_LOOP('',(#1537,#1538,#1539,#1540));
#2776=EDGE_LOOP('',(#1541,#1542,#1543,#1544));
#2777=EDGE_LOOP('',(#1545,#1546,#1547,#1548));
#2778=EDGE_LOOP('',(#1549,#1550,#1551,#1552));
#2779=EDGE_LOOP('',(#1553,#1554,#1555,#1556));
#2780=EDGE_LOOP('',(#1557,#1558,#1559,#1560));
#2781=EDGE_LOOP('',(#1561,#1562,#1563,#1564));
#2782=EDGE_LOOP('',(#1565,#1566,#1567,#1568));
#2783=EDGE_LOOP('',(#1569,#1570,#1571,#1572));
#2784=EDGE_LOOP('',(#1573,#1574,#1575,#1576));
#2785=EDGE_LOOP('',(#1577,#1578,#1579,#1580));
#2786=EDGE_LOOP('',(#1581,#1582,#1583,#1584));
#2787=EDGE_LOOP('',(#1585,#1586,#1587,#1588));
#2788=EDGE_LOOP('',(#1589,#1590,#1591,#1592));
#2789=EDGE_LOOP('',(#1593,#1594,#1595,#1596));
#2790=EDGE_LOOP('',(#1597,#1598,#1599,#1600));
#2791=EDGE_LOOP('',(#1601,#1602,#1603,#1604));
#2792=EDGE_LOOP('',(#1605,#1606,#1607,#1608));
#2793=EDGE_LOOP('',(#1609,#1610,#1611,#1612));
#2794=EDGE_LOOP('',(#1613,#1614,#1615,#1616));
#2795=EDGE_LOOP('',(#1617,#1618,#1619,#1620));
#2796=EDGE_LOOP('',(#1621,#1622,#1623,#1624));
#2797=EDGE_LOOP('',(#1625,#1626,#1627,#1628));
#2798=EDGE_LOOP('',(#1629,#1630,#1631,#1632));
#2799=EDGE_LOOP('',(#1633));
#2800=EDGE_LOOP('',(#1634));
#2801=EDGE_LOOP('',(#1635,#1636,#1637,#1638));
#2802=EDGE_LOOP('',(#1639,#1640,#1641,#1642));
#2803=EDGE_LOOP('',(#1643,#1644,#1645,#1646));
#2804=EDGE_LOOP('',(#1647,#1648,#1649,#1650));
#2805=EDGE_LOOP('',(#1651,#1652,#1653,#1654));
#2806=EDGE_LOOP('',(#1655,#1656,#1657,#1658));
#2807=EDGE_LOOP('',(#1659,#1660,#1661,#1662));
#2808=EDGE_LOOP('',(#1663));
#2809=EDGE_LOOP('',(#1664,#1665));
#2810=EDGE_LOOP('',(#1666,#1667,#1668,#1669));
#2811=EDGE_LOOP('',(#1670));
#2812=EDGE_LOOP('',(#1671,#1672));
#2813=EDGE_LOOP('',(#1673));
#2814=EDGE_LOOP('',(#1674));
#2815=EDGE_LOOP('',(#1675));
#2816=EDGE_LOOP('',(#1676));
#2817=FACE_BOUND('',#2606,.T.);
#2818=FACE_BOUND('',#2607,.T.);
#2819=FACE_BOUND('',#2608,.T.);
#2820=FACE_BOUND('',#2609,.T.);
#2821=FACE_BOUND('',#2610,.T.);
#2822=FACE_BOUND('',#2611,.T.);
#2823=FACE_BOUND('',#2612,.T.);
#2824=FACE_BOUND('',#2613,.T.);
#2825=FACE_BOUND('',#2614,.T.);
#2826=FACE_BOUND('',#2615,.T.);
#2827=FACE_BOUND('',#2616,.T.);
#2828=FACE_BOUND('',#2617,.T.);
#2829=FACE_BOUND('',#2618,.T.);
#2830=FACE_BOUND('',#2619,.T.);
#2831=FACE_BOUND('',#2620,.T.);
#2832=FACE_BOUND('',#2621,.T.);
#2833=FACE_BOUND('',#2622,.T.);
#2834=FACE_BOUND('',#2623,.T.);
#2835=FACE_BOUND('',#2624,.T.);
#2836=FACE_BOUND('',#2625,.T.);
#2837=FACE_BOUND('',#2626,.T.);
#2838=FACE_BOUND('',#2627,.T.);
#2839=FACE_BOUND('',#2628,.T.);
#2840=FACE_BOUND('',#2629,.T.);
#2841=FACE_BOUND('',#2630,.T.);
#2842=FACE_BOUND('',#2631,.T.);
#2843=FACE_BOUND('',#2632,.T.);
#2844=FACE_BOUND('',#2633,.T.);
#2845=FACE_BOUND('',#2634,.T.);
#2846=FACE_BOUND('',#2635,.T.);
#2847=FACE_BOUND('',#2636,.T.);
#2848=FACE_BOUND('',#2637,.T.);
#2849=FACE_BOUND('',#2638,.T.);
#2850=FACE_BOUND('',#2639,.T.);
#2851=FACE_BOUND('',#2640,.T.);
#2852=FACE_BOUND('',#2641,.T.);
#2853=FACE_BOUND('',#2642,.T.);
#2854=FACE_BOUND('',#2643,.T.);
#2855=FACE_BOUND('',#2644,.T.);
#2856=FACE_BOUND('',#2645,.T.);
#2857=FACE_BOUND('',#2646,.T.);
#2858=FACE_BOUND('',#2647,.T.);
#2859=FACE_BOUND('',#2648,.T.);
#2860=FACE_BOUND('',#2649,.T.);
#2861=FACE_BOUND('',#2650,.T.);
#2862=FACE_BOUND('',#2651,.T.);
#2863=FACE_BOUND('',#2652,.T.);
#2864=FACE_BOUND('',#2653,.T.);
#2865=FACE_BOUND('',#2654,.T.);
#2866=FACE_BOUND('',#2655,.T.);
#2867=FACE_BOUND('',#2656,.T.);
#2868=FACE_BOUND('',#2657,.T.);
#2869=FACE_BOUND('',#2658,.T.);
#2870=FACE_BOUND('',#2659,.T.);
#2871=FACE_BOUND('',#2660,.T.);
#2872=FACE_BOUND('',#2661,.T.);
#2873=FACE_BOUND('',#2662,.T.);
#2874=FACE_BOUND('',#2663,.T.);
#2875=FACE_BOUND('',#2664,.T.);
#2876=FACE_BOUND('',#2665,.T.);
#2877=FACE_BOUND('',#2666,.T.);
#2878=FACE_BOUND('',#2667,.T.);
#2879=FACE_BOUND('',#2668,.T.);
#2880=FACE_BOUND('',#2669,.T.);
#2881=FACE_BOUND('',#2670,.T.);
#2882=FACE_BOUND('',#2671,.T.);
#2883=FACE_BOUND('',#2672,.T.);
#2884=FACE_BOUND('',#2673,.T.);
#2885=FACE_BOUND('',#2674,.T.);
#2886=FACE_BOUND('',#2675,.T.);
#2887=FACE_BOUND('',#2676,.T.);
#2888=FACE_BOUND('',#2677,.T.);
#2889=FACE_BOUND('',#2678,.T.);
#2890=FACE_BOUND('',#2679,.T.);
#2891=FACE_BOUND('',#2680,.T.);
#2892=FACE_BOUND('',#2681,.T.);
#2893=FACE_BOUND('',#2682,.T.);
#2894=FACE_BOUND('',#2683,.T.);
#2895=FACE_BOUND('',#2684,.T.);
#2896=FACE_BOUND('',#2685,.T.);
#2897=FACE_BOUND('',#2686,.T.);
#2898=FACE_BOUND('',#2687,.T.);
#2899=FACE_BOUND('',#2688,.T.);
#2900=FACE_BOUND('',#2689,.T.);
#2901=FACE_BOUND('',#2690,.T.);
#2902=FACE_BOUND('',#2691,.T.);
#2903=FACE_BOUND('',#2692,.T.);
#2904=FACE_BOUND('',#2693,.T.);
#2905=FACE_BOUND('',#2694,.T.);
#2906=FACE_BOUND('',#2695,.T.);
#2907=FACE_BOUND('',#2696,.T.);
#2908=FACE_BOUND('',#2697,.T.);
#2909=FACE_BOUND('',#2698,.T.);
#2910=FACE_BOUND('',#2699,.T.);
#2911=FACE_BOUND('',#2700,.T.);
#2912=FACE_BOUND('',#2701,.T.);
#2913=FACE_BOUND('',#2702,.T.);
#2914=FACE_BOUND('',#2703,.T.);
#2915=FACE_BOUND('',#2704,.T.);
#2916=FACE_BOUND('',#2705,.T.);
#2917=FACE_BOUND('',#2706,.T.);
#2918=FACE_BOUND('',#2707,.T.);
#2919=FACE_BOUND('',#2708,.T.);
#2920=FACE_BOUND('',#2709,.T.);
#2921=FACE_BOUND('',#2710,.T.);
#2922=FACE_BOUND('',#2711,.T.);
#2923=FACE_BOUND('',#2712,.T.);
#2924=FACE_BOUND('',#2713,.T.);
#2925=FACE_BOUND('',#2714,.T.);
#2926=FACE_BOUND('',#2715,.T.);
#2927=FACE_BOUND('',#2716,.T.);
#2928=FACE_BOUND('',#2717,.T.);
#2929=FACE_BOUND('',#2718,.T.);
#2930=FACE_BOUND('',#2719,.T.);
#2931=FACE_BOUND('',#2720,.T.);
#2932=FACE_BOUND('',#2721,.T.);
#2933=FACE_BOUND('',#2722,.T.);
#2934=FACE_BOUND('',#2723,.T.);
#2935=FACE_BOUND('',#2724,.T.);
#2936=FACE_BOUND('',#2725,.T.);
#2937=FACE_BOUND('',#2726,.T.);
#2938=FACE_BOUND('',#2727,.T.);
#2939=FACE_BOUND('',#2728,.T.);
#2940=FACE_BOUND('',#2729,.T.);
#2941=FACE_BOUND('',#2730,.T.);
#2942=FACE_BOUND('',#2731,.T.);
#2943=FACE_BOUND('',#2732,.T.);
#2944=FACE_BOUND('',#2733,.T.);
#2945=FACE_BOUND('',#2734,.T.);
#2946=FACE_BOUND('',#2735,.T.);
#2947=FACE_BOUND('',#2736,.T.);
#2948=FACE_BOUND('',#2737,.T.);
#2949=FACE_BOUND('',#2738,.T.);
#2950=FACE_BOUND('',#2739,.T.);
#2951=FACE_BOUND('',#2740,.T.);
#2952=FACE_BOUND('',#2741,.T.);
#2953=FACE_BOUND('',#2742,.T.);
#2954=FACE_BOUND('',#2743,.T.);
#2955=FACE_BOUND('',#2744,.T.);
#2956=FACE_BOUND('',#2745,.T.);
#2957=FACE_BOUND('',#2746,.T.);
#2958=FACE_BOUND('',#2747,.T.);
#2959=FACE_BOUND('',#2748,.T.);
#2960=FACE_BOUND('',#2749,.T.);
#2961=FACE_BOUND('',#2750,.T.);
#2962=FACE_BOUND('',#2751,.T.);
#2963=FACE_BOUND('',#2752,.T.);
#2964=FACE_BOUND('',#2753,.T.);
#2965=FACE_BOUND('',#2754,.T.);
#2966=FACE_BOUND('',#2755,.T.);
#2967=FACE_BOUND('',#2756,.T.);
#2968=FACE_BOUND('',#2757,.T.);
#2969=FACE_BOUND('',#2758,.T.);
#2970=FACE_BOUND('',#2759,.T.);
#2971=FACE_BOUND('',#2760,.T.);
#2972=FACE_BOUND('',#2761,.T.);
#2973=FACE_BOUND('',#2762,.T.);
#2974=FACE_BOUND('',#2763,.T.);
#2975=FACE_BOUND('',#2764,.T.);
#2976=FACE_BOUND('',#2765,.T.);
#2977=FACE_BOUND('',#2766,.T.);
#2978=FACE_BOUND('',#2767,.T.);
#2979=FACE_BOUND('',#2768,.T.);
#2980=FACE_BOUND('',#2769,.T.);
#2981=FACE_BOUND('',#2770,.T.);
#2982=FACE_BOUND('',#2771,.T.);
#2983=FACE_BOUND('',#2772,.T.);
#2984=FACE_BOUND('',#2773,.T.);
#2985=FACE_BOUND('',#2774,.T.);
#2986=FACE_BOUND('',#2775,.T.);
#2987=FACE_BOUND('',#2776,.T.);
#2988=FACE_BOUND('',#2777,.T.);
#2989=FACE_BOUND('',#2778,.T.);
#2990=FACE_BOUND('',#2779,.T.);
#2991=FACE_BOUND('',#2780,.T.);
#2992=FACE_BOUND('',#2781,.T.);
#2993=FACE_BOUND('',#2782,.T.);
#2994=FACE_BOUND('',#2783,.T.);
#2995=FACE_BOUND('',#2784,.T.);
#2996=FACE_BOUND('',#2785,.T.);
#2997=FACE_BOUND('',#2786,.T.);
#2998=FACE_BOUND('',#2787,.T.);
#2999=FACE_BOUND('',#2788,.T.);
#3000=FACE_BOUND('',#2789,.T.);
#3001=FACE_BOUND('',#2790,.T.);
#3002=FACE_BOUND('',#2791,.T.);
#3003=FACE_BOUND('',#2792,.T.);
#3004=FACE_BOUND('',#2793,.T.);
#3005=FACE_BOUND('',#2794,.T.);
#3006=FACE_BOUND('',#2795,.T.);
#3007=FACE_BOUND('',#2796,.T.);
#3008=FACE_BOUND('',#2797,.T.);
#3009=FACE_BOUND('',#2798,.T.);
#3010=FACE_BOUND('',#2799,.T.);
#3011=FACE_BOUND('',#2800,.T.);
#3012=FACE_BOUND('',#2801,.T.);
#3013=FACE_BOUND('',#2802,.T.);
#3014=FACE_BOUND('',#2803,.T.);
#3015=FACE_BOUND('',#2804,.T.);
#3016=FACE_BOUND('',#2805,.T.);
#3017=FACE_BOUND('',#2806,.T.);
#3018=FACE_BOUND('',#2807,.T.);
#3019=FACE_BOUND('',#2808,.T.);
#3020=FACE_BOUND('',#2809,.T.);
#3021=FACE_BOUND('',#2810,.T.);
#3022=FACE_BOUND('',#2811,.T.);
#3023=FACE_BOUND('',#2812,.T.);
#3024=FACE_BOUND('',#2813,.T.);
#3025=FACE_BOUND('',#2814,.T.);
#3026=FACE_BOUND('',#2815,.T.);
#3027=FACE_BOUND('',#2816,.T.);
#3028=PLANE('',#3288);
#3029=PLANE('',#3293);
#3030=PLANE('',#3301);
#3031=PLANE('',#3368);
#3032=PLANE('',#3439);
#3033=PLANE('',#3440);
#3034=PLANE('',#3445);
#3035=PLANE('',#3446);
#3036=PLANE('',#3451);
#3037=PLANE('',#3452);
#3038=PLANE('',#3457);
#3039=PLANE('',#3458);
#3040=PLANE('',#3463);
#3041=PLANE('',#3464);
#3042=PLANE('',#3468);
#3043=PLANE('',#3469);
#3044=PLANE('',#3473);
#3045=PLANE('',#3477);
#3046=PLANE('',#3478);
#3047=PLANE('',#3482);
#3048=PLANE('',#3486);
#3049=PLANE('',#3487);
#3050=PLANE('',#3491);
#3051=PLANE('',#3492);
#3052=PLANE('',#3496);
#3053=PLANE('',#3497);
#3054=PLANE('',#3500);
#3055=PLANE('',#3503);
#3056=PLANE('',#3505);
#3057=PLANE('',#3508);
#3058=PLANE('',#3509);
#3059=PLANE('',#3510);
#3060=PLANE('',#3511);
#3061=PLANE('',#3512);
#3062=PLANE('',#3513);
#3063=PLANE('',#3514);
#3064=PLANE('',#3515);
#3065=PLANE('',#3516);
#3066=PLANE('',#3517);
#3067=PLANE('',#3518);
#3068=PLANE('',#3519);
#3069=PLANE('',#3520);
#3070=PLANE('',#3521);
#3071=PLANE('',#3522);
#3072=PLANE('',#3523);
#3073=PLANE('',#3524);
#3074=PLANE('',#3525);
#3075=PLANE('',#3526);
#3076=PLANE('',#3527);
#3077=PLANE('',#3528);
#3078=PLANE('',#3529);
#3079=PLANE('',#3530);
#3080=PLANE('',#3531);
#3081=PLANE('',#3532);
#3082=PLANE('',#3533);
#3083=PLANE('',#3534);
#3084=PLANE('',#3535);
#3085=PLANE('',#3536);
#3086=PLANE('',#3537);
#3087=PLANE('',#3538);
#3088=PLANE('',#3539);
#3089=PLANE('',#3540);
#3090=PLANE('',#3541);
#3091=PLANE('',#3542);
#3092=PLANE('',#3543);
#3093=PLANE('',#3544);
#3094=PLANE('',#3545);
#3095=PLANE('',#3546);
#3096=PLANE('',#3547);
#3097=PLANE('',#3548);
#3098=PLANE('',#3549);
#3099=PLANE('',#3550);
#3100=PLANE('',#3555);
#3101=PLANE('',#3556);
#3102=PLANE('',#3557);
#3103=PLANE('',#3558);
#3104=PLANE('',#3563);
#3105=PLANE('',#3564);
#3106=PLANE('',#3565);
#3107=PLANE('',#3566);
#3108=PLANE('',#3571);
#3109=PLANE('',#3572);
#3110=PLANE('',#3573);
#3111=PLANE('',#3577);
#3112=PLANE('',#3580);
#3113=PLANE('',#3581);
#3114=PLANE('',#3587);
#3115=PLANE('',#3590);
#3116=ADVANCED_FACE('',(#2817,#2818,#2819,#2820,#2821),#3028,.F.);
#3117=ADVANCED_FACE('',(#2822),#3029,.T.);
#3118=ADVANCED_FACE('',(#2823),#14,.F.);
#3119=ADVANCED_FACE('',(#2824,#2825,#2826,#2827,#2828,#2829,#2830,#2831,
#2832,#2833,#2834,#2835,#2836,#2837,#2838,#2839,#2840,#2841,#2842,#2843,
#2844,#2845),#3030,.T.);
#3120=ADVANCED_FACE('',(#2846,#2847,#2848,#2849,#2850,#2851,#2852,#2853,
#2854,#2855,#2856,#2857,#2858,#2859,#2860,#2861,#2862,#2863,#2864,#2865,
#2866,#2867),#3031,.F.);
#3121=ADVANCED_FACE('',(#2868),#15,.T.);
#3122=ADVANCED_FACE('',(#2869),#16,.F.);
#3123=ADVANCED_FACE('',(#2870),#17,.F.);
#3124=ADVANCED_FACE('',(#2871),#18,.T.);
#3125=ADVANCED_FACE('',(#2872),#3032,.T.);
#3126=ADVANCED_FACE('',(#2873),#3033,.F.);
#3127=ADVANCED_FACE('',(#2874),#19,.T.);
#3128=ADVANCED_FACE('',(#2875),#20,.F.);
#3129=ADVANCED_FACE('',(#2876),#21,.F.);
#3130=ADVANCED_FACE('',(#2877),#22,.T.);
#3131=ADVANCED_FACE('',(#2878),#3034,.F.);
#3132=ADVANCED_FACE('',(#2879),#3035,.T.);
#3133=ADVANCED_FACE('',(#2880),#23,.T.);
#3134=ADVANCED_FACE('',(#2881),#24,.F.);
#3135=ADVANCED_FACE('',(#2882),#25,.F.);
#3136=ADVANCED_FACE('',(#2883),#26,.T.);
#3137=ADVANCED_FACE('',(#2884),#3036,.T.);
#3138=ADVANCED_FACE('',(#2885),#3037,.F.);
#3139=ADVANCED_FACE('',(#2886),#27,.T.);
#3140=ADVANCED_FACE('',(#2887),#28,.F.);
#3141=ADVANCED_FACE('',(#2888),#29,.F.);
#3142=ADVANCED_FACE('',(#2889),#30,.T.);
#3143=ADVANCED_FACE('',(#2890),#3038,.T.);
#3144=ADVANCED_FACE('',(#2891),#3039,.F.);
#3145=ADVANCED_FACE('',(#2892),#31,.T.);
#3146=ADVANCED_FACE('',(#2893),#32,.F.);
#3147=ADVANCED_FACE('',(#2894),#33,.F.);
#3148=ADVANCED_FACE('',(#2895),#34,.T.);
#3149=ADVANCED_FACE('',(#2896),#3040,.T.);
#3150=ADVANCED_FACE('',(#2897),#3041,.F.);
#3151=ADVANCED_FACE('',(#2898),#35,.T.);
#3152=ADVANCED_FACE('',(#2899),#36,.F.);
#3153=ADVANCED_FACE('',(#2900),#37,.T.);
#3154=ADVANCED_FACE('',(#2901),#3042,.T.);
#3155=ADVANCED_FACE('',(#2902),#3043,.F.);
#3156=ADVANCED_FACE('',(#2903),#38,.T.);
#3157=ADVANCED_FACE('',(#2904),#39,.F.);
#3158=ADVANCED_FACE('',(#2905),#40,.T.);
#3159=ADVANCED_FACE('',(#2906),#3044,.T.);
#3160=ADVANCED_FACE('',(#2907),#41,.T.);
#3161=ADVANCED_FACE('',(#2908),#42,.F.);
#3162=ADVANCED_FACE('',(#2909),#43,.T.);
#3163=ADVANCED_FACE('',(#2910),#3045,.T.);
#3164=ADVANCED_FACE('',(#2911),#3046,.F.);
#3165=ADVANCED_FACE('',(#2912),#44,.T.);
#3166=ADVANCED_FACE('',(#2913),#45,.F.);
#3167=ADVANCED_FACE('',(#2914),#46,.T.);
#3168=ADVANCED_FACE('',(#2915),#3047,.F.);
#3169=ADVANCED_FACE('',(#2916),#47,.T.);
#3170=ADVANCED_FACE('',(#2917),#48,.F.);
#3171=ADVANCED_FACE('',(#2918),#49,.T.);
#3172=ADVANCED_FACE('',(#2919),#3048,.F.);
#3173=ADVANCED_FACE('',(#2920),#3049,.T.);
#3174=ADVANCED_FACE('',(#2921),#50,.T.);
#3175=ADVANCED_FACE('',(#2922),#51,.F.);
#3176=ADVANCED_FACE('',(#2923),#52,.T.);
#3177=ADVANCED_FACE('',(#2924),#3050,.F.);
#3178=ADVANCED_FACE('',(#2925),#3051,.T.);
#3179=ADVANCED_FACE('',(#2926),#53,.T.);
#3180=ADVANCED_FACE('',(#2927),#54,.F.);
#3181=ADVANCED_FACE('',(#2928),#55,.T.);
#3182=ADVANCED_FACE('',(#2929),#3052,.F.);
#3183=ADVANCED_FACE('',(#2930),#3053,.T.);
#3184=ADVANCED_FACE('',(#2931),#56,.F.);
#3185=ADVANCED_FACE('',(#2932),#57,.T.);
#3186=ADVANCED_FACE('',(#2933),#3054,.F.);
#3187=ADVANCED_FACE('',(#2934),#58,.T.);
#3188=ADVANCED_FACE('',(#2935),#59,.F.);
#3189=ADVANCED_FACE('',(#2936),#3055,.T.);
#3190=ADVANCED_FACE('',(#2937),#60,.T.);
#3191=ADVANCED_FACE('',(#2938),#3056,.F.);
#3192=ADVANCED_FACE('',(#2939),#61,.T.);
#3193=ADVANCED_FACE('',(#2940),#62,.F.);
#3194=ADVANCED_FACE('',(#2941),#3057,.F.);
#3195=ADVANCED_FACE('',(#2942),#3058,.T.);
#3196=ADVANCED_FACE('',(#2943),#3059,.T.);
#3197=ADVANCED_FACE('',(#2944),#3060,.F.);
#3198=ADVANCED_FACE('',(#2945),#3061,.T.);
#3199=ADVANCED_FACE('',(#2946),#3062,.F.);
#3200=ADVANCED_FACE('',(#2947),#3063,.T.);
#3201=ADVANCED_FACE('',(#2948),#3064,.T.);
#3202=ADVANCED_FACE('',(#2949),#3065,.F.);
#3203=ADVANCED_FACE('',(#2950),#3066,.T.);
#3204=ADVANCED_FACE('',(#2951),#3067,.F.);
#3205=ADVANCED_FACE('',(#2952),#3068,.F.);
#3206=ADVANCED_FACE('',(#2953),#3069,.T.);
#3207=ADVANCED_FACE('',(#2954),#3070,.T.);
#3208=ADVANCED_FACE('',(#2955),#3071,.T.);
#3209=ADVANCED_FACE('',(#2956),#3072,.F.);
#3210=ADVANCED_FACE('',(#2957),#3073,.F.);
#3211=ADVANCED_FACE('',(#2958),#3074,.F.);
#3212=ADVANCED_FACE('',(#2959),#3075,.F.);
#3213=ADVANCED_FACE('',(#2960),#3076,.F.);
#3214=ADVANCED_FACE('',(#2961),#3077,.T.);
#3215=ADVANCED_FACE('',(#2962),#3078,.F.);
#3216=ADVANCED_FACE('',(#2963),#3079,.F.);
#3217=ADVANCED_FACE('',(#2964),#3080,.T.);
#3218=ADVANCED_FACE('',(#2965),#3081,.T.);
#3219=ADVANCED_FACE('',(#2966),#3082,.T.);
#3220=ADVANCED_FACE('',(#2967),#3083,.T.);
#3221=ADVANCED_FACE('',(#2968),#3084,.F.);
#3222=ADVANCED_FACE('',(#2969),#3085,.F.);
#3223=ADVANCED_FACE('',(#2970),#3086,.F.);
#3224=ADVANCED_FACE('',(#2971),#3087,.T.);
#3225=ADVANCED_FACE('',(#2972),#3088,.T.);
#3226=ADVANCED_FACE('',(#2973),#3089,.F.);
#3227=ADVANCED_FACE('',(#2974),#3090,.F.);
#3228=ADVANCED_FACE('',(#2975),#3091,.F.);
#3229=ADVANCED_FACE('',(#2976),#3092,.T.);
#3230=ADVANCED_FACE('',(#2977),#3093,.T.);
#3231=ADVANCED_FACE('',(#2978),#3094,.F.);
#3232=ADVANCED_FACE('',(#2979),#3095,.T.);
#3233=ADVANCED_FACE('',(#2980),#3096,.T.);
#3234=ADVANCED_FACE('',(#2981),#3097,.T.);
#3235=ADVANCED_FACE('',(#2982),#3098,.T.);
#3236=ADVANCED_FACE('',(#2983),#3099,.T.);
#3237=ADVANCED_FACE('',(#2984),#63,.F.);
#3238=ADVANCED_FACE('',(#2985),#64,.F.);
#3239=ADVANCED_FACE('',(#2986),#65,.F.);
#3240=ADVANCED_FACE('',(#2987),#66,.F.);
#3241=ADVANCED_FACE('',(#2988),#3100,.T.);
#3242=ADVANCED_FACE('',(#2989),#3101,.T.);
#3243=ADVANCED_FACE('',(#2990),#3102,.T.);
#3244=ADVANCED_FACE('',(#2991),#3103,.T.);
#3245=ADVANCED_FACE('',(#2992),#67,.F.);
#3246=ADVANCED_FACE('',(#2993),#68,.F.);
#3247=ADVANCED_FACE('',(#2994),#69,.F.);
#3248=ADVANCED_FACE('',(#2995),#70,.F.);
#3249=ADVANCED_FACE('',(#2996),#3104,.T.);
#3250=ADVANCED_FACE('',(#2997),#3105,.T.);
#3251=ADVANCED_FACE('',(#2998),#3106,.T.);
#3252=ADVANCED_FACE('',(#2999),#3107,.T.);
#3253=ADVANCED_FACE('',(#3000),#71,.F.);
#3254=ADVANCED_FACE('',(#3001),#72,.F.);
#3255=ADVANCED_FACE('',(#3002),#73,.F.);
#3256=ADVANCED_FACE('',(#3003),#74,.F.);
#3257=ADVANCED_FACE('',(#3004),#3108,.T.);
#3258=ADVANCED_FACE('',(#3005),#3109,.T.);
#3259=ADVANCED_FACE('',(#3006),#3110,.T.);
#3260=ADVANCED_FACE('',(#3007),#75,.F.);
#3261=ADVANCED_FACE('',(#3008),#76,.F.);
#3262=ADVANCED_FACE('',(#3009),#77,.F.);
#3263=ADVANCED_FACE('',(#3010,#3011,#3012),#3111,.F.);
#3264=ADVANCED_FACE('',(#3013),#3112,.T.);
#3265=ADVANCED_FACE('',(#3014),#3113,.T.);
#3266=ADVANCED_FACE('',(#3015),#78,.F.);
#3267=ADVANCED_FACE('',(#3016),#79,.F.);
#3268=ADVANCED_FACE('',(#3017),#80,.F.);
#3269=ADVANCED_FACE('',(#3018,#3019),#81,.F.);
#3270=ADVANCED_FACE('',(#3020),#3114,.T.);
#3271=ADVANCED_FACE('',(#3021,#3022),#82,.F.);
#3272=ADVANCED_FACE('',(#3023),#3115,.T.);
#3273=ADVANCED_FACE('',(#3024,#3025),#83,.F.);
#3274=ADVANCED_FACE('',(#3026,#3027),#84,.F.);
#3275=CLOSED_SHELL('',(#3116,#3117,#3118,#3119,#3120,#3121,#3122,#3123,
#3124,#3125,#3126,#3127,#3128,#3129,#3130,#3131,#3132,#3133,#3134,#3135,
#3136,#3137,#3138,#3139,#3140,#3141,#3142,#3143,#3144,#3145,#3146,#3147,
#3148,#3149,#3150,#3151,#3152,#3153,#3154,#3155,#3156,#3157,#3158,#3159,
#3160,#3161,#3162,#3163,#3164,#3165,#3166,#3167,#3168,#3169,#3170,#3171,
#3172,#3173,#3174,#3175,#3176,#3177,#3178,#3179,#3180,#3181,#3182,#3183,
#3184,#3185,#3186,#3187,#3188,#3189,#3190,#3191,#3192,#3193,#3194,#3195,
#3196,#3197,#3198,#3199,#3200,#3201,#3202,#3203,#3204,#3205,#3206,#3207,
#3208,#3209,#3210,#3211,#3212,#3213,#3214,#3215,#3216,#3217,#3218,#3219,
#3220,#3221,#3222,#3223,#3224,#3225,#3226,#3227,#3228,#3229,#3230,#3231,
#3232,#3233,#3234,#3235,#3236,#3237,#3238,#3239,#3240,#3241,#3242,#3243,
#3244,#3245,#3246,#3247,#3248,#3249,#3250,#3251,#3252,#3253,#3254,#3255,
#3256,#3257,#3258,#3259,#3260,#3261,#3262,#3263,#3264,#3265,#3266,#3267,
#3268,#3269,#3270,#3271,#3272,#3273,#3274));
#3276=STYLED_ITEM('',(#3277),#3284);
#3277=PRESENTATION_STYLE_ASSIGNMENT((#3278));
#3278=SURFACE_STYLE_USAGE(.BOTH.,#3279);
#3279=SURFACE_SIDE_STYLE('',(#3280));
#3280=SURFACE_STYLE_FILL_AREA(#3281);
#3281=FILL_AREA_STYLE('',(#3282));
#3282=FILL_AREA_STYLE_COLOUR('',#3283);
#3283=COLOUR_RGB('',0.231372549019608,0.380392156862745,0.705882352941177);
#3284=MANIFOLD_SOLID_BREP('Part 1',#3275);
#3285=SHAPE_DEFINITION_REPRESENTATION(#5501,#3286);
#3286=SHAPE_REPRESENTATION('Part 1',(#3287),#5496);
#3287=AXIS2_PLACEMENT_3D('',#4528,#3593,#3594);
#3288=AXIS2_PLACEMENT_3D('',#4529,#3595,#3596);
#3289=AXIS2_PLACEMENT_3D('',#4530,#3597,#3598);
#3290=AXIS2_PLACEMENT_3D('',#4532,#3599,#3600);
#3291=AXIS2_PLACEMENT_3D('',#4534,#3601,#3602);
#3292=AXIS2_PLACEMENT_3D('',#4544,#3607,#3608);
#3293=AXIS2_PLACEMENT_3D('',#4546,#3609,#3610);
#3294=AXIS2_PLACEMENT_3D('',#4550,#3612,#3613);
#3295=AXIS2_PLACEMENT_3D('',#4554,#3615,#3616);
#3296=AXIS2_PLACEMENT_3D('',#4566,#3622,#3623);
#3297=AXIS2_PLACEMENT_3D('',#4570,#3625,#3626);
#3298=AXIS2_PLACEMENT_3D('',#4571,#3627,#3628);
#3299=AXIS2_PLACEMENT_3D('',#4594,#3629,#3630);
#3300=AXIS2_PLACEMENT_3D('',#4598,#3632,#3633);
#3301=AXIS2_PLACEMENT_3D('',#4599,#3634,#3635);
#3302=AXIS2_PLACEMENT_3D('',#4600,#3636,#3637);
#3303=AXIS2_PLACEMENT_3D('',#4605,#3639,#3640);
#3304=AXIS2_PLACEMENT_3D('',#4609,#3642,#3643);
#3305=AXIS2_PLACEMENT_3D('',#4612,#3645,#3646);
#3306=AXIS2_PLACEMENT_3D('',#4617,#3648,#3649);
#3307=AXIS2_PLACEMENT_3D('',#4621,#3651,#3652);
#3308=AXIS2_PLACEMENT_3D('',#4625,#3654,#3655);
#3309=AXIS2_PLACEMENT_3D('',#4628,#3657,#3658);
#3310=AXIS2_PLACEMENT_3D('',#4633,#3660,#3661);
#3311=AXIS2_PLACEMENT_3D('',#4637,#3663,#3664);
#3312=AXIS2_PLACEMENT_3D('',#4641,#3666,#3667);
#3313=AXIS2_PLACEMENT_3D('',#4644,#3669,#3670);
#3314=AXIS2_PLACEMENT_3D('',#4649,#3672,#3673);
#3315=AXIS2_PLACEMENT_3D('',#4653,#3675,#3676);
#3316=AXIS2_PLACEMENT_3D('',#4657,#3678,#3679);
#3317=AXIS2_PLACEMENT_3D('',#4663,#3682,#3683);
#3318=AXIS2_PLACEMENT_3D('',#4665,#3684,#3685);
#3319=AXIS2_PLACEMENT_3D('',#4667,#3686,#3687);
#3320=AXIS2_PLACEMENT_3D('',#4669,#3688,#3689);
#3321=AXIS2_PLACEMENT_3D('',#4674,#3692,#3693);
#3322=AXIS2_PLACEMENT_3D('',#4683,#3697,#3698);
#3323=AXIS2_PLACEMENT_3D('',#4685,#3699,#3700);
#3324=AXIS2_PLACEMENT_3D('',#4687,#3701,#3702);
#3325=AXIS2_PLACEMENT_3D('',#4691,#3704,#3705);
#3326=AXIS2_PLACEMENT_3D('',#4693,#3706,#3707);
#3327=AXIS2_PLACEMENT_3D('',#4695,#3708,#3709);
#3328=AXIS2_PLACEMENT_3D('',#4697,#3710,#3711);
#3329=AXIS2_PLACEMENT_3D('',#4705,#3715,#3716);
#3330=AXIS2_PLACEMENT_3D('',#4707,#3717,#3718);
#3331=AXIS2_PLACEMENT_3D('',#4709,#3719,#3720);
#3332=AXIS2_PLACEMENT_3D('',#4711,#3721,#3722);
#3333=AXIS2_PLACEMENT_3D('',#4719,#3726,#3727);
#3334=AXIS2_PLACEMENT_3D('',#4721,#3728,#3729);
#3335=AXIS2_PLACEMENT_3D('',#4723,#3730,#3731);
#3336=AXIS2_PLACEMENT_3D('',#4725,#3732,#3733);
#3337=AXIS2_PLACEMENT_3D('',#4733,#3737,#3738);
#3338=AXIS2_PLACEMENT_3D('',#4735,#3739,#3740);
#3339=AXIS2_PLACEMENT_3D('',#4737,#3741,#3742);
#3340=AXIS2_PLACEMENT_3D('',#4745,#3746,#3747);
#3341=AXIS2_PLACEMENT_3D('',#4747,#3748,#3749);
#3342=AXIS2_PLACEMENT_3D('',#4749,#3750,#3751);
#3343=AXIS2_PLACEMENT_3D('',#4757,#3755,#3756);
#3344=AXIS2_PLACEMENT_3D('',#4759,#3757,#3758);
#3345=AXIS2_PLACEMENT_3D('',#4761,#3759,#3760);
#3346=AXIS2_PLACEMENT_3D('',#4766,#3763,#3764);
#3347=AXIS2_PLACEMENT_3D('',#4773,#3767,#3768);
#3348=AXIS2_PLACEMENT_3D('',#4775,#3769,#3770);
#3349=AXIS2_PLACEMENT_3D('',#4776,#3771,#3772);
#3350=AXIS2_PLACEMENT_3D('',#4785,#3776,#3777);
#3351=AXIS2_PLACEMENT_3D('',#4787,#3778,#3779);
#3352=AXIS2_PLACEMENT_3D('',#4791,#3781,#3782);
#3353=AXIS2_PLACEMENT_3D('',#4793,#3783,#3784);
#3354=AXIS2_PLACEMENT_3D('',#4795,#3785,#3786);
#3355=AXIS2_PLACEMENT_3D('',#4800,#3789,#3790);
#3356=AXIS2_PLACEMENT_3D('',#4811,#3795,#3796);
#3357=AXIS2_PLACEMENT_3D('',#4813,#3797,#3798);
#3358=AXIS2_PLACEMENT_3D('',#4814,#3799,#3800);
#3359=AXIS2_PLACEMENT_3D('',#4825,#3805,#3806);
#3360=AXIS2_PLACEMENT_3D('',#4829,#3808,#3809);
#3361=AXIS2_PLACEMENT_3D('',#4831,#3810,#3811);
#3362=AXIS2_PLACEMENT_3D('',#4833,#3812,#3813);
#3363=AXIS2_PLACEMENT_3D('',#4841,#3817,#3818);
#3364=AXIS2_PLACEMENT_3D('',#4843,#3819,#3820);
#3365=AXIS2_PLACEMENT_3D('',#4883,#3841,#3842);
#3366=AXIS2_PLACEMENT_3D('',#4887,#3844,#3845);
#3367=AXIS2_PLACEMENT_3D('',#4891,#3847,#3848);
#3368=AXIS2_PLACEMENT_3D('',#4894,#3850,#3851);
#3369=AXIS2_PLACEMENT_3D('',#4898,#3853,#3854);
#3370=AXIS2_PLACEMENT_3D('',#4902,#3856,#3857);
#3371=AXIS2_PLACEMENT_3D('',#4905,#3859,#3860);
#3372=AXIS2_PLACEMENT_3D('',#4937,#3877,#3878);
#3373=AXIS2_PLACEMENT_3D('',#4950,#3884,#3885);
#3374=AXIS2_PLACEMENT_3D('',#4951,#3886,#3887);
#3375=AXIS2_PLACEMENT_3D('',#4960,#3891,#3892);
#3376=AXIS2_PLACEMENT_3D('',#4962,#3893,#3894);
#3377=AXIS2_PLACEMENT_3D('',#4966,#3896,#3897);
#3378=AXIS2_PLACEMENT_3D('',#4968,#3898,#3899);
#3379=AXIS2_PLACEMENT_3D('',#4978,#3904,#3905);
#3380=AXIS2_PLACEMENT_3D('',#4980,#3906,#3907);
#3381=AXIS2_PLACEMENT_3D('',#4982,#3908,#3909);
#3382=AXIS2_PLACEMENT_3D('',#4989,#3913,#3914);
#3383=AXIS2_PLACEMENT_3D('',#4998,#3918,#3919);
#3384=AXIS2_PLACEMENT_3D('',#5000,#3920,#3921);
#3385=AXIS2_PLACEMENT_3D('',#5004,#3923,#3924);
#3386=AXIS2_PLACEMENT_3D('',#5006,#3925,#3926);
#3387=AXIS2_PLACEMENT_3D('',#5008,#3927,#3928);
#3388=AXIS2_PLACEMENT_3D('',#5016,#3932,#3933);
#3389=AXIS2_PLACEMENT_3D('',#5018,#3934,#3935);
#3390=AXIS2_PLACEMENT_3D('',#5020,#3936,#3937);
#3391=AXIS2_PLACEMENT_3D('',#5023,#3939,#3940);
#3392=AXIS2_PLACEMENT_3D('',#5032,#3944,#3945);
#3393=AXIS2_PLACEMENT_3D('',#5034,#3946,#3947);
#3394=AXIS2_PLACEMENT_3D('',#5035,#3948,#3949);
#3395=AXIS2_PLACEMENT_3D('',#5044,#3953,#3954);
#3396=AXIS2_PLACEMENT_3D('',#5046,#3955,#3956);
#3397=AXIS2_PLACEMENT_3D('',#5047,#3957,#3958);
#3398=AXIS2_PLACEMENT_3D('',#5056,#3962,#3963);
#3399=AXIS2_PLACEMENT_3D('',#5058,#3964,#3965);
#3400=AXIS2_PLACEMENT_3D('',#5059,#3966,#3967);
#3401=AXIS2_PLACEMENT_3D('',#5068,#3971,#3972);
#3402=AXIS2_PLACEMENT_3D('',#5070,#3973,#3974);
#3403=AXIS2_PLACEMENT_3D('',#5072,#3975,#3976);
#3404=AXIS2_PLACEMENT_3D('',#5073,#3977,#3978);
#3405=AXIS2_PLACEMENT_3D('',#5082,#3982,#3983);
#3406=AXIS2_PLACEMENT_3D('',#5084,#3984,#3985);
#3407=AXIS2_PLACEMENT_3D('',#5086,#3986,#3987);
#3408=AXIS2_PLACEMENT_3D('',#5087,#3988,#3989);
#3409=AXIS2_PLACEMENT_3D('',#5096,#3993,#3994);
#3410=AXIS2_PLACEMENT_3D('',#5098,#3995,#3996);
#3411=AXIS2_PLACEMENT_3D('',#5100,#3997,#3998);
#3412=AXIS2_PLACEMENT_3D('',#5104,#4000,#4001);
#3413=AXIS2_PLACEMENT_3D('',#5106,#4002,#4003);
#3414=AXIS2_PLACEMENT_3D('',#5108,#4004,#4005);
#3415=AXIS2_PLACEMENT_3D('',#5110,#4006,#4007);
#3416=AXIS2_PLACEMENT_3D('',#5115,#4010,#4011);
#3417=AXIS2_PLACEMENT_3D('',#5124,#4015,#4016);
#3418=AXIS2_PLACEMENT_3D('',#5126,#4017,#4018);
#3419=AXIS2_PLACEMENT_3D('',#5128,#4019,#4020);
#3420=AXIS2_PLACEMENT_3D('',#5132,#4022,#4023);
#3421=AXIS2_PLACEMENT_3D('',#5136,#4025,#4026);
#3422=AXIS2_PLACEMENT_3D('',#5140,#4028,#4029);
#3423=AXIS2_PLACEMENT_3D('',#5144,#4031,#4032);
#3424=AXIS2_PLACEMENT_3D('',#5148,#4034,#4035);
#3425=AXIS2_PLACEMENT_3D('',#5152,#4037,#4038);
#3426=AXIS2_PLACEMENT_3D('',#5156,#4040,#4041);
#3427=AXIS2_PLACEMENT_3D('',#5160,#4043,#4044);
#3428=AXIS2_PLACEMENT_3D('',#5164,#4046,#4047);
#3429=AXIS2_PLACEMENT_3D('',#5168,#4049,#4050);
#3430=AXIS2_PLACEMENT_3D('',#5172,#4052,#4053);
#3431=AXIS2_PLACEMENT_3D('',#5176,#4055,#4056);
#3432=AXIS2_PLACEMENT_3D('',#5180,#4058,#4059);
#3433=AXIS2_PLACEMENT_3D('',#5184,#4061,#4062);
#3434=AXIS2_PLACEMENT_3D('',#5188,#4064,#4065);
#3435=AXIS2_PLACEMENT_3D('',#5189,#4066,#4067);
#3436=AXIS2_PLACEMENT_3D('',#5192,#4070,#4071);
#3437=AXIS2_PLACEMENT_3D('',#5194,#4073,#4074);
#3438=AXIS2_PLACEMENT_3D('',#5196,#4076,#4077);
#3439=AXIS2_PLACEMENT_3D('',#5198,#4079,#4080);
#3440=AXIS2_PLACEMENT_3D('',#5200,#4082,#4083);
#3441=AXIS2_PLACEMENT_3D('',#5202,#4085,#4086);
#3442=AXIS2_PLACEMENT_3D('',#5205,#4089,#4090);
#3443=AXIS2_PLACEMENT_3D('',#5207,#4092,#4093);
#3444=AXIS2_PLACEMENT_3D('',#5209,#4095,#4096);
#3445=AXIS2_PLACEMENT_3D('',#5211,#4098,#4099);
#3446=AXIS2_PLACEMENT_3D('',#5213,#4101,#4102);
#3447=AXIS2_PLACEMENT_3D('',#5215,#4104,#4105);
#3448=AXIS2_PLACEMENT_3D('',#5218,#4108,#4109);
#3449=AXIS2_PLACEMENT_3D('',#5220,#4111,#4112);
#3450=AXIS2_PLACEMENT_3D('',#5222,#4114,#4115);
#3451=AXIS2_PLACEMENT_3D('',#5224,#4117,#4118);
#3452=AXIS2_PLACEMENT_3D('',#5226,#4120,#4121);
#3453=AXIS2_PLACEMENT_3D('',#5228,#4123,#4124);
#3454=AXIS2_PLACEMENT_3D('',#5231,#4127,#4128);
#3455=AXIS2_PLACEMENT_3D('',#5233,#4130,#4131);
#3456=AXIS2_PLACEMENT_3D('',#5235,#4133,#4134);
#3457=AXIS2_PLACEMENT_3D('',#5237,#4136,#4137);
#3458=AXIS2_PLACEMENT_3D('',#5239,#4139,#4140);
#3459=AXIS2_PLACEMENT_3D('',#5241,#4142,#4143);
#3460=AXIS2_PLACEMENT_3D('',#5244,#4146,#4147);
#3461=AXIS2_PLACEMENT_3D('',#5246,#4149,#4150);
#3462=AXIS2_PLACEMENT_3D('',#5248,#4152,#4153);
#3463=AXIS2_PLACEMENT_3D('',#5250,#4155,#4156);
#3464=AXIS2_PLACEMENT_3D('',#5252,#4158,#4159);
#3465=AXIS2_PLACEMENT_3D('',#5254,#4161,#4162);
#3466=AXIS2_PLACEMENT_3D('',#5257,#4165,#4166);
#3467=AXIS2_PLACEMENT_3D('',#5259,#4168,#4169);
#3468=AXIS2_PLACEMENT_3D('',#5261,#4171,#4172);
#3469=AXIS2_PLACEMENT_3D('',#5263,#4174,#4175);
#3470=AXIS2_PLACEMENT_3D('',#5265,#4177,#4178);
#3471=AXIS2_PLACEMENT_3D('',#5268,#4181,#4182);
#3472=AXIS2_PLACEMENT_3D('',#5270,#4184,#4185);
#3473=AXIS2_PLACEMENT_3D('',#5272,#4187,#4188);
#3474=AXIS2_PLACEMENT_3D('',#5274,#4190,#4191);
#3475=AXIS2_PLACEMENT_3D('',#5277,#4194,#4195);
#3476=AXIS2_PLACEMENT_3D('',#5279,#4197,#4198);
#3477=AXIS2_PLACEMENT_3D('',#5281,#4200,#4201);
#3478=AXIS2_PLACEMENT_3D('',#5283,#4203,#4204);
#3479=AXIS2_PLACEMENT_3D('',#5285,#4206,#4207);
#3480=AXIS2_PLACEMENT_3D('',#5288,#4210,#4211);
#3481=AXIS2_PLACEMENT_3D('',#5290,#4213,#4214);
#3482=AXIS2_PLACEMENT_3D('',#5292,#4216,#4217);
#3483=AXIS2_PLACEMENT_3D('',#5294,#4219,#4220);
#3484=AXIS2_PLACEMENT_3D('',#5297,#4223,#4224);
#3485=AXIS2_PLACEMENT_3D('',#5299,#4226,#4227);
#3486=AXIS2_PLACEMENT_3D('',#5301,#4229,#4230);
#3487=AXIS2_PLACEMENT_3D('',#5303,#4232,#4233);
#3488=AXIS2_PLACEMENT_3D('',#5305,#4235,#4236);
#3489=AXIS2_PLACEMENT_3D('',#5308,#4239,#4240);
#3490=AXIS2_PLACEMENT_3D('',#5310,#4242,#4243);
#3491=AXIS2_PLACEMENT_3D('',#5312,#4245,#4246);
#3492=AXIS2_PLACEMENT_3D('',#5314,#4248,#4249);
#3493=AXIS2_PLACEMENT_3D('',#5316,#4251,#4252);
#3494=AXIS2_PLACEMENT_3D('',#5319,#4255,#4256);
#3495=AXIS2_PLACEMENT_3D('',#5321,#4258,#4259);
#3496=AXIS2_PLACEMENT_3D('',#5323,#4261,#4262);
#3497=AXIS2_PLACEMENT_3D('',#5325,#4264,#4265);
#3498=AXIS2_PLACEMENT_3D('',#5327,#4267,#4268);
#3499=AXIS2_PLACEMENT_3D('',#5330,#4271,#4272);
#3500=AXIS2_PLACEMENT_3D('',#5332,#4274,#4275);
#3501=AXIS2_PLACEMENT_3D('',#5334,#4277,#4278);
#3502=AXIS2_PLACEMENT_3D('',#5337,#4281,#4282);
#3503=AXIS2_PLACEMENT_3D('',#5339,#4284,#4285);
#3504=AXIS2_PLACEMENT_3D('',#5341,#4287,#4288);
#3505=AXIS2_PLACEMENT_3D('',#5343,#4290,#4291);
#3506=AXIS2_PLACEMENT_3D('',#5345,#4293,#4294);
#3507=AXIS2_PLACEMENT_3D('',#5348,#4297,#4298);
#3508=AXIS2_PLACEMENT_3D('',#5350,#4300,#4301);
#3509=AXIS2_PLACEMENT_3D('',#5352,#4303,#4304);
#3510=AXIS2_PLACEMENT_3D('',#5354,#4306,#4307);
#3511=AXIS2_PLACEMENT_3D('',#5356,#4309,#4310);
#3512=AXIS2_PLACEMENT_3D('',#5357,#4311,#4312);
#3513=AXIS2_PLACEMENT_3D('',#5359,#4314,#4315);
#3514=AXIS2_PLACEMENT_3D('',#5361,#4317,#4318);
#3515=AXIS2_PLACEMENT_3D('',#5363,#4320,#4321);
#3516=AXIS2_PLACEMENT_3D('',#5365,#4323,#4324);
#3517=AXIS2_PLACEMENT_3D('',#5367,#4326,#4327);
#3518=AXIS2_PLACEMENT_3D('',#5368,#4328,#4329);
#3519=AXIS2_PLACEMENT_3D('',#5369,#4330,#4331);
#3520=AXIS2_PLACEMENT_3D('',#5370,#4332,#4333);
#3521=AXIS2_PLACEMENT_3D('',#5371,#4334,#4335);
#3522=AXIS2_PLACEMENT_3D('',#5373,#4337,#4338);
#3523=AXIS2_PLACEMENT_3D('',#5374,#4339,#4340);
#3524=AXIS2_PLACEMENT_3D('',#5375,#4341,#4342);
#3525=AXIS2_PLACEMENT_3D('',#5376,#4343,#4344);
#3526=AXIS2_PLACEMENT_3D('',#5377,#4345,#4346);
#3527=AXIS2_PLACEMENT_3D('',#5378,#4347,#4348);
#3528=AXIS2_PLACEMENT_3D('',#5379,#4349,#4350);
#3529=AXIS2_PLACEMENT_3D('',#5381,#4352,#4353);
#3530=AXIS2_PLACEMENT_3D('',#5383,#4355,#4356);
#3531=AXIS2_PLACEMENT_3D('',#5386,#4359,#4360);
#3532=AXIS2_PLACEMENT_3D('',#5389,#4363,#4364);
#3533=AXIS2_PLACEMENT_3D('',#5391,#4366,#4367);
#3534=AXIS2_PLACEMENT_3D('',#5393,#4369,#4370);
#3535=AXIS2_PLACEMENT_3D('',#5395,#4372,#4373);
#3536=AXIS2_PLACEMENT_3D('',#5397,#4375,#4376);
#3537=AXIS2_PLACEMENT_3D('',#5398,#4377,#4378);
#3538=AXIS2_PLACEMENT_3D('',#5400,#4380,#4381);
#3539=AXIS2_PLACEMENT_3D('',#5402,#4383,#4384);
#3540=AXIS2_PLACEMENT_3D('',#5404,#4386,#4387);
#3541=AXIS2_PLACEMENT_3D('',#5406,#4389,#4390);
#3542=AXIS2_PLACEMENT_3D('',#5407,#4391,#4392);
#3543=AXIS2_PLACEMENT_3D('',#5408,#4393,#4394);
#3544=AXIS2_PLACEMENT_3D('',#5409,#4395,#4396);
#3545=AXIS2_PLACEMENT_3D('',#5410,#4397,#4398);
#3546=AXIS2_PLACEMENT_3D('',#5411,#4399,#4400);
#3547=AXIS2_PLACEMENT_3D('',#5412,#4401,#4402);
#3548=AXIS2_PLACEMENT_3D('',#5415,#4405,#4406);
#3549=AXIS2_PLACEMENT_3D('',#5418,#4409,#4410);
#3550=AXIS2_PLACEMENT_3D('',#5421,#4413,#4414);
#3551=AXIS2_PLACEMENT_3D('',#5424,#4417,#4418);
#3552=AXIS2_PLACEMENT_3D('',#5425,#4419,#4420);
#3553=AXIS2_PLACEMENT_3D('',#5426,#4421,#4422);
#3554=AXIS2_PLACEMENT_3D('',#5427,#4423,#4424);
#3555=AXIS2_PLACEMENT_3D('',#5428,#4425,#4426);
#3556=AXIS2_PLACEMENT_3D('',#5431,#4429,#4430);
#3557=AXIS2_PLACEMENT_3D('',#5434,#4433,#4434);
#3558=AXIS2_PLACEMENT_3D('',#5437,#4437,#4438);
#3559=AXIS2_PLACEMENT_3D('',#5440,#4441,#4442);
#3560=AXIS2_PLACEMENT_3D('',#5441,#4443,#4444);
#3561=AXIS2_PLACEMENT_3D('',#5442,#4445,#4446);
#3562=AXIS2_PLACEMENT_3D('',#5443,#4447,#4448);
#3563=AXIS2_PLACEMENT_3D('',#5444,#4449,#4450);
#3564=AXIS2_PLACEMENT_3D('',#5447,#4453,#4454);
#3565=AXIS2_PLACEMENT_3D('',#5450,#4457,#4458);
#3566=AXIS2_PLACEMENT_3D('',#5453,#4461,#4462);
#3567=AXIS2_PLACEMENT_3D('',#5456,#4465,#4466);
#3568=AXIS2_PLACEMENT_3D('',#5457,#4467,#4468);
#3569=AXIS2_PLACEMENT_3D('',#5458,#4469,#4470);
#3570=AXIS2_PLACEMENT_3D('',#5459,#4471,#4472);
#3571=AXIS2_PLACEMENT_3D('',#5460,#4473,#4474);
#3572=AXIS2_PLACEMENT_3D('',#5463,#4477,#4478);
#3573=AXIS2_PLACEMENT_3D('',#5466,#4481,#4482);
#3574=AXIS2_PLACEMENT_3D('',#5469,#4485,#4486);
#3575=AXIS2_PLACEMENT_3D('',#5470,#4487,#4488);
#3576=AXIS2_PLACEMENT_3D('',#5471,#4489,#4490);
#3577=AXIS2_PLACEMENT_3D('',#5472,#4491,#4492);
#3578=AXIS2_PLACEMENT_3D('',#5473,#4493,#4494);
#3579=AXIS2_PLACEMENT_3D('',#5475,#4495,#4496);
#3580=AXIS2_PLACEMENT_3D('',#5478,#4498,#4499);
#3581=AXIS2_PLACEMENT_3D('',#5481,#4502,#4503);
#3582=AXIS2_PLACEMENT_3D('',#5484,#4506,#4507);
#3583=AXIS2_PLACEMENT_3D('',#5485,#4508,#4509);
#3584=AXIS2_PLACEMENT_3D('',#5486,#4510,#4511);
#3585=AXIS2_PLACEMENT_3D('',#5487,#4512,#4513);
#3586=AXIS2_PLACEMENT_3D('',#5488,#4514,#4515);
#3587=AXIS2_PLACEMENT_3D('',#5489,#4516,#4517);
#3588=AXIS2_PLACEMENT_3D('',#5490,#4518,#4519);
#3589=AXIS2_PLACEMENT_3D('',#5491,#4520,#4521);
#3590=AXIS2_PLACEMENT_3D('',#5492,#4522,#4523);
#3591=AXIS2_PLACEMENT_3D('',#5493,#4524,#4525);
#3592=AXIS2_PLACEMENT_3D('',#5494,#4526,#4527);
#3593=DIRECTION('',(0.,0.,1.));
#3594=DIRECTION('',(1.,0.,0.));
#3595=DIRECTION('',(-0.989771693248738,0.142660419330401,0.));
#3596=DIRECTION('',(-0.142660419330401,-0.989771693248738,0.));
#3597=DIRECTION('',(0.989771693248738,-0.142660419330401,0.));
#3598=DIRECTION('',(0.142660419330401,0.989771693248738,0.));
#3599=DIRECTION('',(0.989771693248738,-0.142660419330401,0.));
#3600=DIRECTION('',(0.142660419330401,0.989771693248738,0.));
#3601=DIRECTION('',(0.989771693248738,-0.142660419330401,0.));
#3602=DIRECTION('',(0.142660419330401,0.989771693248738,0.));
#3603=DIRECTION('',(0.142660419330401,0.989771693248738,0.));
#3604=DIRECTION('',(0.,0.,-1.));
#3605=DIRECTION('',(0.142660419330401,0.989771693248738,0.));
#3606=DIRECTION('',(0.,0.,-1.));
#3607=DIRECTION('',(-0.989771693248738,0.142660419330401,0.));
#3608=DIRECTION('',(0.142660419330401,0.989771693248738,0.));
#3609=DIRECTION('',(0.37434306262736,0.927290284356937,0.));
#3610=DIRECTION('',(-0.927290284356937,0.37434306262736,0.));
#3611=DIRECTION('',(0.,0.,-1.));
#3612=DIRECTION('',(0.37434306262736,0.927290284356937,0.));
#3613=DIRECTION('',(0.927290284356937,-0.37434306262736,0.));
#3614=DIRECTION('',(0.,0.,-1.));
#3615=DIRECTION('',(0.37434306262736,0.927290284356937,0.));
#3616=DIRECTION('',(0.927290284356937,-0.37434306262736,0.));
#3617=DIRECTION('',(0.,0.,-1.));
#3618=DIRECTION('',(-0.927290284356937,0.37434306262736,0.));
#3619=DIRECTION('',(0.,0.,1.));
#3620=DIRECTION('',(-0.927290284356937,0.37434306262736,0.));
#3621=DIRECTION('',(0.,0.,-1.));
#3622=DIRECTION('',(0.37434306262736,0.927290284356937,0.));
#3623=DIRECTION('',(0.927290284356937,-0.37434306262736,0.));
#3624=DIRECTION('',(0.,0.,-1.));
#3625=DIRECTION('',(0.37434306262736,0.927290284356937,0.));
#3626=DIRECTION('',(0.927290284356937,-0.37434306262736,0.));
#3627=DIRECTION('',(0.,0.,1.));
#3628=DIRECTION('',(1.,0.,0.));
#3629=DIRECTION('',(0.,0.,1.));
#3630=DIRECTION('',(1.,0.,0.));
#3631=DIRECTION('',(0.,0.,-1.));
#3632=DIRECTION('',(0.,0.,1.));
#3633=DIRECTION('',(1.,0.,0.));
#3634=DIRECTION('',(0.,0.,1.));
#3635=DIRECTION('',(1.,0.,0.));
#3636=DIRECTION('',(0.,0.,1.));
#3637=DIRECTION('',(1.,0.,0.));
#3638=DIRECTION('',(0.,-1.,0.));
#3639=DIRECTION('',(0.,0.,1.));
#3640=DIRECTION('',(1.,0.,0.));
#3641=DIRECTION('',(-0.927290284356937,0.37434306262736,0.));
#3642=DIRECTION('',(0.,0.,1.));
#3643=DIRECTION('',(1.,0.,0.));
#3644=DIRECTION('',(1.,7.11869515805915E-9,0.));
#3645=DIRECTION('',(0.,0.,1.));
#3646=DIRECTION('',(1.,0.,0.));
#3647=DIRECTION('',(1.,7.74271591636513E-16,0.));
#3648=DIRECTION('',(0.,0.,1.));
#3649=DIRECTION('',(1.,0.,0.));
#3650=DIRECTION('',(0.,-1.,0.));
#3651=DIRECTION('',(0.,0.,1.));
#3652=DIRECTION('',(1.,0.,0.));
#3653=DIRECTION('',(-0.927290284356937,0.37434306262736,0.));
#3654=DIRECTION('',(0.,0.,1.));
#3655=DIRECTION('',(1.,0.,0.));
#3656=DIRECTION('',(0.,1.,0.));
#3657=DIRECTION('',(0.,0.,1.));
#3658=DIRECTION('',(1.,0.,0.));
#3659=DIRECTION('',(1.,7.74271417416149E-16,0.));
#3660=DIRECTION('',(0.,0.,1.));
#3661=DIRECTION('',(1.,0.,0.));
#3662=DIRECTION('',(0.,-1.,0.));
#3663=DIRECTION('',(0.,0.,1.));
#3664=DIRECTION('',(1.,0.,0.));
#3665=DIRECTION('',(-0.927290284356937,0.37434306262736,0.));
#3666=DIRECTION('',(0.,0.,1.));
#3667=DIRECTION('',(1.,0.,0.));
#3668=DIRECTION('',(0.,1.,0.));
#3669=DIRECTION('',(0.,0.,1.));
#3670=DIRECTION('',(1.,0.,0.));
#3671=DIRECTION('',(0.999999999999865,-5.19767604798263E-7,0.));
#3672=DIRECTION('',(0.,0.,1.));
#3673=DIRECTION('',(1.,0.,0.));
#3674=DIRECTION('',(4.00832934675005E-16,-1.,0.));
#3675=DIRECTION('',(0.,0.,1.));
#3676=DIRECTION('',(1.,0.,0.));
#3677=DIRECTION('',(-0.927290284356937,0.37434306262736,0.));
#3678=DIRECTION('',(0.,0.,1.));
#3679=DIRECTION('',(1.,0.,0.));
#3680=DIRECTION('',(0.,1.,0.));
#3681=DIRECTION('',(0.,1.,0.));
#3682=DIRECTION('',(0.,0.,1.));
#3683=DIRECTION('',(1.,0.,0.));
#3684=DIRECTION('',(0.,0.,1.));
#3685=DIRECTION('',(1.,0.,0.));
#3686=DIRECTION('',(0.,0.,-1.));
#3687=DIRECTION('',(1.,0.,0.));
#3688=DIRECTION('',(0.,0.,-1.));
#3689=DIRECTION('',(1.,0.,0.));
#3690=DIRECTION('',(0.,1.,0.));
#3691=DIRECTION('',(1.,0.,0.));
#3692=DIRECTION('',(0.,0.,-1.));
#3693=DIRECTION('',(1.,0.,0.));
#3694=DIRECTION('',(0.,1.,0.));
#3695=DIRECTION('',(1.,0.,0.));
#3696=DIRECTION('',(0.,1.,0.));
#3697=DIRECTION('',(0.,0.,1.));
#3698=DIRECTION('',(1.,0.,0.));
#3699=DIRECTION('',(0.,0.,1.));
#3700=DIRECTION('',(1.,0.,0.));
#3701=DIRECTION('',(0.,0.,-1.));
#3702=DIRECTION('',(1.,0.,0.));
#3703=DIRECTION('',(0.,1.,0.));
#3704=DIRECTION('',(0.,0.,-1.));
#3705=DIRECTION('',(1.,0.,0.));
#3706=DIRECTION('',(0.,0.,1.));
#3707=DIRECTION('',(1.,0.,0.));
#3708=DIRECTION('',(0.,0.,-1.));
#3709=DIRECTION('',(1.,0.,0.));
#3710=DIRECTION('',(0.,0.,1.));
#3711=DIRECTION('',(1.,0.,0.));
#3712=DIRECTION('',(0.,1.,0.));
#3713=DIRECTION('',(1.,0.,0.));
#3714=DIRECTION('',(0.,1.,0.));
#3715=DIRECTION('',(0.,0.,-1.));
#3716=DIRECTION('',(1.,0.,0.));
#3717=DIRECTION('',(0.,0.,1.));
#3718=DIRECTION('',(1.,0.,0.));
#3719=DIRECTION('',(0.,0.,-1.));
#3720=DIRECTION('',(1.,0.,0.));
#3721=DIRECTION('',(0.,0.,1.));
#3722=DIRECTION('',(1.,0.,0.));
#3723=DIRECTION('',(0.,1.,0.));
#3724=DIRECTION('',(1.,0.,0.));
#3725=DIRECTION('',(0.,1.,0.));
#3726=DIRECTION('',(0.,0.,-1.));
#3727=DIRECTION('',(1.,0.,0.));
#3728=DIRECTION('',(0.,0.,1.));
#3729=DIRECTION('',(1.,0.,0.));
#3730=DIRECTION('',(0.,0.,-1.));
#3731=DIRECTION('',(1.,0.,0.));
#3732=DIRECTION('',(0.,0.,1.));
#3733=DIRECTION('',(1.,0.,0.));
#3734=DIRECTION('',(0.,1.,0.));
#3735=DIRECTION('',(1.,0.,0.));
#3736=DIRECTION('',(0.,-1.,0.));
#3737=DIRECTION('',(0.,0.,1.));
#3738=DIRECTION('',(1.,0.,0.));
#3739=DIRECTION('',(0.,0.,-1.));
#3740=DIRECTION('',(1.,0.,0.));
#3741=DIRECTION('',(0.,0.,-1.));
#3742=DIRECTION('',(1.,0.,0.));
#3743=DIRECTION('',(0.,-1.,0.));
#3744=DIRECTION('',(1.,7.74271417416149E-16,0.));
#3745=DIRECTION('',(0.,-1.,0.));
#3746=DIRECTION('',(0.,0.,1.));
#3747=DIRECTION('',(1.,0.,0.));
#3748=DIRECTION('',(0.,0.,-1.));
#3749=DIRECTION('',(1.,0.,0.));
#3750=DIRECTION('',(0.,0.,-1.));
#3751=DIRECTION('',(1.,0.,0.));
#3752=DIRECTION('',(-0.142659982008618,-0.989771756281872,0.));
#3753=DIRECTION('',(0.999999999999865,-5.19767604798263E-7,0.));
#3754=DIRECTION('',(0.,-1.,0.));
#3755=DIRECTION('',(0.,0.,1.));
#3756=DIRECTION('',(1.,0.,0.));
#3757=DIRECTION('',(0.,0.,-1.));
#3758=DIRECTION('',(1.,0.,0.));
#3759=DIRECTION('',(0.,0.,-1.));
#3760=DIRECTION('',(1.,0.,0.));
#3761=DIRECTION('',(0.,-1.,0.));
#3762=DIRECTION('',(1.,7.11869515805915E-9,0.));
#3763=DIRECTION('',(0.,0.,-1.));
#3764=DIRECTION('',(1.,0.,0.));
#3765=DIRECTION('',(0.,-1.,0.));
#3766=DIRECTION('',(-0.927290284356938,0.374343062627357,0.));
#3767=DIRECTION('',(0.,0.,1.));
#3768=DIRECTION('',(1.,0.,0.));
#3769=DIRECTION('',(0.,0.,-1.));
#3770=DIRECTION('',(1.,0.,0.));
#3771=DIRECTION('',(0.,0.,-1.));
#3772=DIRECTION('',(1.,0.,0.));
#3773=DIRECTION('',(0.,-1.,0.));
#3774=DIRECTION('',(1.,7.74271591636513E-16,0.));
#3775=DIRECTION('',(0.,-1.,0.));
#3776=DIRECTION('',(0.,0.,1.));
#3777=DIRECTION('',(1.,0.,0.));
#3778=DIRECTION('',(0.,0.,1.));
#3779=DIRECTION('',(1.,0.,0.));
#3780=DIRECTION('',(0.,-1.,0.));
#3781=DIRECTION('',(0.,0.,1.));
#3782=DIRECTION('',(1.,0.,0.));
#3783=DIRECTION('',(0.,0.,1.));
#3784=DIRECTION('',(1.,0.,0.));
#3785=DIRECTION('',(0.,0.,-1.));
#3786=DIRECTION('',(1.,0.,0.));
#3787=DIRECTION('',(0.,-1.,0.));
#3788=DIRECTION('',(0.999999999999865,-5.19767604798263E-7,0.));
#3789=DIRECTION('',(0.,0.,-1.));
#3790=DIRECTION('',(1.,0.,0.));
#3791=DIRECTION('',(0.,-1.,0.));
#3792=DIRECTION('',(1.,7.11869511279595E-9,0.));
#3793=DIRECTION('',(-0.927290284356938,0.374343062627357,0.));
#3794=DIRECTION('',(0.,-1.,0.));
#3795=DIRECTION('',(0.,0.,1.));
#3796=DIRECTION('',(1.,0.,0.));
#3797=DIRECTION('',(0.,0.,1.));
#3798=DIRECTION('',(1.,0.,0.));
#3799=DIRECTION('',(0.,0.,-1.));
#3800=DIRECTION('',(1.,0.,0.));
#3801=DIRECTION('',(0.,1.,0.));
#3802=DIRECTION('',(1.,0.,0.));
#3803=DIRECTION('',(-0.142660252944566,-0.989771717230692,0.));
#3804=DIRECTION('',(-0.142659982008618,-0.989771756281872,0.));
#3805=DIRECTION('',(0.,0.,-1.));
#3806=DIRECTION('',(1.,0.,0.));
#3807=DIRECTION('',(0.,1.,0.));
#3808=DIRECTION('',(0.,0.,1.));
#3809=DIRECTION('',(1.,0.,0.));
#3810=DIRECTION('',(0.,0.,1.));
#3811=DIRECTION('',(1.,0.,0.));
#3812=DIRECTION('',(0.,0.,-1.));
#3813=DIRECTION('',(1.,0.,0.));
#3814=DIRECTION('',(0.,1.,0.));
#3815=DIRECTION('',(1.,0.,0.));
#3816=DIRECTION('',(0.,1.,0.));
#3817=DIRECTION('',(0.,0.,-1.));
#3818=DIRECTION('',(1.,0.,0.));
#3819=DIRECTION('',(0.,0.,1.));
#3820=DIRECTION('',(1.,0.,0.));
#3821=DIRECTION('',(-0.61271426252487,-0.790304518839798,0.));
#3822=DIRECTION('',(-0.927290284356938,0.374343062627357,0.));
#3823=DIRECTION('',(-5.6925347762371E-9,1.,0.));
#3824=DIRECTION('',(1.,0.,0.));
#3825=DIRECTION('',(-0.142659982008618,-0.989771756281872,0.));
#3826=DIRECTION('',(-0.142660252944566,-0.989771717230692,0.));
#3827=DIRECTION('',(1.,8.75624204912392E-9,0.));
#3828=DIRECTION('',(1.,8.75624142029779E-9,0.));
#3829=DIRECTION('',(1.,8.75624122735893E-9,0.));
#3830=DIRECTION('',(1.,8.75624653043347E-9,0.));
#3831=DIRECTION('',(1.,8.75624122361512E-9,0.));
#3832=DIRECTION('',(-0.927290284356939,0.374343062627355,0.));
#3833=DIRECTION('',(-0.927290284356938,0.374343062627357,0.));
#3834=DIRECTION('',(-0.927290284356938,0.374343062627357,0.));
#3835=DIRECTION('',(1.,5.69253055195759E-9,0.));
#3836=DIRECTION('',(5.69286721904604E-9,-1.,0.));
#3837=DIRECTION('',(-0.927290284356937,0.37434306262736,0.));
#3838=DIRECTION('',(-5.69253903782642E-9,1.,0.));
#3839=DIRECTION('',(-0.927290284356938,0.374343062627357,0.));
#3840=DIRECTION('',(1.,0.,0.));
#3841=DIRECTION('',(0.,0.,1.));
#3842=DIRECTION('',(1.,0.,0.));
#3843=DIRECTION('',(-4.00832934675005E-16,1.,0.));
#3844=DIRECTION('',(0.,0.,1.));
#3845=DIRECTION('',(1.,0.,0.));
#3846=DIRECTION('',(0.999999999999865,-5.19767604798263E-7,0.));
#3847=DIRECTION('',(0.,0.,1.));
#3848=DIRECTION('',(1.,0.,0.));
#3849=DIRECTION('',(-0.142660419330401,-0.989771693248738,0.));
#3850=DIRECTION('',(0.,0.,1.));
#3851=DIRECTION('',(1.,0.,0.));
#3852=DIRECTION('',(0.999999999999865,-5.19767604798263E-7,0.));
#3853=DIRECTION('',(0.,0.,1.));
#3854=DIRECTION('',(1.,0.,0.));
#3855=DIRECTION('',(-4.00832934675005E-16,1.,0.));
#3856=DIRECTION('',(0.,0.,1.));
#3857=DIRECTION('',(1.,0.,0.));
#3858=DIRECTION('',(0.142660419330401,0.989771693248738,0.));
#3859=DIRECTION('',(0.,0.,1.));
#3860=DIRECTION('',(1.,0.,0.));
#3861=DIRECTION('',(-0.927290284356938,0.374343062627357,0.));
#3862=DIRECTION('',(-5.69253903782642E-9,1.,0.));
#3863=DIRECTION('',(1.,0.,0.));
#3864=DIRECTION('',(-0.142659982008618,-0.989771756281872,0.));
#3865=DIRECTION('',(-0.927290284356937,0.37434306262736,0.));
#3866=DIRECTION('',(5.69286721904604E-9,-1.,0.));
#3867=DIRECTION('',(1.,5.69253055195759E-9,0.));
#3868=DIRECTION('',(-0.927290284356938,0.374343062627357,0.));
#3869=DIRECTION('',(-0.927290284356938,0.374343062627357,0.));
#3870=DIRECTION('',(-0.927290284356939,0.374343062627355,0.));
#3871=DIRECTION('',(1.,8.75624122361512E-9,0.));
#3872=DIRECTION('',(1.,8.75624653043347E-9,0.));
#3873=DIRECTION('',(1.,8.75624122735893E-9,0.));
#3874=DIRECTION('',(1.,8.75624142029779E-9,0.));
#3875=DIRECTION('',(1.,8.75624204912392E-9,0.));
#3876=DIRECTION('',(-0.142660252944566,-0.989771717230692,0.));
#3877=DIRECTION('',(0.,0.,-1.));
#3878=DIRECTION('',(1.,0.,0.));
#3879=DIRECTION('',(0.,1.,0.));
#3880=DIRECTION('',(1.,0.,0.));
#3881=DIRECTION('',(-5.6925347762371E-9,1.,0.));
#3882=DIRECTION('',(-0.927290284356938,0.374343062627357,0.));
#3883=DIRECTION('',(-0.61271426252487,-0.790304518839798,0.));
#3884=DIRECTION('',(0.,0.,1.));
#3885=DIRECTION('',(1.,0.,0.));
#3886=DIRECTION('',(0.,0.,1.));
#3887=DIRECTION('',(1.,0.,0.));
#3888=DIRECTION('',(0.,1.,0.));
#3889=DIRECTION('',(1.,0.,0.));
#3890=DIRECTION('',(0.,1.,0.));
#3891=DIRECTION('',(0.,0.,-1.));
#3892=DIRECTION('',(1.,0.,0.));
#3893=DIRECTION('',(0.,0.,1.));
#3894=DIRECTION('',(1.,0.,0.));
#3895=DIRECTION('',(0.,1.,0.));
#3896=DIRECTION('',(0.,0.,-1.));
#3897=DIRECTION('',(1.,0.,0.));
#3898=DIRECTION('',(0.,0.,-1.));
#3899=DIRECTION('',(1.,0.,0.));
#3900=DIRECTION('',(-0.142659982008618,-0.989771756281872,0.));
#3901=DIRECTION('',(-0.142660252944566,-0.989771717230692,0.));
#3902=DIRECTION('',(1.,0.,0.));
#3903=DIRECTION('',(0.,-1.,0.));
#3904=DIRECTION('',(0.,0.,-1.));
#3905=DIRECTION('',(1.,0.,0.));
#3906=DIRECTION('',(0.,0.,1.));
#3907=DIRECTION('',(1.,0.,0.));
#3908=DIRECTION('',(0.,0.,1.));
#3909=DIRECTION('',(1.,0.,0.));
#3910=DIRECTION('',(0.,-1.,0.));
#3911=DIRECTION('',(-0.927290284356938,0.374343062627357,0.));
#3912=DIRECTION('',(1.,7.11869511279595E-9,0.));
#3913=DIRECTION('',(0.,0.,1.));
#3914=DIRECTION('',(1.,0.,0.));
#3915=DIRECTION('',(0.,-1.,0.));
#3916=DIRECTION('',(0.999999999999865,-5.19767604798263E-7,0.));
#3917=DIRECTION('',(0.,-1.,0.));
#3918=DIRECTION('',(0.,0.,-1.));
#3919=DIRECTION('',(1.,0.,0.));
#3920=DIRECTION('',(0.,0.,1.));
#3921=DIRECTION('',(1.,0.,0.));
#3922=DIRECTION('',(0.,-1.,0.));
#3923=DIRECTION('',(0.,0.,-1.));
#3924=DIRECTION('',(1.,0.,0.));
#3925=DIRECTION('',(0.,0.,1.));
#3926=DIRECTION('',(1.,0.,0.));
#3927=DIRECTION('',(0.,0.,1.));
#3928=DIRECTION('',(1.,0.,0.));
#3929=DIRECTION('',(0.,-1.,0.));
#3930=DIRECTION('',(1.,7.74271591636513E-16,0.));
#3931=DIRECTION('',(0.,-1.,0.));
#3932=DIRECTION('',(0.,0.,-1.));
#3933=DIRECTION('',(1.,0.,0.));
#3934=DIRECTION('',(0.,0.,-1.));
#3935=DIRECTION('',(1.,0.,0.));
#3936=DIRECTION('',(0.,0.,1.));
#3937=DIRECTION('',(1.,0.,0.));
#3938=DIRECTION('',(-0.927290284356938,0.374343062627357,0.));
#3939=DIRECTION('',(0.,0.,1.));
#3940=DIRECTION('',(1.,0.,0.));
#3941=DIRECTION('',(0.,-1.,0.));
#3942=DIRECTION('',(1.,7.11869515805915E-9,0.));
#3943=DIRECTION('',(0.,-1.,0.));
#3944=DIRECTION('',(0.,0.,-1.));
#3945=DIRECTION('',(1.,0.,0.));
#3946=DIRECTION('',(0.,0.,-1.));
#3947=DIRECTION('',(1.,0.,0.));
#3948=DIRECTION('',(0.,0.,1.));
#3949=DIRECTION('',(1.,0.,0.));
#3950=DIRECTION('',(0.,-1.,0.));
#3951=DIRECTION('',(0.999999999999865,-5.19767604798263E-7,0.));
#3952=DIRECTION('',(-0.142659982008618,-0.989771756281872,0.));
#3953=DIRECTION('',(0.,0.,-1.));
#3954=DIRECTION('',(1.,0.,0.));
#3955=DIRECTION('',(0.,0.,-1.));
#3956=DIRECTION('',(1.,0.,0.));
#3957=DIRECTION('',(0.,0.,1.));
#3958=DIRECTION('',(1.,0.,0.));
#3959=DIRECTION('',(0.,-1.,0.));
#3960=DIRECTION('',(1.,7.74271417416149E-16,0.));
#3961=DIRECTION('',(0.,-1.,0.));
#3962=DIRECTION('',(0.,0.,-1.));
#3963=DIRECTION('',(1.,0.,0.));
#3964=DIRECTION('',(0.,0.,-1.));
#3965=DIRECTION('',(1.,0.,0.));
#3966=DIRECTION('',(0.,0.,-1.));
#3967=DIRECTION('',(1.,0.,0.));
#3968=DIRECTION('',(0.,1.,0.));
#3969=DIRECTION('',(1.,0.,0.));
#3970=DIRECTION('',(0.,1.,0.));
#3971=DIRECTION('',(0.,0.,1.));
#3972=DIRECTION('',(1.,0.,0.));
#3973=DIRECTION('',(0.,0.,-1.));
#3974=DIRECTION('',(1.,0.,0.));
#3975=DIRECTION('',(0.,0.,1.));
#3976=DIRECTION('',(1.,0.,0.));
#3977=DIRECTION('',(0.,0.,-1.));
#3978=DIRECTION('',(1.,0.,0.));
#3979=DIRECTION('',(0.,1.,0.));
#3980=DIRECTION('',(1.,0.,0.));
#3981=DIRECTION('',(0.,1.,0.));
#3982=DIRECTION('',(0.,0.,1.));
#3983=DIRECTION('',(1.,0.,0.));
#3984=DIRECTION('',(0.,0.,-1.));
#3985=DIRECTION('',(1.,0.,0.));
#3986=DIRECTION('',(0.,0.,1.));
#3987=DIRECTION('',(1.,0.,0.));
#3988=DIRECTION('',(0.,0.,-1.));
#3989=DIRECTION('',(1.,0.,0.));
#3990=DIRECTION('',(0.,1.,0.));
#3991=DIRECTION('',(1.,0.,0.));
#3992=DIRECTION('',(0.,1.,0.));
#3993=DIRECTION('',(0.,0.,1.));
#3994=DIRECTION('',(1.,0.,0.));
#3995=DIRECTION('',(0.,0.,-1.));
#3996=DIRECTION('',(1.,0.,0.));
#3997=DIRECTION('',(0.,0.,1.));
#3998=DIRECTION('',(1.,0.,0.));
#3999=DIRECTION('',(0.,1.,0.));
#4000=DIRECTION('',(0.,0.,-1.));
#4001=DIRECTION('',(1.,0.,0.));
#4002=DIRECTION('',(0.,0.,-1.));
#4003=DIRECTION('',(1.,0.,0.));
#4004=DIRECTION('',(0.,0.,1.));
#4005=DIRECTION('',(1.,0.,0.));
#4006=DIRECTION('',(0.,0.,1.));
#4007=DIRECTION('',(1.,0.,0.));
#4008=DIRECTION('',(0.,1.,0.));
#4009=DIRECTION('',(1.,0.,0.));
#4010=DIRECTION('',(0.,0.,1.));
#4011=DIRECTION('',(1.,0.,0.));
#4012=DIRECTION('',(0.,1.,0.));
#4013=DIRECTION('',(1.,0.,0.));
#4014=DIRECTION('',(0.,1.,0.));
#4015=DIRECTION('',(0.,0.,-1.));
#4016=DIRECTION('',(1.,0.,0.));
#4017=DIRECTION('',(0.,0.,-1.));
#4018=DIRECTION('',(1.,0.,0.));
#4019=DIRECTION('',(0.,0.,1.));
#4020=DIRECTION('',(1.,0.,0.));
#4021=DIRECTION('',(4.00832934675005E-16,-1.,0.));
#4022=DIRECTION('',(0.,0.,1.));
#4023=DIRECTION('',(1.,0.,0.));
#4024=DIRECTION('',(0.999999999999865,-5.19767604798263E-7,0.));
#4025=DIRECTION('',(0.,0.,1.));
#4026=DIRECTION('',(1.,0.,0.));
#4027=DIRECTION('',(0.,1.,0.));
#4028=DIRECTION('',(0.,0.,1.));
#4029=DIRECTION('',(1.,0.,0.));
#4030=DIRECTION('',(-0.927290284356937,0.37434306262736,0.));
#4031=DIRECTION('',(0.,0.,1.));
#4032=DIRECTION('',(1.,0.,0.));
#4033=DIRECTION('',(0.,-1.,0.));
#4034=DIRECTION('',(0.,0.,1.));
#4035=DIRECTION('',(1.,0.,0.));
#4036=DIRECTION('',(1.,7.74271417416149E-16,0.));
#4037=DIRECTION('',(0.,0.,1.));
#4038=DIRECTION('',(1.,0.,0.));
#4039=DIRECTION('',(0.,1.,0.));
#4040=DIRECTION('',(0.,0.,1.));
#4041=DIRECTION('',(1.,0.,0.));
#4042=DIRECTION('',(-0.927290284356937,0.37434306262736,0.));
#4043=DIRECTION('',(0.,0.,1.));
#4044=DIRECTION('',(1.,0.,0.));
#4045=DIRECTION('',(0.,-1.,0.));
#4046=DIRECTION('',(0.,0.,1.));
#4047=DIRECTION('',(1.,0.,0.));
#4048=DIRECTION('',(1.,7.74271591636513E-16,0.));
#4049=DIRECTION('',(0.,0.,1.));
#4050=DIRECTION('',(1.,0.,0.));
#4051=DIRECTION('',(0.,1.,0.));
#4052=DIRECTION('',(0.,0.,1.));
#4053=DIRECTION('',(1.,0.,0.));
#4054=DIRECTION('',(-0.927290284356937,0.37434306262736,0.));
#4055=DIRECTION('',(0.,0.,1.));
#4056=DIRECTION('',(1.,0.,0.));
#4057=DIRECTION('',(0.,-1.,0.));
#4058=DIRECTION('',(0.,0.,1.));
#4059=DIRECTION('',(1.,0.,0.));
#4060=DIRECTION('',(1.,7.11869515805915E-9,0.));
#4061=DIRECTION('',(0.,0.,1.));
#4062=DIRECTION('',(1.,0.,0.));
#4063=DIRECTION('',(-0.927290284356937,0.37434306262736,0.));
#4064=DIRECTION('',(0.,0.,1.));
#4065=DIRECTION('',(1.,0.,0.));
#4066=DIRECTION('',(0.,0.,-1.));
#4067=DIRECTION('',(-1.,0.,0.));
#4068=DIRECTION('',(0.,0.,-1.));
#4069=DIRECTION('',(0.,0.,-1.));
#4070=DIRECTION('',(0.,0.,-1.));
#4071=DIRECTION('',(-1.,0.,0.));
#4072=DIRECTION('',(0.,0.,-1.));
#4073=DIRECTION('',(0.,0.,-1.));
#4074=DIRECTION('',(-1.,0.,0.));
#4075=DIRECTION('',(0.,0.,-1.));
#4076=DIRECTION('',(0.,0.,-1.));
#4077=DIRECTION('',(-1.,0.,0.));
#4078=DIRECTION('',(0.,0.,-1.));
#4079=DIRECTION('',(-1.,0.,0.));
#4080=DIRECTION('',(0.,0.,1.));
#4081=DIRECTION('',(0.,0.,-1.));
#4082=DIRECTION('',(-1.,0.,0.));
#4083=DIRECTION('',(0.,0.,1.));
#4084=DIRECTION('',(0.,0.,-1.));
#4085=DIRECTION('',(0.,0.,-1.));
#4086=DIRECTION('',(-1.,0.,0.));
#4087=DIRECTION('',(0.,0.,-1.));
#4088=DIRECTION('',(0.,0.,-1.));
#4089=DIRECTION('',(0.,0.,-1.));
#4090=DIRECTION('',(-1.,0.,0.));
#4091=DIRECTION('',(0.,0.,-1.));
#4092=DIRECTION('',(0.,0.,-1.));
#4093=DIRECTION('',(-1.,0.,0.));
#4094=DIRECTION('',(0.,0.,-1.));
#4095=DIRECTION('',(0.,0.,-1.));
#4096=DIRECTION('',(-1.,0.,0.));
#4097=DIRECTION('',(0.,0.,-1.));
#4098=DIRECTION('',(-1.,0.,0.));
#4099=DIRECTION('',(0.,0.,1.));
#4100=DIRECTION('',(0.,0.,-1.));
#4101=DIRECTION('',(-1.,0.,0.));
#4102=DIRECTION('',(0.,0.,1.));
#4103=DIRECTION('',(0.,0.,-1.));
#4104=DIRECTION('',(0.,0.,-1.));
#4105=DIRECTION('',(-1.,0.,0.));
#4106=DIRECTION('',(0.,0.,-1.));
#4107=DIRECTION('',(0.,0.,-1.));
#4108=DIRECTION('',(0.,0.,-1.));
#4109=DIRECTION('',(-1.,0.,0.));
#4110=DIRECTION('',(0.,0.,-1.));
#4111=DIRECTION('',(0.,0.,-1.));
#4112=DIRECTION('',(-1.,0.,0.));
#4113=DIRECTION('',(0.,0.,-1.));
#4114=DIRECTION('',(0.,0.,-1.));
#4115=DIRECTION('',(-1.,0.,0.));
#4116=DIRECTION('',(0.,0.,-1.));
#4117=DIRECTION('',(-1.,0.,0.));
#4118=DIRECTION('',(0.,0.,1.));
#4119=DIRECTION('',(0.,0.,-1.));
#4120=DIRECTION('',(-1.,0.,0.));
#4121=DIRECTION('',(0.,0.,1.));
#4122=DIRECTION('',(0.,0.,-1.));
#4123=DIRECTION('',(0.,0.,-1.));
#4124=DIRECTION('',(-1.,0.,0.));
#4125=DIRECTION('',(0.,0.,-1.));
#4126=DIRECTION('',(0.,0.,-1.));
#4127=DIRECTION('',(0.,0.,-1.));
#4128=DIRECTION('',(-1.,0.,0.));
#4129=DIRECTION('',(0.,0.,-1.));
#4130=DIRECTION('',(0.,0.,-1.));
#4131=DIRECTION('',(-1.,0.,0.));
#4132=DIRECTION('',(0.,0.,-1.));
#4133=DIRECTION('',(0.,0.,-1.));
#4134=DIRECTION('',(-1.,0.,0.));
#4135=DIRECTION('',(0.,0.,-1.));
#4136=DIRECTION('',(-1.,0.,0.));
#4137=DIRECTION('',(0.,0.,1.));
#4138=DIRECTION('',(0.,0.,-1.));
#4139=DIRECTION('',(-1.,0.,0.));
#4140=DIRECTION('',(0.,0.,1.));
#4141=DIRECTION('',(0.,0.,-1.));
#4142=DIRECTION('',(0.,0.,-1.));
#4143=DIRECTION('',(-1.,0.,0.));
#4144=DIRECTION('',(0.,0.,-1.));
#4145=DIRECTION('',(0.,0.,-1.));
#4146=DIRECTION('',(0.,0.,-1.));
#4147=DIRECTION('',(-1.,0.,0.));
#4148=DIRECTION('',(0.,0.,-1.));
#4149=DIRECTION('',(0.,0.,-1.));
#4150=DIRECTION('',(-1.,0.,0.));
#4151=DIRECTION('',(0.,0.,-1.));
#4152=DIRECTION('',(0.,0.,-1.));
#4153=DIRECTION('',(-1.,0.,0.));
#4154=DIRECTION('',(0.,0.,-1.));
#4155=DIRECTION('',(-1.,0.,0.));
#4156=DIRECTION('',(0.,0.,1.));
#4157=DIRECTION('',(0.,0.,-1.));
#4158=DIRECTION('',(-1.,0.,0.));
#4159=DIRECTION('',(0.,0.,1.));
#4160=DIRECTION('',(0.,0.,-1.));
#4161=DIRECTION('',(0.,0.,-1.));
#4162=DIRECTION('',(-1.,0.,0.));
#4163=DIRECTION('',(0.,0.,-1.));
#4164=DIRECTION('',(0.,0.,-1.));
#4165=DIRECTION('',(0.,0.,-1.));
#4166=DIRECTION('',(-1.,0.,0.));
#4167=DIRECTION('',(0.,0.,-1.));
#4168=DIRECTION('',(0.,0.,-1.));
#4169=DIRECTION('',(-1.,0.,0.));
#4170=DIRECTION('',(0.,0.,-1.));
#4171=DIRECTION('',(1.,0.,0.));
#4172=DIRECTION('',(0.,0.,-1.));
#4173=DIRECTION('',(0.,0.,-1.));
#4174=DIRECTION('',(1.,0.,0.));
#4175=DIRECTION('',(0.,0.,-1.));
#4176=DIRECTION('',(0.,0.,-1.));
#4177=DIRECTION('',(0.,0.,-1.));
#4178=DIRECTION('',(-1.,0.,0.));
#4179=DIRECTION('',(0.,0.,-1.));
#4180=DIRECTION('',(0.,0.,-1.));
#4181=DIRECTION('',(0.,0.,-1.));
#4182=DIRECTION('',(-1.,0.,0.));
#4183=DIRECTION('',(0.,0.,-1.));
#4184=DIRECTION('',(0.,0.,-1.));
#4185=DIRECTION('',(-1.,0.,0.));
#4186=DIRECTION('',(0.,0.,-1.));
#4187=DIRECTION('',(1.,0.,0.));
#4188=DIRECTION('',(0.,0.,-1.));
#4189=DIRECTION('',(0.,0.,-1.));
#4190=DIRECTION('',(0.,0.,-1.));
#4191=DIRECTION('',(-1.,0.,0.));
#4192=DIRECTION('',(0.,0.,-1.));
#4193=DIRECTION('',(0.,0.,-1.));
#4194=DIRECTION('',(0.,0.,-1.));
#4195=DIRECTION('',(-1.,0.,0.));
#4196=DIRECTION('',(0.,0.,-1.));
#4197=DIRECTION('',(0.,0.,-1.));
#4198=DIRECTION('',(-1.,0.,0.));
#4199=DIRECTION('',(0.,0.,-1.));
#4200=DIRECTION('',(1.,0.,0.));
#4201=DIRECTION('',(0.,0.,-1.));
#4202=DIRECTION('',(0.,0.,-1.));
#4203=DIRECTION('',(1.,0.,0.));
#4204=DIRECTION('',(0.,0.,-1.));
#4205=DIRECTION('',(0.,0.,-1.));
#4206=DIRECTION('',(0.,0.,-1.));
#4207=DIRECTION('',(-1.,0.,0.));
#4208=DIRECTION('',(0.,0.,-1.));
#4209=DIRECTION('',(0.,0.,-1.));
#4210=DIRECTION('',(0.,0.,-1.));
#4211=DIRECTION('',(-1.,0.,0.));
#4212=DIRECTION('',(0.,0.,-1.));
#4213=DIRECTION('',(0.,0.,-1.));
#4214=DIRECTION('',(-1.,0.,0.));
#4215=DIRECTION('',(0.,0.,-1.));
#4216=DIRECTION('',(1.,0.,0.));
#4217=DIRECTION('',(0.,0.,-1.));
#4218=DIRECTION('',(0.,0.,-1.));
#4219=DIRECTION('',(0.,0.,-1.));
#4220=DIRECTION('',(-1.,0.,0.));
#4221=DIRECTION('',(0.,0.,-1.));
#4222=DIRECTION('',(0.,0.,-1.));
#4223=DIRECTION('',(0.,0.,-1.));
#4224=DIRECTION('',(-1.,0.,0.));
#4225=DIRECTION('',(0.,0.,-1.));
#4226=DIRECTION('',(0.,0.,-1.));
#4227=DIRECTION('',(-1.,0.,0.));
#4228=DIRECTION('',(0.,0.,-1.));
#4229=DIRECTION('',(1.,0.,0.));
#4230=DIRECTION('',(0.,0.,-1.));
#4231=DIRECTION('',(0.,0.,-1.));
#4232=DIRECTION('',(1.,0.,0.));
#4233=DIRECTION('',(0.,0.,-1.));
#4234=DIRECTION('',(0.,0.,-1.));
#4235=DIRECTION('',(0.,0.,-1.));
#4236=DIRECTION('',(-1.,0.,0.));
#4237=DIRECTION('',(0.,0.,-1.));
#4238=DIRECTION('',(0.,0.,-1.));
#4239=DIRECTION('',(0.,0.,-1.));
#4240=DIRECTION('',(-1.,0.,0.));
#4241=DIRECTION('',(0.,0.,-1.));
#4242=DIRECTION('',(0.,0.,-1.));
#4243=DIRECTION('',(-1.,0.,0.));
#4244=DIRECTION('',(0.,0.,-1.));
#4245=DIRECTION('',(1.,0.,0.));
#4246=DIRECTION('',(0.,0.,-1.));
#4247=DIRECTION('',(0.,0.,1.));
#4248=DIRECTION('',(1.,0.,0.));
#4249=DIRECTION('',(0.,0.,-1.));
#4250=DIRECTION('',(0.,0.,-1.));
#4251=DIRECTION('',(0.,0.,-1.));
#4252=DIRECTION('',(-1.,0.,0.));
#4253=DIRECTION('',(0.,0.,-1.));
#4254=DIRECTION('',(0.,0.,-1.));
#4255=DIRECTION('',(0.,0.,-1.));
#4256=DIRECTION('',(-1.,0.,0.));
#4257=DIRECTION('',(0.,0.,-1.));
#4258=DIRECTION('',(0.,0.,-1.));
#4259=DIRECTION('',(-1.,0.,0.));
#4260=DIRECTION('',(0.,0.,-1.));
#4261=DIRECTION('',(1.,0.,0.));
#4262=DIRECTION('',(0.,0.,-1.));
#4263=DIRECTION('',(0.,0.,-1.));
#4264=DIRECTION('',(1.,0.,0.));
#4265=DIRECTION('',(0.,0.,-1.));
#4266=DIRECTION('',(0.,0.,-1.));
#4267=DIRECTION('',(0.,0.,-1.));
#4268=DIRECTION('',(-1.,0.,0.));
#4269=DIRECTION('',(0.,0.,-1.));
#4270=DIRECTION('',(0.,0.,-1.));
#4271=DIRECTION('',(0.,0.,-1.));
#4272=DIRECTION('',(-1.,0.,0.));
#4273=DIRECTION('',(0.,0.,-1.));
#4274=DIRECTION('',(-1.,0.,0.));
#4275=DIRECTION('',(0.,0.,1.));
#4276=DIRECTION('',(0.,0.,-1.));
#4277=DIRECTION('',(0.,0.,-1.));
#4278=DIRECTION('',(-1.,0.,0.));
#4279=DIRECTION('',(0.,0.,-1.));
#4280=DIRECTION('',(0.,0.,-1.));
#4281=DIRECTION('',(0.,0.,-1.));
#4282=DIRECTION('',(-1.,0.,0.));
#4283=DIRECTION('',(0.,0.,-1.));
#4284=DIRECTION('',(-1.,0.,0.));
#4285=DIRECTION('',(0.,0.,1.));
#4286=DIRECTION('',(0.,0.,-1.));
#4287=DIRECTION('',(0.,0.,-1.));
#4288=DIRECTION('',(-1.,0.,0.));
#4289=DIRECTION('',(0.,0.,-1.));
#4290=DIRECTION('',(-1.,0.,0.));
#4291=DIRECTION('',(0.,0.,1.));
#4292=DIRECTION('',(0.,0.,-1.));
#4293=DIRECTION('',(0.,0.,-1.));
#4294=DIRECTION('',(-1.,0.,0.));
#4295=DIRECTION('',(0.,0.,-1.));
#4296=DIRECTION('',(0.,0.,-1.));
#4297=DIRECTION('',(0.,0.,-1.));
#4298=DIRECTION('',(-1.,0.,0.));
#4299=DIRECTION('',(0.,0.,-1.));
#4300=DIRECTION('',(0.790304518839798,-0.61271426252487,0.));
#4301=DIRECTION('',(0.61271426252487,0.790304518839798,0.));
#4302=DIRECTION('',(0.,0.,-1.));
#4303=DIRECTION('',(-1.,0.,0.));
#4304=DIRECTION('',(0.,0.,1.));
#4305=DIRECTION('',(0.,0.,-1.));
#4306=DIRECTION('',(5.19767604798263E-7,0.999999999999865,0.));
#4307=DIRECTION('',(-0.999999999999865,5.19767604798263E-7,0.));
#4308=DIRECTION('',(0.,0.,-1.));
#4309=DIRECTION('',(0.989771756281872,-0.142659982008618,0.));
#4310=DIRECTION('',(0.142659982008618,0.989771756281872,0.));
#4311=DIRECTION('',(0.989771756281872,-0.142659982008618,0.));
#4312=DIRECTION('',(0.142659982008618,0.989771756281872,0.));
#4313=DIRECTION('',(0.,0.,-1.));
#4314=DIRECTION('',(0.989771756281872,-0.142659982008618,0.));
#4315=DIRECTION('',(0.142659982008618,0.989771756281872,0.));
#4316=DIRECTION('',(0.,0.,-1.));
#4317=DIRECTION('',(0.989771717230692,-0.142660252944566,0.));
#4318=DIRECTION('',(0.142660252944566,0.989771717230692,0.));
#4319=DIRECTION('',(0.,0.,-1.));
#4320=DIRECTION('',(-8.75624204912392E-9,1.,0.));
#4321=DIRECTION('',(-1.,-8.75624204912392E-9,0.));
#4322=DIRECTION('',(0.,0.,-1.));
#4323=DIRECTION('',(0.989771717230692,-0.142660252944566,0.));
#4324=DIRECTION('',(0.142660252944566,0.989771717230692,0.));
#4325=DIRECTION('',(0.,0.,-1.));
#4326=DIRECTION('',(-7.74271591636513E-16,1.,0.));
#4327=DIRECTION('',(-1.,-7.74271591636513E-16,0.));
#4328=DIRECTION('',(0.,1.,0.));
#4329=DIRECTION('',(0.,0.,1.));
#4330=DIRECTION('',(0.,1.,0.));
#4331=DIRECTION('',(0.,0.,1.));
#4332=DIRECTION('',(-7.11869515805915E-9,1.,0.));
#4333=DIRECTION('',(-1.,-7.11869515805915E-9,0.));
#4334=DIRECTION('',(-7.11869511279595E-9,1.,0.));
#4335=DIRECTION('',(-1.,-7.11869511279595E-9,0.));
#4336=DIRECTION('',(0.,0.,-1.));
#4337=DIRECTION('',(-7.74271417416149E-16,1.,0.));
#4338=DIRECTION('',(-1.,-7.74271417416149E-16,0.));
#4339=DIRECTION('',(0.,1.,0.));
#4340=DIRECTION('',(0.,0.,1.));
#4341=DIRECTION('',(0.,1.,0.));
#4342=DIRECTION('',(0.,0.,1.));
#4343=DIRECTION('',(0.,1.,0.));
#4344=DIRECTION('',(0.,0.,1.));
#4345=DIRECTION('',(0.,1.,0.));
#4346=DIRECTION('',(0.,0.,1.));
#4347=DIRECTION('',(0.,1.,0.));
#4348=DIRECTION('',(0.,0.,1.));
#4349=DIRECTION('',(-0.37434306262736,-0.927290284356937,0.));
#4350=DIRECTION('',(0.927290284356937,-0.37434306262736,0.));
#4351=DIRECTION('',(0.,0.,-1.));
#4352=DIRECTION('',(0.,1.,0.));
#4353=DIRECTION('',(0.,0.,1.));
#4354=DIRECTION('',(0.,0.,-1.));
#4355=DIRECTION('',(0.,1.,0.));
#4356=DIRECTION('',(0.,0.,1.));
#4357=DIRECTION('',(0.,0.,-1.));
#4358=DIRECTION('',(0.,0.,-1.));
#4359=DIRECTION('',(-8.75624122735893E-9,1.,0.));
#4360=DIRECTION('',(-1.,-8.75624122735893E-9,0.));
#4361=DIRECTION('',(0.,0.,-1.));
#4362=DIRECTION('',(0.,0.,-1.));
#4363=DIRECTION('',(-8.75624653043347E-9,1.,0.));
#4364=DIRECTION('',(-1.,-8.75624653043347E-9,0.));
#4365=DIRECTION('',(0.,0.,-1.));
#4366=DIRECTION('',(-8.75624122361512E-9,1.,0.));
#4367=DIRECTION('',(-1.,-8.75624122361512E-9,0.));
#4368=DIRECTION('',(0.,0.,-1.));
#4369=DIRECTION('',(-0.374343062627355,-0.927290284356939,0.));
#4370=DIRECTION('',(0.927290284356939,-0.374343062627355,0.));
#4371=DIRECTION('',(0.,0.,-1.));
#4372=DIRECTION('',(-0.374343062627357,-0.927290284356938,0.));
#4373=DIRECTION('',(0.927290284356938,-0.374343062627357,0.));
#4374=DIRECTION('',(0.,0.,-1.));
#4375=DIRECTION('',(-0.374343062627357,-0.927290284356938,0.));
#4376=DIRECTION('',(0.927290284356938,-0.374343062627357,0.));
#4377=DIRECTION('',(-0.374343062627357,-0.927290284356938,0.));
#4378=DIRECTION('',(0.927290284356938,-0.374343062627357,0.));
#4379=DIRECTION('',(0.,0.,-1.));
#4380=DIRECTION('',(-0.374343062627357,-0.927290284356938,0.));
#4381=DIRECTION('',(0.927290284356938,-0.374343062627357,0.));
#4382=DIRECTION('',(0.,0.,-1.));
#4383=DIRECTION('',(-0.374343062627357,-0.927290284356938,0.));
#4384=DIRECTION('',(0.927290284356938,-0.374343062627357,0.));
#4385=DIRECTION('',(0.,0.,-1.));
#4386=DIRECTION('',(-5.69253055195759E-9,1.,0.));
#4387=DIRECTION('',(-1.,-5.69253055195759E-9,0.));
#4388=DIRECTION('',(0.,0.,-1.));
#4389=DIRECTION('',(1.,5.69286721904604E-9,0.));
#4390=DIRECTION('',(-5.69286721904604E-9,1.,0.));
#4391=DIRECTION('',(-0.374343062627357,-0.927290284356938,0.));
#4392=DIRECTION('',(0.927290284356938,-0.374343062627357,0.));
#4393=DIRECTION('',(-8.75624142029779E-9,1.,0.));
#4394=DIRECTION('',(-1.,-8.75624142029779E-9,0.));
#4395=DIRECTION('',(-1.,-5.69253903782642E-9,0.));
#4396=DIRECTION('',(5.69253903782642E-9,-1.,0.));
#4397=DIRECTION('',(-1.,-5.6925347762371E-9,0.));
#4398=DIRECTION('',(5.6925347762371E-9,-1.,0.));
#4399=DIRECTION('',(5.19767604798263E-7,0.999999999999865,0.));
#4400=DIRECTION('',(-0.999999999999865,5.19767604798263E-7,0.));
#4401=DIRECTION('',(0.37434306262736,0.927290284356937,0.));
#4402=DIRECTION('',(-0.927290284356937,0.37434306262736,0.));
#4403=DIRECTION('',(0.,0.,1.));
#4404=DIRECTION('',(0.,0.,-1.));
#4405=DIRECTION('',(-5.19767604798263E-7,-0.999999999999865,0.));
#4406=DIRECTION('',(0.999999999999865,-5.19767604798263E-7,0.));
#4407=DIRECTION('',(0.,0.,1.));
#4408=DIRECTION('',(0.,0.,-1.));
#4409=DIRECTION('',(-1.,-4.00832934675005E-16,0.));
#4410=DIRECTION('',(4.00832934675005E-16,-1.,0.));
#4411=DIRECTION('',(0.,0.,-1.));
#4412=DIRECTION('',(0.,0.,1.));
#4413=DIRECTION('',(1.,0.,0.));
#4414=DIRECTION('',(0.,0.,-1.));
#4415=DIRECTION('',(0.,0.,-1.));
#4416=DIRECTION('',(0.,0.,1.));
#4417=DIRECTION('',(0.,0.,1.));
#4418=DIRECTION('',(1.,0.,0.));
#4419=DIRECTION('',(0.,0.,-1.));
#4420=DIRECTION('',(-1.,0.,0.));
#4421=DIRECTION('',(0.,0.,-1.));
#4422=DIRECTION('',(-1.,0.,0.));
#4423=DIRECTION('',(0.,0.,1.));
#4424=DIRECTION('',(1.,0.,0.));
#4425=DIRECTION('',(0.37434306262736,0.927290284356937,0.));
#4426=DIRECTION('',(-0.927290284356937,0.37434306262736,0.));
#4427=DIRECTION('',(0.,0.,1.));
#4428=DIRECTION('',(0.,0.,-1.));
#4429=DIRECTION('',(7.74271417416149E-16,-1.,0.));
#4430=DIRECTION('',(1.,7.74271417416149E-16,0.));
#4431=DIRECTION('',(0.,0.,1.));
#4432=DIRECTION('',(0.,0.,-1.));
#4433=DIRECTION('',(-1.,0.,0.));
#4434=DIRECTION('',(0.,0.,1.));
#4435=DIRECTION('',(0.,0.,-1.));
#4436=DIRECTION('',(0.,0.,1.));
#4437=DIRECTION('',(1.,0.,0.));
#4438=DIRECTION('',(0.,0.,-1.));
#4439=DIRECTION('',(0.,0.,-1.));
#4440=DIRECTION('',(0.,0.,1.));
#4441=DIRECTION('',(0.,0.,1.));
#4442=DIRECTION('',(1.,0.,0.));
#4443=DIRECTION('',(0.,0.,-1.));
#4444=DIRECTION('',(-1.,0.,0.));
#4445=DIRECTION('',(0.,0.,-1.));
#4446=DIRECTION('',(-1.,0.,0.));
#4447=DIRECTION('',(0.,0.,1.));
#4448=DIRECTION('',(1.,0.,0.));
#4449=DIRECTION('',(7.74271591636513E-16,-1.,0.));
#4450=DIRECTION('',(1.,7.74271591636513E-16,0.));
#4451=DIRECTION('',(0.,0.,1.));
#4452=DIRECTION('',(0.,0.,-1.));
#4453=DIRECTION('',(0.37434306262736,0.927290284356937,0.));
#4454=DIRECTION('',(-0.927290284356937,0.37434306262736,0.));
#4455=DIRECTION('',(0.,0.,1.));
#4456=DIRECTION('',(0.,0.,-1.));
#4457=DIRECTION('',(1.,0.,0.));
#4458=DIRECTION('',(0.,0.,-1.));
#4459=DIRECTION('',(0.,0.,-1.));
#4460=DIRECTION('',(0.,0.,1.));
#4461=DIRECTION('',(-1.,0.,0.));
#4462=DIRECTION('',(0.,0.,1.));
#4463=DIRECTION('',(0.,0.,-1.));
#4464=DIRECTION('',(0.,0.,1.));
#4465=DIRECTION('',(0.,0.,1.));
#4466=DIRECTION('',(1.,0.,0.));
#4467=DIRECTION('',(0.,0.,-1.));
#4468=DIRECTION('',(-1.,0.,0.));
#4469=DIRECTION('',(0.,0.,-1.));
#4470=DIRECTION('',(-1.,0.,0.));
#4471=DIRECTION('',(0.,0.,1.));
#4472=DIRECTION('',(1.,0.,0.));
#4473=DIRECTION('',(0.37434306262736,0.927290284356937,0.));
#4474=DIRECTION('',(-0.927290284356937,0.37434306262736,0.));
#4475=DIRECTION('',(0.,0.,1.));
#4476=DIRECTION('',(0.,0.,-1.));
#4477=DIRECTION('',(7.11869515805915E-9,-1.,0.));
#4478=DIRECTION('',(1.,7.11869515805915E-9,0.));
#4479=DIRECTION('',(0.,0.,1.));
#4480=DIRECTION('',(0.,0.,1.));
#4481=DIRECTION('',(-1.,0.,0.));
#4482=DIRECTION('',(0.,0.,1.));
#4483=DIRECTION('',(0.,0.,-1.));
#4484=DIRECTION('',(0.,0.,1.));
#4485=DIRECTION('',(0.,0.,1.));
#4486=DIRECTION('',(1.,0.,0.));
#4487=DIRECTION('',(0.,0.,-1.));
#4488=DIRECTION('',(-1.,0.,0.));
#4489=DIRECTION('',(0.,0.,1.));
#4490=DIRECTION('',(1.,0.,0.));
#4491=DIRECTION('',(0.989771693248738,-0.142660419330401,0.));
#4492=DIRECTION('',(0.142660419330401,0.989771693248738,0.));
#4493=DIRECTION('',(0.989771693248738,-0.142660419330401,0.));
#4494=DIRECTION('',(0.142660419330401,0.989771693248738,0.));
#4495=DIRECTION('',(0.989771693248738,-0.142660419330401,0.));
#4496=DIRECTION('',(0.142660419330401,0.989771693248738,0.));
#4497=DIRECTION('',(0.,0.,1.));
#4498=DIRECTION('',(-5.19767604798263E-7,-0.999999999999865,0.));
#4499=DIRECTION('',(0.999999999999865,-5.19767604798263E-7,0.));
#4500=DIRECTION('',(0.,0.,1.));
#4501=DIRECTION('',(0.,0.,-1.));
#4502=DIRECTION('',(1.,4.00832934675005E-16,0.));
#4503=DIRECTION('',(-4.00832934675005E-16,1.,0.));
#4504=DIRECTION('',(0.,0.,-1.));
#4505=DIRECTION('',(0.,0.,1.));
#4506=DIRECTION('',(0.,0.,-1.));
#4507=DIRECTION('',(-1.,0.,0.));
#4508=DIRECTION('',(0.,0.,1.));
#4509=DIRECTION('',(1.,0.,0.));
#4510=DIRECTION('',(0.,0.,-1.));
#4511=DIRECTION('',(-1.,0.,0.));
#4512=DIRECTION('',(0.989771693248738,-0.142660419330401,0.));
#4513=DIRECTION('',(0.142660419330401,0.989771693248738,0.));
#4514=DIRECTION('',(0.989771693248738,-0.142660419330401,0.));
#4515=DIRECTION('',(0.142660419330401,0.989771693248738,0.));
#4516=DIRECTION('',(0.989771693248738,-0.142660419330401,0.));
#4517=DIRECTION('',(0.142660419330401,0.989771693248738,0.));
#4518=DIRECTION('',(0.989771693248738,-0.142660419330401,0.));
#4519=DIRECTION('',(0.142660419330401,0.989771693248738,0.));
#4520=DIRECTION('',(-0.989771693248738,0.142660419330401,0.));
#4521=DIRECTION('',(0.142660419330401,0.989771693248738,0.));
#4522=DIRECTION('',(0.989771693248738,-0.142660419330401,0.));
#4523=DIRECTION('',(0.142660419330401,0.989771693248738,0.));
#4524=DIRECTION('',(0.989771693248738,-0.142660419330401,0.));
#4525=DIRECTION('',(0.142660419330401,0.989771693248738,0.));
#4526=DIRECTION('',(0.989771693248738,-0.142660419330401,0.));
#4527=DIRECTION('',(0.142660419330401,0.989771693248738,0.));
#4528=CARTESIAN_POINT('',(0.,0.,0.));
#4529=CARTESIAN_POINT('',(-0.00753816204194516,-0.0225167686561771,0.02));
#4530=CARTESIAN_POINT('',(-0.00422289235868364,0.000484426092720727,0.00400000241725005));
#4531=CARTESIAN_POINT('',(-0.00391617245712327,0.00261243523320551,0.00400000241725005));
#4532=CARTESIAN_POINT('',(-0.00422289235868364,0.000484426092720727,0.01600000241725));
#4533=CARTESIAN_POINT('',(-0.00391617245712327,0.00261243523320551,0.01600000241725));
#4534=CARTESIAN_POINT('',(-0.0070726438356563,-0.0192870238857686,0.01600000241725));
#4535=CARTESIAN_POINT('',(-0.00676592393409594,-0.0171590147452838,0.01600000241725));
#4536=CARTESIAN_POINT('',(-0.00753816204194516,-0.0225167686561771,0.));
#4537=CARTESIAN_POINT('',(-0.00775849617588914,-0.0240454371534224,0.));
#4538=CARTESIAN_POINT('',(-0.00300314934041048,0.00894694932229658,0.));
#4539=CARTESIAN_POINT('',(-0.00300314934041048,0.00894694932229658,0.02));
#4540=CARTESIAN_POINT('',(-0.00300314934041048,0.00894694932229658,0.02));
#4541=CARTESIAN_POINT('',(-0.00753816204194516,-0.0225167686561771,0.02));
#4542=CARTESIAN_POINT('',(-0.00775849617588914,-0.0240454371534224,0.02));
#4543=CARTESIAN_POINT('',(-0.00775849617588914,-0.0240454371534224,0.02));
#4544=CARTESIAN_POINT('',(-0.0070726438356563,-0.0192870238857686,0.00400000241725007));
#4545=CARTESIAN_POINT('',(-0.00676592393409594,-0.0171590147452838,0.00400000241725007));
#4546=CARTESIAN_POINT('',(-0.00731894896289807,-0.0188308256863423,-0.035762));
#4547=CARTESIAN_POINT('',(-0.0126988037984477,-0.0166590016420228,-0.035762));
#4548=CARTESIAN_POINT('',(-0.0126988037984477,-0.0166590016420228,0.00517807529837834));
#4549=CARTESIAN_POINT('',(-0.0126988037984477,-0.0166590016420228,0.0148219295361218));
#4550=CARTESIAN_POINT('',(-0.00569814648191364,-0.019485136612361,0.00400000241725007));
#4551=CARTESIAN_POINT('',(-0.0127527214633256,-0.0166372353147566,0.00515665217953102));
#4552=CARTESIAN_POINT('',(-0.0127527214633256,-0.0166372353147566,-0.035762));
#4553=CARTESIAN_POINT('',(-0.0127527214633256,-0.0166372353147566,0.00284335265496911));
#4554=CARTESIAN_POINT('',(-0.00569814648191364,-0.019485136612361,0.00400000241725007));
#4555=CARTESIAN_POINT('',(-0.0126988037984477,-0.0166590016420228,0.0028219295361218));
#4556=CARTESIAN_POINT('',(-0.0126988037984477,-0.0166590016420228,-0.035762));
#4557=CARTESIAN_POINT('',(-0.0126988037984477,-0.0166590016420228,0.));
#4558=CARTESIAN_POINT('',(-0.0837677221076531,0.0120312121845258,0.));
#4559=CARTESIAN_POINT('',(-0.0198707013552913,-0.0137637377299887,0.));
#4560=CARTESIAN_POINT('',(-0.0198707013552913,-0.0137637377299887,-0.035762));
#4561=CARTESIAN_POINT('',(-0.0198707013552913,-0.0137637377299886,0.02));
#4562=CARTESIAN_POINT('',(-0.0837677221076531,0.0120312121845258,0.02));
#4563=CARTESIAN_POINT('',(-0.0126988037984477,-0.0166590016420228,0.02));
#4564=CARTESIAN_POINT('',(-0.0126988037984477,-0.0166590016420228,-0.035762));
#4565=CARTESIAN_POINT('',(-0.0126988037984477,-0.0166590016420228,0.0171780752983784));
#4566=CARTESIAN_POINT('',(-0.00569814648191366,-0.019485136612361,0.01600000241725));
#4567=CARTESIAN_POINT('',(-0.0127527214633256,-0.0166372353147566,0.017156652179531));
#4568=CARTESIAN_POINT('',(-0.0127527214633256,-0.0166372353147566,-0.035762));
#4569=CARTESIAN_POINT('',(-0.0127527214633256,-0.0166372353147566,0.0148433526549691));
#4570=CARTESIAN_POINT('',(-0.00569814648191366,-0.019485136612361,0.01600000241725));
#4571=CARTESIAN_POINT('',(-0.0124135543847256,-0.0159524064453428,-0.035762));
#4572=CARTESIAN_POINT('',(-0.0126988037984477,-0.0166590016420228,0.00517807529837834));
#4573=CARTESIAN_POINT('',(-0.0125679264882438,-0.0167118362440419,0.00522940632035727));
#4574=CARTESIAN_POINT('',(-0.0122390160028861,-0.0167334550873098,0.00519859755417087));
#4575=CARTESIAN_POINT('',(-0.0119551830980494,-0.0165741934797154,0.00485642708240782));
#4576=CARTESIAN_POINT('',(-0.0118415303243205,-0.0164586683606859,0.00444163406607586));
#4577=CARTESIAN_POINT('',(-0.0118095356249459,-0.0164164278429281,0.00400067005010144));
#4578=CARTESIAN_POINT('',(-0.0118416015218088,-0.0164587196070642,0.003557663994224));
#4579=CARTESIAN_POINT('',(-0.0119551726968245,-0.0165742839930426,0.00314347363118904));
#4580=CARTESIAN_POINT('',(-0.0122397567339353,-0.0167335682303619,0.00280105319335225));
#4581=CARTESIAN_POINT('',(-0.0125679332994826,-0.0167118334943745,0.00277060118555888));
#4582=CARTESIAN_POINT('',(-0.0126988037984479,-0.0166590016420228,0.00282192953612109));
#4583=CARTESIAN_POINT('',(-0.0126988037984477,-0.0166590016420228,0.0148219295361218));
#4584=CARTESIAN_POINT('',(-0.0125679264882438,-0.0167118362440419,0.0147705985141429));
#4585=CARTESIAN_POINT('',(-0.0122390160028861,-0.0167334550873098,0.0148014072803292));
#4586=CARTESIAN_POINT('',(-0.0119551830980494,-0.0165741934797154,0.0151435777520923));
#4587=CARTESIAN_POINT('',(-0.0118415303243205,-0.0164586683606859,0.0155583707684242));
#4588=CARTESIAN_POINT('',(-0.0118095356249459,-0.0164164278429281,0.0159993347843987));
#4589=CARTESIAN_POINT('',(-0.0118416015218088,-0.0164587196070642,0.0164423408402761));
#4590=CARTESIAN_POINT('',(-0.0119551726968244,-0.0165742839930426,0.0168565312033111));
#4591=CARTESIAN_POINT('',(-0.0122397567339353,-0.0167335682303619,0.0171989516411478));
#4592=CARTESIAN_POINT('',(-0.0125679332994826,-0.0167118334943745,0.0172294036489413));
#4593=CARTESIAN_POINT('',(-0.0126988037984479,-0.0166590016420228,0.0171780752983791));
#4594=CARTESIAN_POINT('',(-0.0124135543847256,-0.0159524064453428,0.02));
#4595=CARTESIAN_POINT('',(-0.0116593483544701,-0.0160611136848725,0.02));
#4596=CARTESIAN_POINT('',(-0.0116593483544701,-0.0160611136848725,-0.035762));
#4597=CARTESIAN_POINT('',(-0.0116593483544701,-0.0160611136848725,0.));
#4598=CARTESIAN_POINT('',(-0.0124135543847256,-0.0159524064453428,0.));
#4599=CARTESIAN_POINT('',(-0.0848973201461991,0.00923306954226449,0.02));
#4600=CARTESIAN_POINT('',(-0.0813649800588586,0.0148887055384672,0.02));
#4601=CARTESIAN_POINT('',(-0.0806029800588586,0.0148887055384672,0.02));
#4602=CARTESIAN_POINT('',(-0.0813649800642831,0.0156507055384672,0.02));
#4603=CARTESIAN_POINT('',(-0.0806029800588586,0.00923306954226449,0.02));
#4604=CARTESIAN_POINT('',(-0.0806029800588586,0.0118829847960068,0.02));
#4605=CARTESIAN_POINT('',(-0.0813649800588586,0.0118829847960068,0.02));
#4606=CARTESIAN_POINT('',(-0.0816502294725807,0.0111763895993268,0.02));
#4607=CARTESIAN_POINT('',(-0.0837677221076531,0.0120312121845258,0.02));
#4608=CARTESIAN_POINT('',(-0.0890957410128856,0.0141821102887849,0.02));
#4609=CARTESIAN_POINT('',(-0.0888104915991635,0.0148887054854649,0.02));
#4610=CARTESIAN_POINT('',(-0.088810491604588,0.0156507054854648,0.02));
#4611=CARTESIAN_POINT('',(-0.0848973201918843,0.0156507055133216,0.02));
#4612=CARTESIAN_POINT('',(-0.0778409800588586,0.0148887060766841,0.02));
#4613=CARTESIAN_POINT('',(-0.0778409800588586,0.0156507060766841,0.02));
#4614=CARTESIAN_POINT('',(-0.0786029800588586,0.0148887060766841,0.02));
#4615=CARTESIAN_POINT('',(-0.0848973201461991,0.0156507060766841,0.02));
#4616=CARTESIAN_POINT('',(-0.0619464740472745,0.0156507060766841,0.02));
#4617=CARTESIAN_POINT('',(-0.0619464740472745,0.0148887060766841,0.02));
#4618=CARTESIAN_POINT('',(-0.0611844740472745,0.0148887060766841,0.02));
#4619=CARTESIAN_POINT('',(-0.0611844740472745,0.00923306954226449,0.02));
#4620=CARTESIAN_POINT('',(-0.0611844740472745,0.00404381821068531,0.02));
#4621=CARTESIAN_POINT('',(-0.0619464740472745,0.00404381821068531,0.02));
#4622=CARTESIAN_POINT('',(-0.0622317234609966,0.00333722301400532,0.02));
#4623=CARTESIAN_POINT('',(-0.0837677221076531,0.0120312121845258,0.02));
#4624=CARTESIAN_POINT('',(-0.0781262294725807,0.00975376609625234,0.02));
#4625=CARTESIAN_POINT('',(-0.0778409800588586,0.0104603612929323,0.02));
#4626=CARTESIAN_POINT('',(-0.0786029800588586,0.0104603612929323,0.02));
#4627=CARTESIAN_POINT('',(-0.0786029800588586,0.00923306954226449,0.02));
#4628=CARTESIAN_POINT('',(-0.0584224740472745,0.0148887060766841,0.02));
#4629=CARTESIAN_POINT('',(-0.0584224740472745,0.0156507060766841,0.02));
#4630=CARTESIAN_POINT('',(-0.0591844740472745,0.0148887060766841,0.02));
#4631=CARTESIAN_POINT('',(-0.0848973201461991,0.0156507060766841,0.02));
#4632=CARTESIAN_POINT('',(-0.0425279599696091,0.0156507060766841,0.02));
#4633=CARTESIAN_POINT('',(-0.0425279599696091,0.0148887060766842,0.02));
#4634=CARTESIAN_POINT('',(-0.0417659599696091,0.0148887060766842,0.02));
#4635=CARTESIAN_POINT('',(-0.0417659599696091,0.00923306954226449,0.02));
#4636=CARTESIAN_POINT('',(-0.0417659599696091,-0.00379535163087821,0.02));
#4637=CARTESIAN_POINT('',(-0.0425279599696091,-0.00379535163087821,0.02));
#4638=CARTESIAN_POINT('',(-0.0428132093833311,-0.0045019468275582,0.02));
#4639=CARTESIAN_POINT('',(-0.0837677221076531,0.0120312121845258,0.02));
#4640=CARTESIAN_POINT('',(-0.0587077234609966,0.00191459951093083,0.02));
#4641=CARTESIAN_POINT('',(-0.0584224740472745,0.00262119470761082,0.02));
#4642=CARTESIAN_POINT('',(-0.0591844740472745,0.00262119470761082,0.02));
#4643=CARTESIAN_POINT('',(-0.0591844740472745,0.00923306954226449,0.02));
#4644=CARTESIAN_POINT('',(-0.0390039599696091,0.0148887047543171,0.02));
#4645=CARTESIAN_POINT('',(-0.0390039595735462,0.015650704754317,0.02));
#4646=CARTESIAN_POINT('',(-0.0397659599696091,0.0148887047543171,0.02));
#4647=CARTESIAN_POINT('',(-0.0848973168105078,0.0156507286081973,0.02));
#4648=CARTESIAN_POINT('',(-0.0231094515455063,0.0156506964928667,0.02));
#4649=CARTESIAN_POINT('',(-0.0231094519415693,0.0148886964928667,0.02));
#4650=CARTESIAN_POINT('',(-0.0223474519415693,0.0148886964928667,0.02));
#4651=CARTESIAN_POINT('',(-0.0223474519415693,0.00923306954226451,0.02));
#4652=CARTESIAN_POINT('',(-0.0223474519415693,-0.0116345190302342,0.02));
#4653=CARTESIAN_POINT('',(-0.0231094519415693,-0.0116345190302342,0.02));
#4654=CARTESIAN_POINT('',(-0.0233947013552913,-0.0123411142269141,0.02));
#4655=CARTESIAN_POINT('',(-0.0837677221076531,0.0120312121845258,0.02));
#4656=CARTESIAN_POINT('',(-0.0392892093833312,-0.0059245703306327,0.02));
#4657=CARTESIAN_POINT('',(-0.0390039599696091,-0.00521797513395271,0.02));
#4658=CARTESIAN_POINT('',(-0.0397659599696091,-0.00521797513395272,0.02));
#4659=CARTESIAN_POINT('',(-0.0397659599696091,0.00923306954226449,0.02));
#4660=CARTESIAN_POINT('',(-0.0706411490199595,0.0334578787368488,0.02));
#4661=CARTESIAN_POINT('',(-0.0706411490199595,0.0335589305050134,0.02));
#4662=CARTESIAN_POINT('',(-0.0706411490199595,0.0400835968526842,0.02));
#4663=CARTESIAN_POINT('',(-0.0698937301439571,0.0277511853986827,0.02));
#4664=CARTESIAN_POINT('',(-0.0749648644990333,0.0306790061836828,0.02));
#4665=CARTESIAN_POINT('',(-0.0796029861522197,0.0333568269686841,0.02));
#4666=CARTESIAN_POINT('',(-0.079602982119179,0.0280011853986829,0.02));
#4667=CARTESIAN_POINT('',(-0.0796029820320515,0.0333568269686829,0.02));
#4668=CARTESIAN_POINT('',(-0.0842411038212371,0.0306790064192445,0.02));
#4669=CARTESIAN_POINT('',(-0.0893122381763132,0.0277511856342445,0.02));
#4670=CARTESIAN_POINT('',(-0.0885648192514392,0.0335589307342857,0.02));
#4671=CARTESIAN_POINT('',(-0.0885648192514392,0.0334328531648998,0.02));
#4672=CARTESIAN_POINT('',(-0.0885648192514392,0.0400835968526842,0.02));
#4673=CARTESIAN_POINT('',(-0.0751220675860896,0.0400835968526842,0.02));
#4674=CARTESIAN_POINT('',(-0.0504752181274368,0.0277511853986828,0.02));
#4675=CARTESIAN_POINT('',(-0.0497277992514391,0.033558930505014,0.02));
#4676=CARTESIAN_POINT('',(-0.0454040837723606,0.0306790061836828,0.02));
#4677=CARTESIAN_POINT('',(-0.0497277992514391,0.033432853050264,0.02));
#4678=CARTESIAN_POINT('',(-0.0497277992514391,0.0400835968526842,0.02));
#4679=CARTESIAN_POINT('',(-0.0452468806853091,0.0400835968526842,0.02));
#4680=CARTESIAN_POINT('',(-0.0318041290199571,0.0400835968526814,0.02));
#4681=CARTESIAN_POINT('',(-0.0318041290199571,0.0334578787368482,0.02));
#4682=CARTESIAN_POINT('',(-0.0318041290199571,0.0335589305050137,0.02));
#4683=CARTESIAN_POINT('',(-0.031056710143957,0.0277511853986828,0.02));
#4684=CARTESIAN_POINT('',(-0.0361278444990333,0.0306790061836828,0.02));
#4685=CARTESIAN_POINT('',(-0.0407659661522197,0.0333568269686841,0.02));
#4686=CARTESIAN_POINT('',(-0.040765962119179,0.0280011853986829,0.02));
#4687=CARTESIAN_POINT('',(-0.0407659621191767,0.0333568269686829,0.02));
#4688=CARTESIAN_POINT('',(-0.0512226370034392,0.0334328530502636,0.02));
#4689=CARTESIAN_POINT('',(-0.0512226370034392,0.0335589305050134,0.02));
#4690=CARTESIAN_POINT('',(-0.0512226370034391,0.0400835968526842,0.02));
#4691=CARTESIAN_POINT('',(-0.0504752181274368,0.0277511853986828,0.02));
#4692=CARTESIAN_POINT('',(-0.055546352482513,0.0306790061836828,0.02));
#4693=CARTESIAN_POINT('',(-0.0601844741356969,0.0333568269686827,0.02));
#4694=CARTESIAN_POINT('',(-0.0601844741356969,0.0280011853986827,0.02));
#4695=CARTESIAN_POINT('',(-0.0601844741356969,0.0333568269686827,0.02));
#4696=CARTESIAN_POINT('',(-0.0648225957888809,0.0306790061836828,0.02));
#4697=CARTESIAN_POINT('',(-0.0698937301439571,0.0277511853986828,0.02));
#4698=CARTESIAN_POINT('',(-0.0691463112679595,0.033558930505014,0.02));
#4699=CARTESIAN_POINT('',(-0.0691463112679595,0.033432853050264,0.02));
#4700=CARTESIAN_POINT('',(-0.0691463112679595,0.0400835968526842,0.02));
#4701=CARTESIAN_POINT('',(-0.0601844741356993,0.0400835968526842,0.02));
#4702=CARTESIAN_POINT('',(-0.0900596570034392,0.0334328531711895,0.02));
#4703=CARTESIAN_POINT('',(-0.0900596570034392,0.0335589307468652,0.02));
#4704=CARTESIAN_POINT('',(-0.0900596570034391,0.0400835968526842,0.02));
#4705=CARTESIAN_POINT('',(-0.0893122381763132,0.0277511856342444,0.02));
#4706=CARTESIAN_POINT('',(-0.0943833725313894,0.0306790064192444,0.02));
#4707=CARTESIAN_POINT('',(-0.0990214941845734,0.0333568272042445,0.02));
#4708=CARTESIAN_POINT('',(-0.0990214941845734,0.0280011856342444,0.02));
#4709=CARTESIAN_POINT('',(-0.0990214941845734,0.0333568272042444,0.02));
#4710=CARTESIAN_POINT('',(-0.103659615698201,0.0306790061775264,0.02));
#4711=CARTESIAN_POINT('',(-0.108730750053278,0.0277511853925264,0.02));
#4712=CARTESIAN_POINT('',(-0.107983331267959,0.0335589305105275,0.02));
#4713=CARTESIAN_POINT('',(-0.107983331267959,0.0334328530530207,0.02));
#4714=CARTESIAN_POINT('',(-0.107983331267959,0.0400835968526842,0.02));
#4715=CARTESIAN_POINT('',(-0.0990214941356993,0.0400835968526842,0.02));
#4716=CARTESIAN_POINT('',(-0.0123856170034391,0.0334328535285561,0.02));
#4717=CARTESIAN_POINT('',(-0.0123856170034391,0.0335589314615983,0.02));
#4718=CARTESIAN_POINT('',(-0.0123856170034391,0.0400835968526842,0.02));
#4719=CARTESIAN_POINT('',(-0.0116381975308232,0.0277511864320479,0.02));
#4720=CARTESIAN_POINT('',(-0.016709332482513,0.0306790061836828,0.02));
#4721=CARTESIAN_POINT('',(-0.0213474541356969,0.0333568269686827,0.02));
#4722=CARTESIAN_POINT('',(-0.0213474541356969,0.0280011853986827,0.02));
#4723=CARTESIAN_POINT('',(-0.0213474541356969,0.0333568269686827,0.02));
#4724=CARTESIAN_POINT('',(-0.0259855757888809,0.0306790061836828,0.02));
#4725=CARTESIAN_POINT('',(-0.0310567101439571,0.0277511853986828,0.02));
#4726=CARTESIAN_POINT('',(-0.0303092912679596,0.0335589305050141,0.02));
#4727=CARTESIAN_POINT('',(-0.0303092912679596,0.0334328530502626,0.02));
#4728=CARTESIAN_POINT('',(-0.0303092912679596,0.0400835968526814,0.02));
#4729=CARTESIAN_POINT('',(-0.0213474541356993,0.0400835968526814,0.02));
#4730=CARTESIAN_POINT('',(-0.0594370552596993,0.0272984255012738,0.02));
#4731=CARTESIAN_POINT('',(-0.0594370552596993,0.027172477447137,0.02));
#4732=CARTESIAN_POINT('',(-0.0594370552596993,0.0206507060766841,0.02));
#4733=CARTESIAN_POINT('',(-0.0601844741357043,0.0333568269686843,0.02));
#4734=CARTESIAN_POINT('',(-0.0547896979136861,0.0302421514646843,0.02));
#4735=CARTESIAN_POINT('',(-0.0504752181274417,0.0277511853986886,0.02));
#4736=CARTESIAN_POINT('',(-0.0461607383411972,0.0302421514646842,0.02));
#4737=CARTESIAN_POINT('',(-0.040765962119179,0.0333568269686841,0.02));
#4738=CARTESIAN_POINT('',(-0.041513382119179,0.0271724775829791,0.02));
#4739=CARTESIAN_POINT('',(-0.041513382119179,0.0272749767718316,0.02));
#4740=CARTESIAN_POINT('',(-0.041513382119179,0.0206507052816648,0.02));
#4741=CARTESIAN_POINT('',(-0.0504752186894392,0.0206507060766841,0.02));
#4742=CARTESIAN_POINT('',(-0.0206000352596993,0.0272984255012731,0.02));
#4743=CARTESIAN_POINT('',(-0.0206000352596993,0.0271724774471363,0.02));
#4744=CARTESIAN_POINT('',(-0.0206000352597021,0.0206507006326191,0.02));
#4745=CARTESIAN_POINT('',(-0.0213474541356993,0.0333568269686842,0.02));
#4746=CARTESIAN_POINT('',(-0.0159526779136811,0.0302421514646842,0.02));
#4747=CARTESIAN_POINT('',(-0.0116381981274391,0.0277511853986842,0.02));
#4748=CARTESIAN_POINT('',(-0.00732371834119717,0.0302421514646842,0.02));
#4749=CARTESIAN_POINT('',(-0.00192894143055571,0.0333568257759534,0.02));
#4750=CARTESIAN_POINT('',(-0.00338871447649489,0.0273009297534626,0.02));
#4751=CARTESIAN_POINT('',(-0.00386797827772321,0.0239758082471706,0.02));
#4752=CARTESIAN_POINT('',(-0.00434724207895153,0.0206506867408787,0.02));
#4753=CARTESIAN_POINT('',(-0.00313808976221388,0.0206506861124004,0.02));
#4754=CARTESIAN_POINT('',(-0.0982740752596993,0.0272984254680143,0.02));
#4755=CARTESIAN_POINT('',(-0.0982740752596993,0.0271724774144596,0.02));
#4756=CARTESIAN_POINT('',(-0.0982740752596993,0.0206507060766841,0.02));
#4757=CARTESIAN_POINT('',(-0.0990214939088203,0.0333568269634272,0.02));
#4758=CARTESIAN_POINT('',(-0.0936267176868021,0.0302421514594273,0.02));
#4759=CARTESIAN_POINT('',(-0.0893122379005601,0.0277511853934273,0.02));
#4760=CARTESIAN_POINT('',(-0.0849977580935766,0.0302421514235019,0.02));
#4761=CARTESIAN_POINT('',(-0.079602981895329,0.0333568269686859,0.02));
#4762=CARTESIAN_POINT('',(-0.080350402119179,0.0271724776100285,0.02));
#4763=CARTESIAN_POINT('',(-0.080350402119179,0.0272749767853563,0.02));
#4764=CARTESIAN_POINT('',(-0.080350402119179,0.0206507055456897,0.02));
#4765=CARTESIAN_POINT('',(-0.0893122386894392,0.0206507054818931,0.02));
#4766=CARTESIAN_POINT('',(-0.118440001074938,0.0333568270944183,0.02));
#4767=CARTESIAN_POINT('',(-0.119187422119179,0.0271724778349133,0.02));
#4768=CARTESIAN_POINT('',(-0.123834776295728,0.0302421498562345,0.02));
#4769=CARTESIAN_POINT('',(-0.119187422119179,0.0272749768977987,0.02));
#4770=CARTESIAN_POINT('',(-0.119187422119179,0.0241731694222905,0.02));
#4771=CARTESIAN_POINT('',(-0.126008542941542,0.0269268262892612,0.02));
#4772=CARTESIAN_POINT('',(-0.132829663763905,0.0296804831562319,0.02));
#4773=CARTESIAN_POINT('',(-0.137858512218627,0.0333568260673806,0.02));
#4774=CARTESIAN_POINT('',(-0.13246373614309,0.030242150309662,0.02));
#4775=CARTESIAN_POINT('',(-0.128149256350302,0.0277511842549992,0.02));
#4776=CARTESIAN_POINT('',(-0.0601844741357043,0.0333568269686785,0.02));
#4777=CARTESIAN_POINT('',(-0.0609318930116993,0.0271724774471358,0.02));
#4778=CARTESIAN_POINT('',(-0.0655792503577175,0.0302421514646814,0.02));
#4779=CARTESIAN_POINT('',(-0.0609318930116993,0.02727497670391,0.02));
#4780=CARTESIAN_POINT('',(-0.0609318930116993,0.0206507060766841,0.02));
#4781=CARTESIAN_POINT('',(-0.0698937275654391,0.0206507060766841,0.02));
#4782=CARTESIAN_POINT('',(-0.078855562119179,0.0206507052816648,0.02));
#4783=CARTESIAN_POINT('',(-0.078855562119179,0.0272749770155409,0.02));
#4784=CARTESIAN_POINT('',(-0.078855562119179,0.0271724780703976,0.02));
#4785=CARTESIAN_POINT('',(-0.0796029861522197,0.0333568269686814,0.02));
#4786=CARTESIAN_POINT('',(-0.0742082099302015,0.0302421514646814,0.02));
#4787=CARTESIAN_POINT('',(-0.0698937301439595,0.0277511853986814,0.02));
#4788=CARTESIAN_POINT('',(-0.0400185421191789,0.0272749770155423,0.02));
#4789=CARTESIAN_POINT('',(-0.0400185421191789,0.0271724780704003,0.02));
#4790=CARTESIAN_POINT('',(-0.0400185421191789,0.0206507052816648,0.02));
#4791=CARTESIAN_POINT('',(-0.0407659661522197,0.0333568269686841,0.02));
#4792=CARTESIAN_POINT('',(-0.0353711899302015,0.0302421514646842,0.02));
#4793=CARTESIAN_POINT('',(-0.0310567101439595,0.0277511853986842,0.02));
#4794=CARTESIAN_POINT('',(-0.0267422303577175,0.0302421514646842,0.02));
#4795=CARTESIAN_POINT('',(-0.0213474541356993,0.0333568269686841,0.02));
#4796=CARTESIAN_POINT('',(-0.0220948730116993,0.0271724774471363,0.02));
#4797=CARTESIAN_POINT('',(-0.0220948730116993,0.0272749767039102,0.02));
#4798=CARTESIAN_POINT('',(-0.0220948730117019,0.0206507010211032,0.02));
#4799=CARTESIAN_POINT('',(-0.00313808976221388,0.0206506861124004,0.02));
#4800=CARTESIAN_POINT('',(-0.0990214917772616,0.0333568272254043,0.02));
#4801=CARTESIAN_POINT('',(-0.0997689130116993,0.0271724777250056,0.02));
#4802=CARTESIAN_POINT('',(-0.104416268226159,0.0302421515904156,0.02));
#4803=CARTESIAN_POINT('',(-0.0997689130116993,0.0272749768402163,0.02));
#4804=CARTESIAN_POINT('',(-0.0997689130116993,0.0206507054074552,0.02));
#4805=CARTESIAN_POINT('',(-0.105115395746437,0.0206507053693952,0.02));
#4806=CARTESIAN_POINT('',(-0.110461878481175,0.0206507053313353,0.02));
#4807=CARTESIAN_POINT('',(-0.114077230300177,0.0221102071672023,0.02));
#4808=CARTESIAN_POINT('',(-0.117692582119179,0.0235697090030692,0.02));
#4809=CARTESIAN_POINT('',(-0.117692582119179,0.0272749769496009,0.02));
#4810=CARTESIAN_POINT('',(-0.117692582119179,0.0271724779385176,0.02));
#4811=CARTESIAN_POINT('',(-0.118440004020661,0.0333568270944156,0.02));
#4812=CARTESIAN_POINT('',(-0.113045227798643,0.0302421515904156,0.02));
#4813=CARTESIAN_POINT('',(-0.108730748012401,0.0277511855244156,0.02));
#4814=CARTESIAN_POINT('',(-0.0116381975308232,0.027751186432048,0.02));
#4815=CARTESIAN_POINT('',(-0.0108907792514391,0.0335589316151594,0.02));
#4816=CARTESIAN_POINT('',(-0.0065670618399537,0.0306790049033848,0.02));
#4817=CARTESIAN_POINT('',(-0.0108907792514391,0.0334328536053366,0.02));
#4818=CARTESIAN_POINT('',(-0.0108907792514391,0.0400835968526842,0.02));
#4819=CARTESIAN_POINT('',(-0.00640985931899318,0.0400835968526814,0.02));
#4820=CARTESIAN_POINT('',(-0.001546294047312,0.0400835968526814,0.02));
#4821=CARTESIAN_POINT('',(-0.00171452598641548,0.0389164096942217,0.02));
#4822=CARTESIAN_POINT('',(-0.00188275792551896,0.0377492225357621,0.02));
#4823=CARTESIAN_POINT('',(-0.00257309680531084,0.0329596668673759,0.02));
#4824=CARTESIAN_POINT('',(-0.00326343568510272,0.0281701111989895,0.02));
#4825=CARTESIAN_POINT('',(-0.00192894091866341,0.0333568269560614,0.02));
#4826=CARTESIAN_POINT('',(-0.109478169019959,0.0334578787279356,0.02));
#4827=CARTESIAN_POINT('',(-0.109478169019959,0.0335589304871872,0.02));
#4828=CARTESIAN_POINT('',(-0.109478169019959,0.0400835968526842,0.02));
#4829=CARTESIAN_POINT('',(-0.108730750053277,0.0277511853925263,0.02));
#4830=CARTESIAN_POINT('',(-0.113801884408354,0.0306790061775264,0.02));
#4831=CARTESIAN_POINT('',(-0.118440005833099,0.0333568268306375,0.02));
#4832=CARTESIAN_POINT('',(-0.12307812194598,0.0306790051252951,0.02));
#4833=CARTESIAN_POINT('',(-0.128149256301057,0.027751184340295,0.02));
#4834=CARTESIAN_POINT('',(-0.127401839251439,0.0335589296816692,0.02));
#4835=CARTESIAN_POINT('',(-0.127401839251439,0.0334328526385915,0.02));
#4836=CARTESIAN_POINT('',(-0.127401839251439,0.0400835968526842,0.02));
#4837=CARTESIAN_POINT('',(-0.11395908758609,0.0400835968526842,0.02));
#4838=CARTESIAN_POINT('',(-0.128896677003439,0.033432852403548,0.02));
#4839=CARTESIAN_POINT('',(-0.128896677003439,0.0335589292115821,0.02));
#4840=CARTESIAN_POINT('',(-0.128896677003439,0.0400835958408383,0.02));
#4841=CARTESIAN_POINT('',(-0.128149256301057,0.027751184340295,0.02));
#4842=CARTESIAN_POINT('',(-0.133220390650142,0.030679005135672,0.02));
#4843=CARTESIAN_POINT('',(-0.137858512218617,0.0333568260673741,0.02));
#4844=CARTESIAN_POINT('',(-0.133625924484567,0.0300753480924692,0.02));
#4845=CARTESIAN_POINT('',(-0.133647600396031,0.0300473895939854,0.02));
#4846=CARTESIAN_POINT('',(-0.133669276307494,0.0300194310955015,0.02));
#4847=CARTESIAN_POINT('',(-0.140244812834801,0.0326739466485865,0.02));
#4848=CARTESIAN_POINT('',(-0.146820349362108,0.0353284622016714,0.02));
#4849=CARTESIAN_POINT('',(-0.146820349375643,0.0377060290467627,0.02));
#4850=CARTESIAN_POINT('',(-0.146820349389177,0.0400835958918539,0.02));
#4851=CARTESIAN_POINT('',(-0.137858513196308,0.0400835958408383,0.02));
#4852=CARTESIAN_POINT('',(-0.00124887958939803,0.0211180335184719,0.02));
#4853=CARTESIAN_POINT('',(0.00108655728447135,0.0373212421813995,0.02));
#4854=CARTESIAN_POINT('',(0.00142976698578455,0.0397024187770347,0.02));
#4855=CARTESIAN_POINT('',(0.00177297668709775,0.0420835953726699,0.02));
#4856=CARTESIAN_POINT('',(0.000257475712701347,0.0420835953593998,0.02));
#4857=CARTESIAN_POINT('',(-0.018377792613547,0.0420835951962249,0.02));
#4858=CARTESIAN_POINT('',(-0.0254780847175691,0.0420835951340531,0.02));
#4859=CARTESIAN_POINT('',(-0.0325783768215911,0.0420835950718811,0.02));
#4860=CARTESIAN_POINT('',(-0.126315072066795,0.0420835942511,0.02));
#4861=CARTESIAN_POINT('',(-0.134190139907249,0.0420835941821441,0.02));
#4862=CARTESIAN_POINT('',(-0.134686482305139,0.042083594177798,0.02));
#4863=CARTESIAN_POINT('',(-0.135182824703029,0.0420835941734519,0.02));
#4864=CARTESIAN_POINT('',(-0.149368201298983,0.0420835940492413,0.02));
#4865=CARTESIAN_POINT('',(-0.171567616979496,0.0420835938548578,0.02));
#4866=CARTESIAN_POINT('',(-0.169090505792501,0.0410835948212742,0.02));
#4867=CARTESIAN_POINT('',(-0.143200267222165,0.0306318178943828,0.02));
#4868=CARTESIAN_POINT('',(-0.142909729457485,0.0305145290599435,0.02));
#4869=CARTESIAN_POINT('',(-0.142619191692805,0.0303972402255043,0.02));
#4870=CARTESIAN_POINT('',(-0.13054755465968,0.0255239727556097,0.02));
#4871=CARTESIAN_POINT('',(-0.118475917626554,0.0206507052857151,0.02));
#4872=CARTESIAN_POINT('',(-0.118457958878164,0.0206507052858173,0.02));
#4873=CARTESIAN_POINT('',(-0.118440000129774,0.0206507052859195,0.02));
#4874=CARTESIAN_POINT('',(-0.118440000129733,0.0206434554170306,0.02));
#4875=CARTESIAN_POINT('',(-0.118440000129691,0.0206362055481416,0.02));
#4876=CARTESIAN_POINT('',(-0.00919066427603487,-0.023467277108127,0.02));
#4877=CARTESIAN_POINT('',(-0.14831518712936,0.0380077588033128,0.02));
#4878=CARTESIAN_POINT('',(-0.148315187117543,0.0359319217147717,0.02));
#4879=CARTESIAN_POINT('',(-0.148315187141177,0.0400835958918539,0.02));
#4880=CARTESIAN_POINT('',(-0.161076466677531,0.0410835948791708,0.02));
#4881=CARTESIAN_POINT('',(-0.158599355460125,0.0400835958333109,0.02));
#4882=CARTESIAN_POINT('',(-0.152796105707307,0.0400835958408383,0.02));
#4883=CARTESIAN_POINT('',(-0.0195854519415693,-0.0130571425333087,0.02));
#4884=CARTESIAN_POINT('',(-0.0203474519415693,-0.0130571425333087,0.02));
#4885=CARTESIAN_POINT('',(-0.0203474519415693,0.00923306954226451,0.02));
#4886=CARTESIAN_POINT('',(-0.0203474519415693,0.0148886946612057,0.02));
#4887=CARTESIAN_POINT('',(-0.0195854519415693,0.0148886946612057,0.02));
#4888=CARTESIAN_POINT('',(-0.0195854515455063,0.0156506946612056,0.02));
#4889=CARTESIAN_POINT('',(-0.0848973168105078,0.0156507286081973,0.02));
#4890=CARTESIAN_POINT('',(-0.00796828283667225,0.0156506886229776,0.02));
#4891=CARTESIAN_POINT('',(-0.00796828323273517,0.0148886886229777,0.02));
#4892=CARTESIAN_POINT('',(-0.00721407720247963,0.014779981383448,0.02));
#4893=CARTESIAN_POINT('',(-0.0124870205081888,-0.0218034665595251,0.02));
#4894=CARTESIAN_POINT('',(-0.0848973201461991,0.00923306954226449,0.));
#4895=CARTESIAN_POINT('',(-0.0848973168105078,0.0156507286081973,0.));
#4896=CARTESIAN_POINT('',(-0.0195854515455063,0.0156506946612056,0.));
#4897=CARTESIAN_POINT('',(-0.00796828283667225,0.0156506886229776,0.));
#4898=CARTESIAN_POINT('',(-0.0195854519415693,0.0148886946612057,0.));
#4899=CARTESIAN_POINT('',(-0.0203474519415693,0.0148886946612057,0.));
#4900=CARTESIAN_POINT('',(-0.0203474519415693,0.00923306954226451,0.));
#4901=CARTESIAN_POINT('',(-0.0203474519415693,-0.0130571425333087,0.));
#4902=CARTESIAN_POINT('',(-0.0195854519415693,-0.0130571425333087,0.));
#4903=CARTESIAN_POINT('',(-0.0095783170501441,-0.00162301033809901,0.));
#4904=CARTESIAN_POINT('',(-0.00721407720247963,0.014779981383448,0.));
#4905=CARTESIAN_POINT('',(-0.00796828323273517,0.0148886886229777,0.));
#4906=CARTESIAN_POINT('',(-0.161076466677531,0.0410835948791708,0.));
#4907=CARTESIAN_POINT('',(-0.148315187117543,0.0359319217147717,0.));
#4908=CARTESIAN_POINT('',(-0.158599355460125,0.0400835958333109,0.));
#4909=CARTESIAN_POINT('',(-0.14831518712936,0.0380077588033128,0.));
#4910=CARTESIAN_POINT('',(-0.148315187141177,0.0400835958918539,0.));
#4911=CARTESIAN_POINT('',(-0.152796105707307,0.0400835958408383,0.));
#4912=CARTESIAN_POINT('',(-0.00124887958939803,0.0211180335184719,0.));
#4913=CARTESIAN_POINT('',(0.00108655728447135,0.0373212421813995,0.));
#4914=CARTESIAN_POINT('',(-0.00919066427603487,-0.023467277108127,0.));
#4915=CARTESIAN_POINT('',(-0.118440000129691,0.0206362055481416,0.));
#4916=CARTESIAN_POINT('',(-0.118440000129733,0.0206434554170306,0.));
#4917=CARTESIAN_POINT('',(-0.118440000129774,0.0206507052859195,0.));
#4918=CARTESIAN_POINT('',(-0.118457958878164,0.0206507052858173,0.));
#4919=CARTESIAN_POINT('',(-0.118475917626554,0.0206507052857151,0.));
#4920=CARTESIAN_POINT('',(-0.13054755465968,0.0255239727556097,0.));
#4921=CARTESIAN_POINT('',(-0.142619191692805,0.0303972402255043,0.));
#4922=CARTESIAN_POINT('',(-0.142909729457485,0.0305145290599435,0.));
#4923=CARTESIAN_POINT('',(-0.143200267222165,0.0306318178943828,0.));
#4924=CARTESIAN_POINT('',(-0.169090505792501,0.0410835948212742,0.));
#4925=CARTESIAN_POINT('',(-0.171567616979496,0.0420835938548578,0.));
#4926=CARTESIAN_POINT('',(-0.149368201298983,0.0420835940492413,0.));
#4927=CARTESIAN_POINT('',(-0.135182824703029,0.0420835941734519,0.));
#4928=CARTESIAN_POINT('',(-0.134686482305139,0.042083594177798,0.));
#4929=CARTESIAN_POINT('',(-0.134190139907249,0.0420835941821441,0.));
#4930=CARTESIAN_POINT('',(-0.126315072066795,0.0420835942511,0.));
#4931=CARTESIAN_POINT('',(-0.0325783768215911,0.0420835950718811,0.));
#4932=CARTESIAN_POINT('',(-0.0254780847175691,0.0420835951340531,0.));
#4933=CARTESIAN_POINT('',(-0.018377792613547,0.0420835951962249,0.));
#4934=CARTESIAN_POINT('',(0.000257475712701347,0.0420835953593998,0.));
#4935=CARTESIAN_POINT('',(0.00177297668709775,0.0420835953726699,0.));
#4936=CARTESIAN_POINT('',(0.00142976698578455,0.0397024187770347,0.));
#4937=CARTESIAN_POINT('',(-0.128149256301057,0.027751184340295,0.));
#4938=CARTESIAN_POINT('',(-0.133220390650142,0.030679005135672,0.));
#4939=CARTESIAN_POINT('',(-0.128896677003439,0.0335589292115821,0.));
#4940=CARTESIAN_POINT('',(-0.128896677003439,0.033432852403548,0.));
#4941=CARTESIAN_POINT('',(-0.128896677003439,0.0400835958408383,0.));
#4942=CARTESIAN_POINT('',(-0.137858513196308,0.0400835958408383,0.));
#4943=CARTESIAN_POINT('',(-0.146820349389177,0.0400835958918539,0.));
#4944=CARTESIAN_POINT('',(-0.146820349375643,0.0377060290467627,0.));
#4945=CARTESIAN_POINT('',(-0.146820349362108,0.0353284622016714,0.));
#4946=CARTESIAN_POINT('',(-0.140244812834801,0.0326739466485865,0.));
#4947=CARTESIAN_POINT('',(-0.133669276307494,0.0300194310955015,0.));
#4948=CARTESIAN_POINT('',(-0.133647600396031,0.0300473895939854,0.));
#4949=CARTESIAN_POINT('',(-0.133625924484567,0.0300753480924692,0.));
#4950=CARTESIAN_POINT('',(-0.137858512218617,0.0333568260673741,0.));
#4951=CARTESIAN_POINT('',(-0.108730750053277,0.0277511853925263,0.));
#4952=CARTESIAN_POINT('',(-0.109478169019959,0.0335589304871872,0.));
#4953=CARTESIAN_POINT('',(-0.113801884408354,0.0306790061775264,0.));
#4954=CARTESIAN_POINT('',(-0.109478169019959,0.0334578787279356,0.));
#4955=CARTESIAN_POINT('',(-0.109478169019959,0.0400835968526842,0.));
#4956=CARTESIAN_POINT('',(-0.11395908758609,0.0400835968526842,0.));
#4957=CARTESIAN_POINT('',(-0.127401839251439,0.0400835968526842,0.));
#4958=CARTESIAN_POINT('',(-0.127401839251439,0.0334328526385915,0.));
#4959=CARTESIAN_POINT('',(-0.127401839251439,0.0335589296816692,0.));
#4960=CARTESIAN_POINT('',(-0.128149256301057,0.027751184340295,0.));
#4961=CARTESIAN_POINT('',(-0.12307812194598,0.0306790051252951,0.));
#4962=CARTESIAN_POINT('',(-0.118440005833099,0.0333568268306375,0.));
#4963=CARTESIAN_POINT('',(-0.0108907792514391,0.0334328536053366,0.));
#4964=CARTESIAN_POINT('',(-0.0108907792514391,0.0335589316151594,0.));
#4965=CARTESIAN_POINT('',(-0.0108907792514391,0.0400835968526842,0.));
#4966=CARTESIAN_POINT('',(-0.0116381975308232,0.027751186432048,0.));
#4967=CARTESIAN_POINT('',(-0.0065670618399537,0.0306790049033848,0.));
#4968=CARTESIAN_POINT('',(-0.00192894091866341,0.0333568269560614,0.));
#4969=CARTESIAN_POINT('',(-0.00326343568510272,0.0281701111989895,0.));
#4970=CARTESIAN_POINT('',(-0.00257309680531084,0.0329596668673759,0.));
#4971=CARTESIAN_POINT('',(-0.00188275792551896,0.0377492225357621,0.));
#4972=CARTESIAN_POINT('',(-0.00171452598641548,0.0389164096942217,0.));
#4973=CARTESIAN_POINT('',(-0.001546294047312,0.0400835968526814,0.));
#4974=CARTESIAN_POINT('',(-0.00640985931899318,0.0400835968526814,0.));
#4975=CARTESIAN_POINT('',(-0.0997689130116993,0.0272749768402163,0.));
#4976=CARTESIAN_POINT('',(-0.0997689130116993,0.0271724777250056,0.));
#4977=CARTESIAN_POINT('',(-0.0997689130116993,0.0206507054074552,0.));
#4978=CARTESIAN_POINT('',(-0.0990214917772616,0.0333568272254043,0.));
#4979=CARTESIAN_POINT('',(-0.104416268226159,0.0302421515904156,0.));
#4980=CARTESIAN_POINT('',(-0.108730748012401,0.0277511855244156,0.));
#4981=CARTESIAN_POINT('',(-0.113045227798643,0.0302421515904156,0.));
#4982=CARTESIAN_POINT('',(-0.118440004020661,0.0333568270944156,0.));
#4983=CARTESIAN_POINT('',(-0.117692582119179,0.0271724779385176,0.));
#4984=CARTESIAN_POINT('',(-0.117692582119179,0.0272749769496009,0.));
#4985=CARTESIAN_POINT('',(-0.117692582119179,0.0235697090030692,0.));
#4986=CARTESIAN_POINT('',(-0.114077230300177,0.0221102071672023,0.));
#4987=CARTESIAN_POINT('',(-0.110461878481175,0.0206507053313353,0.));
#4988=CARTESIAN_POINT('',(-0.105115395746437,0.0206507053693952,0.));
#4989=CARTESIAN_POINT('',(-0.0407659661522197,0.0333568269686841,0.));
#4990=CARTESIAN_POINT('',(-0.0400185421191789,0.0271724780704003,0.));
#4991=CARTESIAN_POINT('',(-0.0353711899302015,0.0302421514646842,0.));
#4992=CARTESIAN_POINT('',(-0.0400185421191789,0.0272749770155423,0.));
#4993=CARTESIAN_POINT('',(-0.0400185421191789,0.0206507052816648,0.));
#4994=CARTESIAN_POINT('',(-0.00313808976221388,0.0206506861124004,0.));
#4995=CARTESIAN_POINT('',(-0.0220948730117019,0.0206507010211032,-1.7347234759768E-18));
#4996=CARTESIAN_POINT('',(-0.0220948730116993,0.0272749767039102,0.));
#4997=CARTESIAN_POINT('',(-0.0220948730116993,0.0271724774471363,0.));
#4998=CARTESIAN_POINT('',(-0.0213474541356993,0.0333568269686841,0.));
#4999=CARTESIAN_POINT('',(-0.0267422303577175,0.0302421514646842,0.));
#5000=CARTESIAN_POINT('',(-0.0310567101439595,0.0277511853986842,0.));
#5001=CARTESIAN_POINT('',(-0.0609318930116993,0.02727497670391,0.));
#5002=CARTESIAN_POINT('',(-0.0609318930116993,0.0271724774471358,0.));
#5003=CARTESIAN_POINT('',(-0.0609318930116993,0.0206507060766841,0.));
#5004=CARTESIAN_POINT('',(-0.0601844741357043,0.0333568269686785,0.));
#5005=CARTESIAN_POINT('',(-0.0655792503577175,0.0302421514646814,0.));
#5006=CARTESIAN_POINT('',(-0.0698937301439595,0.0277511853986814,0.));
#5007=CARTESIAN_POINT('',(-0.0742082099302015,0.0302421514646814,0.));
#5008=CARTESIAN_POINT('',(-0.0796029861522197,0.0333568269686814,0.));
#5009=CARTESIAN_POINT('',(-0.078855562119179,0.0271724780703976,0.));
#5010=CARTESIAN_POINT('',(-0.078855562119179,0.0272749770155409,0.));
#5011=CARTESIAN_POINT('',(-0.078855562119179,0.0206507052816648,0.));
#5012=CARTESIAN_POINT('',(-0.0698937275654391,0.0206507060766841,0.));
#5013=CARTESIAN_POINT('',(-0.119187422119179,0.0272749768977987,0.));
#5014=CARTESIAN_POINT('',(-0.119187422119179,0.0271724778349133,0.));
#5015=CARTESIAN_POINT('',(-0.119187422119179,0.0241731694222905,0.));
#5016=CARTESIAN_POINT('',(-0.118440001074938,0.0333568270944183,0.));
#5017=CARTESIAN_POINT('',(-0.123834776295728,0.0302421498562345,0.));
#5018=CARTESIAN_POINT('',(-0.128149256350302,0.0277511842549992,0.));
#5019=CARTESIAN_POINT('',(-0.13246373614309,0.030242150309662,0.));
#5020=CARTESIAN_POINT('',(-0.137858512218627,0.0333568260673806,0.));
#5021=CARTESIAN_POINT('',(-0.132829663763905,0.0296804831562319,0.));
#5022=CARTESIAN_POINT('',(-0.126008542941542,0.0269268262892612,0.));
#5023=CARTESIAN_POINT('',(-0.0990214939088203,0.0333568269634272,0.));
#5024=CARTESIAN_POINT('',(-0.0982740752596993,0.0271724774144596,0.));
#5025=CARTESIAN_POINT('',(-0.0936267176868021,0.0302421514594273,0.));
#5026=CARTESIAN_POINT('',(-0.0982740752596993,0.0272984254680143,0.));
#5027=CARTESIAN_POINT('',(-0.0982740752596993,0.0206507060766841,0.));
#5028=CARTESIAN_POINT('',(-0.0893122386894392,0.0206507054818931,0.));
#5029=CARTESIAN_POINT('',(-0.080350402119179,0.0206507055456897,0.));
#5030=CARTESIAN_POINT('',(-0.080350402119179,0.0272749767853563,0.));
#5031=CARTESIAN_POINT('',(-0.080350402119179,0.0271724776100285,0.));
#5032=CARTESIAN_POINT('',(-0.079602981895329,0.0333568269686859,0.));
#5033=CARTESIAN_POINT('',(-0.0849977580935766,0.0302421514235019,0.));
#5034=CARTESIAN_POINT('',(-0.0893122379005601,0.0277511853934273,0.));
#5035=CARTESIAN_POINT('',(-0.0213474541356993,0.0333568269686842,0.));
#5036=CARTESIAN_POINT('',(-0.0206000352596993,0.0271724774471363,0.));
#5037=CARTESIAN_POINT('',(-0.0159526779136811,0.0302421514646842,0.));
#5038=CARTESIAN_POINT('',(-0.0206000352596993,0.0272984255012731,0.));
#5039=CARTESIAN_POINT('',(-0.0206000352597021,0.0206507006326191,-1.7347234759768E-18));
#5040=CARTESIAN_POINT('',(-0.00313808976221388,0.0206506861124004,0.));
#5041=CARTESIAN_POINT('',(-0.00434724207895153,0.0206506867408787,0.));
#5042=CARTESIAN_POINT('',(-0.00386797827772321,0.0239758082471706,0.));
#5043=CARTESIAN_POINT('',(-0.00338871447649489,0.0273009297534626,0.));
#5044=CARTESIAN_POINT('',(-0.00192894143055571,0.0333568257759534,0.));
#5045=CARTESIAN_POINT('',(-0.00732371834119717,0.0302421514646842,0.));
#5046=CARTESIAN_POINT('',(-0.0116381981274391,0.0277511853986842,0.));
#5047=CARTESIAN_POINT('',(-0.0601844741357043,0.0333568269686843,0.));
#5048=CARTESIAN_POINT('',(-0.0594370552596993,0.027172477447137,0.));
#5049=CARTESIAN_POINT('',(-0.0547896979136861,0.0302421514646843,0.));
#5050=CARTESIAN_POINT('',(-0.0594370552596993,0.0272984255012738,0.));
#5051=CARTESIAN_POINT('',(-0.0594370552596993,0.0206507060766841,0.));
#5052=CARTESIAN_POINT('',(-0.0504752186894392,0.0206507060766841,0.));
#5053=CARTESIAN_POINT('',(-0.041513382119179,0.0206507052816648,0.));
#5054=CARTESIAN_POINT('',(-0.041513382119179,0.0272749767718316,0.));
#5055=CARTESIAN_POINT('',(-0.041513382119179,0.0271724775829791,0.));
#5056=CARTESIAN_POINT('',(-0.040765962119179,0.0333568269686841,0.));
#5057=CARTESIAN_POINT('',(-0.0461607383411972,0.0302421514646842,0.));
#5058=CARTESIAN_POINT('',(-0.0504752181274417,0.0277511853986886,0.));
#5059=CARTESIAN_POINT('',(-0.0116381975308232,0.0277511864320479,0.));
#5060=CARTESIAN_POINT('',(-0.016709332482513,0.0306790061836828,0.));
#5061=CARTESIAN_POINT('',(-0.0123856170034391,0.0335589314615983,0.));
#5062=CARTESIAN_POINT('',(-0.0123856170034391,0.0334328535285561,0.));
#5063=CARTESIAN_POINT('',(-0.0123856170034391,0.0400835968526842,0.));
#5064=CARTESIAN_POINT('',(-0.0213474541356993,0.0400835968526814,0.));
#5065=CARTESIAN_POINT('',(-0.0303092912679596,0.0400835968526814,0.));
#5066=CARTESIAN_POINT('',(-0.0303092912679596,0.0334328530502626,0.));
#5067=CARTESIAN_POINT('',(-0.0303092912679596,0.0335589305050141,0.));
#5068=CARTESIAN_POINT('',(-0.0310567101439571,0.0277511853986828,0.));
#5069=CARTESIAN_POINT('',(-0.0259855757888809,0.0306790061836828,0.));
#5070=CARTESIAN_POINT('',(-0.0213474541356969,0.0333568269686827,0.));
#5071=CARTESIAN_POINT('',(-0.0213474541356969,0.0280011853986827,0.));
#5072=CARTESIAN_POINT('',(-0.0213474541356969,0.0333568269686827,0.));
#5073=CARTESIAN_POINT('',(-0.0893122381763132,0.0277511856342444,0.));
#5074=CARTESIAN_POINT('',(-0.0943833725313894,0.0306790064192444,0.));
#5075=CARTESIAN_POINT('',(-0.0900596570034392,0.0335589307468652,0.));
#5076=CARTESIAN_POINT('',(-0.0900596570034392,0.0334328531711895,0.));
#5077=CARTESIAN_POINT('',(-0.0900596570034391,0.0400835968526842,0.));
#5078=CARTESIAN_POINT('',(-0.0990214941356993,0.0400835968526842,0.));
#5079=CARTESIAN_POINT('',(-0.107983331267959,0.0400835968526842,0.));
#5080=CARTESIAN_POINT('',(-0.107983331267959,0.0334328530530207,0.));
#5081=CARTESIAN_POINT('',(-0.107983331267959,0.0335589305105275,0.));
#5082=CARTESIAN_POINT('',(-0.108730750053278,0.0277511853925264,0.));
#5083=CARTESIAN_POINT('',(-0.103659615698201,0.0306790061775264,0.));
#5084=CARTESIAN_POINT('',(-0.0990214941845734,0.0333568272042444,0.));
#5085=CARTESIAN_POINT('',(-0.0990214941845734,0.0280011856342444,0.));
#5086=CARTESIAN_POINT('',(-0.0990214941845734,0.0333568272042445,0.));
#5087=CARTESIAN_POINT('',(-0.0504752181274368,0.0277511853986828,0.));
#5088=CARTESIAN_POINT('',(-0.055546352482513,0.0306790061836828,0.));
#5089=CARTESIAN_POINT('',(-0.0512226370034392,0.0335589305050134,0.));
#5090=CARTESIAN_POINT('',(-0.0512226370034392,0.0334328530502636,0.));
#5091=CARTESIAN_POINT('',(-0.0512226370034391,0.0400835968526842,0.));
#5092=CARTESIAN_POINT('',(-0.0601844741356993,0.0400835968526842,0.));
#5093=CARTESIAN_POINT('',(-0.0691463112679595,0.0400835968526842,0.));
#5094=CARTESIAN_POINT('',(-0.0691463112679595,0.033432853050264,0.));
#5095=CARTESIAN_POINT('',(-0.0691463112679595,0.033558930505014,0.));
#5096=CARTESIAN_POINT('',(-0.0698937301439571,0.0277511853986828,0.));
#5097=CARTESIAN_POINT('',(-0.0648225957888809,0.0306790061836828,0.));
#5098=CARTESIAN_POINT('',(-0.0601844741356969,0.0333568269686827,0.));
#5099=CARTESIAN_POINT('',(-0.0601844741356969,0.0280011853986827,0.));
#5100=CARTESIAN_POINT('',(-0.0601844741356969,0.0333568269686827,0.));
#5101=CARTESIAN_POINT('',(-0.0497277992514391,0.033432853050264,0.));
#5102=CARTESIAN_POINT('',(-0.0497277992514391,0.033558930505014,0.));
#5103=CARTESIAN_POINT('',(-0.0497277992514391,0.0400835968526842,0.));
#5104=CARTESIAN_POINT('',(-0.0504752181274368,0.0277511853986828,0.));
#5105=CARTESIAN_POINT('',(-0.0454040837723606,0.0306790061836828,0.));
#5106=CARTESIAN_POINT('',(-0.0407659621191767,0.0333568269686829,0.));
#5107=CARTESIAN_POINT('',(-0.040765962119179,0.0280011853986829,0.));
#5108=CARTESIAN_POINT('',(-0.0407659661522197,0.0333568269686841,0.));
#5109=CARTESIAN_POINT('',(-0.0361278444990333,0.0306790061836828,0.));
#5110=CARTESIAN_POINT('',(-0.031056710143957,0.0277511853986828,0.));
#5111=CARTESIAN_POINT('',(-0.0318041290199571,0.0335589305050137,0.));
#5112=CARTESIAN_POINT('',(-0.0318041290199571,0.0334578787368482,0.));
#5113=CARTESIAN_POINT('',(-0.0318041290199571,0.0400835968526814,0.));
#5114=CARTESIAN_POINT('',(-0.0452468806853091,0.0400835968526842,0.));
#5115=CARTESIAN_POINT('',(-0.0698937301439571,0.0277511853986827,0.));
#5116=CARTESIAN_POINT('',(-0.0706411490199595,0.0335589305050134,0.));
#5117=CARTESIAN_POINT('',(-0.0749648644990333,0.0306790061836828,0.));
#5118=CARTESIAN_POINT('',(-0.0706411490199595,0.0334578787368488,0.));
#5119=CARTESIAN_POINT('',(-0.0706411490199595,0.0400835968526842,0.));
#5120=CARTESIAN_POINT('',(-0.0751220675860896,0.0400835968526842,0.));
#5121=CARTESIAN_POINT('',(-0.0885648192514392,0.0400835968526842,0.));
#5122=CARTESIAN_POINT('',(-0.0885648192514392,0.0334328531648998,0.));
#5123=CARTESIAN_POINT('',(-0.0885648192514392,0.0335589307342857,0.));
#5124=CARTESIAN_POINT('',(-0.0893122381763132,0.0277511856342445,0.));
#5125=CARTESIAN_POINT('',(-0.0842411038212371,0.0306790064192445,0.));
#5126=CARTESIAN_POINT('',(-0.0796029820320515,0.0333568269686829,0.));
#5127=CARTESIAN_POINT('',(-0.079602982119179,0.0280011853986829,0.));
#5128=CARTESIAN_POINT('',(-0.0796029861522197,0.0333568269686841,0.));
#5129=CARTESIAN_POINT('',(-0.0223474519415693,0.00923306954226451,0.));
#5130=CARTESIAN_POINT('',(-0.0223474519415693,0.0148886964928667,0.));
#5131=CARTESIAN_POINT('',(-0.0223474519415693,-0.0116345190302342,0.));
#5132=CARTESIAN_POINT('',(-0.0231094519415693,0.0148886964928667,0.));
#5133=CARTESIAN_POINT('',(-0.0231094515455063,0.0156506964928667,0.));
#5134=CARTESIAN_POINT('',(-0.0848973168105078,0.0156507286081973,0.));
#5135=CARTESIAN_POINT('',(-0.0390039595735462,0.015650704754317,0.));
#5136=CARTESIAN_POINT('',(-0.0390039599696091,0.0148887047543171,0.));
#5137=CARTESIAN_POINT('',(-0.0397659599696091,0.0148887047543171,0.));
#5138=CARTESIAN_POINT('',(-0.0397659599696091,0.00923306954226449,0.));
#5139=CARTESIAN_POINT('',(-0.0397659599696091,-0.00521797513395271,0.));
#5140=CARTESIAN_POINT('',(-0.0390039599696091,-0.00521797513395271,0.));
#5141=CARTESIAN_POINT('',(-0.0392892093833312,-0.0059245703306327,0.));
#5142=CARTESIAN_POINT('',(-0.0837677221076531,0.0120312121845258,0.));
#5143=CARTESIAN_POINT('',(-0.0233947013552913,-0.0123411142269141,0.));
#5144=CARTESIAN_POINT('',(-0.0231094519415693,-0.0116345190302342,0.));
#5145=CARTESIAN_POINT('',(-0.0417659599696091,0.00923306954226449,0.));
#5146=CARTESIAN_POINT('',(-0.0417659599696091,0.0148887060766842,0.));
#5147=CARTESIAN_POINT('',(-0.0417659599696091,-0.00379535163087821,0.));
#5148=CARTESIAN_POINT('',(-0.0425279599696091,0.0148887060766842,0.));
#5149=CARTESIAN_POINT('',(-0.0425279599696091,0.0156507060766841,0.));
#5150=CARTESIAN_POINT('',(-0.0848973201461991,0.0156507060766841,0.));
#5151=CARTESIAN_POINT('',(-0.0584224740472745,0.0156507060766841,0.));
#5152=CARTESIAN_POINT('',(-0.0584224740472745,0.0148887060766841,0.));
#5153=CARTESIAN_POINT('',(-0.0591844740472745,0.0148887060766841,0.));
#5154=CARTESIAN_POINT('',(-0.0591844740472745,0.00923306954226449,0.));
#5155=CARTESIAN_POINT('',(-0.0591844740472745,0.00262119470761082,0.));
#5156=CARTESIAN_POINT('',(-0.0584224740472745,0.00262119470761082,0.));
#5157=CARTESIAN_POINT('',(-0.0587077234609966,0.00191459951093083,0.));
#5158=CARTESIAN_POINT('',(-0.0837677221076531,0.0120312121845258,0.));
#5159=CARTESIAN_POINT('',(-0.0428132093833311,-0.0045019468275582,0.));
#5160=CARTESIAN_POINT('',(-0.0425279599696091,-0.00379535163087821,0.));
#5161=CARTESIAN_POINT('',(-0.0611844740472745,0.00923306954226449,0.));
#5162=CARTESIAN_POINT('',(-0.0611844740472745,0.0148887060766841,0.));
#5163=CARTESIAN_POINT('',(-0.0611844740472745,0.00404381821068531,0.));
#5164=CARTESIAN_POINT('',(-0.0619464740472745,0.0148887060766841,0.));
#5165=CARTESIAN_POINT('',(-0.0619464740472745,0.0156507060766841,0.));
#5166=CARTESIAN_POINT('',(-0.0848973201461991,0.0156507060766841,0.));
#5167=CARTESIAN_POINT('',(-0.0778409800588586,0.0156507060766841,0.));
#5168=CARTESIAN_POINT('',(-0.0778409800588586,0.0148887060766841,0.));
#5169=CARTESIAN_POINT('',(-0.0786029800588586,0.0148887060766841,0.));
#5170=CARTESIAN_POINT('',(-0.0786029800588586,0.00923306954226449,0.));
#5171=CARTESIAN_POINT('',(-0.0786029800588586,0.0104603612929323,0.));
#5172=CARTESIAN_POINT('',(-0.0778409800588586,0.0104603612929323,0.));
#5173=CARTESIAN_POINT('',(-0.0781262294725807,0.00975376609625233,0.));
#5174=CARTESIAN_POINT('',(-0.0837677221076531,0.0120312121845258,0.));
#5175=CARTESIAN_POINT('',(-0.0622317234609966,0.00333722301400533,0.));
#5176=CARTESIAN_POINT('',(-0.0619464740472745,0.00404381821068531,0.));
#5177=CARTESIAN_POINT('',(-0.0806029800588586,0.00923306954226449,0.));
#5178=CARTESIAN_POINT('',(-0.0806029800588586,0.0148887055384672,0.));
#5179=CARTESIAN_POINT('',(-0.0806029800588586,0.0118829847960068,0.));
#5180=CARTESIAN_POINT('',(-0.0813649800588586,0.0148887055384672,0.));
#5181=CARTESIAN_POINT('',(-0.0813649800642831,0.0156507055384672,0.));
#5182=CARTESIAN_POINT('',(-0.0848973201918843,0.0156507055133216,0.));
#5183=CARTESIAN_POINT('',(-0.088810491604588,0.0156507054854649,0.));
#5184=CARTESIAN_POINT('',(-0.0888104915991635,0.0148887054854649,0.));
#5185=CARTESIAN_POINT('',(-0.0890957410128856,0.0141821102887849,0.));
#5186=CARTESIAN_POINT('',(-0.0837677221076531,0.0120312121845258,0.));
#5187=CARTESIAN_POINT('',(-0.0816502294725807,0.0111763895993268,0.));
#5188=CARTESIAN_POINT('',(-0.0813649800588586,0.0118829847960068,0.));
#5189=CARTESIAN_POINT('',(-0.0698937301439571,0.0277511853986827,0.02));
#5190=CARTESIAN_POINT('',(-0.0749648644990333,0.0306790061836828,0.02));
#5191=CARTESIAN_POINT('',(-0.0706411490199595,0.0335589305050134,0.02));
#5192=CARTESIAN_POINT('',(-0.0796029861522197,0.0333568269686841,0.02));
#5193=CARTESIAN_POINT('',(-0.079602982119179,0.0280011853986829,0.02));
#5194=CARTESIAN_POINT('',(-0.0796029820320515,0.0333568269686829,0.02));
#5195=CARTESIAN_POINT('',(-0.0842411038212371,0.0306790064192445,0.02));
#5196=CARTESIAN_POINT('',(-0.0893122381763132,0.0277511856342445,0.02));
#5197=CARTESIAN_POINT('',(-0.0885648192514392,0.0335589307342857,0.02));
#5198=CARTESIAN_POINT('',(-0.0706411490199595,0.0334578787368488,0.02));
#5199=CARTESIAN_POINT('',(-0.0706411490199595,0.0400835968526842,0.02));
#5200=CARTESIAN_POINT('',(-0.0885648192514392,0.0334328531648998,0.02));
#5201=CARTESIAN_POINT('',(-0.0885648192514392,0.0400835968526842,0.02));
#5202=CARTESIAN_POINT('',(-0.031056710143957,0.0277511853986828,0.02));
#5203=CARTESIAN_POINT('',(-0.0361278444990333,0.0306790061836828,0.02));
#5204=CARTESIAN_POINT('',(-0.0318041290199571,0.0335589305050137,0.02));
#5205=CARTESIAN_POINT('',(-0.0407659661522197,0.0333568269686841,0.02));
#5206=CARTESIAN_POINT('',(-0.040765962119179,0.0280011853986829,0.02));
#5207=CARTESIAN_POINT('',(-0.0407659621191767,0.0333568269686829,0.02));
#5208=CARTESIAN_POINT('',(-0.0454040837723606,0.0306790061836828,0.02));
#5209=CARTESIAN_POINT('',(-0.0504752181274368,0.0277511853986828,0.02));
#5210=CARTESIAN_POINT('',(-0.0497277992514391,0.033558930505014,0.02));
#5211=CARTESIAN_POINT('',(-0.0497277992514391,0.033432853050264,0.02));
#5212=CARTESIAN_POINT('',(-0.0497277992514391,0.0400835968526842,0.02));
#5213=CARTESIAN_POINT('',(-0.0318041290199571,0.0334578787368482,0.02));
#5214=CARTESIAN_POINT('',(-0.0318041290199571,0.0400835968526814,0.02));
#5215=CARTESIAN_POINT('',(-0.0504752181274368,0.0277511853986828,0.02));
#5216=CARTESIAN_POINT('',(-0.055546352482513,0.0306790061836828,0.02));
#5217=CARTESIAN_POINT('',(-0.0512226370034392,0.0335589305050134,0.02));
#5218=CARTESIAN_POINT('',(-0.0601844741356969,0.0333568269686827,0.02));
#5219=CARTESIAN_POINT('',(-0.0601844741356969,0.0280011853986827,0.02));
#5220=CARTESIAN_POINT('',(-0.0601844741356969,0.0333568269686827,0.02));
#5221=CARTESIAN_POINT('',(-0.0648225957888809,0.0306790061836828,0.02));
#5222=CARTESIAN_POINT('',(-0.0698937301439571,0.0277511853986828,0.02));
#5223=CARTESIAN_POINT('',(-0.0691463112679595,0.033558930505014,0.02));
#5224=CARTESIAN_POINT('',(-0.0512226370034392,0.0334328530502636,0.02));
#5225=CARTESIAN_POINT('',(-0.0512226370034391,0.0400835968526842,0.02));
#5226=CARTESIAN_POINT('',(-0.0691463112679595,0.033432853050264,0.02));
#5227=CARTESIAN_POINT('',(-0.0691463112679595,0.0400835968526842,0.02));
#5228=CARTESIAN_POINT('',(-0.0893122381763132,0.0277511856342444,0.02));
#5229=CARTESIAN_POINT('',(-0.0943833725313894,0.0306790064192444,0.02));
#5230=CARTESIAN_POINT('',(-0.0900596570034392,0.0335589307468652,0.02));
#5231=CARTESIAN_POINT('',(-0.0990214941845734,0.0333568272042445,0.02));
#5232=CARTESIAN_POINT('',(-0.0990214941845734,0.0280011856342444,0.02));
#5233=CARTESIAN_POINT('',(-0.0990214941845734,0.0333568272042444,0.02));
#5234=CARTESIAN_POINT('',(-0.103659615698201,0.0306790061775264,0.02));
#5235=CARTESIAN_POINT('',(-0.108730750053278,0.0277511853925264,0.02));
#5236=CARTESIAN_POINT('',(-0.107983331267959,0.0335589305105275,0.02));
#5237=CARTESIAN_POINT('',(-0.0900596570034392,0.0334328531711895,0.02));
#5238=CARTESIAN_POINT('',(-0.0900596570034391,0.0400835968526842,0.02));
#5239=CARTESIAN_POINT('',(-0.107983331267959,0.0334328530530207,0.02));
#5240=CARTESIAN_POINT('',(-0.107983331267959,0.0400835968526842,0.02));
#5241=CARTESIAN_POINT('',(-0.0116381975308232,0.0277511864320479,0.02));
#5242=CARTESIAN_POINT('',(-0.016709332482513,0.0306790061836828,0.02));
#5243=CARTESIAN_POINT('',(-0.0123856170034391,0.0335589314615983,0.02));
#5244=CARTESIAN_POINT('',(-0.0213474541356969,0.0333568269686827,0.02));
#5245=CARTESIAN_POINT('',(-0.0213474541356969,0.0280011853986827,0.02));
#5246=CARTESIAN_POINT('',(-0.0213474541356969,0.0333568269686827,0.02));
#5247=CARTESIAN_POINT('',(-0.0259855757888809,0.0306790061836828,0.02));
#5248=CARTESIAN_POINT('',(-0.0310567101439571,0.0277511853986828,0.02));
#5249=CARTESIAN_POINT('',(-0.0303092912679596,0.0335589305050141,0.02));
#5250=CARTESIAN_POINT('',(-0.0123856170034391,0.0334328535285561,0.02));
#5251=CARTESIAN_POINT('',(-0.0123856170034391,0.0400835968526842,0.02));
#5252=CARTESIAN_POINT('',(-0.0303092912679596,0.0334328530502626,0.02));
#5253=CARTESIAN_POINT('',(-0.0303092912679596,0.0400835968526814,0.02));
#5254=CARTESIAN_POINT('',(-0.0601844741357043,0.0333568269686843,0.02));
#5255=CARTESIAN_POINT('',(-0.0547896979136861,0.0302421514646843,0.02));
#5256=CARTESIAN_POINT('',(-0.0594370552596993,0.027172477447137,0.02));
#5257=CARTESIAN_POINT('',(-0.0504752181274417,0.0277511853986886,0.02));
#5258=CARTESIAN_POINT('',(-0.0461607383411972,0.0302421514646842,0.02));
#5259=CARTESIAN_POINT('',(-0.040765962119179,0.0333568269686841,0.02));
#5260=CARTESIAN_POINT('',(-0.041513382119179,0.0271724775829791,0.02));
#5261=CARTESIAN_POINT('',(-0.0594370552596993,0.0272984255012738,0.02));
#5262=CARTESIAN_POINT('',(-0.0594370552596993,0.0206507060766841,0.02));
#5263=CARTESIAN_POINT('',(-0.041513382119179,0.0272749767718316,0.02));
#5264=CARTESIAN_POINT('',(-0.041513382119179,0.0206507052816648,0.02));
#5265=CARTESIAN_POINT('',(-0.0213474541356993,0.0333568269686842,0.02));
#5266=CARTESIAN_POINT('',(-0.0159526779136811,0.0302421514646842,0.02));
#5267=CARTESIAN_POINT('',(-0.0206000352596993,0.0271724774471363,0.02));
#5268=CARTESIAN_POINT('',(-0.0116381981274391,0.0277511853986842,0.02));
#5269=CARTESIAN_POINT('',(-0.00732371834119717,0.0302421514646842,0.02));
#5270=CARTESIAN_POINT('',(-0.00192894143055571,0.0333568257759534,0.02));
#5271=CARTESIAN_POINT('',(-0.00338871447649489,0.0273009297534626,0.02));
#5272=CARTESIAN_POINT('',(-0.0206000352596993,0.0272984255012731,0.02));
#5273=CARTESIAN_POINT('',(-0.0206000352596993,0.020650695188554,0.02));
#5274=CARTESIAN_POINT('',(-0.0990214939088203,0.0333568269634272,0.02));
#5275=CARTESIAN_POINT('',(-0.0936267176868021,0.0302421514594273,0.02));
#5276=CARTESIAN_POINT('',(-0.0982740752596993,0.0271724774144596,0.02));
#5277=CARTESIAN_POINT('',(-0.0893122379005601,0.0277511853934273,0.02));
#5278=CARTESIAN_POINT('',(-0.0849977580935766,0.0302421514235019,0.02));
#5279=CARTESIAN_POINT('',(-0.079602981895329,0.0333568269686859,0.02));
#5280=CARTESIAN_POINT('',(-0.080350402119179,0.0271724776100285,0.02));
#5281=CARTESIAN_POINT('',(-0.0982740752596993,0.0272984254680143,0.02));
#5282=CARTESIAN_POINT('',(-0.0982740752596993,0.0206507060766841,0.02));
#5283=CARTESIAN_POINT('',(-0.080350402119179,0.0272749767853563,0.02));
#5284=CARTESIAN_POINT('',(-0.080350402119179,0.0206507055456897,0.02));
#5285=CARTESIAN_POINT('',(-0.137858512218627,0.0333568260673806,0.02));
#5286=CARTESIAN_POINT('',(-0.13246373614309,0.030242150309662,0.02));
#5287=CARTESIAN_POINT('',(-0.132829663763905,0.0296804831562319,0.02));
#5288=CARTESIAN_POINT('',(-0.128149256350302,0.0277511842549992,0.02));
#5289=CARTESIAN_POINT('',(-0.123834776295728,0.0302421498562345,0.02));
#5290=CARTESIAN_POINT('',(-0.118440001074938,0.0333568270944183,0.02));
#5291=CARTESIAN_POINT('',(-0.119187422119179,0.0271724778349133,0.02));
#5292=CARTESIAN_POINT('',(-0.119187422119179,0.0272749768977987,0.02));
#5293=CARTESIAN_POINT('',(-0.119187422119179,0.0241731694222905,0.02));
#5294=CARTESIAN_POINT('',(-0.0796029861522197,0.0333568269686814,0.02));
#5295=CARTESIAN_POINT('',(-0.0742082099302015,0.0302421514646814,0.02));
#5296=CARTESIAN_POINT('',(-0.078855562119179,0.0271724780703976,0.02));
#5297=CARTESIAN_POINT('',(-0.0698937301439595,0.0277511853986814,0.02));
#5298=CARTESIAN_POINT('',(-0.0655792503577175,0.0302421514646814,0.02));
#5299=CARTESIAN_POINT('',(-0.0601844741357043,0.0333568269686785,0.02));
#5300=CARTESIAN_POINT('',(-0.0609318930116993,0.0271724774471358,0.02));
#5301=CARTESIAN_POINT('',(-0.0609318930116993,0.02727497670391,0.02));
#5302=CARTESIAN_POINT('',(-0.0609318930116993,0.0206507060766841,0.02));
#5303=CARTESIAN_POINT('',(-0.078855562119179,0.0272749770155409,0.02));
#5304=CARTESIAN_POINT('',(-0.078855562119179,0.0206507052816648,0.02));
#5305=CARTESIAN_POINT('',(-0.0407659661522197,0.0333568269686841,0.02));
#5306=CARTESIAN_POINT('',(-0.0353711899302015,0.0302421514646842,0.02));
#5307=CARTESIAN_POINT('',(-0.0400185421191789,0.0271724780704003,0.02));
#5308=CARTESIAN_POINT('',(-0.0310567101439595,0.0277511853986842,0.02));
#5309=CARTESIAN_POINT('',(-0.0267422303577175,0.0302421514646842,0.02));
#5310=CARTESIAN_POINT('',(-0.0213474541356993,0.0333568269686841,0.02));
#5311=CARTESIAN_POINT('',(-0.0220948730116993,0.0271724774471363,0.02));
#5312=CARTESIAN_POINT('',(-0.0220948730116993,0.0272749767039102,0.02));
#5313=CARTESIAN_POINT('',(-0.0220948730117046,0.0206506959655222,0.02));
#5314=CARTESIAN_POINT('',(-0.0400185421191789,0.0272749770155423,0.02));
#5315=CARTESIAN_POINT('',(-0.0400185421191789,0.0206507052816648,0.02));
#5316=CARTESIAN_POINT('',(-0.118440004020661,0.0333568270944156,0.02));
#5317=CARTESIAN_POINT('',(-0.113045227798643,0.0302421515904156,0.02));
#5318=CARTESIAN_POINT('',(-0.117692582119179,0.0271724779385176,0.02));
#5319=CARTESIAN_POINT('',(-0.108730748012401,0.0277511855244156,0.02));
#5320=CARTESIAN_POINT('',(-0.104416268226159,0.0302421515904156,0.02));
#5321=CARTESIAN_POINT('',(-0.0990214917772616,0.0333568272254043,0.02));
#5322=CARTESIAN_POINT('',(-0.0997689130116993,0.0271724777250056,0.02));
#5323=CARTESIAN_POINT('',(-0.0997689130116993,0.0272749768402163,0.02));
#5324=CARTESIAN_POINT('',(-0.0997689130116993,0.0206507054074552,0.02));
#5325=CARTESIAN_POINT('',(-0.117692582119179,0.0272749769496009,0.02));
#5326=CARTESIAN_POINT('',(-0.117692582119179,0.0235697090030692,0.02));
#5327=CARTESIAN_POINT('',(-0.00192894091866341,0.0333568269560614,0.02));
#5328=CARTESIAN_POINT('',(-0.0065670618399537,0.0306790049033848,0.02));
#5329=CARTESIAN_POINT('',(-0.00326343568510272,0.0281701111989895,0.02));
#5330=CARTESIAN_POINT('',(-0.0116381975308232,0.027751186432048,0.02));
#5331=CARTESIAN_POINT('',(-0.0108907792514391,0.0335589316151594,0.02));
#5332=CARTESIAN_POINT('',(-0.0108907792514391,0.0334328536053366,0.02));
#5333=CARTESIAN_POINT('',(-0.0108907792514391,0.0400835968526842,0.02));
#5334=CARTESIAN_POINT('',(-0.108730750053277,0.0277511853925263,0.02));
#5335=CARTESIAN_POINT('',(-0.113801884408354,0.0306790061775264,0.02));
#5336=CARTESIAN_POINT('',(-0.109478169019959,0.0335589304871872,0.02));
#5337=CARTESIAN_POINT('',(-0.118440005833099,0.0333568268306375,0.02));
#5338=CARTESIAN_POINT('',(-0.12307812194598,0.0306790051252951,0.02));
#5339=CARTESIAN_POINT('',(-0.109478169019959,0.0334578787279356,0.02));
#5340=CARTESIAN_POINT('',(-0.109478169019959,0.0400835968526842,0.02));
#5341=CARTESIAN_POINT('',(-0.128149256301057,0.027751184340295,0.02));
#5342=CARTESIAN_POINT('',(-0.127401839251439,0.0335589296816692,0.02));
#5343=CARTESIAN_POINT('',(-0.127401839251439,0.0334328526385915,0.02));
#5344=CARTESIAN_POINT('',(-0.127401839251439,0.0400835968526842,0.02));
#5345=CARTESIAN_POINT('',(-0.128149256301057,0.027751184340295,0.02));
#5346=CARTESIAN_POINT('',(-0.133220390650142,0.030679005135672,0.02));
#5347=CARTESIAN_POINT('',(-0.128896677003439,0.0335589292115821,0.02));
#5348=CARTESIAN_POINT('',(-0.137858512218617,0.0333568260673741,0.02));
#5349=CARTESIAN_POINT('',(-0.133625924484567,0.0300753480924692,0.02));
#5350=CARTESIAN_POINT('',(-0.133647600396031,0.0300473895939854,0.02));
#5351=CARTESIAN_POINT('',(-0.133669276307494,0.0300194310955015,0.02));
#5352=CARTESIAN_POINT('',(-0.128896677003439,0.033432852403548,0.02));
#5353=CARTESIAN_POINT('',(-0.128896677003439,0.0400835958408383,0.02));
#5354=CARTESIAN_POINT('',(-0.00313808976221388,0.0206506861124004,0.02));
#5355=CARTESIAN_POINT('',(-0.00434724207895153,0.0206506867408787,0.02));
#5356=CARTESIAN_POINT('',(-0.00386797827772321,0.0239758082471706,0.02));
#5357=CARTESIAN_POINT('',(-0.00124887958939803,0.0211180335184719,0.02));
#5358=CARTESIAN_POINT('',(0.00108655728447135,0.0373212421813995,0.02));
#5359=CARTESIAN_POINT('',(-0.00257309680531084,0.0329596668673759,0.02));
#5360=CARTESIAN_POINT('',(-0.00188275792551896,0.0377492225357621,0.02));
#5361=CARTESIAN_POINT('',(0.00142976698578455,0.0397024187770347,0.02));
#5362=CARTESIAN_POINT('',(0.00177297668709775,0.0420835953726699,0.02));
#5363=CARTESIAN_POINT('',(0.000257475712701347,0.0420835953593998,0.02));
#5364=CARTESIAN_POINT('',(-0.018377792613547,0.0420835951962249,0.02));
#5365=CARTESIAN_POINT('',(-0.00171452598641548,0.0389164096942217,0.02));
#5366=CARTESIAN_POINT('',(-0.001546294047312,0.0400835968526814,0.02));
#5367=CARTESIAN_POINT('',(-0.0698937275654391,0.0206507060766841,0.02));
#5368=CARTESIAN_POINT('',(-0.0601844741356993,0.0400835968526842,0.02));
#5369=CARTESIAN_POINT('',(-0.0751220675860896,0.0400835968526842,0.02));
#5370=CARTESIAN_POINT('',(-0.0893122386894392,0.0206507054818931,0.02));
#5371=CARTESIAN_POINT('',(-0.105115395746437,0.0206507053693952,0.02));
#5372=CARTESIAN_POINT('',(-0.110461878481175,0.0206507053313353,0.02));
#5373=CARTESIAN_POINT('',(-0.0504752186894392,0.0206507060766841,0.02));
#5374=CARTESIAN_POINT('',(-0.0452468806853091,0.0400835968526842,0.02));
#5375=CARTESIAN_POINT('',(-0.00640985931899318,0.0400835968526814,0.02));
#5376=CARTESIAN_POINT('',(-0.11395908758609,0.0400835968526842,0.02));
#5377=CARTESIAN_POINT('',(-0.0213474541356993,0.0400835968526814,0.02));
#5378=CARTESIAN_POINT('',(-0.0990214941356993,0.0400835968526842,0.02));
#5379=CARTESIAN_POINT('',(-0.00919066427603487,-0.023467277108127,0.02));
#5380=CARTESIAN_POINT('',(-0.118440000129691,0.0206362055481416,0.02));
#5381=CARTESIAN_POINT('',(-0.137858513196308,0.0400835958408383,0.02));
#5382=CARTESIAN_POINT('',(-0.146820349389177,0.0400835958918539,0.02));
#5383=CARTESIAN_POINT('',(-0.152796105707307,0.0400835958408383,0.02));
#5384=CARTESIAN_POINT('',(-0.148315187141177,0.0400835958918539,0.02));
#5385=CARTESIAN_POINT('',(-0.158599355460125,0.0400835958333109,0.02));
#5386=CARTESIAN_POINT('',(-0.126315072066795,0.0420835942511,0.02));
#5387=CARTESIAN_POINT('',(-0.134190139907249,0.0420835941821441,0.02));
#5388=CARTESIAN_POINT('',(-0.0325783768215911,0.0420835950718811,0.02));
#5389=CARTESIAN_POINT('',(-0.134686482305139,0.042083594177798,0.02));
#5390=CARTESIAN_POINT('',(-0.135182824703029,0.0420835941734519,0.02));
#5391=CARTESIAN_POINT('',(-0.149368201298983,0.0420835940492413,0.02));
#5392=CARTESIAN_POINT('',(-0.171567616979496,0.0420835938548578,0.02));
#5393=CARTESIAN_POINT('',(-0.169090505792501,0.0410835948212742,0.02));
#5394=CARTESIAN_POINT('',(-0.143200267222165,0.0306318178943828,0.02));
#5395=CARTESIAN_POINT('',(-0.161076466677531,0.0410835948791708,0.02));
#5396=CARTESIAN_POINT('',(-0.148315187117543,0.0359319217147717,0.02));
#5397=CARTESIAN_POINT('',(-0.126008542941542,0.0269268262892612,0.02));
#5398=CARTESIAN_POINT('',(-0.140244812834801,0.0326739466485865,0.02));
#5399=CARTESIAN_POINT('',(-0.146820349362108,0.0353284622016714,0.02));
#5400=CARTESIAN_POINT('',(-0.142909729457485,0.0305145290599435,0.02));
#5401=CARTESIAN_POINT('',(-0.142619191692805,0.0303972402255043,0.02));
#5402=CARTESIAN_POINT('',(-0.13054755465968,0.0255239727556097,0.02));
#5403=CARTESIAN_POINT('',(-0.118475917626554,0.0206507052857151,0.02));
#5404=CARTESIAN_POINT('',(-0.118457958878164,0.0206507052858173,0.02));
#5405=CARTESIAN_POINT('',(-0.118440000129774,0.0206507052859195,0.02));
#5406=CARTESIAN_POINT('',(-0.118440000129733,0.0206434554170306,0.02));
#5407=CARTESIAN_POINT('',(-0.114077230300177,0.0221102071672023,0.02));
#5408=CARTESIAN_POINT('',(-0.0254780847175691,0.0420835951340531,0.02));
#5409=CARTESIAN_POINT('',(-0.14831518712936,0.0380077588033128,0.02));
#5410=CARTESIAN_POINT('',(-0.146820349375643,0.0377060290467627,0.02));
#5411=CARTESIAN_POINT('',(-0.00313808976221388,0.0206506861124004,0.02));
#5412=CARTESIAN_POINT('',(-0.00731894896289807,-0.0188308256863423,-0.035762));
#5413=CARTESIAN_POINT('',(-0.0392892093833312,-0.0059245703306327,-0.035762));
#5414=CARTESIAN_POINT('',(-0.0233947013552913,-0.0123411142269141,-0.035762));
#5415=CARTESIAN_POINT('',(-0.0031380923610519,0.0156506861124011,-0.035762));
#5416=CARTESIAN_POINT('',(-0.0231094515455063,0.0156506964928667,-0.035762));
#5417=CARTESIAN_POINT('',(-0.0390039595735462,0.015650704754317,-0.035762));
#5418=CARTESIAN_POINT('',(-0.0223474519415693,0.00198678520373194,-0.035762));
#5419=CARTESIAN_POINT('',(-0.0223474519415693,-0.0116345190302342,-0.035762));
#5420=CARTESIAN_POINT('',(-0.0223474519415693,0.0148886964928667,-0.035762));
#5421=CARTESIAN_POINT('',(-0.0397659599696091,0.00590636884833555,-0.035762));
#5422=CARTESIAN_POINT('',(-0.0397659599696091,0.0148887047543171,-0.035762));
#5423=CARTESIAN_POINT('',(-0.0397659599696091,-0.00521797513395271,-0.035762));
#5424=CARTESIAN_POINT('',(-0.0231094519415693,0.0148886964928667,-0.035762));
#5425=CARTESIAN_POINT('',(-0.0390039599696091,0.0148887047543171,-0.035762));
#5426=CARTESIAN_POINT('',(-0.0231094519415693,-0.0116345190302342,-0.035762));
#5427=CARTESIAN_POINT('',(-0.0390039599696091,-0.00521797513395271,-0.035762));
#5428=CARTESIAN_POINT('',(-0.00731894896289807,-0.0188308256863423,-0.035762));
#5429=CARTESIAN_POINT('',(-0.0587077234609966,0.00191459951093083,-0.035762));
#5430=CARTESIAN_POINT('',(-0.0428132093833311,-0.0045019468275582,-0.035762));
#5431=CARTESIAN_POINT('',(-0.0504752186894391,0.0156507060766841,-0.035762));
#5432=CARTESIAN_POINT('',(-0.0425279599696091,0.0156507060766841,-0.035762));
#5433=CARTESIAN_POINT('',(-0.0584224740472745,0.0156507060766841,-0.035762));
#5434=CARTESIAN_POINT('',(-0.0417659599696091,0.00590636884833555,-0.035762));
#5435=CARTESIAN_POINT('',(-0.0417659599696091,-0.00379535163087821,-0.035762));
#5436=CARTESIAN_POINT('',(-0.0417659599696091,0.0148887060766842,-0.035762));
#5437=CARTESIAN_POINT('',(-0.0591844740472745,0.00982595371365102,-0.035762));
#5438=CARTESIAN_POINT('',(-0.0591844740472745,0.0148887060766841,-0.035762));
#5439=CARTESIAN_POINT('',(-0.0591844740472745,0.00262119470761082,-0.035762));
#5440=CARTESIAN_POINT('',(-0.0425279599696091,0.0148887060766842,-0.035762));
#5441=CARTESIAN_POINT('',(-0.0584224740472745,0.0148887060766841,-0.035762));
#5442=CARTESIAN_POINT('',(-0.0425279599696091,-0.00379535163087821,-0.035762));
#5443=CARTESIAN_POINT('',(-0.0584224740472745,0.00262119470761082,-0.035762));
#5444=CARTESIAN_POINT('',(-0.0698937275654391,0.0156507060766841,-0.035762));
#5445=CARTESIAN_POINT('',(-0.0619464740472745,0.0156507060766841,-0.035762));
#5446=CARTESIAN_POINT('',(-0.0778409800588586,0.0156507060766841,-0.035762));
#5447=CARTESIAN_POINT('',(-0.00731894896289807,-0.0188308256863423,-0.035762));
#5448=CARTESIAN_POINT('',(-0.0781262294725807,0.00975376609625234,-0.035762));
#5449=CARTESIAN_POINT('',(-0.0622317234609966,0.00333722301400533,-0.035762));
#5450=CARTESIAN_POINT('',(-0.0786029800588586,0.0137455369512374,-0.035762));
#5451=CARTESIAN_POINT('',(-0.0786029800588586,0.0148887060766841,-0.035762));
#5452=CARTESIAN_POINT('',(-0.0786029800588586,0.0104603612929323,-0.035762));
#5453=CARTESIAN_POINT('',(-0.0611844740472745,0.00982595371365102,-0.035762));
#5454=CARTESIAN_POINT('',(-0.0611844740472745,0.00404381821068531,-0.035762));
#5455=CARTESIAN_POINT('',(-0.0611844740472745,0.0148887060766841,-0.035762));
#5456=CARTESIAN_POINT('',(-0.0619464740472745,0.0148887060766841,-0.035762));
#5457=CARTESIAN_POINT('',(-0.0778409800588586,0.0148887060766841,-0.035762));
#5458=CARTESIAN_POINT('',(-0.0619464740472745,0.00404381821068531,-0.035762));
#5459=CARTESIAN_POINT('',(-0.0778409800588586,0.0104603612929323,-0.035762));
#5460=CARTESIAN_POINT('',(-0.00731894896289807,-0.0188308256863423,-0.035762));
#5461=CARTESIAN_POINT('',(-0.0890957410128856,0.0141821102887849,-0.035762));
#5462=CARTESIAN_POINT('',(-0.0816502294725807,0.0111763895993268,-0.035762));
#5463=CARTESIAN_POINT('',(-0.0893122386538457,0.0156507054818931,-0.035762));
#5464=CARTESIAN_POINT('',(-0.0813649800642831,0.0156507055384672,-0.035762));
#5465=CARTESIAN_POINT('',(-0.088810491604588,0.0156507054854649,-0.035762));
#5466=CARTESIAN_POINT('',(-0.0806029800588586,0.0137455369512374,-0.035762));
#5467=CARTESIAN_POINT('',(-0.0806029800588586,0.0118829847960068,-0.035762));
#5468=CARTESIAN_POINT('',(-0.0806029800588586,0.0148887055384672,-0.035762));
#5469=CARTESIAN_POINT('',(-0.0813649800588586,0.0148887055384672,-0.035762));
#5470=CARTESIAN_POINT('',(-0.0813649800588586,0.0118829847960068,-0.035762));
#5471=CARTESIAN_POINT('',(-0.0888104915991635,0.0148887054854649,-0.035762));
#5472=CARTESIAN_POINT('',(-0.0124870205081888,-0.0218034665595251,-0.035762));
#5473=CARTESIAN_POINT('',(-0.00917175082492733,0.00119772818937273,0.00400000241725005));
#5474=CARTESIAN_POINT('',(-0.00886503092336697,0.00332573732985752,0.00400000241725005));
#5475=CARTESIAN_POINT('',(-0.00917175082492733,0.00119772818937273,0.01600000241725));
#5476=CARTESIAN_POINT('',(-0.00886503092336697,0.00332573732985752,0.01600000241725));
#5477=CARTESIAN_POINT('',(-0.00721407720247963,0.014779981383448,-0.035762));
#5478=CARTESIAN_POINT('',(-0.0031380923610519,0.0156506861124011,-0.035762));
#5479=CARTESIAN_POINT('',(-0.00796828283667225,0.0156506886229776,-0.035762));
#5480=CARTESIAN_POINT('',(-0.0195854515455063,0.0156506946612056,-0.035762));
#5481=CARTESIAN_POINT('',(-0.0203474519415693,0.00198678520373194,-0.035762));
#5482=CARTESIAN_POINT('',(-0.0203474519415693,0.0148886946612057,-0.035762));
#5483=CARTESIAN_POINT('',(-0.0203474519415693,-0.0130571425333087,-0.035762));
#5484=CARTESIAN_POINT('',(-0.0195854519415693,0.0148886946612057,-0.035762));
#5485=CARTESIAN_POINT('',(-0.0195854519415693,-0.0130571425333087,-0.035762));
#5486=CARTESIAN_POINT('',(-0.00796828323273517,0.0148886886229777,-0.035762));
#5487=CARTESIAN_POINT('',(-0.0130112739951487,-0.0184310613697862,0.01600000241725));
#5488=CARTESIAN_POINT('',(-0.0130112739951487,-0.0184310613697862,0.01600000241725));
#5489=CARTESIAN_POINT('',(-0.0113142548856052,-0.00665721768271334,0.010000001208625));
#5490=CARTESIAN_POINT('',(-0.0130112739951487,-0.0184310613697862,0.00400000241725007));
#5491=CARTESIAN_POINT('',(-0.0130112739951487,-0.0184310613697862,0.00400000241725007));
#5492=CARTESIAN_POINT('',(-0.0113142548856052,-0.00665721768271334,0.010000001208625));
#5493=CARTESIAN_POINT('',(-0.0101615225181761,0.00134038860870313,0.01600000241725));
#5494=CARTESIAN_POINT('',(-0.0101615225181761,0.00134038860870313,0.00400000241725005));
#5495=MECHANICAL_DESIGN_GEOMETRIC_PRESENTATION_REPRESENTATION('',(#3276),
#5496);
#5496=(
GEOMETRIC_REPRESENTATION_CONTEXT(3)
GLOBAL_UNCERTAINTY_ASSIGNED_CONTEXT((#5497))
GLOBAL_UNIT_ASSIGNED_CONTEXT((#5500,#5499,#5498))
REPRESENTATION_CONTEXT('Part 1','TOP_LEVEL_ASSEMBLY_PART')
);
#5497=UNCERTAINTY_MEASURE_WITH_UNIT(LENGTH_MEASURE(2.00108881301424E-5),
#5500,'DISTANCE_ACCURACY_VALUE','Maximum Tolerance applied to model');
#5498=(
NAMED_UNIT(*)
SI_UNIT($,.STERADIAN.)
SOLID_ANGLE_UNIT()
);
#5499=(
NAMED_UNIT(*)
PLANE_ANGLE_UNIT()
SI_UNIT($,.RADIAN.)
);
#5500=(
LENGTH_UNIT()
NAMED_UNIT(*)
SI_UNIT($,.METRE.)
);
#5501=PRODUCT_DEFINITION_SHAPE('','',#5502);
#5502=PRODUCT_DEFINITION('','',#5504,#5503);
#5503=PRODUCT_DEFINITION_CONTEXT('',#5510,'design');
#5504=PRODUCT_DEFINITION_FORMATION_WITH_SPECIFIED_SOURCE('','',#5506,
 .NOT_KNOWN.);
#5505=PRODUCT_RELATED_PRODUCT_CATEGORY('','',(#5506));
#5506=PRODUCT('Part 1','Part 1','Part 1',(#5508));
#5507=PRODUCT_CATEGORY('','');
#5508=PRODUCT_CONTEXT('',#5510,'mechanical');
#5509=APPLICATION_PROTOCOL_DEFINITION('international standard',
'ap242_managed_model_based_3d_engineering',2020,#5510);
#5510=APPLICATION_CONTEXT('managed model based 3d engineering');
ENDSEC;
END-ISO-10303-21;
