ISO-10303-21;
HEADER;
/* Generated by software containing ST-Developer
 * from STEP Tools, Inc. (www.steptools.com) 
 */
/* OPTION: using custom renumber hook */

FILE_DESCRIPTION(
/* description */ ('STEP AP242 Edition 2',
'CAx-IF Rec.Pracs.---Representation and Presentation of Product Manufa
cturing Information (PMI)---4.0---2014-10-13',
'CAx-IF Rec.Pracs.---3D Tessellated Geometry---0.4---2014-09-14','2;1',
'CAx-IF Rec.Pracs.---User Defined Attributes---1.5---2016-08-15'),
/* implementation_level */ '2;1');

FILE_NAME(
/* name */ 'Part Studio 2',
/* time_stamp */ '2026-09-07T18:45:46Z',
/* author */ (''),
/* organization */ (''),
/* preprocessor_version */ 'ST-DEVELOPER v20',
/* originating_system */ 'ONSHAPE BY PTC INC, 1.220',
/* authorisation */ '  ');

FILE_SCHEMA (('AP242_MANAGED_MODEL_BASED_3D_ENGINEERING_MIM_LF { 1 0 10303 442 3 1 4 }'));
ENDSEC;

DATA;
#10=SHAPE_REPRESENTATION_RELATIONSHIP('','',#1533,#11);
#11=ADVANCED_BREP_SHAPE_REPRESENTATION('',(#1531),#5201);
#12=B_SPLINE_SURFACE_WITH_KNOTS('',3,1,((#4433,#4434),(#4435,#4436),(#4437,
#4438),(#4439,#4440),(#4441,#4442),(#4443,#4444),(#4445,#4446),(#4447,#4448),
(#4449,#4450),(#4451,#4452),(#4453,#4454),(#4455,#4456),(#4457,#4458)),
 .SURF_OF_LINEAR_EXTRUSION.,.F.,.F.,.F.,(4,1,1,1,1,1,1,1,1,1,4),(2,2),(0.0384882447682119,
0.0977236752737957,0.127341390526588,0.15695910577938,0.216194536284963,
0.275429966790547,0.393900827801715,0.512371688812883,0.63084254982405,
0.749313410835218,0.986255132857553),(0.,1.),.UNSPECIFIED.);
#13=B_SPLINE_SURFACE_WITH_KNOTS('',3,1,((#4460,#4461),(#4462,#4463),(#4464,
#4465),(#4466,#4467),(#4468,#4469),(#4470,#4471),(#4472,#4473),(#4474,#4475),
(#4476,#4477),(#4478,#4479),(#4480,#4481),(#4482,#4483),(#4484,#4485)),
 .SURF_OF_LINEAR_EXTRUSION.,.F.,.F.,.F.,(4,1,1,1,1,1,1,1,1,1,4),(2,2),(0.0384882447682119,
0.0977236752737957,0.127341390526588,0.15695910577938,0.216194536284963,
0.275429966790547,0.393900827801715,0.512371688812883,0.63084254982405,
0.749313410835218,0.986255132857553),(0.,1.),.UNSPECIFIED.);
#14=B_SPLINE_SURFACE_WITH_KNOTS('',3,1,((#4492,#4493),(#4494,#4495),(#4496,
#4497),(#4498,#4499),(#4500,#4501),(#4502,#4503),(#4504,#4505),(#4506,#4507),
(#4508,#4509),(#4510,#4511),(#4512,#4513),(#4514,#4515),(#4516,#4517)),
 .SURF_OF_LINEAR_EXTRUSION.,.F.,.F.,.F.,(4,1,1,1,1,1,1,1,1,1,4),(2,2),(0.0384882447682118,
0.0977236752737956,0.127341390526588,0.156959105779379,0.216194536284963,
0.275429966790547,0.393900827801715,0.512371688812882,0.63084254982405,
0.749313410835218,0.986255132857553),(0.,1.),.UNSPECIFIED.);
#15=B_SPLINE_SURFACE_WITH_KNOTS('',3,1,((#4519,#4520),(#4521,#4522),(#4523,
#4524),(#4525,#4526),(#4527,#4528),(#4529,#4530),(#4531,#4532),(#4533,#4534),
(#4535,#4536),(#4537,#4538),(#4539,#4540),(#4541,#4542),(#4543,#4544)),
 .SURF_OF_LINEAR_EXTRUSION.,.F.,.F.,.F.,(4,1,1,1,1,1,1,1,1,1,4),(2,2),(0.0384882447682119,
0.0977236752737957,0.127341390526588,0.15695910577938,0.216194536284963,
0.275429966790547,0.393900827801715,0.512371688812883,0.63084254982405,
0.749313410835218,0.986255132857553),(0.,1.),.UNSPECIFIED.);
#16=B_SPLINE_SURFACE_WITH_KNOTS('',3,1,((#4551,#4552),(#4553,#4554),(#4555,
#4556),(#4557,#4558),(#4559,#4560),(#4561,#4562),(#4563,#4564),(#4565,#4566),
(#4567,#4568),(#4569,#4570),(#4571,#4572),(#4573,#4574),(#4575,#4576)),
 .SURF_OF_LINEAR_EXTRUSION.,.F.,.F.,.F.,(4,1,1,1,1,1,1,1,1,1,4),(2,2),(0.0384882447682116,
0.0977236752737954,0.127341390526587,0.156959105779379,0.216194536284963,
0.275429966790547,0.393900827801715,0.512371688812882,0.63084254982405,
0.749313410835218,0.986255132857553),(0.,1.),.UNSPECIFIED.);
#17=B_SPLINE_SURFACE_WITH_KNOTS('',3,1,((#4578,#4579),(#4580,#4581),(#4582,
#4583),(#4584,#4585),(#4586,#4587),(#4588,#4589),(#4590,#4591),(#4592,#4593),
(#4594,#4595),(#4596,#4597),(#4598,#4599),(#4600,#4601),(#4602,#4603)),
 .SURF_OF_LINEAR_EXTRUSION.,.F.,.F.,.F.,(4,1,1,1,1,1,1,1,1,1,4),(2,2),(0.0384882447682117,
0.0977236752737955,0.127341390526587,0.156959105779379,0.216194536284963,
0.275429966790547,0.393900827801715,0.512371688812882,0.63084254982405,
0.749313410835218,0.986255132857553),(0.,1.),.UNSPECIFIED.);
#18=B_SPLINE_SURFACE_WITH_KNOTS('',3,1,((#4610,#4611),(#4612,#4613),(#4614,
#4615),(#4616,#4617),(#4618,#4619),(#4620,#4621),(#4622,#4623),(#4624,#4625),
(#4626,#4627),(#4628,#4629),(#4630,#4631),(#4632,#4633),(#4634,#4635)),
 .SURF_OF_LINEAR_EXTRUSION.,.F.,.F.,.F.,(4,1,1,1,1,1,1,1,1,1,4),(2,2),(0.0384882447682123,
0.0977236752737961,0.127341390526588,0.15695910577938,0.216194536284964,
0.275429966790547,0.393900827801715,0.512371688812883,0.63084254982405,
0.749313410835218,0.986255132857553),(0.,1.),.UNSPECIFIED.);
#19=B_SPLINE_SURFACE_WITH_KNOTS('',3,1,((#4637,#4638),(#4639,#4640),(#4641,
#4642),(#4643,#4644),(#4645,#4646),(#4647,#4648),(#4649,#4650),(#4651,#4652),
(#4653,#4654),(#4655,#4656),(#4657,#4658),(#4659,#4660),(#4661,#4662)),
 .SURF_OF_LINEAR_EXTRUSION.,.F.,.F.,.F.,(4,1,1,1,1,1,1,1,1,1,4),(2,2),(0.0384882447682116,
0.0977236752737954,0.127341390526587,0.156959105779379,0.216194536284963,
0.275429966790547,0.393900827801715,0.512371688812882,0.63084254982405,
0.749313410835218,0.986255132857553),(0.,1.),.UNSPECIFIED.);
#20=B_SPLINE_SURFACE_WITH_KNOTS('',3,1,((#4669,#4670),(#4671,#4672),(#4673,
#4674),(#4675,#4676),(#4677,#4678),(#4679,#4680),(#4681,#4682),(#4683,#4684),
(#4685,#4686),(#4687,#4688),(#4689,#4690),(#4691,#4692),(#4693,#4694)),
 .SURF_OF_LINEAR_EXTRUSION.,.F.,.F.,.F.,(4,1,1,1,1,1,1,1,1,1,4),(2,2),(0.0384882447682117,
0.0977236752737955,0.127341390526587,0.156959105779379,0.216194536284963,
0.275429966790547,0.393900827801715,0.512371688812882,0.63084254982405,
0.749313410835218,0.986255132857553),(0.,1.),.UNSPECIFIED.);
#21=B_SPLINE_SURFACE_WITH_KNOTS('',3,1,((#4696,#4697),(#4698,#4699),(#4700,
#4701),(#4702,#4703),(#4704,#4705),(#4706,#4707),(#4708,#4709),(#4710,#4711),
(#4712,#4713),(#4714,#4715),(#4716,#4717),(#4718,#4719),(#4720,#4721)),
 .SURF_OF_LINEAR_EXTRUSION.,.F.,.F.,.F.,(4,1,1,1,1,1,1,1,1,1,4),(2,2),(0.0384882447682118,
0.0977236752737956,0.127341390526588,0.156959105779379,0.216194536284963,
0.275429966790547,0.393900827801715,0.512371688812882,0.63084254982405,
0.749313410835218,0.986255132857553),(0.,1.),.UNSPECIFIED.);
#22=B_SPLINE_SURFACE_WITH_KNOTS('',3,1,((#4728,#4729),(#4730,#4731),(#4732,
#4733),(#4734,#4735),(#4736,#4737),(#4738,#4739),(#4740,#4741),(#4742,#4743),
(#4744,#4745),(#4746,#4747),(#4748,#4749),(#4750,#4751),(#4752,#4753)),
 .SURF_OF_LINEAR_EXTRUSION.,.F.,.F.,.F.,(4,1,1,1,1,1,1,1,1,1,4),(2,2),(0.038488244768212,
0.0977236752737959,0.127341390526588,0.15695910577938,0.216194536284963,
0.275429966790547,0.393900827801715,0.512371688812883,0.63084254982405,
0.749313410835218,0.986255132857553),(0.,1.),.UNSPECIFIED.);
#23=B_SPLINE_SURFACE_WITH_KNOTS('',3,1,((#4755,#4756),(#4757,#4758),(#4759,
#4760),(#4761,#4762),(#4763,#4764),(#4765,#4766),(#4767,#4768),(#4769,#4770),
(#4771,#4772),(#4773,#4774),(#4775,#4776),(#4777,#4778),(#4779,#4780)),
 .SURF_OF_LINEAR_EXTRUSION.,.F.,.F.,.F.,(4,1,1,1,1,1,1,1,1,1,4),(2,2),(0.0384882447682119,
0.0977236752737957,0.127341390526588,0.15695910577938,0.216194536284963,
0.275429966790547,0.393900827801715,0.512371688812883,0.63084254982405,
0.749313410835218,0.986255132857553),(0.,1.),.UNSPECIFIED.);
#24=B_SPLINE_SURFACE_WITH_KNOTS('',3,1,((#4787,#4788),(#4789,#4790),(#4791,
#4792),(#4793,#4794),(#4795,#4796),(#4797,#4798),(#4799,#4800),(#4801,#4802),
(#4803,#4804),(#4805,#4806),(#4807,#4808),(#4809,#4810),(#4811,#4812)),
 .SURF_OF_LINEAR_EXTRUSION.,.F.,.F.,.F.,(4,1,1,1,1,1,1,1,1,1,4),(2,2),(0.038488244768212,
0.0977236752737958,0.127341390526588,0.15695910577938,0.216194536284963,
0.275429966790547,0.393900827801715,0.512371688812883,0.63084254982405,
0.749313410835218,0.986255132857553),(0.,1.),.UNSPECIFIED.);
#25=B_SPLINE_SURFACE_WITH_KNOTS('',3,1,((#4814,#4815),(#4816,#4817),(#4818,
#4819),(#4820,#4821),(#4822,#4823),(#4824,#4825),(#4826,#4827),(#4828,#4829),
(#4830,#4831),(#4832,#4833),(#4834,#4835),(#4836,#4837),(#4838,#4839)),
 .SURF_OF_LINEAR_EXTRUSION.,.F.,.F.,.F.,(4,1,1,1,1,1,1,1,1,1,4),(2,2),(0.0384882447682119,
0.0977236752737957,0.127341390526588,0.15695910577938,0.216194536284963,
0.275429966790547,0.393900827801715,0.512371688812882,0.63084254982405,
0.749313410835218,0.986255132857553),(0.,1.),.UNSPECIFIED.);
#26=B_SPLINE_SURFACE_WITH_KNOTS('',3,1,((#4846,#4847),(#4848,#4849),(#4850,
#4851),(#4852,#4853),(#4854,#4855),(#4856,#4857),(#4858,#4859),(#4860,#4861),
(#4862,#4863),(#4864,#4865),(#4866,#4867),(#4868,#4869),(#4870,#4871)),
 .SURF_OF_LINEAR_EXTRUSION.,.F.,.F.,.F.,(4,1,1,1,1,1,1,1,1,1,4),(2,2),(0.0384882447682115,
0.0977236752737954,0.127341390526587,0.156959105779379,0.216194536284963,
0.275429966790547,0.393900827801715,0.512371688812882,0.63084254982405,
0.749313410835218,0.986255132857553),(0.,1.),.UNSPECIFIED.);
#27=B_SPLINE_SURFACE_WITH_KNOTS('',3,1,((#4873,#4874),(#4875,#4876),(#4877,
#4878),(#4879,#4880),(#4881,#4882),(#4883,#4884),(#4885,#4886),(#4887,#4888),
(#4889,#4890),(#4891,#4892),(#4893,#4894),(#4895,#4896),(#4897,#4898)),
 .SURF_OF_LINEAR_EXTRUSION.,.F.,.F.,.F.,(4,1,1,1,1,1,1,1,1,1,4),(2,2),(0.0384882447682123,
0.0977236752737961,0.127341390526588,0.15695910577938,0.216194536284964,
0.275429966790547,0.393900827801715,0.512371688812883,0.63084254982405,
0.749313410835218,0.986255132857553),(0.,1.),.UNSPECIFIED.);
#28=B_SPLINE_SURFACE_WITH_KNOTS('',3,1,((#4905,#4906),(#4907,#4908),(#4909,
#4910),(#4911,#4912),(#4913,#4914),(#4915,#4916),(#4917,#4918),(#4919,#4920),
(#4921,#4922),(#4923,#4924),(#4925,#4926),(#4927,#4928),(#4929,#4930)),
 .SURF_OF_LINEAR_EXTRUSION.,.F.,.F.,.F.,(4,1,1,1,1,1,1,1,1,1,4),(2,2),(0.0384882447682115,
0.0977236752737953,0.127341390526587,0.156959105779379,0.216194536284963,
0.275429966790547,0.393900827801715,0.512371688812882,0.63084254982405,
0.749313410835218,0.986255132857553),(0.,1.),.UNSPECIFIED.);
#29=B_SPLINE_SURFACE_WITH_KNOTS('',3,1,((#4932,#4933),(#4934,#4935),(#4936,
#4937),(#4938,#4939),(#4940,#4941),(#4942,#4943),(#4944,#4945),(#4946,#4947),
(#4948,#4949),(#4950,#4951),(#4952,#4953),(#4954,#4955),(#4956,#4957)),
 .SURF_OF_LINEAR_EXTRUSION.,.F.,.F.,.F.,(4,1,1,1,1,1,1,1,1,1,4),(2,2),(0.0384882447682119,
0.0977236752737957,0.127341390526588,0.15695910577938,0.216194536284963,
0.275429966790547,0.393900827801715,0.512371688812882,0.63084254982405,
0.749313410835218,0.986255132857553),(0.,1.),.UNSPECIFIED.);
#30=B_SPLINE_SURFACE_WITH_KNOTS('',3,1,((#4964,#4965),(#4966,#4967),(#4968,
#4969),(#4970,#4971),(#4972,#4973),(#4974,#4975),(#4976,#4977),(#4978,#4979),
(#4980,#4981),(#4982,#4983),(#4984,#4985),(#4986,#4987),(#4988,#4989)),
 .SURF_OF_LINEAR_EXTRUSION.,.F.,.F.,.F.,(4,1,1,1,1,1,1,1,1,1,4),(2,2),(0.038488244768212,
0.0977236752737958,0.127341390526588,0.15695910577938,0.216194536284963,
0.275429966790547,0.393900827801715,0.512371688812883,0.63084254982405,
0.749313410835218,0.986255132857553),(0.,1.),.UNSPECIFIED.);
#31=B_SPLINE_SURFACE_WITH_KNOTS('',3,1,((#4991,#4992),(#4993,#4994),(#4995,
#4996),(#4997,#4998),(#4999,#5000),(#5001,#5002),(#5003,#5004),(#5005,#5006),
(#5007,#5008),(#5009,#5010),(#5011,#5012),(#5013,#5014),(#5015,#5016)),
 .SURF_OF_LINEAR_EXTRUSION.,.F.,.F.,.F.,(4,1,1,1,1,1,1,1,1,1,4),(2,2),(0.0384882447682125,
0.0977236752737963,0.127341390526588,0.15695910577938,0.216194536284964,
0.275429966790548,0.393900827801715,0.512371688812883,0.63084254982405,
0.749313410835218,0.986255132857553),(0.,1.),.UNSPECIFIED.);
#32=B_SPLINE_SURFACE_WITH_KNOTS('',3,1,((#5023,#5024),(#5025,#5026),(#5027,
#5028),(#5029,#5030),(#5031,#5032),(#5033,#5034),(#5035,#5036),(#5037,#5038),
(#5039,#5040),(#5041,#5042),(#5043,#5044),(#5045,#5046),(#5047,#5048)),
 .SURF_OF_LINEAR_EXTRUSION.,.F.,.F.,.F.,(4,1,1,1,1,1,1,1,1,1,4),(2,2),(0.0384882447682116,
0.0977236752737954,0.127341390526587,0.156959105779379,0.216194536284963,
0.275429966790547,0.393900827801715,0.512371688812882,0.63084254982405,
0.749313410835218,0.986255132857553),(0.,1.),.UNSPECIFIED.);
#33=B_SPLINE_SURFACE_WITH_KNOTS('',3,1,((#5050,#5051),(#5052,#5053),(#5054,
#5055),(#5056,#5057),(#5058,#5059),(#5060,#5061),(#5062,#5063),(#5064,#5065),
(#5066,#5067),(#5068,#5069),(#5070,#5071),(#5072,#5073),(#5074,#5075)),
 .SURF_OF_LINEAR_EXTRUSION.,.F.,.F.,.F.,(4,1,1,1,1,1,1,1,1,1,4),(2,2),(0.038488244768212,
0.0977236752737959,0.127341390526588,0.15695910577938,0.216194536284963,
0.275429966790547,0.393900827801715,0.512371688812883,0.63084254982405,
0.749313410835218,0.986255132857553),(0.,1.),.UNSPECIFIED.);
#34=B_SPLINE_SURFACE_WITH_KNOTS('',3,1,((#5082,#5083),(#5084,#5085),(#5086,
#5087),(#5088,#5089),(#5090,#5091),(#5092,#5093),(#5094,#5095),(#5096,#5097),
(#5098,#5099),(#5100,#5101),(#5102,#5103),(#5104,#5105),(#5106,#5107)),
 .SURF_OF_LINEAR_EXTRUSION.,.F.,.F.,.F.,(4,1,1,1,1,1,1,1,1,1,4),(2,2),(0.0384882447682117,
0.0977236752737956,0.127341390526587,0.156959105779379,0.216194536284963,
0.275429966790547,0.393900827801715,0.512371688812882,0.63084254982405,
0.749313410835218,0.986255132857553),(0.,1.),.UNSPECIFIED.);
#35=B_SPLINE_SURFACE_WITH_KNOTS('',3,1,((#5109,#5110),(#5111,#5112),(#5113,
#5114),(#5115,#5116),(#5117,#5118),(#5119,#5120),(#5121,#5122),(#5123,#5124),
(#5125,#5126),(#5127,#5128),(#5129,#5130),(#5131,#5132),(#5133,#5134)),
 .SURF_OF_LINEAR_EXTRUSION.,.F.,.F.,.F.,(4,1,1,1,1,1,1,1,1,1,4),(2,2),(0.0384882447682119,
0.0977236752737957,0.127341390526588,0.15695910577938,0.216194536284963,
0.275429966790547,0.393900827801715,0.512371688812882,0.63084254982405,
0.749313410835218,0.986255132857553),(0.,1.),.UNSPECIFIED.);
#36=B_SPLINE_SURFACE_WITH_KNOTS('',3,1,((#5141,#5142),(#5143,#5144),(#5145,
#5146),(#5147,#5148),(#5149,#5150),(#5151,#5152),(#5153,#5154),(#5155,#5156),
(#5157,#5158),(#5159,#5160),(#5161,#5162),(#5163,#5164),(#5165,#5166)),
 .SURF_OF_LINEAR_EXTRUSION.,.F.,.F.,.F.,(4,1,1,1,1,1,1,1,1,1,4),(2,2),(0.0384882447682114,
0.0977236752737953,0.127341390526587,0.156959105779379,0.216194536284963,
0.275429966790547,0.393900827801715,0.512371688812882,0.63084254982405,
0.749313410835218,0.986255132857553),(0.,1.),.UNSPECIFIED.);
#37=B_SPLINE_SURFACE_WITH_KNOTS('',3,1,((#5168,#5169),(#5170,#5171),(#5172,
#5173),(#5174,#5175),(#5176,#5177),(#5178,#5179),(#5180,#5181),(#5182,#5183),
(#5184,#5185),(#5186,#5187),(#5188,#5189),(#5190,#5191),(#5192,#5193)),
 .SURF_OF_LINEAR_EXTRUSION.,.F.,.F.,.F.,(4,1,1,1,1,1,1,1,1,1,4),(2,2),(0.0384882447682121,
0.0977236752737959,0.127341390526588,0.15695910577938,0.216194536284963,
0.275429966790547,0.393900827801715,0.512371688812883,0.63084254982405,
0.749313410835218,0.986255132857553),(0.,1.),.UNSPECIFIED.);
#38=B_SPLINE_CURVE_WITH_KNOTS('',3,(#2213,#2214,#2215,#2216,#2217,#2218,
#2219,#2220,#2221,#2222,#2223,#2224,#2225,#2226,#2227,#2228,#2229,#2230,
#2231,#2232,#2233,#2234,#2235,#2236,#2237,#2238,#2239,#2240,#2241,#2242,
#2243,#2244,#2245,#2246,#2247,#2248,#2249,#2250,#2251),.UNSPECIFIED.,.F.,
 .F.,(4,1,1,1,1,1,1,1,1,1,1,1,1,1,1,1,1,1,1,1,1,1,1,1,1,1,1,1,1,1,1,1,1,
1,1,1,4),(0.,0.115686982483255,0.123242307353764,0.132996187893269,0.14453713435849,
0.157623337311675,0.172090678856379,0.187818337158471,0.204712552155265,
0.222697817382767,0.241711628952879,0.261701133590778,0.282620874530991,
0.304431212135271,0.327097179837405,0.350587632310249,0.374874596363388,
0.399932766457921,0.425739105874396,0.4522725266808,0.479513629546101,0.50744448973623,
0.536048479258939,0.56531011766626,0.595214945837569,0.625749418383177,
0.656900811278658,0.688657142065214,0.721007100499922,0.753939987959644,
0.787445664227204,0.821514500542266,0.856137337999388,0.891305450534828,
0.927010511871164,0.963244565891665,0.986255132857553),.UNSPECIFIED.);
#39=B_SPLINE_CURVE_WITH_KNOTS('',3,(#2252,#2253,#2254,#2255,#2256,#2257,
#2258,#2259,#2260,#2261,#2262,#2263,#2264,#2265,#2266,#2267,#2268,#2269,
#2270,#2271,#2272,#2273,#2274,#2275,#2276,#2277,#2278,#2279,#2280,#2281,
#2282,#2283,#2284,#2285,#2286,#2287,#2288,#2289,#2290),.UNSPECIFIED.,.F.,
 .F.,(4,1,1,1,1,1,1,1,1,1,1,1,1,1,1,1,1,1,1,1,1,1,1,1,1,1,1,1,1,1,1,1,1,
1,1,1,4),(0.,0.115686982483255,0.123242307353764,0.132996187893269,0.14453713435849,
0.157623337311675,0.172090678856379,0.187818337158471,0.204712552155265,
0.222697817382767,0.241711628952879,0.261701133590778,0.282620874530991,
0.304431212135271,0.327097179837405,0.350587632310249,0.374874596363388,
0.399932766457921,0.425739105874396,0.4522725266808,0.479513629546101,0.50744448973623,
0.536048479258939,0.56531011766626,0.595214945837569,0.625749418383177,
0.656900811278658,0.688657142065214,0.721007100499922,0.753939987959644,
0.787445664227204,0.821514500542266,0.856137337999388,0.891305450534828,
0.927010511871164,0.963244565891665,0.986255132857553),.UNSPECIFIED.);
#40=B_SPLINE_CURVE_WITH_KNOTS('',3,(#2298,#2299,#2300,#2301,#2302,#2303,
#2304,#2305,#2306,#2307,#2308,#2309,#2310,#2311,#2312,#2313,#2314,#2315,
#2316,#2317,#2318,#2319,#2320,#2321,#2322,#2323,#2324,#2325,#2326,#2327,
#2328,#2329,#2330,#2331,#2332,#2333,#2334,#2335,#2336),.UNSPECIFIED.,.F.,
 .F.,(4,1,1,1,1,1,1,1,1,1,1,1,1,1,1,1,1,1,1,1,1,1,1,1,1,1,1,1,1,1,1,1,1,
1,1,1,4),(0.,0.115686982483255,0.123242307353764,0.132996187893269,0.14453713435849,
0.157623337311675,0.172090678856379,0.187818337158471,0.204712552155265,
0.222697817382767,0.241711628952879,0.261701133590778,0.282620874530991,
0.304431212135271,0.327097179837405,0.350587632310249,0.374874596363388,
0.399932766457921,0.425739105874396,0.4522725266808,0.479513629546101,0.50744448973623,
0.536048479258939,0.56531011766626,0.595214945837569,0.625749418383177,
0.656900811278658,0.688657142065214,0.721007100499922,0.753939987959644,
0.787445664227204,0.821514500542266,0.856137337999388,0.891305450534828,
0.927010511871164,0.963244565891665,0.986255132857553),.UNSPECIFIED.);
#41=B_SPLINE_CURVE_WITH_KNOTS('',3,(#2337,#2338,#2339,#2340,#2341,#2342,
#2343,#2344,#2345,#2346,#2347,#2348,#2349,#2350,#2351,#2352,#2353,#2354,
#2355,#2356,#2357,#2358,#2359,#2360,#2361,#2362,#2363,#2364,#2365,#2366,
#2367,#2368,#2369,#2370,#2371,#2372,#2373,#2374,#2375),.UNSPECIFIED.,.F.,
 .F.,(4,1,1,1,1,1,1,1,1,1,1,1,1,1,1,1,1,1,1,1,1,1,1,1,1,1,1,1,1,1,1,1,1,
1,1,1,4),(0.,0.115686982483255,0.123242307353764,0.132996187893269,0.14453713435849,
0.157623337311675,0.172090678856379,0.187818337158471,0.204712552155265,
0.222697817382767,0.241711628952879,0.261701133590778,0.282620874530991,
0.304431212135271,0.327097179837405,0.350587632310249,0.374874596363388,
0.399932766457921,0.425739105874396,0.4522725266808,0.479513629546101,0.50744448973623,
0.536048479258939,0.56531011766626,0.595214945837569,0.625749418383177,
0.656900811278658,0.688657142065214,0.721007100499922,0.753939987959644,
0.787445664227204,0.821514500542266,0.856137337999388,0.891305450534828,
0.927010511871164,0.963244565891665,0.986255132857553),.UNSPECIFIED.);
#42=B_SPLINE_CURVE_WITH_KNOTS('',3,(#2383,#2384,#2385,#2386,#2387,#2388,
#2389,#2390,#2391,#2392,#2393,#2394,#2395,#2396,#2397,#2398,#2399,#2400,
#2401,#2402,#2403,#2404,#2405,#2406,#2407,#2408,#2409,#2410,#2411,#2412,
#2413,#2414,#2415,#2416,#2417,#2418,#2419,#2420,#2421),.UNSPECIFIED.,.F.,
 .F.,(4,1,1,1,1,1,1,1,1,1,1,1,1,1,1,1,1,1,1,1,1,1,1,1,1,1,1,1,1,1,1,1,1,
1,1,1,4),(0.,0.115686982483255,0.123242307353764,0.132996187893269,0.14453713435849,
0.157623337311675,0.172090678856379,0.187818337158471,0.204712552155265,
0.222697817382767,0.241711628952879,0.261701133590778,0.282620874530991,
0.304431212135271,0.327097179837405,0.350587632310249,0.374874596363388,
0.399932766457921,0.425739105874396,0.4522725266808,0.479513629546101,0.50744448973623,
0.536048479258939,0.56531011766626,0.595214945837569,0.625749418383177,
0.656900811278658,0.688657142065214,0.721007100499922,0.753939987959644,
0.787445664227204,0.821514500542266,0.856137337999388,0.891305450534828,
0.927010511871164,0.963244565891665,0.986255132857553),.UNSPECIFIED.);
#43=B_SPLINE_CURVE_WITH_KNOTS('',3,(#2422,#2423,#2424,#2425,#2426,#2427,
#2428,#2429,#2430,#2431,#2432,#2433,#2434,#2435,#2436,#2437,#2438,#2439,
#2440,#2441,#2442,#2443,#2444,#2445,#2446,#2447,#2448,#2449,#2450,#2451,
#2452,#2453,#2454,#2455,#2456,#2457,#2458,#2459,#2460),.UNSPECIFIED.,.F.,
 .F.,(4,1,1,1,1,1,1,1,1,1,1,1,1,1,1,1,1,1,1,1,1,1,1,1,1,1,1,1,1,1,1,1,1,
1,1,1,4),(0.,0.115686982483255,0.123242307353764,0.132996187893269,0.14453713435849,
0.157623337311675,0.172090678856379,0.187818337158471,0.204712552155265,
0.222697817382767,0.241711628952879,0.261701133590778,0.282620874530991,
0.304431212135271,0.327097179837405,0.350587632310249,0.374874596363388,
0.399932766457921,0.425739105874396,0.4522725266808,0.479513629546101,0.50744448973623,
0.536048479258939,0.56531011766626,0.595214945837569,0.625749418383177,
0.656900811278658,0.688657142065214,0.721007100499922,0.753939987959644,
0.787445664227204,0.821514500542266,0.856137337999388,0.891305450534828,
0.927010511871164,0.963244565891665,0.986255132857553),.UNSPECIFIED.);
#44=B_SPLINE_CURVE_WITH_KNOTS('',3,(#2468,#2469,#2470,#2471,#2472,#2473,
#2474,#2475,#2476,#2477,#2478,#2479,#2480,#2481,#2482,#2483,#2484,#2485,
#2486,#2487,#2488,#2489,#2490,#2491,#2492,#2493,#2494,#2495,#2496,#2497,
#2498,#2499,#2500,#2501,#2502,#2503,#2504,#2505,#2506),.UNSPECIFIED.,.F.,
 .F.,(4,1,1,1,1,1,1,1,1,1,1,1,1,1,1,1,1,1,1,1,1,1,1,1,1,1,1,1,1,1,1,1,1,
1,1,1,4),(0.,0.115686982483255,0.123242307353764,0.132996187893269,0.14453713435849,
0.157623337311675,0.172090678856379,0.187818337158471,0.204712552155265,
0.222697817382767,0.241711628952879,0.261701133590778,0.282620874530991,
0.304431212135271,0.327097179837405,0.350587632310249,0.374874596363388,
0.399932766457921,0.425739105874396,0.4522725266808,0.479513629546101,0.50744448973623,
0.536048479258939,0.56531011766626,0.595214945837569,0.625749418383177,
0.656900811278658,0.688657142065214,0.721007100499922,0.753939987959644,
0.787445664227204,0.821514500542266,0.856137337999388,0.891305450534828,
0.927010511871164,0.963244565891665,0.986255132857553),.UNSPECIFIED.);
#45=B_SPLINE_CURVE_WITH_KNOTS('',3,(#2507,#2508,#2509,#2510,#2511,#2512,
#2513,#2514,#2515,#2516,#2517,#2518,#2519,#2520,#2521,#2522,#2523,#2524,
#2525,#2526,#2527,#2528,#2529,#2530,#2531,#2532,#2533,#2534,#2535,#2536,
#2537,#2538,#2539,#2540,#2541,#2542,#2543,#2544,#2545),.UNSPECIFIED.,.F.,
 .F.,(4,1,1,1,1,1,1,1,1,1,1,1,1,1,1,1,1,1,1,1,1,1,1,1,1,1,1,1,1,1,1,1,1,
1,1,1,4),(0.,0.115686982483255,0.123242307353764,0.132996187893269,0.14453713435849,
0.157623337311675,0.172090678856379,0.187818337158471,0.204712552155265,
0.222697817382767,0.241711628952879,0.261701133590778,0.282620874530991,
0.304431212135271,0.327097179837405,0.350587632310249,0.374874596363388,
0.399932766457921,0.425739105874396,0.4522725266808,0.479513629546101,0.50744448973623,
0.536048479258939,0.56531011766626,0.595214945837569,0.625749418383177,
0.656900811278658,0.688657142065214,0.721007100499922,0.753939987959644,
0.787445664227204,0.821514500542266,0.856137337999388,0.891305450534828,
0.927010511871164,0.963244565891665,0.986255132857553),.UNSPECIFIED.);
#46=B_SPLINE_CURVE_WITH_KNOTS('',3,(#2553,#2554,#2555,#2556,#2557,#2558,
#2559,#2560,#2561,#2562,#2563,#2564,#2565,#2566,#2567,#2568,#2569,#2570,
#2571,#2572,#2573,#2574,#2575,#2576,#2577,#2578,#2579,#2580,#2581,#2582,
#2583,#2584,#2585,#2586,#2587,#2588,#2589,#2590,#2591),.UNSPECIFIED.,.F.,
 .F.,(4,1,1,1,1,1,1,1,1,1,1,1,1,1,1,1,1,1,1,1,1,1,1,1,1,1,1,1,1,1,1,1,1,
1,1,1,4),(0.,0.115686982483255,0.123242307353764,0.132996187893269,0.14453713435849,
0.157623337311675,0.172090678856379,0.187818337158471,0.204712552155265,
0.222697817382767,0.241711628952879,0.261701133590778,0.282620874530991,
0.304431212135271,0.327097179837405,0.350587632310249,0.374874596363388,
0.399932766457921,0.425739105874396,0.4522725266808,0.479513629546101,0.50744448973623,
0.536048479258939,0.56531011766626,0.595214945837569,0.625749418383177,
0.656900811278658,0.688657142065214,0.721007100499922,0.753939987959644,
0.787445664227204,0.821514500542266,0.856137337999388,0.891305450534828,
0.927010511871164,0.963244565891665,0.986255132857553),.UNSPECIFIED.);
#47=B_SPLINE_CURVE_WITH_KNOTS('',3,(#2592,#2593,#2594,#2595,#2596,#2597,
#2598,#2599,#2600,#2601,#2602,#2603,#2604,#2605,#2606,#2607,#2608,#2609,
#2610,#2611,#2612,#2613,#2614,#2615,#2616,#2617,#2618,#2619,#2620,#2621,
#2622,#2623,#2624,#2625,#2626,#2627,#2628,#2629,#2630),.UNSPECIFIED.,.F.,
 .F.,(4,1,1,1,1,1,1,1,1,1,1,1,1,1,1,1,1,1,1,1,1,1,1,1,1,1,1,1,1,1,1,1,1,
1,1,1,4),(0.,0.115686982483255,0.123242307353764,0.132996187893269,0.14453713435849,
0.157623337311675,0.172090678856379,0.187818337158471,0.204712552155265,
0.222697817382767,0.241711628952879,0.261701133590778,0.282620874530991,
0.304431212135271,0.327097179837405,0.350587632310249,0.374874596363388,
0.399932766457921,0.425739105874396,0.4522725266808,0.479513629546101,0.50744448973623,
0.536048479258939,0.56531011766626,0.595214945837569,0.625749418383177,
0.656900811278658,0.688657142065214,0.721007100499922,0.753939987959644,
0.787445664227204,0.821514500542266,0.856137337999388,0.891305450534828,
0.927010511871164,0.963244565891665,0.986255132857553),.UNSPECIFIED.);
#48=B_SPLINE_CURVE_WITH_KNOTS('',3,(#2638,#2639,#2640,#2641,#2642,#2643,
#2644,#2645,#2646,#2647,#2648,#2649,#2650,#2651,#2652,#2653,#2654,#2655,
#2656,#2657,#2658,#2659,#2660,#2661,#2662,#2663,#2664,#2665,#2666,#2667,
#2668,#2669,#2670,#2671,#2672,#2673,#2674,#2675,#2676),.UNSPECIFIED.,.F.,
 .F.,(4,1,1,1,1,1,1,1,1,1,1,1,1,1,1,1,1,1,1,1,1,1,1,1,1,1,1,1,1,1,1,1,1,
1,1,1,4),(0.,0.115686982483255,0.123242307353764,0.132996187893269,0.14453713435849,
0.157623337311675,0.172090678856379,0.187818337158471,0.204712552155265,
0.222697817382767,0.241711628952879,0.261701133590778,0.282620874530991,
0.304431212135271,0.327097179837405,0.350587632310249,0.374874596363388,
0.399932766457921,0.425739105874396,0.4522725266808,0.479513629546101,0.50744448973623,
0.536048479258939,0.56531011766626,0.595214945837569,0.625749418383177,
0.656900811278658,0.688657142065214,0.721007100499922,0.753939987959644,
0.787445664227204,0.821514500542266,0.856137337999388,0.891305450534828,
0.927010511871164,0.963244565891665,0.986255132857553),.UNSPECIFIED.);
#49=B_SPLINE_CURVE_WITH_KNOTS('',3,(#2680,#2681,#2682,#2683,#2684,#2685,
#2686,#2687,#2688,#2689,#2690,#2691,#2692,#2693,#2694,#2695,#2696,#2697,
#2698,#2699,#2700,#2701,#2702,#2703,#2704,#2705,#2706,#2707,#2708,#2709,
#2710,#2711,#2712,#2713,#2714,#2715,#2716,#2717,#2718),.UNSPECIFIED.,.F.,
 .F.,(4,1,1,1,1,1,1,1,1,1,1,1,1,1,1,1,1,1,1,1,1,1,1,1,1,1,1,1,1,1,1,1,1,
1,1,1,4),(0.,0.115686982483255,0.123242307353764,0.132996187893269,0.14453713435849,
0.157623337311675,0.172090678856379,0.187818337158471,0.204712552155265,
0.222697817382767,0.241711628952879,0.261701133590778,0.282620874530991,
0.304431212135271,0.327097179837405,0.350587632310249,0.374874596363388,
0.399932766457921,0.425739105874396,0.4522725266808,0.479513629546101,0.50744448973623,
0.536048479258939,0.56531011766626,0.595214945837569,0.625749418383177,
0.656900811278658,0.688657142065214,0.721007100499922,0.753939987959644,
0.787445664227204,0.821514500542266,0.856137337999388,0.891305450534828,
0.927010511871164,0.963244565891665,0.986255132857553),.UNSPECIFIED.);
#50=B_SPLINE_CURVE_WITH_KNOTS('',3,(#2726,#2727,#2728,#2729,#2730,#2731,
#2732,#2733,#2734,#2735,#2736,#2737,#2738,#2739,#2740,#2741,#2742,#2743,
#2744,#2745,#2746,#2747,#2748,#2749,#2750,#2751,#2752,#2753,#2754,#2755,
#2756,#2757,#2758,#2759,#2760,#2761,#2762,#2763,#2764),.UNSPECIFIED.,.F.,
 .F.,(4,1,1,1,1,1,1,1,1,1,1,1,1,1,1,1,1,1,1,1,1,1,1,1,1,1,1,1,1,1,1,1,1,
1,1,1,4),(0.,0.115686982483255,0.123242307353764,0.132996187893269,0.14453713435849,
0.157623337311675,0.172090678856379,0.187818337158471,0.204712552155265,
0.222697817382767,0.241711628952879,0.261701133590778,0.282620874530991,
0.304431212135271,0.327097179837405,0.350587632310249,0.374874596363388,
0.399932766457921,0.425739105874396,0.4522725266808,0.479513629546101,0.50744448973623,
0.536048479258939,0.56531011766626,0.595214945837569,0.625749418383177,
0.656900811278658,0.688657142065214,0.721007100499922,0.753939987959644,
0.787445664227204,0.821514500542266,0.856137337999388,0.891305450534828,
0.927010511871164,0.963244565891665,0.986255132857553),.UNSPECIFIED.);
#51=B_SPLINE_CURVE_WITH_KNOTS('',3,(#2765,#2766,#2767,#2768,#2769,#2770,
#2771,#2772,#2773,#2774,#2775,#2776,#2777,#2778,#2779,#2780,#2781,#2782,
#2783,#2784,#2785,#2786,#2787,#2788,#2789,#2790,#2791,#2792,#2793,#2794,
#2795,#2796,#2797,#2798,#2799,#2800,#2801,#2802,#2803),.UNSPECIFIED.,.F.,
 .F.,(4,1,1,1,1,1,1,1,1,1,1,1,1,1,1,1,1,1,1,1,1,1,1,1,1,1,1,1,1,1,1,1,1,
1,1,1,4),(0.,0.115686982483255,0.123242307353764,0.132996187893269,0.14453713435849,
0.157623337311675,0.172090678856379,0.187818337158471,0.204712552155265,
0.222697817382767,0.241711628952879,0.261701133590778,0.282620874530991,
0.304431212135271,0.327097179837405,0.350587632310249,0.374874596363388,
0.399932766457921,0.425739105874396,0.4522725266808,0.479513629546101,0.50744448973623,
0.536048479258939,0.56531011766626,0.595214945837569,0.625749418383177,
0.656900811278658,0.688657142065214,0.721007100499922,0.753939987959644,
0.787445664227204,0.821514500542266,0.856137337999388,0.891305450534828,
0.927010511871164,0.963244565891665,0.986255132857553),.UNSPECIFIED.);
#52=B_SPLINE_CURVE_WITH_KNOTS('',3,(#2811,#2812,#2813,#2814,#2815,#2816,
#2817,#2818,#2819,#2820,#2821,#2822,#2823,#2824,#2825,#2826,#2827,#2828,
#2829,#2830,#2831,#2832,#2833,#2834,#2835,#2836,#2837,#2838,#2839,#2840,
#2841,#2842,#2843,#2844,#2845,#2846,#2847,#2848,#2849),.UNSPECIFIED.,.F.,
 .F.,(4,1,1,1,1,1,1,1,1,1,1,1,1,1,1,1,1,1,1,1,1,1,1,1,1,1,1,1,1,1,1,1,1,
1,1,1,4),(0.,0.115686982483255,0.123242307353764,0.132996187893269,0.14453713435849,
0.157623337311675,0.172090678856379,0.187818337158471,0.204712552155265,
0.222697817382767,0.241711628952879,0.261701133590778,0.282620874530991,
0.304431212135271,0.327097179837405,0.350587632310249,0.374874596363388,
0.399932766457921,0.425739105874396,0.4522725266808,0.479513629546101,0.50744448973623,
0.536048479258939,0.56531011766626,0.595214945837569,0.625749418383177,
0.656900811278658,0.688657142065214,0.721007100499922,0.753939987959644,
0.787445664227204,0.821514500542266,0.856137337999388,0.891305450534828,
0.927010511871164,0.963244565891665,0.986255132857553),.UNSPECIFIED.);
#53=B_SPLINE_CURVE_WITH_KNOTS('',3,(#2850,#2851,#2852,#2853,#2854,#2855,
#2856,#2857,#2858,#2859,#2860,#2861,#2862,#2863,#2864,#2865,#2866,#2867,
#2868,#2869,#2870,#2871,#2872,#2873,#2874,#2875,#2876,#2877,#2878,#2879,
#2880,#2881,#2882,#2883,#2884,#2885,#2886,#2887,#2888),.UNSPECIFIED.,.F.,
 .F.,(4,1,1,1,1,1,1,1,1,1,1,1,1,1,1,1,1,1,1,1,1,1,1,1,1,1,1,1,1,1,1,1,1,
1,1,1,4),(0.,0.115686982483255,0.123242307353764,0.132996187893269,0.14453713435849,
0.157623337311675,0.172090678856379,0.187818337158471,0.204712552155265,
0.222697817382767,0.241711628952879,0.261701133590778,0.282620874530991,
0.304431212135271,0.327097179837405,0.350587632310249,0.374874596363388,
0.399932766457921,0.425739105874396,0.4522725266808,0.479513629546101,0.50744448973623,
0.536048479258939,0.56531011766626,0.595214945837569,0.625749418383177,
0.656900811278658,0.688657142065214,0.721007100499922,0.753939987959644,
0.787445664227204,0.821514500542266,0.856137337999388,0.891305450534828,
0.927010511871164,0.963244565891665,0.986255132857553),.UNSPECIFIED.);
#54=B_SPLINE_CURVE_WITH_KNOTS('',3,(#2896,#2897,#2898,#2899,#2900,#2901,
#2902,#2903,#2904,#2905,#2906,#2907,#2908,#2909,#2910,#2911,#2912,#2913,
#2914,#2915,#2916,#2917,#2918,#2919,#2920,#2921,#2922,#2923,#2924,#2925,
#2926,#2927,#2928,#2929,#2930,#2931,#2932,#2933,#2934),.UNSPECIFIED.,.F.,
 .F.,(4,1,1,1,1,1,1,1,1,1,1,1,1,1,1,1,1,1,1,1,1,1,1,1,1,1,1,1,1,1,1,1,1,
1,1,1,4),(0.,0.115686982483255,0.123242307353764,0.132996187893269,0.14453713435849,
0.157623337311675,0.172090678856379,0.187818337158471,0.204712552155265,
0.222697817382767,0.241711628952879,0.261701133590778,0.282620874530991,
0.304431212135271,0.327097179837405,0.350587632310249,0.374874596363388,
0.399932766457921,0.425739105874396,0.4522725266808,0.479513629546101,0.50744448973623,
0.536048479258939,0.56531011766626,0.595214945837569,0.625749418383177,
0.656900811278658,0.688657142065214,0.721007100499922,0.753939987959644,
0.787445664227204,0.821514500542266,0.856137337999388,0.891305450534828,
0.927010511871164,0.963244565891665,0.986255132857553),.UNSPECIFIED.);
#55=B_SPLINE_CURVE_WITH_KNOTS('',3,(#2935,#2936,#2937,#2938,#2939,#2940,
#2941,#2942,#2943,#2944,#2945,#2946,#2947,#2948,#2949,#2950,#2951,#2952,
#2953,#2954,#2955,#2956,#2957,#2958,#2959,#2960,#2961,#2962,#2963,#2964,
#2965,#2966,#2967,#2968,#2969,#2970,#2971,#2972,#2973),.UNSPECIFIED.,.F.,
 .F.,(4,1,1,1,1,1,1,1,1,1,1,1,1,1,1,1,1,1,1,1,1,1,1,1,1,1,1,1,1,1,1,1,1,
1,1,1,4),(0.,0.115686982483255,0.123242307353764,0.132996187893269,0.14453713435849,
0.157623337311675,0.172090678856379,0.187818337158471,0.204712552155265,
0.222697817382767,0.241711628952879,0.261701133590778,0.282620874530991,
0.304431212135271,0.327097179837405,0.350587632310249,0.374874596363388,
0.399932766457921,0.425739105874396,0.4522725266808,0.479513629546101,0.50744448973623,
0.536048479258939,0.56531011766626,0.595214945837569,0.625749418383177,
0.656900811278658,0.688657142065214,0.721007100499922,0.753939987959644,
0.787445664227204,0.821514500542266,0.856137337999388,0.891305450534828,
0.927010511871164,0.963244565891665,0.986255132857553),.UNSPECIFIED.);
#56=B_SPLINE_CURVE_WITH_KNOTS('',3,(#2981,#2982,#2983,#2984,#2985,#2986,
#2987,#2988,#2989,#2990,#2991,#2992,#2993,#2994,#2995,#2996,#2997,#2998,
#2999,#3000,#3001,#3002,#3003,#3004,#3005,#3006,#3007,#3008,#3009,#3010,
#3011,#3012,#3013,#3014,#3015,#3016,#3017,#3018,#3019),.UNSPECIFIED.,.F.,
 .F.,(4,1,1,1,1,1,1,1,1,1,1,1,1,1,1,1,1,1,1,1,1,1,1,1,1,1,1,1,1,1,1,1,1,
1,1,1,4),(0.,0.115686982483255,0.123242307353764,0.132996187893269,0.14453713435849,
0.157623337311675,0.172090678856379,0.187818337158471,0.204712552155265,
0.222697817382767,0.241711628952879,0.261701133590778,0.282620874530991,
0.304431212135271,0.327097179837405,0.350587632310249,0.374874596363388,
0.399932766457921,0.425739105874396,0.4522725266808,0.479513629546101,0.50744448973623,
0.536048479258939,0.56531011766626,0.595214945837569,0.625749418383177,
0.656900811278658,0.688657142065214,0.721007100499922,0.753939987959644,
0.787445664227204,0.821514500542266,0.856137337999388,0.891305450534828,
0.927010511871164,0.963244565891665,0.986255132857553),.UNSPECIFIED.);
#57=B_SPLINE_CURVE_WITH_KNOTS('',3,(#3020,#3021,#3022,#3023,#3024,#3025,
#3026,#3027,#3028,#3029,#3030,#3031,#3032,#3033,#3034,#3035,#3036,#3037,
#3038,#3039,#3040,#3041,#3042,#3043,#3044,#3045,#3046,#3047,#3048,#3049,
#3050,#3051,#3052,#3053,#3054,#3055,#3056,#3057,#3058),.UNSPECIFIED.,.F.,
 .F.,(4,1,1,1,1,1,1,1,1,1,1,1,1,1,1,1,1,1,1,1,1,1,1,1,1,1,1,1,1,1,1,1,1,
1,1,1,4),(0.,0.115686982483255,0.123242307353764,0.132996187893269,0.14453713435849,
0.157623337311675,0.172090678856379,0.187818337158471,0.204712552155265,
0.222697817382767,0.241711628952879,0.261701133590778,0.282620874530991,
0.304431212135271,0.327097179837405,0.350587632310249,0.374874596363388,
0.399932766457921,0.425739105874396,0.4522725266808,0.479513629546101,0.50744448973623,
0.536048479258939,0.56531011766626,0.595214945837569,0.625749418383177,
0.656900811278658,0.688657142065214,0.721007100499922,0.753939987959644,
0.787445664227204,0.821514500542266,0.856137337999388,0.891305450534828,
0.927010511871164,0.963244565891665,0.986255132857553),.UNSPECIFIED.);
#58=B_SPLINE_CURVE_WITH_KNOTS('',3,(#3066,#3067,#3068,#3069,#3070,#3071,
#3072,#3073,#3074,#3075,#3076,#3077,#3078,#3079,#3080,#3081,#3082,#3083,
#3084,#3085,#3086,#3087,#3088,#3089,#3090,#3091,#3092,#3093,#3094,#3095,
#3096,#3097,#3098,#3099,#3100,#3101,#3102,#3103,#3104),.UNSPECIFIED.,.F.,
 .F.,(4,1,1,1,1,1,1,1,1,1,1,1,1,1,1,1,1,1,1,1,1,1,1,1,1,1,1,1,1,1,1,1,1,
1,1,1,4),(0.,0.115686982483255,0.123242307353764,0.132996187893269,0.14453713435849,
0.157623337311675,0.172090678856379,0.187818337158471,0.204712552155265,
0.222697817382767,0.241711628952879,0.261701133590778,0.282620874530991,
0.304431212135271,0.327097179837405,0.350587632310249,0.374874596363388,
0.399932766457921,0.425739105874396,0.4522725266808,0.479513629546101,0.50744448973623,
0.536048479258939,0.56531011766626,0.595214945837569,0.625749418383177,
0.656900811278658,0.688657142065214,0.721007100499922,0.753939987959644,
0.787445664227204,0.821514500542266,0.856137337999388,0.891305450534828,
0.927010511871164,0.963244565891665,0.986255132857553),.UNSPECIFIED.);
#59=B_SPLINE_CURVE_WITH_KNOTS('',3,(#3105,#3106,#3107,#3108,#3109,#3110,
#3111,#3112,#3113,#3114,#3115,#3116,#3117,#3118,#3119,#3120,#3121,#3122,
#3123,#3124,#3125,#3126,#3127,#3128,#3129,#3130,#3131,#3132,#3133,#3134,
#3135,#3136,#3137,#3138,#3139,#3140,#3141,#3142,#3143),.UNSPECIFIED.,.F.,
 .F.,(4,1,1,1,1,1,1,1,1,1,1,1,1,1,1,1,1,1,1,1,1,1,1,1,1,1,1,1,1,1,1,1,1,
1,1,1,4),(0.,0.115686982483255,0.123242307353764,0.132996187893269,0.14453713435849,
0.157623337311675,0.172090678856379,0.187818337158471,0.204712552155265,
0.222697817382767,0.241711628952879,0.261701133590778,0.282620874530991,
0.304431212135271,0.327097179837405,0.350587632310249,0.374874596363388,
0.399932766457921,0.425739105874396,0.4522725266808,0.479513629546101,0.50744448973623,
0.536048479258939,0.56531011766626,0.595214945837569,0.625749418383177,
0.656900811278658,0.688657142065214,0.721007100499922,0.753939987959644,
0.787445664227204,0.821514500542266,0.856137337999388,0.891305450534828,
0.927010511871164,0.963244565891665,0.986255132857553),.UNSPECIFIED.);
#60=B_SPLINE_CURVE_WITH_KNOTS('',3,(#3151,#3152,#3153,#3154,#3155,#3156,
#3157,#3158,#3159,#3160,#3161,#3162,#3163,#3164,#3165,#3166,#3167,#3168,
#3169,#3170,#3171,#3172,#3173,#3174,#3175,#3176,#3177,#3178,#3179,#3180,
#3181,#3182,#3183,#3184,#3185,#3186,#3187,#3188,#3189),.UNSPECIFIED.,.F.,
 .F.,(4,1,1,1,1,1,1,1,1,1,1,1,1,1,1,1,1,1,1,1,1,1,1,1,1,1,1,1,1,1,1,1,1,
1,1,1,4),(0.,0.115686982483255,0.123242307353764,0.132996187893269,0.14453713435849,
0.157623337311675,0.172090678856379,0.187818337158471,0.204712552155265,
0.222697817382767,0.241711628952879,0.261701133590778,0.282620874530991,
0.304431212135271,0.327097179837405,0.350587632310249,0.374874596363388,
0.399932766457921,0.425739105874396,0.4522725266808,0.479513629546101,0.50744448973623,
0.536048479258939,0.56531011766626,0.595214945837569,0.625749418383177,
0.656900811278658,0.688657142065214,0.721007100499922,0.753939987959644,
0.787445664227204,0.821514500542266,0.856137337999388,0.891305450534828,
0.927010511871164,0.963244565891665,0.986255132857553),.UNSPECIFIED.);
#61=B_SPLINE_CURVE_WITH_KNOTS('',3,(#3190,#3191,#3192,#3193,#3194,#3195,
#3196,#3197,#3198,#3199,#3200,#3201,#3202,#3203,#3204,#3205,#3206,#3207,
#3208,#3209,#3210,#3211,#3212,#3213,#3214,#3215,#3216,#3217,#3218,#3219,
#3220,#3221,#3222,#3223,#3224,#3225,#3226,#3227,#3228),.UNSPECIFIED.,.F.,
 .F.,(4,1,1,1,1,1,1,1,1,1,1,1,1,1,1,1,1,1,1,1,1,1,1,1,1,1,1,1,1,1,1,1,1,
1,1,1,4),(0.,0.115686982483255,0.123242307353764,0.132996187893269,0.14453713435849,
0.157623337311675,0.172090678856379,0.187818337158471,0.204712552155265,
0.222697817382767,0.241711628952879,0.261701133590778,0.282620874530991,
0.304431212135271,0.327097179837405,0.350587632310249,0.374874596363388,
0.399932766457921,0.425739105874396,0.4522725266808,0.479513629546101,0.50744448973623,
0.536048479258939,0.56531011766626,0.595214945837569,0.625749418383177,
0.656900811278658,0.688657142065214,0.721007100499922,0.753939987959644,
0.787445664227204,0.821514500542266,0.856137337999388,0.891305450534828,
0.927010511871164,0.963244565891665,0.986255132857553),.UNSPECIFIED.);
#62=B_SPLINE_CURVE_WITH_KNOTS('',3,(#3236,#3237,#3238,#3239,#3240,#3241,
#3242,#3243,#3244,#3245,#3246,#3247,#3248,#3249,#3250,#3251,#3252,#3253,
#3254,#3255,#3256,#3257,#3258,#3259,#3260,#3261,#3262,#3263,#3264,#3265,
#3266,#3267,#3268,#3269,#3270,#3271,#3272,#3273,#3274),.UNSPECIFIED.,.F.,
 .F.,(4,1,1,1,1,1,1,1,1,1,1,1,1,1,1,1,1,1,1,1,1,1,1,1,1,1,1,1,1,1,1,1,1,
1,1,1,4),(0.,0.115686982483255,0.123242307353764,0.132996187893269,0.14453713435849,
0.157623337311675,0.172090678856379,0.187818337158471,0.204712552155265,
0.222697817382767,0.241711628952879,0.261701133590778,0.282620874530991,
0.304431212135271,0.327097179837405,0.350587632310249,0.374874596363388,
0.399932766457921,0.425739105874396,0.4522725266808,0.479513629546101,0.50744448973623,
0.536048479258939,0.56531011766626,0.595214945837569,0.625749418383177,
0.656900811278658,0.688657142065214,0.721007100499922,0.753939987959644,
0.787445664227204,0.821514500542266,0.856137337999388,0.891305450534828,
0.927010511871164,0.963244565891665,0.986255132857553),.UNSPECIFIED.);
#63=B_SPLINE_CURVE_WITH_KNOTS('',3,(#3275,#3276,#3277,#3278,#3279,#3280,
#3281,#3282,#3283,#3284,#3285,#3286,#3287,#3288,#3289,#3290,#3291,#3292,
#3293,#3294,#3295,#3296,#3297,#3298,#3299,#3300,#3301,#3302,#3303,#3304,
#3305,#3306,#3307,#3308,#3309,#3310,#3311,#3312,#3313),.UNSPECIFIED.,.F.,
 .F.,(4,1,1,1,1,1,1,1,1,1,1,1,1,1,1,1,1,1,1,1,1,1,1,1,1,1,1,1,1,1,1,1,1,
1,1,1,4),(0.,0.115686982483255,0.123242307353764,0.132996187893269,0.14453713435849,
0.157623337311675,0.172090678856379,0.187818337158471,0.204712552155265,
0.222697817382767,0.241711628952879,0.261701133590778,0.282620874530991,
0.304431212135271,0.327097179837405,0.350587632310249,0.374874596363388,
0.399932766457921,0.425739105874396,0.4522725266808,0.479513629546101,0.50744448973623,
0.536048479258939,0.56531011766626,0.595214945837569,0.625749418383177,
0.656900811278658,0.688657142065214,0.721007100499922,0.753939987959644,
0.787445664227204,0.821514500542266,0.856137337999388,0.891305450534828,
0.927010511871164,0.963244565891665,0.986255132857553),.UNSPECIFIED.);
#64=B_SPLINE_CURVE_WITH_KNOTS('',3,(#3331,#3332,#3333,#3334,#3335,#3336,
#3337,#3338,#3339,#3340,#3341,#3342,#3343,#3344,#3345,#3346,#3347,#3348,
#3349,#3350,#3351,#3352,#3353,#3354,#3355,#3356,#3357,#3358,#3359,#3360,
#3361,#3362,#3363,#3364,#3365,#3366,#3367,#3368,#3369),.UNSPECIFIED.,.F.,
 .F.,(4,1,1,1,1,1,1,1,1,1,1,1,1,1,1,1,1,1,1,1,1,1,1,1,1,1,1,1,1,1,1,1,1,
1,1,1,4),(0.,0.115686982483255,0.123242307353764,0.132996187893269,0.14453713435849,
0.157623337311675,0.172090678856379,0.187818337158471,0.204712552155265,
0.222697817382767,0.241711628952879,0.261701133590778,0.282620874530991,
0.304431212135271,0.327097179837405,0.350587632310249,0.374874596363388,
0.399932766457921,0.425739105874396,0.4522725266808,0.479513629546101,0.50744448973623,
0.536048479258939,0.56531011766626,0.595214945837569,0.625749418383177,
0.656900811278658,0.688657142065214,0.721007100499922,0.753939987959644,
0.787445664227204,0.821514500542266,0.856137337999388,0.891305450534828,
0.927010511871164,0.963244565891665,0.986255132857553),.UNSPECIFIED.);
#65=B_SPLINE_CURVE_WITH_KNOTS('',3,(#3370,#3371,#3372,#3373,#3374,#3375,
#3376,#3377,#3378,#3379,#3380,#3381,#3382,#3383,#3384,#3385,#3386,#3387,
#3388,#3389,#3390,#3391,#3392,#3393,#3394,#3395,#3396,#3397,#3398,#3399,
#3400,#3401,#3402,#3403,#3404,#3405,#3406,#3407,#3408),.UNSPECIFIED.,.F.,
 .F.,(4,1,1,1,1,1,1,1,1,1,1,1,1,1,1,1,1,1,1,1,1,1,1,1,1,1,1,1,1,1,1,1,1,
1,1,1,4),(0.,0.115686982483255,0.123242307353764,0.132996187893269,0.14453713435849,
0.157623337311675,0.172090678856379,0.187818337158471,0.204712552155265,
0.222697817382767,0.241711628952879,0.261701133590778,0.282620874530991,
0.304431212135271,0.327097179837405,0.350587632310249,0.374874596363388,
0.399932766457921,0.425739105874396,0.4522725266808,0.479513629546101,0.50744448973623,
0.536048479258939,0.56531011766626,0.595214945837569,0.625749418383177,
0.656900811278658,0.688657142065214,0.721007100499922,0.753939987959644,
0.787445664227204,0.821514500542266,0.856137337999388,0.891305450534828,
0.927010511871164,0.963244565891665,0.986255132857553),.UNSPECIFIED.);
#66=B_SPLINE_CURVE_WITH_KNOTS('',3,(#3416,#3417,#3418,#3419,#3420,#3421,
#3422,#3423,#3424,#3425,#3426,#3427,#3428,#3429,#3430,#3431,#3432,#3433,
#3434,#3435,#3436,#3437,#3438,#3439,#3440,#3441,#3442,#3443,#3444,#3445,
#3446,#3447,#3448,#3449,#3450,#3451,#3452,#3453,#3454),.UNSPECIFIED.,.F.,
 .F.,(4,1,1,1,1,1,1,1,1,1,1,1,1,1,1,1,1,1,1,1,1,1,1,1,1,1,1,1,1,1,1,1,1,
1,1,1,4),(0.,0.115686982483255,0.123242307353764,0.132996187893269,0.14453713435849,
0.157623337311675,0.172090678856379,0.187818337158471,0.204712552155265,
0.222697817382767,0.241711628952879,0.261701133590778,0.282620874530991,
0.304431212135271,0.327097179837405,0.350587632310249,0.374874596363388,
0.399932766457921,0.425739105874396,0.4522725266808,0.479513629546101,0.50744448973623,
0.536048479258939,0.56531011766626,0.595214945837569,0.625749418383177,
0.656900811278658,0.688657142065214,0.721007100499922,0.753939987959644,
0.787445664227204,0.821514500542266,0.856137337999388,0.891305450534828,
0.927010511871164,0.963244565891665,0.986255132857553),.UNSPECIFIED.);
#67=B_SPLINE_CURVE_WITH_KNOTS('',3,(#3455,#3456,#3457,#3458,#3459,#3460,
#3461,#3462,#3463,#3464,#3465,#3466,#3467,#3468,#3469,#3470,#3471,#3472,
#3473,#3474,#3475,#3476,#3477,#3478,#3479,#3480,#3481,#3482,#3483,#3484,
#3485,#3486,#3487,#3488,#3489,#3490,#3491,#3492,#3493),.UNSPECIFIED.,.F.,
 .F.,(4,1,1,1,1,1,1,1,1,1,1,1,1,1,1,1,1,1,1,1,1,1,1,1,1,1,1,1,1,1,1,1,1,
1,1,1,4),(0.,0.115686982483255,0.123242307353764,0.132996187893269,0.14453713435849,
0.157623337311675,0.172090678856379,0.187818337158471,0.204712552155265,
0.222697817382767,0.241711628952879,0.261701133590778,0.282620874530991,
0.304431212135271,0.327097179837405,0.350587632310249,0.374874596363388,
0.399932766457921,0.425739105874396,0.4522725266808,0.479513629546101,0.50744448973623,
0.536048479258939,0.56531011766626,0.595214945837569,0.625749418383177,
0.656900811278658,0.688657142065214,0.721007100499922,0.753939987959644,
0.787445664227204,0.821514500542266,0.856137337999388,0.891305450534828,
0.927010511871164,0.963244565891665,0.986255132857553),.UNSPECIFIED.);
#68=B_SPLINE_CURVE_WITH_KNOTS('',3,(#3501,#3502,#3503,#3504,#3505,#3506,
#3507,#3508,#3509,#3510,#3511,#3512,#3513,#3514,#3515,#3516,#3517,#3518,
#3519,#3520,#3521,#3522,#3523,#3524,#3525,#3526,#3527,#3528,#3529,#3530,
#3531,#3532,#3533,#3534,#3535,#3536,#3537,#3538,#3539),.UNSPECIFIED.,.F.,
 .F.,(4,1,1,1,1,1,1,1,1,1,1,1,1,1,1,1,1,1,1,1,1,1,1,1,1,1,1,1,1,1,1,1,1,
1,1,1,4),(0.,0.115686982483255,0.123242307353764,0.132996187893269,0.14453713435849,
0.157623337311675,0.172090678856379,0.187818337158471,0.204712552155265,
0.222697817382767,0.241711628952879,0.261701133590778,0.282620874530991,
0.304431212135271,0.327097179837405,0.350587632310249,0.374874596363388,
0.399932766457921,0.425739105874396,0.4522725266808,0.479513629546101,0.50744448973623,
0.536048479258939,0.56531011766626,0.595214945837569,0.625749418383177,
0.656900811278658,0.688657142065214,0.721007100499922,0.753939987959644,
0.787445664227204,0.821514500542266,0.856137337999388,0.891305450534828,
0.927010511871164,0.963244565891665,0.986255132857553),.UNSPECIFIED.);
#69=B_SPLINE_CURVE_WITH_KNOTS('',3,(#3540,#3541,#3542,#3543,#3544,#3545,
#3546,#3547,#3548,#3549,#3550,#3551,#3552,#3553,#3554,#3555,#3556,#3557,
#3558,#3559,#3560,#3561,#3562,#3563,#3564,#3565,#3566,#3567,#3568,#3569,
#3570,#3571,#3572,#3573,#3574,#3575,#3576,#3577,#3578),.UNSPECIFIED.,.F.,
 .F.,(4,1,1,1,1,1,1,1,1,1,1,1,1,1,1,1,1,1,1,1,1,1,1,1,1,1,1,1,1,1,1,1,1,
1,1,1,4),(0.,0.115686982483255,0.123242307353764,0.132996187893269,0.14453713435849,
0.157623337311675,0.172090678856379,0.187818337158471,0.204712552155265,
0.222697817382767,0.241711628952879,0.261701133590778,0.282620874530991,
0.304431212135271,0.327097179837405,0.350587632310249,0.374874596363388,
0.399932766457921,0.425739105874396,0.4522725266808,0.479513629546101,0.50744448973623,
0.536048479258939,0.56531011766626,0.595214945837569,0.625749418383177,
0.656900811278658,0.688657142065214,0.721007100499922,0.753939987959644,
0.787445664227204,0.821514500542266,0.856137337999388,0.891305450534828,
0.927010511871164,0.963244565891665,0.986255132857553),.UNSPECIFIED.);
#70=B_SPLINE_CURVE_WITH_KNOTS('',3,(#3586,#3587,#3588,#3589,#3590,#3591,
#3592,#3593,#3594,#3595,#3596,#3597,#3598,#3599,#3600,#3601,#3602,#3603,
#3604,#3605,#3606,#3607,#3608,#3609,#3610,#3611,#3612,#3613,#3614,#3615,
#3616,#3617,#3618,#3619,#3620,#3621,#3622,#3623,#3624),.UNSPECIFIED.,.F.,
 .F.,(4,1,1,1,1,1,1,1,1,1,1,1,1,1,1,1,1,1,1,1,1,1,1,1,1,1,1,1,1,1,1,1,1,
1,1,1,4),(0.,0.115686982483255,0.123242307353764,0.132996187893269,0.14453713435849,
0.157623337311675,0.172090678856379,0.187818337158471,0.204712552155265,
0.222697817382767,0.241711628952879,0.261701133590778,0.282620874530991,
0.304431212135271,0.327097179837405,0.350587632310249,0.374874596363388,
0.399932766457921,0.425739105874396,0.4522725266808,0.479513629546101,0.50744448973623,
0.536048479258939,0.56531011766626,0.595214945837569,0.625749418383177,
0.656900811278658,0.688657142065214,0.721007100499922,0.753939987959644,
0.787445664227204,0.821514500542266,0.856137337999388,0.891305450534828,
0.927010511871164,0.963244565891665,0.986255132857553),.UNSPECIFIED.);
#71=B_SPLINE_CURVE_WITH_KNOTS('',3,(#3625,#3626,#3627,#3628,#3629,#3630,
#3631,#3632,#3633,#3634,#3635,#3636,#3637,#3638,#3639,#3640,#3641,#3642,
#3643,#3644,#3645,#3646,#3647,#3648,#3649,#3650,#3651,#3652,#3653,#3654,
#3655,#3656,#3657,#3658,#3659,#3660,#3661,#3662,#3663),.UNSPECIFIED.,.F.,
 .F.,(4,1,1,1,1,1,1,1,1,1,1,1,1,1,1,1,1,1,1,1,1,1,1,1,1,1,1,1,1,1,1,1,1,
1,1,1,4),(0.,0.115686982483255,0.123242307353764,0.132996187893269,0.14453713435849,
0.157623337311675,0.172090678856379,0.187818337158471,0.204712552155265,
0.222697817382767,0.241711628952879,0.261701133590778,0.282620874530991,
0.304431212135271,0.327097179837405,0.350587632310249,0.374874596363388,
0.399932766457921,0.425739105874396,0.4522725266808,0.479513629546101,0.50744448973623,
0.536048479258939,0.56531011766626,0.595214945837569,0.625749418383177,
0.656900811278658,0.688657142065214,0.721007100499922,0.753939987959644,
0.787445664227204,0.821514500542266,0.856137337999388,0.891305450534828,
0.927010511871164,0.963244565891665,0.986255132857553),.UNSPECIFIED.);
#72=B_SPLINE_CURVE_WITH_KNOTS('',3,(#3671,#3672,#3673,#3674,#3675,#3676,
#3677,#3678,#3679,#3680,#3681,#3682,#3683,#3684,#3685,#3686,#3687,#3688,
#3689,#3690,#3691,#3692,#3693,#3694,#3695,#3696,#3697,#3698,#3699,#3700,
#3701,#3702,#3703,#3704,#3705,#3706,#3707,#3708,#3709),.UNSPECIFIED.,.F.,
 .F.,(4,1,1,1,1,1,1,1,1,1,1,1,1,1,1,1,1,1,1,1,1,1,1,1,1,1,1,1,1,1,1,1,1,
1,1,1,4),(0.,0.115686982483255,0.123242307353764,0.132996187893269,0.14453713435849,
0.157623337311675,0.172090678856379,0.187818337158471,0.204712552155265,
0.222697817382767,0.241711628952879,0.261701133590778,0.282620874530991,
0.304431212135271,0.327097179837405,0.350587632310249,0.374874596363388,
0.399932766457921,0.425739105874396,0.4522725266808,0.479513629546101,0.50744448973623,
0.536048479258939,0.56531011766626,0.595214945837569,0.625749418383177,
0.656900811278658,0.688657142065214,0.721007100499922,0.753939987959644,
0.787445664227204,0.821514500542266,0.856137337999388,0.891305450534828,
0.927010511871164,0.963244565891665,0.986255132857553),.UNSPECIFIED.);
#73=B_SPLINE_CURVE_WITH_KNOTS('',3,(#3710,#3711,#3712,#3713,#3714,#3715,
#3716,#3717,#3718,#3719,#3720,#3721,#3722,#3723,#3724,#3725,#3726,#3727,
#3728,#3729,#3730,#3731,#3732,#3733,#3734,#3735,#3736,#3737,#3738,#3739,
#3740,#3741,#3742,#3743,#3744,#3745,#3746,#3747,#3748),.UNSPECIFIED.,.F.,
 .F.,(4,1,1,1,1,1,1,1,1,1,1,1,1,1,1,1,1,1,1,1,1,1,1,1,1,1,1,1,1,1,1,1,1,
1,1,1,4),(0.,0.115686982483255,0.123242307353764,0.132996187893269,0.14453713435849,
0.157623337311675,0.172090678856379,0.187818337158471,0.204712552155265,
0.222697817382767,0.241711628952879,0.261701133590778,0.282620874530991,
0.304431212135271,0.327097179837405,0.350587632310249,0.374874596363388,
0.399932766457921,0.425739105874396,0.4522725266808,0.479513629546101,0.50744448973623,
0.536048479258939,0.56531011766626,0.595214945837569,0.625749418383177,
0.656900811278658,0.688657142065214,0.721007100499922,0.753939987959644,
0.787445664227204,0.821514500542266,0.856137337999388,0.891305450534828,
0.927010511871164,0.963244565891665,0.986255132857553),.UNSPECIFIED.);
#74=B_SPLINE_CURVE_WITH_KNOTS('',3,(#3756,#3757,#3758,#3759,#3760,#3761,
#3762,#3763,#3764,#3765,#3766,#3767,#3768,#3769,#3770,#3771,#3772,#3773,
#3774,#3775,#3776,#3777,#3778,#3779,#3780,#3781,#3782,#3783,#3784,#3785,
#3786,#3787,#3788,#3789,#3790,#3791,#3792,#3793,#3794),.UNSPECIFIED.,.F.,
 .F.,(4,1,1,1,1,1,1,1,1,1,1,1,1,1,1,1,1,1,1,1,1,1,1,1,1,1,1,1,1,1,1,1,1,
1,1,1,4),(0.,0.115686982483255,0.123242307353764,0.132996187893269,0.14453713435849,
0.157623337311675,0.172090678856379,0.187818337158471,0.204712552155265,
0.222697817382767,0.241711628952879,0.261701133590778,0.282620874530991,
0.304431212135271,0.327097179837405,0.350587632310249,0.374874596363388,
0.399932766457921,0.425739105874396,0.4522725266808,0.479513629546101,0.50744448973623,
0.536048479258939,0.56531011766626,0.595214945837569,0.625749418383177,
0.656900811278658,0.688657142065214,0.721007100499922,0.753939987959644,
0.787445664227204,0.821514500542266,0.856137337999388,0.891305450534828,
0.927010511871164,0.963244565891665,0.986255132857553),.UNSPECIFIED.);
#75=B_SPLINE_CURVE_WITH_KNOTS('',3,(#3795,#3796,#3797,#3798,#3799,#3800,
#3801,#3802,#3803,#3804,#3805,#3806,#3807,#3808,#3809,#3810,#3811,#3812,
#3813,#3814,#3815,#3816,#3817,#3818,#3819,#3820,#3821,#3822,#3823,#3824,
#3825,#3826,#3827,#3828,#3829,#3830,#3831,#3832,#3833),.UNSPECIFIED.,.F.,
 .F.,(4,1,1,1,1,1,1,1,1,1,1,1,1,1,1,1,1,1,1,1,1,1,1,1,1,1,1,1,1,1,1,1,1,
1,1,1,4),(0.,0.115686982483255,0.123242307353764,0.132996187893269,0.14453713435849,
0.157623337311675,0.172090678856379,0.187818337158471,0.204712552155265,
0.222697817382767,0.241711628952879,0.261701133590778,0.282620874530991,
0.304431212135271,0.327097179837405,0.350587632310249,0.374874596363388,
0.399932766457921,0.425739105874396,0.4522725266808,0.479513629546101,0.50744448973623,
0.536048479258939,0.56531011766626,0.595214945837569,0.625749418383177,
0.656900811278658,0.688657142065214,0.721007100499922,0.753939987959644,
0.787445664227204,0.821514500542266,0.856137337999388,0.891305450534828,
0.927010511871164,0.963244565891665,0.986255132857553),.UNSPECIFIED.);
#76=B_SPLINE_CURVE_WITH_KNOTS('',3,(#3841,#3842,#3843,#3844,#3845,#3846,
#3847,#3848,#3849,#3850,#3851,#3852,#3853,#3854,#3855,#3856,#3857,#3858,
#3859,#3860,#3861,#3862,#3863,#3864,#3865,#3866,#3867,#3868,#3869,#3870,
#3871,#3872,#3873,#3874,#3875,#3876,#3877,#3878,#3879),.UNSPECIFIED.,.F.,
 .F.,(4,1,1,1,1,1,1,1,1,1,1,1,1,1,1,1,1,1,1,1,1,1,1,1,1,1,1,1,1,1,1,1,1,
1,1,1,4),(0.,0.115686982483255,0.123242307353764,0.132996187893269,0.14453713435849,
0.157623337311675,0.172090678856379,0.187818337158471,0.204712552155265,
0.222697817382767,0.241711628952879,0.261701133590778,0.282620874530991,
0.304431212135271,0.327097179837405,0.350587632310249,0.374874596363388,
0.399932766457921,0.425739105874396,0.4522725266808,0.479513629546101,0.50744448973623,
0.536048479258939,0.56531011766626,0.595214945837569,0.625749418383177,
0.656900811278658,0.688657142065214,0.721007100499922,0.753939987959644,
0.787445664227204,0.821514500542266,0.856137337999388,0.891305450534828,
0.927010511871164,0.963244565891665,0.986255132857553),.UNSPECIFIED.);
#77=B_SPLINE_CURVE_WITH_KNOTS('',3,(#3880,#3881,#3882,#3883,#3884,#3885,
#3886,#3887,#3888,#3889,#3890,#3891,#3892,#3893,#3894,#3895,#3896,#3897,
#3898,#3899,#3900,#3901,#3902,#3903,#3904,#3905,#3906,#3907,#3908,#3909,
#3910,#3911,#3912,#3913,#3914,#3915,#3916,#3917,#3918),.UNSPECIFIED.,.F.,
 .F.,(4,1,1,1,1,1,1,1,1,1,1,1,1,1,1,1,1,1,1,1,1,1,1,1,1,1,1,1,1,1,1,1,1,
1,1,1,4),(0.,0.115686982483255,0.123242307353764,0.132996187893269,0.14453713435849,
0.157623337311675,0.172090678856379,0.187818337158471,0.204712552155265,
0.222697817382767,0.241711628952879,0.261701133590778,0.282620874530991,
0.304431212135271,0.327097179837405,0.350587632310249,0.374874596363388,
0.399932766457921,0.425739105874396,0.4522725266808,0.479513629546101,0.50744448973623,
0.536048479258939,0.56531011766626,0.595214945837569,0.625749418383177,
0.656900811278658,0.688657142065214,0.721007100499922,0.753939987959644,
0.787445664227204,0.821514500542266,0.856137337999388,0.891305450534828,
0.927010511871164,0.963244565891665,0.986255132857553),.UNSPECIFIED.);
#78=B_SPLINE_CURVE_WITH_KNOTS('',3,(#3926,#3927,#3928,#3929,#3930,#3931,
#3932,#3933,#3934,#3935,#3936,#3937,#3938,#3939,#3940,#3941,#3942,#3943,
#3944,#3945,#3946,#3947,#3948,#3949,#3950,#3951,#3952,#3953,#3954,#3955,
#3956,#3957,#3958,#3959,#3960,#3961,#3962,#3963,#3964),.UNSPECIFIED.,.F.,
 .F.,(4,1,1,1,1,1,1,1,1,1,1,1,1,1,1,1,1,1,1,1,1,1,1,1,1,1,1,1,1,1,1,1,1,
1,1,1,4),(0.,0.115686982483255,0.123242307353764,0.132996187893269,0.14453713435849,
0.157623337311675,0.172090678856379,0.187818337158471,0.204712552155265,
0.222697817382767,0.241711628952879,0.261701133590778,0.282620874530991,
0.304431212135271,0.327097179837405,0.350587632310249,0.374874596363388,
0.399932766457921,0.425739105874396,0.4522725266808,0.479513629546101,0.50744448973623,
0.536048479258939,0.56531011766626,0.595214945837569,0.625749418383177,
0.656900811278658,0.688657142065214,0.721007100499922,0.753939987959644,
0.787445664227204,0.821514500542266,0.856137337999388,0.891305450534828,
0.927010511871164,0.963244565891665,0.986255132857553),.UNSPECIFIED.);
#79=B_SPLINE_CURVE_WITH_KNOTS('',3,(#3965,#3966,#3967,#3968,#3969,#3970,
#3971,#3972,#3973,#3974,#3975,#3976,#3977,#3978,#3979,#3980,#3981,#3982,
#3983,#3984,#3985,#3986,#3987,#3988,#3989,#3990,#3991,#3992,#3993,#3994,
#3995,#3996,#3997,#3998,#3999,#4000,#4001,#4002,#4003),.UNSPECIFIED.,.F.,
 .F.,(4,1,1,1,1,1,1,1,1,1,1,1,1,1,1,1,1,1,1,1,1,1,1,1,1,1,1,1,1,1,1,1,1,
1,1,1,4),(0.,0.115686982483255,0.123242307353764,0.132996187893269,0.14453713435849,
0.157623337311675,0.172090678856379,0.187818337158471,0.204712552155265,
0.222697817382767,0.241711628952879,0.261701133590778,0.282620874530991,
0.304431212135271,0.327097179837405,0.350587632310249,0.374874596363388,
0.399932766457921,0.425739105874396,0.4522725266808,0.479513629546101,0.50744448973623,
0.536048479258939,0.56531011766626,0.595214945837569,0.625749418383177,
0.656900811278658,0.688657142065214,0.721007100499922,0.753939987959644,
0.787445664227204,0.821514500542266,0.856137337999388,0.891305450534828,
0.927010511871164,0.963244565891665,0.986255132857553),.UNSPECIFIED.);
#80=B_SPLINE_CURVE_WITH_KNOTS('',3,(#4011,#4012,#4013,#4014,#4015,#4016,
#4017,#4018,#4019,#4020,#4021,#4022,#4023,#4024,#4025,#4026,#4027,#4028,
#4029,#4030,#4031,#4032,#4033,#4034,#4035,#4036,#4037,#4038,#4039,#4040,
#4041,#4042,#4043,#4044,#4045,#4046,#4047,#4048,#4049),.UNSPECIFIED.,.F.,
 .F.,(4,1,1,1,1,1,1,1,1,1,1,1,1,1,1,1,1,1,1,1,1,1,1,1,1,1,1,1,1,1,1,1,1,
1,1,1,4),(0.,0.115686982483255,0.123242307353764,0.132996187893269,0.14453713435849,
0.157623337311675,0.172090678856379,0.187818337158471,0.204712552155265,
0.222697817382767,0.241711628952879,0.261701133590778,0.282620874530991,
0.304431212135271,0.327097179837405,0.350587632310249,0.374874596363388,
0.399932766457921,0.425739105874396,0.4522725266808,0.479513629546101,0.50744448973623,
0.536048479258939,0.56531011766626,0.595214945837569,0.625749418383177,
0.656900811278658,0.688657142065214,0.721007100499922,0.753939987959644,
0.787445664227204,0.821514500542266,0.856137337999388,0.891305450534828,
0.927010511871164,0.963244565891665,0.986255132857553),.UNSPECIFIED.);
#81=B_SPLINE_CURVE_WITH_KNOTS('',3,(#4050,#4051,#4052,#4053,#4054,#4055,
#4056,#4057,#4058,#4059,#4060,#4061,#4062,#4063,#4064,#4065,#4066,#4067,
#4068,#4069,#4070,#4071,#4072,#4073,#4074,#4075,#4076,#4077,#4078,#4079,
#4080,#4081,#4082,#4083,#4084,#4085,#4086,#4087,#4088),.UNSPECIFIED.,.F.,
 .F.,(4,1,1,1,1,1,1,1,1,1,1,1,1,1,1,1,1,1,1,1,1,1,1,1,1,1,1,1,1,1,1,1,1,
1,1,1,4),(0.,0.115686982483255,0.123242307353764,0.132996187893269,0.14453713435849,
0.157623337311675,0.172090678856379,0.187818337158471,0.204712552155265,
0.222697817382767,0.241711628952879,0.261701133590778,0.282620874530991,
0.304431212135271,0.327097179837405,0.350587632310249,0.374874596363388,
0.399932766457921,0.425739105874396,0.4522725266808,0.479513629546101,0.50744448973623,
0.536048479258939,0.56531011766626,0.595214945837569,0.625749418383177,
0.656900811278658,0.688657142065214,0.721007100499922,0.753939987959644,
0.787445664227204,0.821514500542266,0.856137337999388,0.891305450534828,
0.927010511871164,0.963244565891665,0.986255132857553),.UNSPECIFIED.);
#82=B_SPLINE_CURVE_WITH_KNOTS('',3,(#4096,#4097,#4098,#4099,#4100,#4101,
#4102,#4103,#4104,#4105,#4106,#4107,#4108,#4109,#4110,#4111,#4112,#4113,
#4114,#4115,#4116,#4117,#4118,#4119,#4120,#4121,#4122,#4123,#4124,#4125,
#4126,#4127,#4128,#4129,#4130,#4131,#4132,#4133,#4134),.UNSPECIFIED.,.F.,
 .F.,(4,1,1,1,1,1,1,1,1,1,1,1,1,1,1,1,1,1,1,1,1,1,1,1,1,1,1,1,1,1,1,1,1,
1,1,1,4),(0.,0.115686982483255,0.123242307353764,0.132996187893269,0.14453713435849,
0.157623337311675,0.172090678856379,0.187818337158471,0.204712552155265,
0.222697817382767,0.241711628952879,0.261701133590778,0.282620874530991,
0.304431212135271,0.327097179837405,0.350587632310249,0.374874596363388,
0.399932766457921,0.425739105874396,0.4522725266808,0.479513629546101,0.50744448973623,
0.536048479258939,0.56531011766626,0.595214945837569,0.625749418383177,
0.656900811278658,0.688657142065214,0.721007100499922,0.753939987959644,
0.787445664227204,0.821514500542266,0.856137337999388,0.891305450534828,
0.927010511871164,0.963244565891665,0.986255132857553),.UNSPECIFIED.);
#83=B_SPLINE_CURVE_WITH_KNOTS('',3,(#4135,#4136,#4137,#4138,#4139,#4140,
#4141,#4142,#4143,#4144,#4145,#4146,#4147,#4148,#4149,#4150,#4151,#4152,
#4153,#4154,#4155,#4156,#4157,#4158,#4159,#4160,#4161,#4162,#4163,#4164,
#4165,#4166,#4167,#4168,#4169,#4170,#4171,#4172,#4173),.UNSPECIFIED.,.F.,
 .F.,(4,1,1,1,1,1,1,1,1,1,1,1,1,1,1,1,1,1,1,1,1,1,1,1,1,1,1,1,1,1,1,1,1,
1,1,1,4),(0.,0.115686982483255,0.123242307353764,0.132996187893269,0.14453713435849,
0.157623337311675,0.172090678856379,0.187818337158471,0.204712552155265,
0.222697817382767,0.241711628952879,0.261701133590778,0.282620874530991,
0.304431212135271,0.327097179837405,0.350587632310249,0.374874596363388,
0.399932766457921,0.425739105874396,0.4522725266808,0.479513629546101,0.50744448973623,
0.536048479258939,0.56531011766626,0.595214945837569,0.625749418383177,
0.656900811278658,0.688657142065214,0.721007100499922,0.753939987959644,
0.787445664227204,0.821514500542266,0.856137337999388,0.891305450534828,
0.927010511871164,0.963244565891665,0.986255132857553),.UNSPECIFIED.);
#84=B_SPLINE_CURVE_WITH_KNOTS('',3,(#4181,#4182,#4183,#4184,#4185,#4186,
#4187,#4188,#4189,#4190,#4191,#4192,#4193,#4194,#4195,#4196,#4197,#4198,
#4199,#4200,#4201,#4202,#4203,#4204,#4205,#4206,#4207,#4208,#4209,#4210,
#4211,#4212,#4213,#4214,#4215,#4216,#4217,#4218,#4219),.UNSPECIFIED.,.F.,
 .F.,(4,1,1,1,1,1,1,1,1,1,1,1,1,1,1,1,1,1,1,1,1,1,1,1,1,1,1,1,1,1,1,1,1,
1,1,1,4),(0.,0.115686982483255,0.123242307353764,0.132996187893269,0.14453713435849,
0.157623337311675,0.172090678856379,0.187818337158471,0.204712552155265,
0.222697817382767,0.241711628952879,0.261701133590778,0.282620874530991,
0.304431212135271,0.327097179837405,0.350587632310249,0.374874596363388,
0.399932766457921,0.425739105874396,0.4522725266808,0.479513629546101,0.50744448973623,
0.536048479258939,0.56531011766626,0.595214945837569,0.625749418383177,
0.656900811278658,0.688657142065214,0.721007100499922,0.753939987959644,
0.787445664227204,0.821514500542266,0.856137337999388,0.891305450534828,
0.927010511871164,0.963244565891665,0.986255132857553),.UNSPECIFIED.);
#85=B_SPLINE_CURVE_WITH_KNOTS('',3,(#4220,#4221,#4222,#4223,#4224,#4225,
#4226,#4227,#4228,#4229,#4230,#4231,#4232,#4233,#4234,#4235,#4236,#4237,
#4238,#4239,#4240,#4241,#4242,#4243,#4244,#4245,#4246,#4247,#4248,#4249,
#4250,#4251,#4252,#4253,#4254,#4255,#4256,#4257,#4258),.UNSPECIFIED.,.F.,
 .F.,(4,1,1,1,1,1,1,1,1,1,1,1,1,1,1,1,1,1,1,1,1,1,1,1,1,1,1,1,1,1,1,1,1,
1,1,1,4),(0.,0.115686982483255,0.123242307353764,0.132996187893269,0.14453713435849,
0.157623337311675,0.172090678856379,0.187818337158471,0.204712552155265,
0.222697817382767,0.241711628952879,0.261701133590778,0.282620874530991,
0.304431212135271,0.327097179837405,0.350587632310249,0.374874596363388,
0.399932766457921,0.425739105874396,0.4522725266808,0.479513629546101,0.50744448973623,
0.536048479258939,0.56531011766626,0.595214945837569,0.625749418383177,
0.656900811278658,0.688657142065214,0.721007100499922,0.753939987959644,
0.787445664227204,0.821514500542266,0.856137337999388,0.891305450534828,
0.927010511871164,0.963244565891665,0.986255132857553),.UNSPECIFIED.);
#86=B_SPLINE_CURVE_WITH_KNOTS('',3,(#4266,#4267,#4268,#4269,#4270,#4271,
#4272,#4273,#4274,#4275,#4276,#4277,#4278,#4279,#4280,#4281,#4282,#4283,
#4284,#4285,#4286,#4287,#4288,#4289,#4290,#4291,#4292,#4293,#4294,#4295,
#4296,#4297,#4298,#4299,#4300,#4301,#4302,#4303,#4304),.UNSPECIFIED.,.F.,
 .F.,(4,1,1,1,1,1,1,1,1,1,1,1,1,1,1,1,1,1,1,1,1,1,1,1,1,1,1,1,1,1,1,1,1,
1,1,1,4),(0.,0.115686982483255,0.123242307353764,0.132996187893269,0.14453713435849,
0.157623337311675,0.172090678856379,0.187818337158471,0.204712552155265,
0.222697817382767,0.241711628952879,0.261701133590778,0.282620874530991,
0.304431212135271,0.327097179837405,0.350587632310249,0.374874596363388,
0.399932766457921,0.425739105874396,0.4522725266808,0.479513629546101,0.50744448973623,
0.536048479258939,0.56531011766626,0.595214945837569,0.625749418383177,
0.656900811278658,0.688657142065214,0.721007100499922,0.753939987959644,
0.787445664227204,0.821514500542266,0.856137337999388,0.891305450534828,
0.927010511871164,0.963244565891665,0.986255132857553),.UNSPECIFIED.);
#87=B_SPLINE_CURVE_WITH_KNOTS('',3,(#4305,#4306,#4307,#4308,#4309,#4310,
#4311,#4312,#4313,#4314,#4315,#4316,#4317,#4318,#4319,#4320,#4321,#4322,
#4323,#4324,#4325,#4326,#4327,#4328,#4329,#4330,#4331,#4332,#4333,#4334,
#4335,#4336,#4337,#4338,#4339,#4340,#4341,#4342,#4343),.UNSPECIFIED.,.F.,
 .F.,(4,1,1,1,1,1,1,1,1,1,1,1,1,1,1,1,1,1,1,1,1,1,1,1,1,1,1,1,1,1,1,1,1,
1,1,1,4),(0.,0.115686982483255,0.123242307353764,0.132996187893269,0.14453713435849,
0.157623337311675,0.172090678856379,0.187818337158471,0.204712552155265,
0.222697817382767,0.241711628952879,0.261701133590778,0.282620874530991,
0.304431212135271,0.327097179837405,0.350587632310249,0.374874596363388,
0.399932766457921,0.425739105874396,0.4522725266808,0.479513629546101,0.50744448973623,
0.536048479258939,0.56531011766626,0.595214945837569,0.625749418383177,
0.656900811278658,0.688657142065214,0.721007100499922,0.753939987959644,
0.787445664227204,0.821514500542266,0.856137337999388,0.891305450534828,
0.927010511871164,0.963244565891665,0.986255132857553),.UNSPECIFIED.);
#88=B_SPLINE_CURVE_WITH_KNOTS('',3,(#4351,#4352,#4353,#4354,#4355,#4356,
#4357,#4358,#4359,#4360,#4361,#4362,#4363,#4364,#4365,#4366,#4367,#4368,
#4369,#4370,#4371,#4372,#4373,#4374,#4375,#4376,#4377,#4378,#4379,#4380,
#4381,#4382,#4383,#4384,#4385,#4386,#4387,#4388,#4389),.UNSPECIFIED.,.F.,
 .F.,(4,1,1,1,1,1,1,1,1,1,1,1,1,1,1,1,1,1,1,1,1,1,1,1,1,1,1,1,1,1,1,1,1,
1,1,1,4),(0.,0.115686982483255,0.123242307353764,0.132996187893269,0.14453713435849,
0.157623337311675,0.172090678856379,0.187818337158471,0.204712552155265,
0.222697817382767,0.241711628952879,0.261701133590778,0.282620874530991,
0.304431212135271,0.327097179837405,0.350587632310249,0.374874596363388,
0.399932766457921,0.425739105874396,0.4522725266808,0.479513629546101,0.50744448973623,
0.536048479258939,0.56531011766626,0.595214945837569,0.625749418383177,
0.656900811278658,0.688657142065214,0.721007100499922,0.753939987959644,
0.787445664227204,0.821514500542266,0.856137337999388,0.891305450534828,
0.927010511871164,0.963244565891665,0.986255132857553),.UNSPECIFIED.);
#89=B_SPLINE_CURVE_WITH_KNOTS('',3,(#4390,#4391,#4392,#4393,#4394,#4395,
#4396,#4397,#4398,#4399,#4400,#4401,#4402,#4403,#4404,#4405,#4406,#4407,
#4408,#4409,#4410,#4411,#4412,#4413,#4414,#4415,#4416,#4417,#4418,#4419,
#4420,#4421,#4422,#4423,#4424,#4425,#4426,#4427,#4428),.UNSPECIFIED.,.F.,
 .F.,(4,1,1,1,1,1,1,1,1,1,1,1,1,1,1,1,1,1,1,1,1,1,1,1,1,1,1,1,1,1,1,1,1,
1,1,1,4),(0.,0.115686982483255,0.123242307353764,0.132996187893269,0.14453713435849,
0.157623337311675,0.172090678856379,0.187818337158471,0.204712552155265,
0.222697817382767,0.241711628952879,0.261701133590778,0.282620874530991,
0.304431212135271,0.327097179837405,0.350587632310249,0.374874596363388,
0.399932766457921,0.425739105874396,0.4522725266808,0.479513629546101,0.50744448973623,
0.536048479258939,0.56531011766626,0.595214945837569,0.625749418383177,
0.656900811278658,0.688657142065214,0.721007100499922,0.753939987959644,
0.787445664227204,0.821514500542266,0.856137337999388,0.891305450534828,
0.927010511871164,0.963244565891665,0.986255132857553),.UNSPECIFIED.);
#90=PLANE('',#1571);
#91=PLANE('',#1617);
#92=CIRCLE('',#1536,0.0075);
#93=CIRCLE('',#1537,0.0075);
#94=CIRCLE('',#1539,0.0075);
#95=CIRCLE('',#1540,0.0075);
#96=CIRCLE('',#1542,0.0075);
#97=CIRCLE('',#1543,0.0075);
#98=CIRCLE('',#1545,0.0075);
#99=CIRCLE('',#1546,0.0075);
#100=CIRCLE('',#1548,0.0075);
#101=CIRCLE('',#1549,0.0075);
#102=CIRCLE('',#1551,0.0075);
#103=CIRCLE('',#1552,0.0075);
#104=CIRCLE('',#1554,0.0075);
#105=CIRCLE('',#1555,0.0075);
#106=CIRCLE('',#1557,0.0075);
#107=CIRCLE('',#1558,0.0075);
#108=CIRCLE('',#1560,0.0075);
#109=CIRCLE('',#1561,0.0075);
#110=CIRCLE('',#1563,0.0075);
#111=CIRCLE('',#1564,0.0075);
#112=CIRCLE('',#1566,0.0075);
#113=CIRCLE('',#1567,0.0075);
#114=CIRCLE('',#1569,0.0075);
#115=CIRCLE('',#1570,0.0075);
#116=CIRCLE('',#1572,0.0025);
#117=CIRCLE('',#1573,0.000413620223925599);
#118=CIRCLE('',#1574,0.000413620223925599);
#119=CIRCLE('',#1575,0.00525);
#120=CIRCLE('',#1576,0.000413620223925599);
#121=CIRCLE('',#1577,0.000413620223925599);
#122=CIRCLE('',#1578,0.00525);
#123=CIRCLE('',#1579,0.000413620223925599);
#124=CIRCLE('',#1580,0.000413620223925599);
#125=CIRCLE('',#1581,0.00525);
#126=CIRCLE('',#1582,0.000413620223925599);
#127=CIRCLE('',#1583,0.000413620223925599);
#128=CIRCLE('',#1584,0.00525);
#129=CIRCLE('',#1585,0.000413620223925599);
#130=CIRCLE('',#1586,0.000413620223925599);
#131=CIRCLE('',#1587,0.00525);
#132=CIRCLE('',#1588,0.000413620223925599);
#133=CIRCLE('',#1589,0.0075);
#134=CIRCLE('',#1590,0.000413620223925599);
#135=CIRCLE('',#1591,0.00525);
#136=CIRCLE('',#1592,0.000413620223925599);
#137=CIRCLE('',#1593,0.000413620223925599);
#138=CIRCLE('',#1594,0.00525);
#139=CIRCLE('',#1595,0.000413620223925599);
#140=CIRCLE('',#1596,0.000413620223925599);
#141=CIRCLE('',#1597,0.00525);
#142=CIRCLE('',#1598,0.000413620223925599);
#143=CIRCLE('',#1599,0.000413620223925599);
#144=CIRCLE('',#1600,0.00525);
#145=CIRCLE('',#1601,0.000413620223925599);
#146=CIRCLE('',#1602,0.000413620223925599);
#147=CIRCLE('',#1603,0.00525);
#148=CIRCLE('',#1604,0.000413620223925599);
#149=CIRCLE('',#1605,0.000413620223925599);
#150=CIRCLE('',#1606,0.00525);
#151=CIRCLE('',#1607,0.000413620223925599);
#152=CIRCLE('',#1608,0.000413620223925599);
#153=CIRCLE('',#1609,0.00525);
#154=CIRCLE('',#1610,0.000413620223925599);
#155=CIRCLE('',#1611,0.000413620223925599);
#156=CIRCLE('',#1612,0.00525);
#157=CIRCLE('',#1614,0.0025);
#158=CIRCLE('',#1616,0.0075);
#159=CIRCLE('',#1618,0.000413620223925599);
#160=CIRCLE('',#1619,0.000413620223925599);
#161=CIRCLE('',#1620,0.00525);
#162=CIRCLE('',#1621,0.000413620223925599);
#163=CIRCLE('',#1622,0.000413620223925599);
#164=CIRCLE('',#1623,0.00525);
#165=CIRCLE('',#1624,0.000413620223925599);
#166=CIRCLE('',#1625,0.000413620223925599);
#167=CIRCLE('',#1626,0.00525);
#168=CIRCLE('',#1627,0.000413620223925599);
#169=CIRCLE('',#1628,0.000413620223925599);
#170=CIRCLE('',#1629,0.00525);
#171=CIRCLE('',#1630,0.000413620223925599);
#172=CIRCLE('',#1631,0.000413620223925599);
#173=CIRCLE('',#1632,0.00525);
#174=CIRCLE('',#1633,0.000413620223925599);
#175=CIRCLE('',#1634,0.000413620223925599);
#176=CIRCLE('',#1635,0.00525);
#177=CIRCLE('',#1636,0.000413620223925599);
#178=CIRCLE('',#1637,0.000413620223925599);
#179=CIRCLE('',#1638,0.00525);
#180=CIRCLE('',#1639,0.000413620223925599);
#181=CIRCLE('',#1640,0.000413620223925599);
#182=CIRCLE('',#1641,0.00525);
#183=CIRCLE('',#1642,0.000413620223925599);
#184=CIRCLE('',#1643,0.000413620223925599);
#185=CIRCLE('',#1644,0.00525);
#186=CIRCLE('',#1645,0.000413620223925599);
#187=CIRCLE('',#1646,0.000413620223925599);
#188=CIRCLE('',#1647,0.00525);
#189=CIRCLE('',#1648,0.000413620223925599);
#190=CIRCLE('',#1649,0.000413620223925599);
#191=CIRCLE('',#1650,0.00525);
#192=CIRCLE('',#1651,0.000413620223925599);
#193=CIRCLE('',#1652,0.000413620223925599);
#194=CIRCLE('',#1653,0.00525);
#195=CIRCLE('',#1654,0.000413620223925599);
#196=CIRCLE('',#1655,0.000413620223925599);
#197=CIRCLE('',#1656,0.00525);
#198=ORIENTED_EDGE('',*,*,#670,.F.);
#199=ORIENTED_EDGE('',*,*,#671,.F.);
#200=ORIENTED_EDGE('',*,*,#672,.T.);
#201=ORIENTED_EDGE('',*,*,#673,.T.);
#202=ORIENTED_EDGE('',*,*,#674,.F.);
#203=ORIENTED_EDGE('',*,*,#675,.T.);
#204=ORIENTED_EDGE('',*,*,#676,.T.);
#205=ORIENTED_EDGE('',*,*,#677,.F.);
#206=ORIENTED_EDGE('',*,*,#678,.F.);
#207=ORIENTED_EDGE('',*,*,#679,.F.);
#208=ORIENTED_EDGE('',*,*,#680,.T.);
#209=ORIENTED_EDGE('',*,*,#681,.T.);
#210=ORIENTED_EDGE('',*,*,#682,.F.);
#211=ORIENTED_EDGE('',*,*,#683,.T.);
#212=ORIENTED_EDGE('',*,*,#684,.T.);
#213=ORIENTED_EDGE('',*,*,#685,.F.);
#214=ORIENTED_EDGE('',*,*,#686,.F.);
#215=ORIENTED_EDGE('',*,*,#687,.F.);
#216=ORIENTED_EDGE('',*,*,#688,.T.);
#217=ORIENTED_EDGE('',*,*,#689,.T.);
#218=ORIENTED_EDGE('',*,*,#690,.F.);
#219=ORIENTED_EDGE('',*,*,#691,.F.);
#220=ORIENTED_EDGE('',*,*,#692,.T.);
#221=ORIENTED_EDGE('',*,*,#693,.T.);
#222=ORIENTED_EDGE('',*,*,#694,.F.);
#223=ORIENTED_EDGE('',*,*,#695,.F.);
#224=ORIENTED_EDGE('',*,*,#696,.T.);
#225=ORIENTED_EDGE('',*,*,#697,.T.);
#226=ORIENTED_EDGE('',*,*,#698,.F.);
#227=ORIENTED_EDGE('',*,*,#699,.T.);
#228=ORIENTED_EDGE('',*,*,#700,.T.);
#229=ORIENTED_EDGE('',*,*,#701,.F.);
#230=ORIENTED_EDGE('',*,*,#702,.F.);
#231=ORIENTED_EDGE('',*,*,#703,.T.);
#232=ORIENTED_EDGE('',*,*,#704,.T.);
#233=ORIENTED_EDGE('',*,*,#705,.F.);
#234=ORIENTED_EDGE('',*,*,#706,.F.);
#235=ORIENTED_EDGE('',*,*,#707,.T.);
#236=ORIENTED_EDGE('',*,*,#708,.T.);
#237=ORIENTED_EDGE('',*,*,#709,.F.);
#238=ORIENTED_EDGE('',*,*,#710,.F.);
#239=ORIENTED_EDGE('',*,*,#711,.F.);
#240=ORIENTED_EDGE('',*,*,#712,.T.);
#241=ORIENTED_EDGE('',*,*,#713,.T.);
#242=ORIENTED_EDGE('',*,*,#714,.F.);
#243=ORIENTED_EDGE('',*,*,#715,.T.);
#244=ORIENTED_EDGE('',*,*,#716,.T.);
#245=ORIENTED_EDGE('',*,*,#717,.F.);
#246=ORIENTED_EDGE('',*,*,#718,.F.);
#247=ORIENTED_EDGE('',*,*,#719,.F.);
#248=ORIENTED_EDGE('',*,*,#720,.T.);
#249=ORIENTED_EDGE('',*,*,#674,.T.);
#250=ORIENTED_EDGE('',*,*,#721,.F.);
#251=ORIENTED_EDGE('',*,*,#722,.F.);
#252=ORIENTED_EDGE('',*,*,#723,.T.);
#253=ORIENTED_EDGE('',*,*,#724,.F.);
#254=ORIENTED_EDGE('',*,*,#725,.T.);
#255=ORIENTED_EDGE('',*,*,#702,.T.);
#256=ORIENTED_EDGE('',*,*,#726,.F.);
#257=ORIENTED_EDGE('',*,*,#727,.F.);
#258=ORIENTED_EDGE('',*,*,#728,.T.);
#259=ORIENTED_EDGE('',*,*,#729,.F.);
#260=ORIENTED_EDGE('',*,*,#730,.T.);
#261=ORIENTED_EDGE('',*,*,#706,.T.);
#262=ORIENTED_EDGE('',*,*,#731,.F.);
#263=ORIENTED_EDGE('',*,*,#732,.F.);
#264=ORIENTED_EDGE('',*,*,#733,.T.);
#265=ORIENTED_EDGE('',*,*,#734,.F.);
#266=ORIENTED_EDGE('',*,*,#735,.T.);
#267=ORIENTED_EDGE('',*,*,#714,.T.);
#268=ORIENTED_EDGE('',*,*,#736,.F.);
#269=ORIENTED_EDGE('',*,*,#737,.F.);
#270=ORIENTED_EDGE('',*,*,#738,.T.);
#271=ORIENTED_EDGE('',*,*,#739,.F.);
#272=ORIENTED_EDGE('',*,*,#740,.T.);
#273=ORIENTED_EDGE('',*,*,#711,.T.);
#274=ORIENTED_EDGE('',*,*,#741,.F.);
#275=ORIENTED_EDGE('',*,*,#742,.F.);
#276=ORIENTED_EDGE('',*,*,#743,.T.);
#277=ORIENTED_EDGE('',*,*,#744,.F.);
#278=ORIENTED_EDGE('',*,*,#745,.T.);
#279=ORIENTED_EDGE('',*,*,#746,.T.);
#280=ORIENTED_EDGE('',*,*,#747,.F.);
#281=ORIENTED_EDGE('',*,*,#748,.F.);
#282=ORIENTED_EDGE('',*,*,#749,.T.);
#283=ORIENTED_EDGE('',*,*,#750,.F.);
#284=ORIENTED_EDGE('',*,*,#751,.T.);
#285=ORIENTED_EDGE('',*,*,#695,.T.);
#286=ORIENTED_EDGE('',*,*,#752,.F.);
#287=ORIENTED_EDGE('',*,*,#753,.F.);
#288=ORIENTED_EDGE('',*,*,#754,.T.);
#289=ORIENTED_EDGE('',*,*,#755,.F.);
#290=ORIENTED_EDGE('',*,*,#756,.T.);
#291=ORIENTED_EDGE('',*,*,#698,.T.);
#292=ORIENTED_EDGE('',*,*,#757,.F.);
#293=ORIENTED_EDGE('',*,*,#758,.F.);
#294=ORIENTED_EDGE('',*,*,#759,.T.);
#295=ORIENTED_EDGE('',*,*,#760,.F.);
#296=ORIENTED_EDGE('',*,*,#761,.T.);
#297=ORIENTED_EDGE('',*,*,#691,.T.);
#298=ORIENTED_EDGE('',*,*,#762,.F.);
#299=ORIENTED_EDGE('',*,*,#763,.F.);
#300=ORIENTED_EDGE('',*,*,#764,.T.);
#301=ORIENTED_EDGE('',*,*,#765,.F.);
#302=ORIENTED_EDGE('',*,*,#766,.T.);
#303=ORIENTED_EDGE('',*,*,#687,.T.);
#304=ORIENTED_EDGE('',*,*,#767,.F.);
#305=ORIENTED_EDGE('',*,*,#768,.F.);
#306=ORIENTED_EDGE('',*,*,#769,.T.);
#307=ORIENTED_EDGE('',*,*,#770,.F.);
#308=ORIENTED_EDGE('',*,*,#771,.T.);
#309=ORIENTED_EDGE('',*,*,#679,.T.);
#310=ORIENTED_EDGE('',*,*,#772,.F.);
#311=ORIENTED_EDGE('',*,*,#773,.F.);
#312=ORIENTED_EDGE('',*,*,#774,.T.);
#313=ORIENTED_EDGE('',*,*,#775,.F.);
#314=ORIENTED_EDGE('',*,*,#776,.T.);
#315=ORIENTED_EDGE('',*,*,#682,.T.);
#316=ORIENTED_EDGE('',*,*,#777,.F.);
#317=ORIENTED_EDGE('',*,*,#778,.F.);
#318=ORIENTED_EDGE('',*,*,#779,.T.);
#319=ORIENTED_EDGE('',*,*,#780,.F.);
#320=ORIENTED_EDGE('',*,*,#781,.T.);
#321=ORIENTED_EDGE('',*,*,#671,.T.);
#322=ORIENTED_EDGE('',*,*,#782,.F.);
#323=ORIENTED_EDGE('',*,*,#783,.F.);
#324=ORIENTED_EDGE('',*,*,#784,.T.);
#325=ORIENTED_EDGE('',*,*,#718,.T.);
#326=ORIENTED_EDGE('',*,*,#785,.F.);
#327=ORIENTED_EDGE('',*,*,#746,.F.);
#328=ORIENTED_EDGE('',*,*,#786,.T.);
#329=ORIENTED_EDGE('',*,*,#787,.T.);
#330=ORIENTED_EDGE('',*,*,#788,.F.);
#331=ORIENTED_EDGE('',*,*,#789,.F.);
#332=ORIENTED_EDGE('',*,*,#790,.T.);
#333=ORIENTED_EDGE('',*,*,#673,.F.);
#334=ORIENTED_EDGE('',*,*,#791,.F.);
#335=ORIENTED_EDGE('',*,*,#792,.F.);
#336=ORIENTED_EDGE('',*,*,#793,.F.);
#337=ORIENTED_EDGE('',*,*,#794,.F.);
#338=ORIENTED_EDGE('',*,*,#795,.T.);
#339=ORIENTED_EDGE('',*,*,#684,.F.);
#340=ORIENTED_EDGE('',*,*,#796,.F.);
#341=ORIENTED_EDGE('',*,*,#797,.F.);
#342=ORIENTED_EDGE('',*,*,#798,.F.);
#343=ORIENTED_EDGE('',*,*,#799,.F.);
#344=ORIENTED_EDGE('',*,*,#800,.T.);
#345=ORIENTED_EDGE('',*,*,#681,.F.);
#346=ORIENTED_EDGE('',*,*,#801,.F.);
#347=ORIENTED_EDGE('',*,*,#802,.F.);
#348=ORIENTED_EDGE('',*,*,#803,.F.);
#349=ORIENTED_EDGE('',*,*,#804,.F.);
#350=ORIENTED_EDGE('',*,*,#805,.T.);
#351=ORIENTED_EDGE('',*,*,#689,.F.);
#352=ORIENTED_EDGE('',*,*,#806,.F.);
#353=ORIENTED_EDGE('',*,*,#807,.F.);
#354=ORIENTED_EDGE('',*,*,#808,.F.);
#355=ORIENTED_EDGE('',*,*,#809,.F.);
#356=ORIENTED_EDGE('',*,*,#810,.T.);
#357=ORIENTED_EDGE('',*,*,#693,.F.);
#358=ORIENTED_EDGE('',*,*,#811,.F.);
#359=ORIENTED_EDGE('',*,*,#812,.F.);
#360=ORIENTED_EDGE('',*,*,#813,.F.);
#361=ORIENTED_EDGE('',*,*,#814,.F.);
#362=ORIENTED_EDGE('',*,*,#815,.T.);
#363=ORIENTED_EDGE('',*,*,#700,.F.);
#364=ORIENTED_EDGE('',*,*,#816,.F.);
#365=ORIENTED_EDGE('',*,*,#817,.F.);
#366=ORIENTED_EDGE('',*,*,#818,.F.);
#367=ORIENTED_EDGE('',*,*,#819,.F.);
#368=ORIENTED_EDGE('',*,*,#820,.T.);
#369=ORIENTED_EDGE('',*,*,#697,.F.);
#370=ORIENTED_EDGE('',*,*,#821,.F.);
#371=ORIENTED_EDGE('',*,*,#822,.F.);
#372=ORIENTED_EDGE('',*,*,#823,.F.);
#373=ORIENTED_EDGE('',*,*,#824,.F.);
#374=ORIENTED_EDGE('',*,*,#825,.T.);
#375=ORIENTED_EDGE('',*,*,#787,.F.);
#376=ORIENTED_EDGE('',*,*,#826,.F.);
#377=ORIENTED_EDGE('',*,*,#827,.F.);
#378=ORIENTED_EDGE('',*,*,#828,.F.);
#379=ORIENTED_EDGE('',*,*,#829,.F.);
#380=ORIENTED_EDGE('',*,*,#830,.T.);
#381=ORIENTED_EDGE('',*,*,#713,.F.);
#382=ORIENTED_EDGE('',*,*,#831,.F.);
#383=ORIENTED_EDGE('',*,*,#832,.F.);
#384=ORIENTED_EDGE('',*,*,#833,.F.);
#385=ORIENTED_EDGE('',*,*,#834,.F.);
#386=ORIENTED_EDGE('',*,*,#835,.T.);
#387=ORIENTED_EDGE('',*,*,#716,.F.);
#388=ORIENTED_EDGE('',*,*,#836,.F.);
#389=ORIENTED_EDGE('',*,*,#837,.F.);
#390=ORIENTED_EDGE('',*,*,#838,.F.);
#391=ORIENTED_EDGE('',*,*,#839,.F.);
#392=ORIENTED_EDGE('',*,*,#840,.T.);
#393=ORIENTED_EDGE('',*,*,#708,.F.);
#394=ORIENTED_EDGE('',*,*,#841,.F.);
#395=ORIENTED_EDGE('',*,*,#842,.F.);
#396=ORIENTED_EDGE('',*,*,#843,.F.);
#397=ORIENTED_EDGE('',*,*,#844,.F.);
#398=ORIENTED_EDGE('',*,*,#845,.T.);
#399=ORIENTED_EDGE('',*,*,#704,.F.);
#400=ORIENTED_EDGE('',*,*,#846,.F.);
#401=ORIENTED_EDGE('',*,*,#847,.F.);
#402=ORIENTED_EDGE('',*,*,#848,.F.);
#403=ORIENTED_EDGE('',*,*,#849,.F.);
#404=ORIENTED_EDGE('',*,*,#850,.T.);
#405=ORIENTED_EDGE('',*,*,#676,.F.);
#406=ORIENTED_EDGE('',*,*,#851,.F.);
#407=ORIENTED_EDGE('',*,*,#852,.F.);
#408=ORIENTED_EDGE('',*,*,#853,.F.);
#409=ORIENTED_EDGE('',*,*,#785,.T.);
#410=ORIENTED_EDGE('',*,*,#747,.T.);
#411=ORIENTED_EDGE('',*,*,#788,.T.);
#412=ORIENTED_EDGE('',*,*,#825,.F.);
#413=ORIENTED_EDGE('',*,*,#854,.F.);
#414=ORIENTED_EDGE('',*,*,#821,.T.);
#415=ORIENTED_EDGE('',*,*,#696,.F.);
#416=ORIENTED_EDGE('',*,*,#751,.F.);
#417=ORIENTED_EDGE('',*,*,#855,.F.);
#418=ORIENTED_EDGE('',*,*,#823,.T.);
#419=ORIENTED_EDGE('',*,*,#856,.F.);
#420=ORIENTED_EDGE('',*,*,#749,.F.);
#421=ORIENTED_EDGE('',*,*,#857,.F.);
#422=ORIENTED_EDGE('',*,*,#748,.T.);
#423=ORIENTED_EDGE('',*,*,#854,.T.);
#424=ORIENTED_EDGE('',*,*,#824,.T.);
#425=ORIENTED_EDGE('',*,*,#857,.T.);
#426=ORIENTED_EDGE('',*,*,#750,.T.);
#427=ORIENTED_EDGE('',*,*,#856,.T.);
#428=ORIENTED_EDGE('',*,*,#822,.T.);
#429=ORIENTED_EDGE('',*,*,#855,.T.);
#430=ORIENTED_EDGE('',*,*,#736,.T.);
#431=ORIENTED_EDGE('',*,*,#717,.T.);
#432=ORIENTED_EDGE('',*,*,#835,.F.);
#433=ORIENTED_EDGE('',*,*,#858,.F.);
#434=ORIENTED_EDGE('',*,*,#831,.T.);
#435=ORIENTED_EDGE('',*,*,#712,.F.);
#436=ORIENTED_EDGE('',*,*,#740,.F.);
#437=ORIENTED_EDGE('',*,*,#859,.F.);
#438=ORIENTED_EDGE('',*,*,#833,.T.);
#439=ORIENTED_EDGE('',*,*,#860,.F.);
#440=ORIENTED_EDGE('',*,*,#738,.F.);
#441=ORIENTED_EDGE('',*,*,#861,.F.);
#442=ORIENTED_EDGE('',*,*,#737,.T.);
#443=ORIENTED_EDGE('',*,*,#858,.T.);
#444=ORIENTED_EDGE('',*,*,#834,.T.);
#445=ORIENTED_EDGE('',*,*,#861,.T.);
#446=ORIENTED_EDGE('',*,*,#739,.T.);
#447=ORIENTED_EDGE('',*,*,#860,.T.);
#448=ORIENTED_EDGE('',*,*,#832,.T.);
#449=ORIENTED_EDGE('',*,*,#859,.T.);
#450=ORIENTED_EDGE('',*,*,#741,.T.);
#451=ORIENTED_EDGE('',*,*,#710,.T.);
#452=ORIENTED_EDGE('',*,*,#830,.F.);
#453=ORIENTED_EDGE('',*,*,#862,.F.);
#454=ORIENTED_EDGE('',*,*,#826,.T.);
#455=ORIENTED_EDGE('',*,*,#786,.F.);
#456=ORIENTED_EDGE('',*,*,#745,.F.);
#457=ORIENTED_EDGE('',*,*,#863,.F.);
#458=ORIENTED_EDGE('',*,*,#828,.T.);
#459=ORIENTED_EDGE('',*,*,#864,.F.);
#460=ORIENTED_EDGE('',*,*,#743,.F.);
#461=ORIENTED_EDGE('',*,*,#865,.F.);
#462=ORIENTED_EDGE('',*,*,#742,.T.);
#463=ORIENTED_EDGE('',*,*,#862,.T.);
#464=ORIENTED_EDGE('',*,*,#829,.T.);
#465=ORIENTED_EDGE('',*,*,#865,.T.);
#466=ORIENTED_EDGE('',*,*,#744,.T.);
#467=ORIENTED_EDGE('',*,*,#864,.T.);
#468=ORIENTED_EDGE('',*,*,#827,.T.);
#469=ORIENTED_EDGE('',*,*,#863,.T.);
#470=ORIENTED_EDGE('',*,*,#731,.T.);
#471=ORIENTED_EDGE('',*,*,#709,.T.);
#472=ORIENTED_EDGE('',*,*,#840,.F.);
#473=ORIENTED_EDGE('',*,*,#866,.F.);
#474=ORIENTED_EDGE('',*,*,#836,.T.);
#475=ORIENTED_EDGE('',*,*,#715,.F.);
#476=ORIENTED_EDGE('',*,*,#735,.F.);
#477=ORIENTED_EDGE('',*,*,#867,.F.);
#478=ORIENTED_EDGE('',*,*,#838,.T.);
#479=ORIENTED_EDGE('',*,*,#868,.F.);
#480=ORIENTED_EDGE('',*,*,#733,.F.);
#481=ORIENTED_EDGE('',*,*,#869,.F.);
#482=ORIENTED_EDGE('',*,*,#732,.T.);
#483=ORIENTED_EDGE('',*,*,#866,.T.);
#484=ORIENTED_EDGE('',*,*,#839,.T.);
#485=ORIENTED_EDGE('',*,*,#869,.T.);
#486=ORIENTED_EDGE('',*,*,#734,.T.);
#487=ORIENTED_EDGE('',*,*,#868,.T.);
#488=ORIENTED_EDGE('',*,*,#837,.T.);
#489=ORIENTED_EDGE('',*,*,#867,.T.);
#490=ORIENTED_EDGE('',*,*,#726,.T.);
#491=ORIENTED_EDGE('',*,*,#705,.T.);
#492=ORIENTED_EDGE('',*,*,#845,.F.);
#493=ORIENTED_EDGE('',*,*,#870,.F.);
#494=ORIENTED_EDGE('',*,*,#841,.T.);
#495=ORIENTED_EDGE('',*,*,#707,.F.);
#496=ORIENTED_EDGE('',*,*,#730,.F.);
#497=ORIENTED_EDGE('',*,*,#871,.F.);
#498=ORIENTED_EDGE('',*,*,#843,.T.);
#499=ORIENTED_EDGE('',*,*,#872,.F.);
#500=ORIENTED_EDGE('',*,*,#728,.F.);
#501=ORIENTED_EDGE('',*,*,#873,.F.);
#502=ORIENTED_EDGE('',*,*,#727,.T.);
#503=ORIENTED_EDGE('',*,*,#870,.T.);
#504=ORIENTED_EDGE('',*,*,#844,.T.);
#505=ORIENTED_EDGE('',*,*,#873,.T.);
#506=ORIENTED_EDGE('',*,*,#729,.T.);
#507=ORIENTED_EDGE('',*,*,#872,.T.);
#508=ORIENTED_EDGE('',*,*,#842,.T.);
#509=ORIENTED_EDGE('',*,*,#871,.T.);
#510=ORIENTED_EDGE('',*,*,#757,.T.);
#511=ORIENTED_EDGE('',*,*,#701,.T.);
#512=ORIENTED_EDGE('',*,*,#815,.F.);
#513=ORIENTED_EDGE('',*,*,#874,.F.);
#514=ORIENTED_EDGE('',*,*,#811,.T.);
#515=ORIENTED_EDGE('',*,*,#692,.F.);
#516=ORIENTED_EDGE('',*,*,#761,.F.);
#517=ORIENTED_EDGE('',*,*,#875,.F.);
#518=ORIENTED_EDGE('',*,*,#813,.T.);
#519=ORIENTED_EDGE('',*,*,#876,.F.);
#520=ORIENTED_EDGE('',*,*,#759,.F.);
#521=ORIENTED_EDGE('',*,*,#877,.F.);
#522=ORIENTED_EDGE('',*,*,#758,.T.);
#523=ORIENTED_EDGE('',*,*,#874,.T.);
#524=ORIENTED_EDGE('',*,*,#814,.T.);
#525=ORIENTED_EDGE('',*,*,#877,.T.);
#526=ORIENTED_EDGE('',*,*,#760,.T.);
#527=ORIENTED_EDGE('',*,*,#876,.T.);
#528=ORIENTED_EDGE('',*,*,#812,.T.);
#529=ORIENTED_EDGE('',*,*,#875,.T.);
#530=ORIENTED_EDGE('',*,*,#752,.T.);
#531=ORIENTED_EDGE('',*,*,#694,.T.);
#532=ORIENTED_EDGE('',*,*,#820,.F.);
#533=ORIENTED_EDGE('',*,*,#878,.F.);
#534=ORIENTED_EDGE('',*,*,#816,.T.);
#535=ORIENTED_EDGE('',*,*,#699,.F.);
#536=ORIENTED_EDGE('',*,*,#756,.F.);
#537=ORIENTED_EDGE('',*,*,#879,.F.);
#538=ORIENTED_EDGE('',*,*,#818,.T.);
#539=ORIENTED_EDGE('',*,*,#880,.F.);
#540=ORIENTED_EDGE('',*,*,#754,.F.);
#541=ORIENTED_EDGE('',*,*,#881,.F.);
#542=ORIENTED_EDGE('',*,*,#753,.T.);
#543=ORIENTED_EDGE('',*,*,#878,.T.);
#544=ORIENTED_EDGE('',*,*,#819,.T.);
#545=ORIENTED_EDGE('',*,*,#881,.T.);
#546=ORIENTED_EDGE('',*,*,#755,.T.);
#547=ORIENTED_EDGE('',*,*,#880,.T.);
#548=ORIENTED_EDGE('',*,*,#817,.T.);
#549=ORIENTED_EDGE('',*,*,#879,.T.);
#550=ORIENTED_EDGE('',*,*,#762,.T.);
#551=ORIENTED_EDGE('',*,*,#690,.T.);
#552=ORIENTED_EDGE('',*,*,#810,.F.);
#553=ORIENTED_EDGE('',*,*,#882,.F.);
#554=ORIENTED_EDGE('',*,*,#806,.T.);
#555=ORIENTED_EDGE('',*,*,#688,.F.);
#556=ORIENTED_EDGE('',*,*,#766,.F.);
#557=ORIENTED_EDGE('',*,*,#883,.F.);
#558=ORIENTED_EDGE('',*,*,#808,.T.);
#559=ORIENTED_EDGE('',*,*,#884,.F.);
#560=ORIENTED_EDGE('',*,*,#764,.F.);
#561=ORIENTED_EDGE('',*,*,#885,.F.);
#562=ORIENTED_EDGE('',*,*,#763,.T.);
#563=ORIENTED_EDGE('',*,*,#882,.T.);
#564=ORIENTED_EDGE('',*,*,#809,.T.);
#565=ORIENTED_EDGE('',*,*,#885,.T.);
#566=ORIENTED_EDGE('',*,*,#765,.T.);
#567=ORIENTED_EDGE('',*,*,#884,.T.);
#568=ORIENTED_EDGE('',*,*,#807,.T.);
#569=ORIENTED_EDGE('',*,*,#883,.T.);
#570=ORIENTED_EDGE('',*,*,#767,.T.);
#571=ORIENTED_EDGE('',*,*,#686,.T.);
#572=ORIENTED_EDGE('',*,*,#805,.F.);
#573=ORIENTED_EDGE('',*,*,#886,.F.);
#574=ORIENTED_EDGE('',*,*,#801,.T.);
#575=ORIENTED_EDGE('',*,*,#680,.F.);
#576=ORIENTED_EDGE('',*,*,#771,.F.);
#577=ORIENTED_EDGE('',*,*,#887,.F.);
#578=ORIENTED_EDGE('',*,*,#803,.T.);
#579=ORIENTED_EDGE('',*,*,#888,.F.);
#580=ORIENTED_EDGE('',*,*,#769,.F.);
#581=ORIENTED_EDGE('',*,*,#889,.F.);
#582=ORIENTED_EDGE('',*,*,#768,.T.);
#583=ORIENTED_EDGE('',*,*,#886,.T.);
#584=ORIENTED_EDGE('',*,*,#804,.T.);
#585=ORIENTED_EDGE('',*,*,#889,.T.);
#586=ORIENTED_EDGE('',*,*,#770,.T.);
#587=ORIENTED_EDGE('',*,*,#888,.T.);
#588=ORIENTED_EDGE('',*,*,#802,.T.);
#589=ORIENTED_EDGE('',*,*,#887,.T.);
#590=ORIENTED_EDGE('',*,*,#777,.T.);
#591=ORIENTED_EDGE('',*,*,#685,.T.);
#592=ORIENTED_EDGE('',*,*,#795,.F.);
#593=ORIENTED_EDGE('',*,*,#890,.F.);
#594=ORIENTED_EDGE('',*,*,#791,.T.);
#595=ORIENTED_EDGE('',*,*,#672,.F.);
#596=ORIENTED_EDGE('',*,*,#781,.F.);
#597=ORIENTED_EDGE('',*,*,#891,.F.);
#598=ORIENTED_EDGE('',*,*,#793,.T.);
#599=ORIENTED_EDGE('',*,*,#892,.F.);
#600=ORIENTED_EDGE('',*,*,#779,.F.);
#601=ORIENTED_EDGE('',*,*,#893,.F.);
#602=ORIENTED_EDGE('',*,*,#778,.T.);
#603=ORIENTED_EDGE('',*,*,#890,.T.);
#604=ORIENTED_EDGE('',*,*,#794,.T.);
#605=ORIENTED_EDGE('',*,*,#893,.T.);
#606=ORIENTED_EDGE('',*,*,#780,.T.);
#607=ORIENTED_EDGE('',*,*,#892,.T.);
#608=ORIENTED_EDGE('',*,*,#792,.T.);
#609=ORIENTED_EDGE('',*,*,#891,.T.);
#610=ORIENTED_EDGE('',*,*,#772,.T.);
#611=ORIENTED_EDGE('',*,*,#678,.T.);
#612=ORIENTED_EDGE('',*,*,#800,.F.);
#613=ORIENTED_EDGE('',*,*,#894,.F.);
#614=ORIENTED_EDGE('',*,*,#796,.T.);
#615=ORIENTED_EDGE('',*,*,#683,.F.);
#616=ORIENTED_EDGE('',*,*,#776,.F.);
#617=ORIENTED_EDGE('',*,*,#895,.F.);
#618=ORIENTED_EDGE('',*,*,#798,.T.);
#619=ORIENTED_EDGE('',*,*,#896,.F.);
#620=ORIENTED_EDGE('',*,*,#774,.F.);
#621=ORIENTED_EDGE('',*,*,#897,.F.);
#622=ORIENTED_EDGE('',*,*,#773,.T.);
#623=ORIENTED_EDGE('',*,*,#894,.T.);
#624=ORIENTED_EDGE('',*,*,#799,.T.);
#625=ORIENTED_EDGE('',*,*,#897,.T.);
#626=ORIENTED_EDGE('',*,*,#775,.T.);
#627=ORIENTED_EDGE('',*,*,#896,.T.);
#628=ORIENTED_EDGE('',*,*,#797,.T.);
#629=ORIENTED_EDGE('',*,*,#895,.T.);
#630=ORIENTED_EDGE('',*,*,#721,.T.);
#631=ORIENTED_EDGE('',*,*,#677,.T.);
#632=ORIENTED_EDGE('',*,*,#850,.F.);
#633=ORIENTED_EDGE('',*,*,#898,.F.);
#634=ORIENTED_EDGE('',*,*,#846,.T.);
#635=ORIENTED_EDGE('',*,*,#703,.F.);
#636=ORIENTED_EDGE('',*,*,#725,.F.);
#637=ORIENTED_EDGE('',*,*,#899,.F.);
#638=ORIENTED_EDGE('',*,*,#848,.T.);
#639=ORIENTED_EDGE('',*,*,#900,.F.);
#640=ORIENTED_EDGE('',*,*,#723,.F.);
#641=ORIENTED_EDGE('',*,*,#901,.F.);
#642=ORIENTED_EDGE('',*,*,#722,.T.);
#643=ORIENTED_EDGE('',*,*,#898,.T.);
#644=ORIENTED_EDGE('',*,*,#849,.T.);
#645=ORIENTED_EDGE('',*,*,#901,.T.);
#646=ORIENTED_EDGE('',*,*,#724,.T.);
#647=ORIENTED_EDGE('',*,*,#900,.T.);
#648=ORIENTED_EDGE('',*,*,#847,.T.);
#649=ORIENTED_EDGE('',*,*,#899,.T.);
#650=ORIENTED_EDGE('',*,*,#782,.T.);
#651=ORIENTED_EDGE('',*,*,#670,.T.);
#652=ORIENTED_EDGE('',*,*,#790,.F.);
#653=ORIENTED_EDGE('',*,*,#902,.F.);
#654=ORIENTED_EDGE('',*,*,#851,.T.);
#655=ORIENTED_EDGE('',*,*,#675,.F.);
#656=ORIENTED_EDGE('',*,*,#720,.F.);
#657=ORIENTED_EDGE('',*,*,#903,.F.);
#658=ORIENTED_EDGE('',*,*,#853,.T.);
#659=ORIENTED_EDGE('',*,*,#904,.F.);
#660=ORIENTED_EDGE('',*,*,#784,.F.);
#661=ORIENTED_EDGE('',*,*,#905,.F.);
#662=ORIENTED_EDGE('',*,*,#783,.T.);
#663=ORIENTED_EDGE('',*,*,#902,.T.);
#664=ORIENTED_EDGE('',*,*,#789,.T.);
#665=ORIENTED_EDGE('',*,*,#905,.T.);
#666=ORIENTED_EDGE('',*,*,#719,.T.);
#667=ORIENTED_EDGE('',*,*,#904,.T.);
#668=ORIENTED_EDGE('',*,*,#852,.T.);
#669=ORIENTED_EDGE('',*,*,#903,.T.);
#670=EDGE_CURVE('',#906,#907,#1064,.T.);
#671=EDGE_CURVE('',#908,#906,#92,.T.);
#672=EDGE_CURVE('',#908,#909,#1065,.T.);
#673=EDGE_CURVE('',#909,#907,#93,.T.);
#674=EDGE_CURVE('',#910,#911,#94,.T.);
#675=EDGE_CURVE('',#910,#912,#1066,.T.);
#676=EDGE_CURVE('',#912,#913,#95,.T.);
#677=EDGE_CURVE('',#911,#913,#1067,.T.);
#678=EDGE_CURVE('',#914,#915,#1068,.T.);
#679=EDGE_CURVE('',#916,#914,#96,.T.);
#680=EDGE_CURVE('',#916,#917,#1069,.T.);
#681=EDGE_CURVE('',#917,#915,#97,.T.);
#682=EDGE_CURVE('',#918,#919,#98,.T.);
#683=EDGE_CURVE('',#918,#920,#1070,.T.);
#684=EDGE_CURVE('',#920,#921,#99,.T.);
#685=EDGE_CURVE('',#919,#921,#1071,.T.);
#686=EDGE_CURVE('',#922,#923,#1072,.T.);
#687=EDGE_CURVE('',#924,#922,#100,.T.);
#688=EDGE_CURVE('',#924,#925,#1073,.T.);
#689=EDGE_CURVE('',#925,#923,#101,.T.);
#690=EDGE_CURVE('',#926,#927,#1074,.T.);
#691=EDGE_CURVE('',#928,#926,#102,.T.);
#692=EDGE_CURVE('',#928,#929,#1075,.T.);
#693=EDGE_CURVE('',#929,#927,#103,.T.);
#694=EDGE_CURVE('',#930,#931,#1076,.T.);
#695=EDGE_CURVE('',#932,#930,#104,.T.);
#696=EDGE_CURVE('',#932,#933,#1077,.T.);
#697=EDGE_CURVE('',#933,#931,#105,.T.);
#698=EDGE_CURVE('',#934,#935,#106,.T.);
#699=EDGE_CURVE('',#934,#936,#1078,.T.);
#700=EDGE_CURVE('',#936,#937,#107,.T.);
#701=EDGE_CURVE('',#935,#937,#1079,.T.);
#702=EDGE_CURVE('',#938,#939,#108,.T.);
#703=EDGE_CURVE('',#938,#940,#1080,.T.);
#704=EDGE_CURVE('',#940,#941,#109,.T.);
#705=EDGE_CURVE('',#939,#941,#1081,.T.);
#706=EDGE_CURVE('',#942,#943,#110,.T.);
#707=EDGE_CURVE('',#942,#944,#1082,.T.);
#708=EDGE_CURVE('',#944,#945,#111,.T.);
#709=EDGE_CURVE('',#943,#945,#1083,.T.);
#710=EDGE_CURVE('',#946,#947,#1084,.T.);
#711=EDGE_CURVE('',#948,#946,#112,.T.);
#712=EDGE_CURVE('',#948,#949,#1085,.T.);
#713=EDGE_CURVE('',#949,#947,#113,.T.);
#714=EDGE_CURVE('',#950,#951,#114,.T.);
#715=EDGE_CURVE('',#950,#952,#1086,.T.);
#716=EDGE_CURVE('',#952,#953,#115,.T.);
#717=EDGE_CURVE('',#951,#953,#1087,.T.);
#718=EDGE_CURVE('',#954,#954,#116,.T.);
#719=EDGE_CURVE('',#955,#956,#117,.T.);
#720=EDGE_CURVE('',#955,#910,#38,.T.);
#721=EDGE_CURVE('',#957,#911,#39,.T.);
#722=EDGE_CURVE('',#958,#957,#118,.T.);
#723=EDGE_CURVE('',#958,#959,#119,.T.);
#724=EDGE_CURVE('',#960,#959,#120,.T.);
#725=EDGE_CURVE('',#960,#938,#40,.T.);
#726=EDGE_CURVE('',#961,#939,#41,.T.);
#727=EDGE_CURVE('',#962,#961,#121,.T.);
#728=EDGE_CURVE('',#962,#963,#122,.T.);
#729=EDGE_CURVE('',#964,#963,#123,.T.);
#730=EDGE_CURVE('',#964,#942,#42,.T.);
#731=EDGE_CURVE('',#965,#943,#43,.T.);
#732=EDGE_CURVE('',#966,#965,#124,.T.);
#733=EDGE_CURVE('',#966,#967,#125,.T.);
#734=EDGE_CURVE('',#968,#967,#126,.T.);
#735=EDGE_CURVE('',#968,#950,#44,.T.);
#736=EDGE_CURVE('',#969,#951,#45,.T.);
#737=EDGE_CURVE('',#970,#969,#127,.T.);
#738=EDGE_CURVE('',#970,#971,#128,.T.);
#739=EDGE_CURVE('',#972,#971,#129,.T.);
#740=EDGE_CURVE('',#972,#948,#46,.T.);
#741=EDGE_CURVE('',#973,#946,#47,.T.);
#742=EDGE_CURVE('',#974,#973,#130,.T.);
#743=EDGE_CURVE('',#974,#975,#131,.T.);
#744=EDGE_CURVE('',#976,#975,#132,.T.);
#745=EDGE_CURVE('',#976,#977,#48,.T.);
#746=EDGE_CURVE('',#977,#978,#133,.T.);
#747=EDGE_CURVE('',#979,#978,#49,.T.);
#748=EDGE_CURVE('',#980,#979,#134,.T.);
#749=EDGE_CURVE('',#980,#981,#135,.T.);
#750=EDGE_CURVE('',#982,#981,#136,.T.);
#751=EDGE_CURVE('',#982,#932,#50,.T.);
#752=EDGE_CURVE('',#983,#930,#51,.T.);
#753=EDGE_CURVE('',#984,#983,#137,.T.);
#754=EDGE_CURVE('',#984,#985,#138,.T.);
#755=EDGE_CURVE('',#986,#985,#139,.T.);
#756=EDGE_CURVE('',#986,#934,#52,.T.);
#757=EDGE_CURVE('',#987,#935,#53,.T.);
#758=EDGE_CURVE('',#988,#987,#140,.T.);
#759=EDGE_CURVE('',#988,#989,#141,.T.);
#760=EDGE_CURVE('',#990,#989,#142,.T.);
#761=EDGE_CURVE('',#990,#928,#54,.T.);
#762=EDGE_CURVE('',#991,#926,#55,.T.);
#763=EDGE_CURVE('',#992,#991,#143,.T.);
#764=EDGE_CURVE('',#992,#993,#144,.T.);
#765=EDGE_CURVE('',#994,#993,#145,.T.);
#766=EDGE_CURVE('',#994,#924,#56,.T.);
#767=EDGE_CURVE('',#995,#922,#57,.T.);
#768=EDGE_CURVE('',#996,#995,#146,.T.);
#769=EDGE_CURVE('',#996,#997,#147,.T.);
#770=EDGE_CURVE('',#998,#997,#148,.T.);
#771=EDGE_CURVE('',#998,#916,#58,.T.);
#772=EDGE_CURVE('',#999,#914,#59,.T.);
#773=EDGE_CURVE('',#1000,#999,#149,.T.);
#774=EDGE_CURVE('',#1000,#1001,#150,.T.);
#775=EDGE_CURVE('',#1002,#1001,#151,.T.);
#776=EDGE_CURVE('',#1002,#918,#60,.T.);
#777=EDGE_CURVE('',#1003,#919,#61,.T.);
#778=EDGE_CURVE('',#1004,#1003,#152,.T.);
#779=EDGE_CURVE('',#1004,#1005,#153,.T.);
#780=EDGE_CURVE('',#1006,#1005,#154,.T.);
#781=EDGE_CURVE('',#1006,#908,#62,.T.);
#782=EDGE_CURVE('',#1007,#906,#63,.T.);
#783=EDGE_CURVE('',#1008,#1007,#155,.T.);
#784=EDGE_CURVE('',#1008,#956,#156,.T.);
#785=EDGE_CURVE('',#1009,#1009,#157,.T.);
#786=EDGE_CURVE('',#977,#1010,#1088,.T.);
#787=EDGE_CURVE('',#1010,#1011,#158,.T.);
#788=EDGE_CURVE('',#978,#1011,#1089,.T.);
#789=EDGE_CURVE('',#1012,#1013,#159,.F.);
#790=EDGE_CURVE('',#1012,#907,#64,.T.);
#791=EDGE_CURVE('',#1014,#909,#65,.T.);
#792=EDGE_CURVE('',#1015,#1014,#160,.F.);
#793=EDGE_CURVE('',#1016,#1015,#161,.T.);
#794=EDGE_CURVE('',#1017,#1016,#162,.F.);
#795=EDGE_CURVE('',#1017,#921,#66,.T.);
#796=EDGE_CURVE('',#1018,#920,#67,.T.);
#797=EDGE_CURVE('',#1019,#1018,#163,.F.);
#798=EDGE_CURVE('',#1020,#1019,#164,.T.);
#799=EDGE_CURVE('',#1021,#1020,#165,.F.);
#800=EDGE_CURVE('',#1021,#915,#68,.T.);
#801=EDGE_CURVE('',#1022,#917,#69,.T.);
#802=EDGE_CURVE('',#1023,#1022,#166,.F.);
#803=EDGE_CURVE('',#1024,#1023,#167,.T.);
#804=EDGE_CURVE('',#1025,#1024,#168,.F.);
#805=EDGE_CURVE('',#1025,#923,#70,.T.);
#806=EDGE_CURVE('',#1026,#925,#71,.T.);
#807=EDGE_CURVE('',#1027,#1026,#169,.F.);
#808=EDGE_CURVE('',#1028,#1027,#170,.T.);
#809=EDGE_CURVE('',#1029,#1028,#171,.F.);
#810=EDGE_CURVE('',#1029,#927,#72,.T.);
#811=EDGE_CURVE('',#1030,#929,#73,.T.);
#812=EDGE_CURVE('',#1031,#1030,#172,.F.);
#813=EDGE_CURVE('',#1032,#1031,#173,.T.);
#814=EDGE_CURVE('',#1033,#1032,#174,.F.);
#815=EDGE_CURVE('',#1033,#937,#74,.T.);
#816=EDGE_CURVE('',#1034,#936,#75,.T.);
#817=EDGE_CURVE('',#1035,#1034,#175,.F.);
#818=EDGE_CURVE('',#1036,#1035,#176,.T.);
#819=EDGE_CURVE('',#1037,#1036,#177,.F.);
#820=EDGE_CURVE('',#1037,#931,#76,.T.);
#821=EDGE_CURVE('',#1038,#933,#77,.T.);
#822=EDGE_CURVE('',#1039,#1038,#178,.F.);
#823=EDGE_CURVE('',#1040,#1039,#179,.T.);
#824=EDGE_CURVE('',#1041,#1040,#180,.F.);
#825=EDGE_CURVE('',#1041,#1011,#78,.T.);
#826=EDGE_CURVE('',#1042,#1010,#79,.T.);
#827=EDGE_CURVE('',#1043,#1042,#181,.F.);
#828=EDGE_CURVE('',#1044,#1043,#182,.T.);
#829=EDGE_CURVE('',#1045,#1044,#183,.F.);
#830=EDGE_CURVE('',#1045,#947,#80,.T.);
#831=EDGE_CURVE('',#1046,#949,#81,.T.);
#832=EDGE_CURVE('',#1047,#1046,#184,.F.);
#833=EDGE_CURVE('',#1048,#1047,#185,.T.);
#834=EDGE_CURVE('',#1049,#1048,#186,.F.);
#835=EDGE_CURVE('',#1049,#953,#82,.T.);
#836=EDGE_CURVE('',#1050,#952,#83,.T.);
#837=EDGE_CURVE('',#1051,#1050,#187,.F.);
#838=EDGE_CURVE('',#1052,#1051,#188,.T.);
#839=EDGE_CURVE('',#1053,#1052,#189,.F.);
#840=EDGE_CURVE('',#1053,#945,#84,.T.);
#841=EDGE_CURVE('',#1054,#944,#85,.T.);
#842=EDGE_CURVE('',#1055,#1054,#190,.F.);
#843=EDGE_CURVE('',#1056,#1055,#191,.T.);
#844=EDGE_CURVE('',#1057,#1056,#192,.F.);
#845=EDGE_CURVE('',#1057,#941,#86,.T.);
#846=EDGE_CURVE('',#1058,#940,#87,.T.);
#847=EDGE_CURVE('',#1059,#1058,#193,.F.);
#848=EDGE_CURVE('',#1060,#1059,#194,.T.);
#849=EDGE_CURVE('',#1061,#1060,#195,.F.);
#850=EDGE_CURVE('',#1061,#913,#88,.T.);
#851=EDGE_CURVE('',#1062,#912,#89,.T.);
#852=EDGE_CURVE('',#1063,#1062,#196,.F.);
#853=EDGE_CURVE('',#1013,#1063,#197,.T.);
#854=EDGE_CURVE('',#979,#1041,#1090,.T.);
#855=EDGE_CURVE('',#1038,#982,#1091,.F.);
#856=EDGE_CURVE('',#981,#1039,#1092,.T.);
#857=EDGE_CURVE('',#1040,#980,#1093,.F.);
#858=EDGE_CURVE('',#969,#1049,#1094,.T.);
#859=EDGE_CURVE('',#1046,#972,#1095,.F.);
#860=EDGE_CURVE('',#971,#1047,#1096,.T.);
#861=EDGE_CURVE('',#1048,#970,#1097,.F.);
#862=EDGE_CURVE('',#973,#1045,#1098,.T.);
#863=EDGE_CURVE('',#1042,#976,#1099,.F.);
#864=EDGE_CURVE('',#975,#1043,#1100,.T.);
#865=EDGE_CURVE('',#1044,#974,#1101,.F.);
#866=EDGE_CURVE('',#965,#1053,#1102,.T.);
#867=EDGE_CURVE('',#1050,#968,#1103,.F.);
#868=EDGE_CURVE('',#967,#1051,#1104,.T.);
#869=EDGE_CURVE('',#1052,#966,#1105,.F.);
#870=EDGE_CURVE('',#961,#1057,#1106,.T.);
#871=EDGE_CURVE('',#1054,#964,#1107,.F.);
#872=EDGE_CURVE('',#963,#1055,#1108,.T.);
#873=EDGE_CURVE('',#1056,#962,#1109,.F.);
#874=EDGE_CURVE('',#987,#1033,#1110,.T.);
#875=EDGE_CURVE('',#1030,#990,#1111,.F.);
#876=EDGE_CURVE('',#989,#1031,#1112,.T.);
#877=EDGE_CURVE('',#1032,#988,#1113,.F.);
#878=EDGE_CURVE('',#983,#1037,#1114,.T.);
#879=EDGE_CURVE('',#1034,#986,#1115,.F.);
#880=EDGE_CURVE('',#985,#1035,#1116,.T.);
#881=EDGE_CURVE('',#1036,#984,#1117,.F.);
#882=EDGE_CURVE('',#991,#1029,#1118,.T.);
#883=EDGE_CURVE('',#1026,#994,#1119,.F.);
#884=EDGE_CURVE('',#993,#1027,#1120,.T.);
#885=EDGE_CURVE('',#1028,#992,#1121,.F.);
#886=EDGE_CURVE('',#995,#1025,#1122,.T.);
#887=EDGE_CURVE('',#1022,#998,#1123,.F.);
#888=EDGE_CURVE('',#997,#1023,#1124,.T.);
#889=EDGE_CURVE('',#1024,#996,#1125,.F.);
#890=EDGE_CURVE('',#1003,#1017,#1126,.T.);
#891=EDGE_CURVE('',#1014,#1006,#1127,.F.);
#892=EDGE_CURVE('',#1005,#1015,#1128,.T.);
#893=EDGE_CURVE('',#1016,#1004,#1129,.F.);
#894=EDGE_CURVE('',#999,#1021,#1130,.T.);
#895=EDGE_CURVE('',#1018,#1002,#1131,.F.);
#896=EDGE_CURVE('',#1001,#1019,#1132,.T.);
#897=EDGE_CURVE('',#1020,#1000,#1133,.F.);
#898=EDGE_CURVE('',#957,#1061,#1134,.T.);
#899=EDGE_CURVE('',#1058,#960,#1135,.F.);
#900=EDGE_CURVE('',#959,#1059,#1136,.T.);
#901=EDGE_CURVE('',#1060,#958,#1137,.F.);
#902=EDGE_CURVE('',#1007,#1012,#1138,.T.);
#903=EDGE_CURVE('',#1062,#955,#1139,.F.);
#904=EDGE_CURVE('',#956,#1063,#1140,.T.);
#905=EDGE_CURVE('',#1013,#1008,#1141,.F.);
#906=VERTEX_POINT('',#2101);
#907=VERTEX_POINT('',#2102);
#908=VERTEX_POINT('',#2104);
#909=VERTEX_POINT('',#2106);
#910=VERTEX_POINT('',#2110);
#911=VERTEX_POINT('',#2111);
#912=VERTEX_POINT('',#2113);
#913=VERTEX_POINT('',#2115);
#914=VERTEX_POINT('',#2119);
#915=VERTEX_POINT('',#2120);
#916=VERTEX_POINT('',#2122);
#917=VERTEX_POINT('',#2124);
#918=VERTEX_POINT('',#2128);
#919=VERTEX_POINT('',#2129);
#920=VERTEX_POINT('',#2131);
#921=VERTEX_POINT('',#2133);
#922=VERTEX_POINT('',#2137);
#923=VERTEX_POINT('',#2138);
#924=VERTEX_POINT('',#2140);
#925=VERTEX_POINT('',#2142);
#926=VERTEX_POINT('',#2146);
#927=VERTEX_POINT('',#2147);
#928=VERTEX_POINT('',#2149);
#929=VERTEX_POINT('',#2151);
#930=VERTEX_POINT('',#2155);
#931=VERTEX_POINT('',#2156);
#932=VERTEX_POINT('',#2158);
#933=VERTEX_POINT('',#2160);
#934=VERTEX_POINT('',#2164);
#935=VERTEX_POINT('',#2165);
#936=VERTEX_POINT('',#2167);
#937=VERTEX_POINT('',#2169);
#938=VERTEX_POINT('',#2173);
#939=VERTEX_POINT('',#2174);
#940=VERTEX_POINT('',#2176);
#941=VERTEX_POINT('',#2178);
#942=VERTEX_POINT('',#2182);
#943=VERTEX_POINT('',#2183);
#944=VERTEX_POINT('',#2185);
#945=VERTEX_POINT('',#2187);
#946=VERTEX_POINT('',#2191);
#947=VERTEX_POINT('',#2192);
#948=VERTEX_POINT('',#2194);
#949=VERTEX_POINT('',#2196);
#950=VERTEX_POINT('',#2200);
#951=VERTEX_POINT('',#2201);
#952=VERTEX_POINT('',#2203);
#953=VERTEX_POINT('',#2205);
#954=VERTEX_POINT('',#2209);
#955=VERTEX_POINT('',#2211);
#956=VERTEX_POINT('',#2212);
#957=VERTEX_POINT('',#2291);
#958=VERTEX_POINT('',#2293);
#959=VERTEX_POINT('',#2295);
#960=VERTEX_POINT('',#2297);
#961=VERTEX_POINT('',#2376);
#962=VERTEX_POINT('',#2378);
#963=VERTEX_POINT('',#2380);
#964=VERTEX_POINT('',#2382);
#965=VERTEX_POINT('',#2461);
#966=VERTEX_POINT('',#2463);
#967=VERTEX_POINT('',#2465);
#968=VERTEX_POINT('',#2467);
#969=VERTEX_POINT('',#2546);
#970=VERTEX_POINT('',#2548);
#971=VERTEX_POINT('',#2550);
#972=VERTEX_POINT('',#2552);
#973=VERTEX_POINT('',#2631);
#974=VERTEX_POINT('',#2633);
#975=VERTEX_POINT('',#2635);
#976=VERTEX_POINT('',#2637);
#977=VERTEX_POINT('',#2677);
#978=VERTEX_POINT('',#2679);
#979=VERTEX_POINT('',#2719);
#980=VERTEX_POINT('',#2721);
#981=VERTEX_POINT('',#2723);
#982=VERTEX_POINT('',#2725);
#983=VERTEX_POINT('',#2804);
#984=VERTEX_POINT('',#2806);
#985=VERTEX_POINT('',#2808);
#986=VERTEX_POINT('',#2810);
#987=VERTEX_POINT('',#2889);
#988=VERTEX_POINT('',#2891);
#989=VERTEX_POINT('',#2893);
#990=VERTEX_POINT('',#2895);
#991=VERTEX_POINT('',#2974);
#992=VERTEX_POINT('',#2976);
#993=VERTEX_POINT('',#2978);
#994=VERTEX_POINT('',#2980);
#995=VERTEX_POINT('',#3059);
#996=VERTEX_POINT('',#3061);
#997=VERTEX_POINT('',#3063);
#998=VERTEX_POINT('',#3065);
#999=VERTEX_POINT('',#3144);
#1000=VERTEX_POINT('',#3146);
#1001=VERTEX_POINT('',#3148);
#1002=VERTEX_POINT('',#3150);
#1003=VERTEX_POINT('',#3229);
#1004=VERTEX_POINT('',#3231);
#1005=VERTEX_POINT('',#3233);
#1006=VERTEX_POINT('',#3235);
#1007=VERTEX_POINT('',#3314);
#1008=VERTEX_POINT('',#3316);
#1009=VERTEX_POINT('',#3320);
#1010=VERTEX_POINT('',#3323);
#1011=VERTEX_POINT('',#3325);
#1012=VERTEX_POINT('',#3329);
#1013=VERTEX_POINT('',#3330);
#1014=VERTEX_POINT('',#3409);
#1015=VERTEX_POINT('',#3411);
#1016=VERTEX_POINT('',#3413);
#1017=VERTEX_POINT('',#3415);
#1018=VERTEX_POINT('',#3494);
#1019=VERTEX_POINT('',#3496);
#1020=VERTEX_POINT('',#3498);
#1021=VERTEX_POINT('',#3500);
#1022=VERTEX_POINT('',#3579);
#1023=VERTEX_POINT('',#3581);
#1024=VERTEX_POINT('',#3583);
#1025=VERTEX_POINT('',#3585);
#1026=VERTEX_POINT('',#3664);
#1027=VERTEX_POINT('',#3666);
#1028=VERTEX_POINT('',#3668);
#1029=VERTEX_POINT('',#3670);
#1030=VERTEX_POINT('',#3749);
#1031=VERTEX_POINT('',#3751);
#1032=VERTEX_POINT('',#3753);
#1033=VERTEX_POINT('',#3755);
#1034=VERTEX_POINT('',#3834);
#1035=VERTEX_POINT('',#3836);
#1036=VERTEX_POINT('',#3838);
#1037=VERTEX_POINT('',#3840);
#1038=VERTEX_POINT('',#3919);
#1039=VERTEX_POINT('',#3921);
#1040=VERTEX_POINT('',#3923);
#1041=VERTEX_POINT('',#3925);
#1042=VERTEX_POINT('',#4004);
#1043=VERTEX_POINT('',#4006);
#1044=VERTEX_POINT('',#4008);
#1045=VERTEX_POINT('',#4010);
#1046=VERTEX_POINT('',#4089);
#1047=VERTEX_POINT('',#4091);
#1048=VERTEX_POINT('',#4093);
#1049=VERTEX_POINT('',#4095);
#1050=VERTEX_POINT('',#4174);
#1051=VERTEX_POINT('',#4176);
#1052=VERTEX_POINT('',#4178);
#1053=VERTEX_POINT('',#4180);
#1054=VERTEX_POINT('',#4259);
#1055=VERTEX_POINT('',#4261);
#1056=VERTEX_POINT('',#4263);
#1057=VERTEX_POINT('',#4265);
#1058=VERTEX_POINT('',#4344);
#1059=VERTEX_POINT('',#4346);
#1060=VERTEX_POINT('',#4348);
#1061=VERTEX_POINT('',#4350);
#1062=VERTEX_POINT('',#4429);
#1063=VERTEX_POINT('',#4431);
#1064=LINE('',#2100,#1142);
#1065=LINE('',#2105,#1143);
#1066=LINE('',#2112,#1144);
#1067=LINE('',#2116,#1145);
#1068=LINE('',#2118,#1146);
#1069=LINE('',#2123,#1147);
#1070=LINE('',#2130,#1148);
#1071=LINE('',#2134,#1149);
#1072=LINE('',#2136,#1150);
#1073=LINE('',#2141,#1151);
#1074=LINE('',#2145,#1152);
#1075=LINE('',#2150,#1153);
#1076=LINE('',#2154,#1154);
#1077=LINE('',#2159,#1155);
#1078=LINE('',#2166,#1156);
#1079=LINE('',#2170,#1157);
#1080=LINE('',#2175,#1158);
#1081=LINE('',#2179,#1159);
#1082=LINE('',#2184,#1160);
#1083=LINE('',#2188,#1161);
#1084=LINE('',#2190,#1162);
#1085=LINE('',#2195,#1163);
#1086=LINE('',#2202,#1164);
#1087=LINE('',#2206,#1165);
#1088=LINE('',#3322,#1166);
#1089=LINE('',#3326,#1167);
#1090=LINE('',#4459,#1168);
#1091=LINE('',#4486,#1169);
#1092=LINE('',#4488,#1170);
#1093=LINE('',#4489,#1171);
#1094=LINE('',#4518,#1172);
#1095=LINE('',#4545,#1173);
#1096=LINE('',#4547,#1174);
#1097=LINE('',#4548,#1175);
#1098=LINE('',#4577,#1176);
#1099=LINE('',#4604,#1177);
#1100=LINE('',#4606,#1178);
#1101=LINE('',#4607,#1179);
#1102=LINE('',#4636,#1180);
#1103=LINE('',#4663,#1181);
#1104=LINE('',#4665,#1182);
#1105=LINE('',#4666,#1183);
#1106=LINE('',#4695,#1184);
#1107=LINE('',#4722,#1185);
#1108=LINE('',#4724,#1186);
#1109=LINE('',#4725,#1187);
#1110=LINE('',#4754,#1188);
#1111=LINE('',#4781,#1189);
#1112=LINE('',#4783,#1190);
#1113=LINE('',#4784,#1191);
#1114=LINE('',#4813,#1192);
#1115=LINE('',#4840,#1193);
#1116=LINE('',#4842,#1194);
#1117=LINE('',#4843,#1195);
#1118=LINE('',#4872,#1196);
#1119=LINE('',#4899,#1197);
#1120=LINE('',#4901,#1198);
#1121=LINE('',#4902,#1199);
#1122=LINE('',#4931,#1200);
#1123=LINE('',#4958,#1201);
#1124=LINE('',#4960,#1202);
#1125=LINE('',#4961,#1203);
#1126=LINE('',#4990,#1204);
#1127=LINE('',#5017,#1205);
#1128=LINE('',#5019,#1206);
#1129=LINE('',#5020,#1207);
#1130=LINE('',#5049,#1208);
#1131=LINE('',#5076,#1209);
#1132=LINE('',#5078,#1210);
#1133=LINE('',#5079,#1211);
#1134=LINE('',#5108,#1212);
#1135=LINE('',#5135,#1213);
#1136=LINE('',#5137,#1214);
#1137=LINE('',#5138,#1215);
#1138=LINE('',#5167,#1216);
#1139=LINE('',#5194,#1217);
#1140=LINE('',#5196,#1218);
#1141=LINE('',#5197,#1219);
#1142=VECTOR('',#1700,1.);
#1143=VECTOR('',#1703,1.);
#1144=VECTOR('',#1710,1.);
#1145=VECTOR('',#1713,1.);
#1146=VECTOR('',#1716,1.);
#1147=VECTOR('',#1719,1.);
#1148=VECTOR('',#1726,1.);
#1149=VECTOR('',#1729,1.);
#1150=VECTOR('',#1732,1.);
#1151=VECTOR('',#1735,1.);
#1152=VECTOR('',#1740,1.);
#1153=VECTOR('',#1743,1.);
#1154=VECTOR('',#1748,1.);
#1155=VECTOR('',#1751,1.);
#1156=VECTOR('',#1758,1.);
#1157=VECTOR('',#1761,1.);
#1158=VECTOR('',#1766,1.);
#1159=VECTOR('',#1769,1.);
#1160=VECTOR('',#1774,1.);
#1161=VECTOR('',#1777,1.);
#1162=VECTOR('',#1780,1.);
#1163=VECTOR('',#1783,1.);
#1164=VECTOR('',#1790,1.);
#1165=VECTOR('',#1793,1.);
#1166=VECTOR('',#1884,1.);
#1167=VECTOR('',#1887,1.);
#1168=VECTOR('',#1968,1.);
#1169=VECTOR('',#1969,1.);
#1170=VECTOR('',#1972,1.);
#1171=VECTOR('',#1973,1.);
#1172=VECTOR('',#1978,1.);
#1173=VECTOR('',#1979,1.);
#1174=VECTOR('',#1982,1.);
#1175=VECTOR('',#1983,1.);
#1176=VECTOR('',#1988,1.);
#1177=VECTOR('',#1989,1.);
#1178=VECTOR('',#1992,1.);
#1179=VECTOR('',#1993,1.);
#1180=VECTOR('',#1998,1.);
#1181=VECTOR('',#1999,1.);
#1182=VECTOR('',#2002,1.);
#1183=VECTOR('',#2003,1.);
#1184=VECTOR('',#2008,1.);
#1185=VECTOR('',#2009,1.);
#1186=VECTOR('',#2012,1.);
#1187=VECTOR('',#2013,1.);
#1188=VECTOR('',#2018,1.);
#1189=VECTOR('',#2019,1.);
#1190=VECTOR('',#2022,1.);
#1191=VECTOR('',#2023,1.);
#1192=VECTOR('',#2028,1.);
#1193=VECTOR('',#2029,1.);
#1194=VECTOR('',#2032,1.);
#1195=VECTOR('',#2033,1.);
#1196=VECTOR('',#2038,1.);
#1197=VECTOR('',#2039,1.);
#1198=VECTOR('',#2042,1.);
#1199=VECTOR('',#2043,1.);
#1200=VECTOR('',#2048,1.);
#1201=VECTOR('',#2049,1.);
#1202=VECTOR('',#2052,1.);
#1203=VECTOR('',#2053,1.);
#1204=VECTOR('',#2058,1.);
#1205=VECTOR('',#2059,1.);
#1206=VECTOR('',#2062,1.);
#1207=VECTOR('',#2063,1.);
#1208=VECTOR('',#2068,1.);
#1209=VECTOR('',#2069,1.);
#1210=VECTOR('',#2072,1.);
#1211=VECTOR('',#2073,1.);
#1212=VECTOR('',#2078,1.);
#1213=VECTOR('',#2079,1.);
#1214=VECTOR('',#2082,1.);
#1215=VECTOR('',#2083,1.);
#1216=VECTOR('',#2088,1.);
#1217=VECTOR('',#2089,1.);
#1218=VECTOR('',#2092,1.);
#1219=VECTOR('',#2093,1.);
#1220=EDGE_LOOP('',(#198,#199,#200,#201));
#1221=EDGE_LOOP('',(#202,#203,#204,#205));
#1222=EDGE_LOOP('',(#206,#207,#208,#209));
#1223=EDGE_LOOP('',(#210,#211,#212,#213));
#1224=EDGE_LOOP('',(#214,#215,#216,#217));
#1225=EDGE_LOOP('',(#218,#219,#220,#221));
#1226=EDGE_LOOP('',(#222,#223,#224,#225));
#1227=EDGE_LOOP('',(#226,#227,#228,#229));
#1228=EDGE_LOOP('',(#230,#231,#232,#233));
#1229=EDGE_LOOP('',(#234,#235,#236,#237));
#1230=EDGE_LOOP('',(#238,#239,#240,#241));
#1231=EDGE_LOOP('',(#242,#243,#244,#245));
#1232=EDGE_LOOP('',(#246));
#1233=EDGE_LOOP('',(#247,#248,#249,#250,#251,#252,#253,#254,#255,#256,#257,
#258,#259,#260,#261,#262,#263,#264,#265,#266,#267,#268,#269,#270,#271,#272,
#273,#274,#275,#276,#277,#278,#279,#280,#281,#282,#283,#284,#285,#286,#287,
#288,#289,#290,#291,#292,#293,#294,#295,#296,#297,#298,#299,#300,#301,#302,
#303,#304,#305,#306,#307,#308,#309,#310,#311,#312,#313,#314,#315,#316,#317,
#318,#319,#320,#321,#322,#323,#324));
#1234=EDGE_LOOP('',(#325));
#1235=EDGE_LOOP('',(#326));
#1236=EDGE_LOOP('',(#327,#328,#329,#330));
#1237=EDGE_LOOP('',(#331,#332,#333,#334,#335,#336,#337,#338,#339,#340,#341,
#342,#343,#344,#345,#346,#347,#348,#349,#350,#351,#352,#353,#354,#355,#356,
#357,#358,#359,#360,#361,#362,#363,#364,#365,#366,#367,#368,#369,#370,#371,
#372,#373,#374,#375,#376,#377,#378,#379,#380,#381,#382,#383,#384,#385,#386,
#387,#388,#389,#390,#391,#392,#393,#394,#395,#396,#397,#398,#399,#400,#401,
#402,#403,#404,#405,#406,#407,#408));
#1238=EDGE_LOOP('',(#409));
#1239=EDGE_LOOP('',(#410,#411,#412,#413));
#1240=EDGE_LOOP('',(#414,#415,#416,#417));
#1241=EDGE_LOOP('',(#418,#419,#420,#421));
#1242=EDGE_LOOP('',(#422,#423,#424,#425));
#1243=EDGE_LOOP('',(#426,#427,#428,#429));
#1244=EDGE_LOOP('',(#430,#431,#432,#433));
#1245=EDGE_LOOP('',(#434,#435,#436,#437));
#1246=EDGE_LOOP('',(#438,#439,#440,#441));
#1247=EDGE_LOOP('',(#442,#443,#444,#445));
#1248=EDGE_LOOP('',(#446,#447,#448,#449));
#1249=EDGE_LOOP('',(#450,#451,#452,#453));
#1250=EDGE_LOOP('',(#454,#455,#456,#457));
#1251=EDGE_LOOP('',(#458,#459,#460,#461));
#1252=EDGE_LOOP('',(#462,#463,#464,#465));
#1253=EDGE_LOOP('',(#466,#467,#468,#469));
#1254=EDGE_LOOP('',(#470,#471,#472,#473));
#1255=EDGE_LOOP('',(#474,#475,#476,#477));
#1256=EDGE_LOOP('',(#478,#479,#480,#481));
#1257=EDGE_LOOP('',(#482,#483,#484,#485));
#1258=EDGE_LOOP('',(#486,#487,#488,#489));
#1259=EDGE_LOOP('',(#490,#491,#492,#493));
#1260=EDGE_LOOP('',(#494,#495,#496,#497));
#1261=EDGE_LOOP('',(#498,#499,#500,#501));
#1262=EDGE_LOOP('',(#502,#503,#504,#505));
#1263=EDGE_LOOP('',(#506,#507,#508,#509));
#1264=EDGE_LOOP('',(#510,#511,#512,#513));
#1265=EDGE_LOOP('',(#514,#515,#516,#517));
#1266=EDGE_LOOP('',(#518,#519,#520,#521));
#1267=EDGE_LOOP('',(#522,#523,#524,#525));
#1268=EDGE_LOOP('',(#526,#527,#528,#529));
#1269=EDGE_LOOP('',(#530,#531,#532,#533));
#1270=EDGE_LOOP('',(#534,#535,#536,#537));
#1271=EDGE_LOOP('',(#538,#539,#540,#541));
#1272=EDGE_LOOP('',(#542,#543,#544,#545));
#1273=EDGE_LOOP('',(#546,#547,#548,#549));
#1274=EDGE_LOOP('',(#550,#551,#552,#553));
#1275=EDGE_LOOP('',(#554,#555,#556,#557));
#1276=EDGE_LOOP('',(#558,#559,#560,#561));
#1277=EDGE_LOOP('',(#562,#563,#564,#565));
#1278=EDGE_LOOP('',(#566,#567,#568,#569));
#1279=EDGE_LOOP('',(#570,#571,#572,#573));
#1280=EDGE_LOOP('',(#574,#575,#576,#577));
#1281=EDGE_LOOP('',(#578,#579,#580,#581));
#1282=EDGE_LOOP('',(#582,#583,#584,#585));
#1283=EDGE_LOOP('',(#586,#587,#588,#589));
#1284=EDGE_LOOP('',(#590,#591,#592,#593));
#1285=EDGE_LOOP('',(#594,#595,#596,#597));
#1286=EDGE_LOOP('',(#598,#599,#600,#601));
#1287=EDGE_LOOP('',(#602,#603,#604,#605));
#1288=EDGE_LOOP('',(#606,#607,#608,#609));
#1289=EDGE_LOOP('',(#610,#611,#612,#613));
#1290=EDGE_LOOP('',(#614,#615,#616,#617));
#1291=EDGE_LOOP('',(#618,#619,#620,#621));
#1292=EDGE_LOOP('',(#622,#623,#624,#625));
#1293=EDGE_LOOP('',(#626,#627,#628,#629));
#1294=EDGE_LOOP('',(#630,#631,#632,#633));
#1295=EDGE_LOOP('',(#634,#635,#636,#637));
#1296=EDGE_LOOP('',(#638,#639,#640,#641));
#1297=EDGE_LOOP('',(#642,#643,#644,#645));
#1298=EDGE_LOOP('',(#646,#647,#648,#649));
#1299=EDGE_LOOP('',(#650,#651,#652,#653));
#1300=EDGE_LOOP('',(#654,#655,#656,#657));
#1301=EDGE_LOOP('',(#658,#659,#660,#661));
#1302=EDGE_LOOP('',(#662,#663,#664,#665));
#1303=EDGE_LOOP('',(#666,#667,#668,#669));
#1304=FACE_BOUND('',#1220,.T.);
#1305=FACE_BOUND('',#1221,.T.);
#1306=FACE_BOUND('',#1222,.T.);
#1307=FACE_BOUND('',#1223,.T.);
#1308=FACE_BOUND('',#1224,.T.);
#1309=FACE_BOUND('',#1225,.T.);
#1310=FACE_BOUND('',#1226,.T.);
#1311=FACE_BOUND('',#1227,.T.);
#1312=FACE_BOUND('',#1228,.T.);
#1313=FACE_BOUND('',#1229,.T.);
#1314=FACE_BOUND('',#1230,.T.);
#1315=FACE_BOUND('',#1231,.T.);
#1316=FACE_BOUND('',#1232,.T.);
#1317=FACE_BOUND('',#1233,.T.);
#1318=FACE_BOUND('',#1234,.T.);
#1319=FACE_BOUND('',#1235,.T.);
#1320=FACE_BOUND('',#1236,.T.);
#1321=FACE_BOUND('',#1237,.T.);
#1322=FACE_BOUND('',#1238,.T.);
#1323=FACE_BOUND('',#1239,.T.);
#1324=FACE_BOUND('',#1240,.T.);
#1325=FACE_BOUND('',#1241,.T.);
#1326=FACE_BOUND('',#1242,.T.);
#1327=FACE_BOUND('',#1243,.T.);
#1328=FACE_BOUND('',#1244,.T.);
#1329=FACE_BOUND('',#1245,.T.);
#1330=FACE_BOUND('',#1246,.T.);
#1331=FACE_BOUND('',#1247,.T.);
#1332=FACE_BOUND('',#1248,.T.);
#1333=FACE_BOUND('',#1249,.T.);
#1334=FACE_BOUND('',#1250,.T.);
#1335=FACE_BOUND('',#1251,.T.);
#1336=FACE_BOUND('',#1252,.T.);
#1337=FACE_BOUND('',#1253,.T.);
#1338=FACE_BOUND('',#1254,.T.);
#1339=FACE_BOUND('',#1255,.T.);
#1340=FACE_BOUND('',#1256,.T.);
#1341=FACE_BOUND('',#1257,.T.);
#1342=FACE_BOUND('',#1258,.T.);
#1343=FACE_BOUND('',#1259,.T.);
#1344=FACE_BOUND('',#1260,.T.);
#1345=FACE_BOUND('',#1261,.T.);
#1346=FACE_BOUND('',#1262,.T.);
#1347=FACE_BOUND('',#1263,.T.);
#1348=FACE_BOUND('',#1264,.T.);
#1349=FACE_BOUND('',#1265,.T.);
#1350=FACE_BOUND('',#1266,.T.);
#1351=FACE_BOUND('',#1267,.T.);
#1352=FACE_BOUND('',#1268,.T.);
#1353=FACE_BOUND('',#1269,.T.);
#1354=FACE_BOUND('',#1270,.T.);
#1355=FACE_BOUND('',#1271,.T.);
#1356=FACE_BOUND('',#1272,.T.);
#1357=FACE_BOUND('',#1273,.T.);
#1358=FACE_BOUND('',#1274,.T.);
#1359=FACE_BOUND('',#1275,.T.);
#1360=FACE_BOUND('',#1276,.T.);
#1361=FACE_BOUND('',#1277,.T.);
#1362=FACE_BOUND('',#1278,.T.);
#1363=FACE_BOUND('',#1279,.T.);
#1364=FACE_BOUND('',#1280,.T.);
#1365=FACE_BOUND('',#1281,.T.);
#1366=FACE_BOUND('',#1282,.T.);
#1367=FACE_BOUND('',#1283,.T.);
#1368=FACE_BOUND('',#1284,.T.);
#1369=FACE_BOUND('',#1285,.T.);
#1370=FACE_BOUND('',#1286,.T.);
#1371=FACE_BOUND('',#1287,.T.);
#1372=FACE_BOUND('',#1288,.T.);
#1373=FACE_BOUND('',#1289,.T.);
#1374=FACE_BOUND('',#1290,.T.);
#1375=FACE_BOUND('',#1291,.T.);
#1376=FACE_BOUND('',#1292,.T.);
#1377=FACE_BOUND('',#1293,.T.);
#1378=FACE_BOUND('',#1294,.T.);
#1379=FACE_BOUND('',#1295,.T.);
#1380=FACE_BOUND('',#1296,.T.);
#1381=FACE_BOUND('',#1297,.T.);
#1382=FACE_BOUND('',#1298,.T.);
#1383=FACE_BOUND('',#1299,.T.);
#1384=FACE_BOUND('',#1300,.T.);
#1385=FACE_BOUND('',#1301,.T.);
#1386=FACE_BOUND('',#1302,.T.);
#1387=FACE_BOUND('',#1303,.T.);
#1388=CYLINDRICAL_SURFACE('',#1535,0.0075);
#1389=CYLINDRICAL_SURFACE('',#1538,0.0075);
#1390=CYLINDRICAL_SURFACE('',#1541,0.0075);
#1391=CYLINDRICAL_SURFACE('',#1544,0.0075);
#1392=CYLINDRICAL_SURFACE('',#1547,0.0075);
#1393=CYLINDRICAL_SURFACE('',#1550,0.0075);
#1394=CYLINDRICAL_SURFACE('',#1553,0.0075);
#1395=CYLINDRICAL_SURFACE('',#1556,0.0075);
#1396=CYLINDRICAL_SURFACE('',#1559,0.0075);
#1397=CYLINDRICAL_SURFACE('',#1562,0.0075);
#1398=CYLINDRICAL_SURFACE('',#1565,0.0075);
#1399=CYLINDRICAL_SURFACE('',#1568,0.0075);
#1400=CYLINDRICAL_SURFACE('',#1613,0.0025);
#1401=CYLINDRICAL_SURFACE('',#1615,0.0075);
#1402=CYLINDRICAL_SURFACE('',#1657,0.00525);
#1403=CYLINDRICAL_SURFACE('',#1658,0.000413620223925599);
#1404=CYLINDRICAL_SURFACE('',#1659,0.000413620223925599);
#1405=CYLINDRICAL_SURFACE('',#1660,0.00525);
#1406=CYLINDRICAL_SURFACE('',#1661,0.000413620223925599);
#1407=CYLINDRICAL_SURFACE('',#1662,0.000413620223925599);
#1408=CYLINDRICAL_SURFACE('',#1663,0.00525);
#1409=CYLINDRICAL_SURFACE('',#1664,0.000413620223925599);
#1410=CYLINDRICAL_SURFACE('',#1665,0.000413620223925599);
#1411=CYLINDRICAL_SURFACE('',#1666,0.00525);
#1412=CYLINDRICAL_SURFACE('',#1667,0.000413620223925599);
#1413=CYLINDRICAL_SURFACE('',#1668,0.000413620223925599);
#1414=CYLINDRICAL_SURFACE('',#1669,0.00525);
#1415=CYLINDRICAL_SURFACE('',#1670,0.000413620223925599);
#1416=CYLINDRICAL_SURFACE('',#1671,0.000413620223925599);
#1417=CYLINDRICAL_SURFACE('',#1672,0.00525);
#1418=CYLINDRICAL_SURFACE('',#1673,0.000413620223925599);
#1419=CYLINDRICAL_SURFACE('',#1674,0.000413620223925599);
#1420=CYLINDRICAL_SURFACE('',#1675,0.00525);
#1421=CYLINDRICAL_SURFACE('',#1676,0.000413620223925599);
#1422=CYLINDRICAL_SURFACE('',#1677,0.000413620223925599);
#1423=CYLINDRICAL_SURFACE('',#1678,0.00525);
#1424=CYLINDRICAL_SURFACE('',#1679,0.000413620223925599);
#1425=CYLINDRICAL_SURFACE('',#1680,0.000413620223925599);
#1426=CYLINDRICAL_SURFACE('',#1681,0.00525);
#1427=CYLINDRICAL_SURFACE('',#1682,0.000413620223925599);
#1428=CYLINDRICAL_SURFACE('',#1683,0.000413620223925599);
#1429=CYLINDRICAL_SURFACE('',#1684,0.00525);
#1430=CYLINDRICAL_SURFACE('',#1685,0.000413620223925599);
#1431=CYLINDRICAL_SURFACE('',#1686,0.000413620223925599);
#1432=CYLINDRICAL_SURFACE('',#1687,0.00525);
#1433=CYLINDRICAL_SURFACE('',#1688,0.000413620223925599);
#1434=CYLINDRICAL_SURFACE('',#1689,0.000413620223925599);
#1435=CYLINDRICAL_SURFACE('',#1690,0.00525);
#1436=CYLINDRICAL_SURFACE('',#1691,0.000413620223925599);
#1437=CYLINDRICAL_SURFACE('',#1692,0.000413620223925599);
#1438=CYLINDRICAL_SURFACE('',#1693,0.00525);
#1439=CYLINDRICAL_SURFACE('',#1694,0.000413620223925599);
#1440=CYLINDRICAL_SURFACE('',#1695,0.000413620223925599);
#1441=ADVANCED_FACE('',(#1304),#1388,.T.);
#1442=ADVANCED_FACE('',(#1305),#1389,.T.);
#1443=ADVANCED_FACE('',(#1306),#1390,.T.);
#1444=ADVANCED_FACE('',(#1307),#1391,.T.);
#1445=ADVANCED_FACE('',(#1308),#1392,.T.);
#1446=ADVANCED_FACE('',(#1309),#1393,.T.);
#1447=ADVANCED_FACE('',(#1310),#1394,.T.);
#1448=ADVANCED_FACE('',(#1311),#1395,.T.);
#1449=ADVANCED_FACE('',(#1312),#1396,.T.);
#1450=ADVANCED_FACE('',(#1313),#1397,.T.);
#1451=ADVANCED_FACE('',(#1314),#1398,.T.);
#1452=ADVANCED_FACE('',(#1315),#1399,.T.);
#1453=ADVANCED_FACE('',(#1316,#1317),#90,.T.);
#1454=ADVANCED_FACE('',(#1318,#1319),#1400,.F.);
#1455=ADVANCED_FACE('',(#1320),#1401,.T.);
#1456=ADVANCED_FACE('',(#1321,#1322),#91,.F.);
#1457=ADVANCED_FACE('',(#1323),#12,.T.);
#1458=ADVANCED_FACE('',(#1324),#13,.F.);
#1459=ADVANCED_FACE('',(#1325),#1402,.T.);
#1460=ADVANCED_FACE('',(#1326),#1403,.F.);
#1461=ADVANCED_FACE('',(#1327),#1404,.F.);
#1462=ADVANCED_FACE('',(#1328),#14,.T.);
#1463=ADVANCED_FACE('',(#1329),#15,.F.);
#1464=ADVANCED_FACE('',(#1330),#1405,.T.);
#1465=ADVANCED_FACE('',(#1331),#1406,.F.);
#1466=ADVANCED_FACE('',(#1332),#1407,.F.);
#1467=ADVANCED_FACE('',(#1333),#16,.T.);
#1468=ADVANCED_FACE('',(#1334),#17,.F.);
#1469=ADVANCED_FACE('',(#1335),#1408,.T.);
#1470=ADVANCED_FACE('',(#1336),#1409,.F.);
#1471=ADVANCED_FACE('',(#1337),#1410,.F.);
#1472=ADVANCED_FACE('',(#1338),#18,.T.);
#1473=ADVANCED_FACE('',(#1339),#19,.F.);
#1474=ADVANCED_FACE('',(#1340),#1411,.T.);
#1475=ADVANCED_FACE('',(#1341),#1412,.F.);
#1476=ADVANCED_FACE('',(#1342),#1413,.F.);
#1477=ADVANCED_FACE('',(#1343),#20,.T.);
#1478=ADVANCED_FACE('',(#1344),#21,.F.);
#1479=ADVANCED_FACE('',(#1345),#1414,.T.);
#1480=ADVANCED_FACE('',(#1346),#1415,.F.);
#1481=ADVANCED_FACE('',(#1347),#1416,.F.);
#1482=ADVANCED_FACE('',(#1348),#22,.T.);
#1483=ADVANCED_FACE('',(#1349),#23,.F.);
#1484=ADVANCED_FACE('',(#1350),#1417,.T.);
#1485=ADVANCED_FACE('',(#1351),#1418,.F.);
#1486=ADVANCED_FACE('',(#1352),#1419,.F.);
#1487=ADVANCED_FACE('',(#1353),#24,.T.);
#1488=ADVANCED_FACE('',(#1354),#25,.F.);
#1489=ADVANCED_FACE('',(#1355),#1420,.T.);
#1490=ADVANCED_FACE('',(#1356),#1421,.F.);
#1491=ADVANCED_FACE('',(#1357),#1422,.F.);
#1492=ADVANCED_FACE('',(#1358),#26,.T.);
#1493=ADVANCED_FACE('',(#1359),#27,.F.);
#1494=ADVANCED_FACE('',(#1360),#1423,.T.);
#1495=ADVANCED_FACE('',(#1361),#1424,.F.);
#1496=ADVANCED_FACE('',(#1362),#1425,.F.);
#1497=ADVANCED_FACE('',(#1363),#28,.T.);
#1498=ADVANCED_FACE('',(#1364),#29,.F.);
#1499=ADVANCED_FACE('',(#1365),#1426,.T.);
#1500=ADVANCED_FACE('',(#1366),#1427,.F.);
#1501=ADVANCED_FACE('',(#1367),#1428,.F.);
#1502=ADVANCED_FACE('',(#1368),#30,.T.);
#1503=ADVANCED_FACE('',(#1369),#31,.F.);
#1504=ADVANCED_FACE('',(#1370),#1429,.T.);
#1505=ADVANCED_FACE('',(#1371),#1430,.F.);
#1506=ADVANCED_FACE('',(#1372),#1431,.F.);
#1507=ADVANCED_FACE('',(#1373),#32,.T.);
#1508=ADVANCED_FACE('',(#1374),#33,.F.);
#1509=ADVANCED_FACE('',(#1375),#1432,.T.);
#1510=ADVANCED_FACE('',(#1376),#1433,.F.);
#1511=ADVANCED_FACE('',(#1377),#1434,.F.);
#1512=ADVANCED_FACE('',(#1378),#34,.T.);
#1513=ADVANCED_FACE('',(#1379),#35,.F.);
#1514=ADVANCED_FACE('',(#1380),#1435,.T.);
#1515=ADVANCED_FACE('',(#1381),#1436,.F.);
#1516=ADVANCED_FACE('',(#1382),#1437,.F.);
#1517=ADVANCED_FACE('',(#1383),#36,.T.);
#1518=ADVANCED_FACE('',(#1384),#37,.F.);
#1519=ADVANCED_FACE('',(#1385),#1438,.T.);
#1520=ADVANCED_FACE('',(#1386),#1439,.F.);
#1521=ADVANCED_FACE('',(#1387),#1440,.F.);
#1522=CLOSED_SHELL('',(#1441,#1442,#1443,#1444,#1445,#1446,#1447,#1448,
#1449,#1450,#1451,#1452,#1453,#1454,#1455,#1456,#1457,#1458,#1459,#1460,
#1461,#1462,#1463,#1464,#1465,#1466,#1467,#1468,#1469,#1470,#1471,#1472,
#1473,#1474,#1475,#1476,#1477,#1478,#1479,#1480,#1481,#1482,#1483,#1484,
#1485,#1486,#1487,#1488,#1489,#1490,#1491,#1492,#1493,#1494,#1495,#1496,
#1497,#1498,#1499,#1500,#1501,#1502,#1503,#1504,#1505,#1506,#1507,#1508,
#1509,#1510,#1511,#1512,#1513,#1514,#1515,#1516,#1517,#1518,#1519,#1520,
#1521));
#1523=STYLED_ITEM('',(#1524),#1531);
#1524=PRESENTATION_STYLE_ASSIGNMENT((#1525));
#1525=SURFACE_STYLE_USAGE(.BOTH.,#1526);
#1526=SURFACE_SIDE_STYLE('',(#1527));
#1527=SURFACE_STYLE_FILL_AREA(#1528);
#1528=FILL_AREA_STYLE('',(#1529));
#1529=FILL_AREA_STYLE_COLOUR('',#1530);
#1530=COLOUR_RGB('',0.615686274509804,0.811764705882353,0.929411764705882);
#1531=MANIFOLD_SOLID_BREP('Spur gear (13 teeth)',#1522);
#1532=SHAPE_DEFINITION_REPRESENTATION(#5206,#1533);
#1533=SHAPE_REPRESENTATION('Spur gear (13 teeth)',(#1534),#5201);
#1534=AXIS2_PLACEMENT_3D('',#2098,#1696,#1697);
#1535=AXIS2_PLACEMENT_3D('',#2099,#1698,#1699);
#1536=AXIS2_PLACEMENT_3D('',#2103,#1701,#1702);
#1537=AXIS2_PLACEMENT_3D('',#2107,#1704,#1705);
#1538=AXIS2_PLACEMENT_3D('',#2108,#1706,#1707);
#1539=AXIS2_PLACEMENT_3D('',#2109,#1708,#1709);
#1540=AXIS2_PLACEMENT_3D('',#2114,#1711,#1712);
#1541=AXIS2_PLACEMENT_3D('',#2117,#1714,#1715);
#1542=AXIS2_PLACEMENT_3D('',#2121,#1717,#1718);
#1543=AXIS2_PLACEMENT_3D('',#2125,#1720,#1721);
#1544=AXIS2_PLACEMENT_3D('',#2126,#1722,#1723);
#1545=AXIS2_PLACEMENT_3D('',#2127,#1724,#1725);
#1546=AXIS2_PLACEMENT_3D('',#2132,#1727,#1728);
#1547=AXIS2_PLACEMENT_3D('',#2135,#1730,#1731);
#1548=AXIS2_PLACEMENT_3D('',#2139,#1733,#1734);
#1549=AXIS2_PLACEMENT_3D('',#2143,#1736,#1737);
#1550=AXIS2_PLACEMENT_3D('',#2144,#1738,#1739);
#1551=AXIS2_PLACEMENT_3D('',#2148,#1741,#1742);
#1552=AXIS2_PLACEMENT_3D('',#2152,#1744,#1745);
#1553=AXIS2_PLACEMENT_3D('',#2153,#1746,#1747);
#1554=AXIS2_PLACEMENT_3D('',#2157,#1749,#1750);
#1555=AXIS2_PLACEMENT_3D('',#2161,#1752,#1753);
#1556=AXIS2_PLACEMENT_3D('',#2162,#1754,#1755);
#1557=AXIS2_PLACEMENT_3D('',#2163,#1756,#1757);
#1558=AXIS2_PLACEMENT_3D('',#2168,#1759,#1760);
#1559=AXIS2_PLACEMENT_3D('',#2171,#1762,#1763);
#1560=AXIS2_PLACEMENT_3D('',#2172,#1764,#1765);
#1561=AXIS2_PLACEMENT_3D('',#2177,#1767,#1768);
#1562=AXIS2_PLACEMENT_3D('',#2180,#1770,#1771);
#1563=AXIS2_PLACEMENT_3D('',#2181,#1772,#1773);
#1564=AXIS2_PLACEMENT_3D('',#2186,#1775,#1776);
#1565=AXIS2_PLACEMENT_3D('',#2189,#1778,#1779);
#1566=AXIS2_PLACEMENT_3D('',#2193,#1781,#1782);
#1567=AXIS2_PLACEMENT_3D('',#2197,#1784,#1785);
#1568=AXIS2_PLACEMENT_3D('',#2198,#1786,#1787);
#1569=AXIS2_PLACEMENT_3D('',#2199,#1788,#1789);
#1570=AXIS2_PLACEMENT_3D('',#2204,#1791,#1792);
#1571=AXIS2_PLACEMENT_3D('',#2207,#1794,#1795);
#1572=AXIS2_PLACEMENT_3D('',#2208,#1796,#1797);
#1573=AXIS2_PLACEMENT_3D('',#2210,#1798,#1799);
#1574=AXIS2_PLACEMENT_3D('',#2292,#1800,#1801);
#1575=AXIS2_PLACEMENT_3D('',#2294,#1802,#1803);
#1576=AXIS2_PLACEMENT_3D('',#2296,#1804,#1805);
#1577=AXIS2_PLACEMENT_3D('',#2377,#1806,#1807);
#1578=AXIS2_PLACEMENT_3D('',#2379,#1808,#1809);
#1579=AXIS2_PLACEMENT_3D('',#2381,#1810,#1811);
#1580=AXIS2_PLACEMENT_3D('',#2462,#1812,#1813);
#1581=AXIS2_PLACEMENT_3D('',#2464,#1814,#1815);
#1582=AXIS2_PLACEMENT_3D('',#2466,#1816,#1817);
#1583=AXIS2_PLACEMENT_3D('',#2547,#1818,#1819);
#1584=AXIS2_PLACEMENT_3D('',#2549,#1820,#1821);
#1585=AXIS2_PLACEMENT_3D('',#2551,#1822,#1823);
#1586=AXIS2_PLACEMENT_3D('',#2632,#1824,#1825);
#1587=AXIS2_PLACEMENT_3D('',#2634,#1826,#1827);
#1588=AXIS2_PLACEMENT_3D('',#2636,#1828,#1829);
#1589=AXIS2_PLACEMENT_3D('',#2678,#1830,#1831);
#1590=AXIS2_PLACEMENT_3D('',#2720,#1832,#1833);
#1591=AXIS2_PLACEMENT_3D('',#2722,#1834,#1835);
#1592=AXIS2_PLACEMENT_3D('',#2724,#1836,#1837);
#1593=AXIS2_PLACEMENT_3D('',#2805,#1838,#1839);
#1594=AXIS2_PLACEMENT_3D('',#2807,#1840,#1841);
#1595=AXIS2_PLACEMENT_3D('',#2809,#1842,#1843);
#1596=AXIS2_PLACEMENT_3D('',#2890,#1844,#1845);
#1597=AXIS2_PLACEMENT_3D('',#2892,#1846,#1847);
#1598=AXIS2_PLACEMENT_3D('',#2894,#1848,#1849);
#1599=AXIS2_PLACEMENT_3D('',#2975,#1850,#1851);
#1600=AXIS2_PLACEMENT_3D('',#2977,#1852,#1853);
#1601=AXIS2_PLACEMENT_3D('',#2979,#1854,#1855);
#1602=AXIS2_PLACEMENT_3D('',#3060,#1856,#1857);
#1603=AXIS2_PLACEMENT_3D('',#3062,#1858,#1859);
#1604=AXIS2_PLACEMENT_3D('',#3064,#1860,#1861);
#1605=AXIS2_PLACEMENT_3D('',#3145,#1862,#1863);
#1606=AXIS2_PLACEMENT_3D('',#3147,#1864,#1865);
#1607=AXIS2_PLACEMENT_3D('',#3149,#1866,#1867);
#1608=AXIS2_PLACEMENT_3D('',#3230,#1868,#1869);
#1609=AXIS2_PLACEMENT_3D('',#3232,#1870,#1871);
#1610=AXIS2_PLACEMENT_3D('',#3234,#1872,#1873);
#1611=AXIS2_PLACEMENT_3D('',#3315,#1874,#1875);
#1612=AXIS2_PLACEMENT_3D('',#3317,#1876,#1877);
#1613=AXIS2_PLACEMENT_3D('',#3318,#1878,#1879);
#1614=AXIS2_PLACEMENT_3D('',#3319,#1880,#1881);
#1615=AXIS2_PLACEMENT_3D('',#3321,#1882,#1883);
#1616=AXIS2_PLACEMENT_3D('',#3324,#1885,#1886);
#1617=AXIS2_PLACEMENT_3D('',#3327,#1888,#1889);
#1618=AXIS2_PLACEMENT_3D('',#3328,#1890,#1891);
#1619=AXIS2_PLACEMENT_3D('',#3410,#1892,#1893);
#1620=AXIS2_PLACEMENT_3D('',#3412,#1894,#1895);
#1621=AXIS2_PLACEMENT_3D('',#3414,#1896,#1897);
#1622=AXIS2_PLACEMENT_3D('',#3495,#1898,#1899);
#1623=AXIS2_PLACEMENT_3D('',#3497,#1900,#1901);
#1624=AXIS2_PLACEMENT_3D('',#3499,#1902,#1903);
#1625=AXIS2_PLACEMENT_3D('',#3580,#1904,#1905);
#1626=AXIS2_PLACEMENT_3D('',#3582,#1906,#1907);
#1627=AXIS2_PLACEMENT_3D('',#3584,#1908,#1909);
#1628=AXIS2_PLACEMENT_3D('',#3665,#1910,#1911);
#1629=AXIS2_PLACEMENT_3D('',#3667,#1912,#1913);
#1630=AXIS2_PLACEMENT_3D('',#3669,#1914,#1915);
#1631=AXIS2_PLACEMENT_3D('',#3750,#1916,#1917);
#1632=AXIS2_PLACEMENT_3D('',#3752,#1918,#1919);
#1633=AXIS2_PLACEMENT_3D('',#3754,#1920,#1921);
#1634=AXIS2_PLACEMENT_3D('',#3835,#1922,#1923);
#1635=AXIS2_PLACEMENT_3D('',#3837,#1924,#1925);
#1636=AXIS2_PLACEMENT_3D('',#3839,#1926,#1927);
#1637=AXIS2_PLACEMENT_3D('',#3920,#1928,#1929);
#1638=AXIS2_PLACEMENT_3D('',#3922,#1930,#1931);
#1639=AXIS2_PLACEMENT_3D('',#3924,#1932,#1933);
#1640=AXIS2_PLACEMENT_3D('',#4005,#1934,#1935);
#1641=AXIS2_PLACEMENT_3D('',#4007,#1936,#1937);
#1642=AXIS2_PLACEMENT_3D('',#4009,#1938,#1939);
#1643=AXIS2_PLACEMENT_3D('',#4090,#1940,#1941);
#1644=AXIS2_PLACEMENT_3D('',#4092,#1942,#1943);
#1645=AXIS2_PLACEMENT_3D('',#4094,#1944,#1945);
#1646=AXIS2_PLACEMENT_3D('',#4175,#1946,#1947);
#1647=AXIS2_PLACEMENT_3D('',#4177,#1948,#1949);
#1648=AXIS2_PLACEMENT_3D('',#4179,#1950,#1951);
#1649=AXIS2_PLACEMENT_3D('',#4260,#1952,#1953);
#1650=AXIS2_PLACEMENT_3D('',#4262,#1954,#1955);
#1651=AXIS2_PLACEMENT_3D('',#4264,#1956,#1957);
#1652=AXIS2_PLACEMENT_3D('',#4345,#1958,#1959);
#1653=AXIS2_PLACEMENT_3D('',#4347,#1960,#1961);
#1654=AXIS2_PLACEMENT_3D('',#4349,#1962,#1963);
#1655=AXIS2_PLACEMENT_3D('',#4430,#1964,#1965);
#1656=AXIS2_PLACEMENT_3D('',#4432,#1966,#1967);
#1657=AXIS2_PLACEMENT_3D('',#4487,#1970,#1971);
#1658=AXIS2_PLACEMENT_3D('',#4490,#1974,#1975);
#1659=AXIS2_PLACEMENT_3D('',#4491,#1976,#1977);
#1660=AXIS2_PLACEMENT_3D('',#4546,#1980,#1981);
#1661=AXIS2_PLACEMENT_3D('',#4549,#1984,#1985);
#1662=AXIS2_PLACEMENT_3D('',#4550,#1986,#1987);
#1663=AXIS2_PLACEMENT_3D('',#4605,#1990,#1991);
#1664=AXIS2_PLACEMENT_3D('',#4608,#1994,#1995);
#1665=AXIS2_PLACEMENT_3D('',#4609,#1996,#1997);
#1666=AXIS2_PLACEMENT_3D('',#4664,#2000,#2001);
#1667=AXIS2_PLACEMENT_3D('',#4667,#2004,#2005);
#1668=AXIS2_PLACEMENT_3D('',#4668,#2006,#2007);
#1669=AXIS2_PLACEMENT_3D('',#4723,#2010,#2011);
#1670=AXIS2_PLACEMENT_3D('',#4726,#2014,#2015);
#1671=AXIS2_PLACEMENT_3D('',#4727,#2016,#2017);
#1672=AXIS2_PLACEMENT_3D('',#4782,#2020,#2021);
#1673=AXIS2_PLACEMENT_3D('',#4785,#2024,#2025);
#1674=AXIS2_PLACEMENT_3D('',#4786,#2026,#2027);
#1675=AXIS2_PLACEMENT_3D('',#4841,#2030,#2031);
#1676=AXIS2_PLACEMENT_3D('',#4844,#2034,#2035);
#1677=AXIS2_PLACEMENT_3D('',#4845,#2036,#2037);
#1678=AXIS2_PLACEMENT_3D('',#4900,#2040,#2041);
#1679=AXIS2_PLACEMENT_3D('',#4903,#2044,#2045);
#1680=AXIS2_PLACEMENT_3D('',#4904,#2046,#2047);
#1681=AXIS2_PLACEMENT_3D('',#4959,#2050,#2051);
#1682=AXIS2_PLACEMENT_3D('',#4962,#2054,#2055);
#1683=AXIS2_PLACEMENT_3D('',#4963,#2056,#2057);
#1684=AXIS2_PLACEMENT_3D('',#5018,#2060,#2061);
#1685=AXIS2_PLACEMENT_3D('',#5021,#2064,#2065);
#1686=AXIS2_PLACEMENT_3D('',#5022,#2066,#2067);
#1687=AXIS2_PLACEMENT_3D('',#5077,#2070,#2071);
#1688=AXIS2_PLACEMENT_3D('',#5080,#2074,#2075);
#1689=AXIS2_PLACEMENT_3D('',#5081,#2076,#2077);
#1690=AXIS2_PLACEMENT_3D('',#5136,#2080,#2081);
#1691=AXIS2_PLACEMENT_3D('',#5139,#2084,#2085);
#1692=AXIS2_PLACEMENT_3D('',#5140,#2086,#2087);
#1693=AXIS2_PLACEMENT_3D('',#5195,#2090,#2091);
#1694=AXIS2_PLACEMENT_3D('',#5198,#2094,#2095);
#1695=AXIS2_PLACEMENT_3D('',#5199,#2096,#2097);
#1696=DIRECTION('',(0.,0.,1.));
#1697=DIRECTION('',(1.,0.,0.));
#1698=DIRECTION('',(0.,1.,0.));
#1699=DIRECTION('',(0.,0.,1.));
#1700=DIRECTION('',(0.,1.,0.));
#1701=DIRECTION('',(0.,-1.,0.));
#1702=DIRECTION('',(0.,0.,-1.));
#1703=DIRECTION('',(0.,1.,0.));
#1704=DIRECTION('',(0.,-1.,0.));
#1705=DIRECTION('',(0.,0.,-1.));
#1706=DIRECTION('',(0.,1.,0.));
#1707=DIRECTION('',(0.,0.,1.));
#1708=DIRECTION('',(0.,-1.,0.));
#1709=DIRECTION('',(0.,0.,-1.));
#1710=DIRECTION('',(0.,1.,0.));
#1711=DIRECTION('',(0.,-1.,0.));
#1712=DIRECTION('',(0.,0.,-1.));
#1713=DIRECTION('',(0.,1.,0.));
#1714=DIRECTION('',(0.,1.,0.));
#1715=DIRECTION('',(0.,0.,1.));
#1716=DIRECTION('',(0.,1.,0.));
#1717=DIRECTION('',(0.,-1.,0.));
#1718=DIRECTION('',(0.,0.,-1.));
#1719=DIRECTION('',(0.,1.,0.));
#1720=DIRECTION('',(0.,-1.,0.));
#1721=DIRECTION('',(0.,0.,-1.));
#1722=DIRECTION('',(0.,1.,0.));
#1723=DIRECTION('',(0.,0.,1.));
#1724=DIRECTION('',(0.,-1.,0.));
#1725=DIRECTION('',(0.,0.,-1.));
#1726=DIRECTION('',(0.,1.,0.));
#1727=DIRECTION('',(0.,-1.,0.));
#1728=DIRECTION('',(0.,0.,-1.));
#1729=DIRECTION('',(0.,1.,0.));
#1730=DIRECTION('',(0.,1.,0.));
#1731=DIRECTION('',(0.,0.,1.));
#1732=DIRECTION('',(0.,1.,0.));
#1733=DIRECTION('',(0.,-1.,0.));
#1734=DIRECTION('',(0.,0.,-1.));
#1735=DIRECTION('',(0.,1.,0.));
#1736=DIRECTION('',(0.,-1.,0.));
#1737=DIRECTION('',(0.,0.,-1.));
#1738=DIRECTION('',(0.,1.,0.));
#1739=DIRECTION('',(0.,0.,1.));
#1740=DIRECTION('',(0.,1.,0.));
#1741=DIRECTION('',(0.,-1.,0.));
#1742=DIRECTION('',(0.,0.,-1.));
#1743=DIRECTION('',(0.,1.,0.));
#1744=DIRECTION('',(0.,-1.,0.));
#1745=DIRECTION('',(0.,0.,-1.));
#1746=DIRECTION('',(0.,1.,0.));
#1747=DIRECTION('',(0.,0.,1.));
#1748=DIRECTION('',(0.,1.,0.));
#1749=DIRECTION('',(0.,-1.,0.));
#1750=DIRECTION('',(0.,0.,-1.));
#1751=DIRECTION('',(0.,1.,0.));
#1752=DIRECTION('',(0.,-1.,0.));
#1753=DIRECTION('',(0.,0.,-1.));
#1754=DIRECTION('',(0.,1.,0.));
#1755=DIRECTION('',(0.,0.,1.));
#1756=DIRECTION('',(0.,-1.,0.));
#1757=DIRECTION('',(0.,0.,-1.));
#1758=DIRECTION('',(0.,1.,0.));
#1759=DIRECTION('',(0.,-1.,0.));
#1760=DIRECTION('',(0.,0.,-1.));
#1761=DIRECTION('',(0.,1.,0.));
#1762=DIRECTION('',(0.,1.,0.));
#1763=DIRECTION('',(0.,0.,1.));
#1764=DIRECTION('',(0.,-1.,0.));
#1765=DIRECTION('',(0.,0.,-1.));
#1766=DIRECTION('',(0.,1.,0.));
#1767=DIRECTION('',(0.,-1.,0.));
#1768=DIRECTION('',(0.,0.,-1.));
#1769=DIRECTION('',(0.,1.,0.));
#1770=DIRECTION('',(0.,1.,0.));
#1771=DIRECTION('',(0.,0.,1.));
#1772=DIRECTION('',(0.,-1.,0.));
#1773=DIRECTION('',(0.,0.,-1.));
#1774=DIRECTION('',(0.,1.,0.));
#1775=DIRECTION('',(0.,-1.,0.));
#1776=DIRECTION('',(0.,0.,-1.));
#1777=DIRECTION('',(0.,1.,0.));
#1778=DIRECTION('',(0.,1.,0.));
#1779=DIRECTION('',(0.,0.,1.));
#1780=DIRECTION('',(0.,1.,0.));
#1781=DIRECTION('',(0.,-1.,0.));
#1782=DIRECTION('',(0.,0.,-1.));
#1783=DIRECTION('',(0.,1.,0.));
#1784=DIRECTION('',(0.,-1.,0.));
#1785=DIRECTION('',(0.,0.,-1.));
#1786=DIRECTION('',(0.,1.,0.));
#1787=DIRECTION('',(0.,0.,1.));
#1788=DIRECTION('',(0.,-1.,0.));
#1789=DIRECTION('',(0.,0.,-1.));
#1790=DIRECTION('',(0.,1.,0.));
#1791=DIRECTION('',(0.,-1.,0.));
#1792=DIRECTION('',(0.,0.,-1.));
#1793=DIRECTION('',(0.,1.,0.));
#1794=DIRECTION('',(0.,-1.,0.));
#1795=DIRECTION('',(1.,0.,0.));
#1796=DIRECTION('',(0.,-1.,0.));
#1797=DIRECTION('',(0.,0.,-1.));
#1798=DIRECTION('',(0.,-1.,0.));
#1799=DIRECTION('',(-0.239315664287558,0.,0.970941817426052));
#1800=DIRECTION('',(0.,-1.,0.));
#1801=DIRECTION('',(-0.663122658240795,0.,0.748510748171101));
#1802=DIRECTION('',(0.,-1.,0.));
#1803=DIRECTION('',(-0.663122658240795,0.,0.748510748171101));
#1804=DIRECTION('',(0.,-1.,0.));
#1805=DIRECTION('',(-0.663122658240795,0.,0.748510748171101));
#1806=DIRECTION('',(0.,-1.,0.));
#1807=DIRECTION('',(-0.935016242685415,0.,0.354604887042536));
#1808=DIRECTION('',(0.,-1.,0.));
#1809=DIRECTION('',(-0.935016242685415,0.,0.354604887042536));
#1810=DIRECTION('',(0.,-1.,0.));
#1811=DIRECTION('',(-0.935016242685415,0.,0.354604887042536));
#1812=DIRECTION('',(0.,-1.,0.));
#1813=DIRECTION('',(-0.992708874098054,0.,-0.120536680255322));
#1814=DIRECTION('',(0.,-1.,0.));
#1815=DIRECTION('',(-0.992708874098054,0.,-0.120536680255322));
#1816=DIRECTION('',(0.,-1.,0.));
#1817=DIRECTION('',(-0.992708874098054,0.,-0.120536680255322));
#1818=DIRECTION('',(0.,-1.,0.));
#1819=DIRECTION('',(-0.822983865893656,0.,-0.568064746731156));
#1820=DIRECTION('',(0.,-1.,0.));
#1821=DIRECTION('',(-0.822983865893656,0.,-0.568064746731156));
#1822=DIRECTION('',(0.,-1.,0.));
#1823=DIRECTION('',(-0.822983865893656,0.,-0.568064746731156));
#1824=DIRECTION('',(0.,-1.,0.));
#1825=DIRECTION('',(-0.464723172043768,0.,-0.88545602565321));
#1826=DIRECTION('',(0.,-1.,0.));
#1827=DIRECTION('',(-0.464723172043768,0.,-0.88545602565321));
#1828=DIRECTION('',(0.,-1.,0.));
#1829=DIRECTION('',(-0.464723172043768,0.,-0.88545602565321));
#1830=DIRECTION('',(0.,-1.,0.));
#1831=DIRECTION('',(0.,0.,-1.));
#1832=DIRECTION('',(0.,-1.,0.));
#1833=DIRECTION('',(0.,0.,-1.));
#1834=DIRECTION('',(0.,-1.,0.));
#1835=DIRECTION('',(0.,0.,-1.));
#1836=DIRECTION('',(0.,-1.,0.));
#1837=DIRECTION('',(0.,0.,-1.));
#1838=DIRECTION('',(0.,-1.,0.));
#1839=DIRECTION('',(0.464723172043769,0.,-0.88545602565321));
#1840=DIRECTION('',(0.,-1.,0.));
#1841=DIRECTION('',(0.464723172043769,0.,-0.88545602565321));
#1842=DIRECTION('',(0.,-1.,0.));
#1843=DIRECTION('',(0.464723172043769,0.,-0.88545602565321));
#1844=DIRECTION('',(0.,-1.,0.));
#1845=DIRECTION('',(0.822983865893657,0.,-0.568064746731156));
#1846=DIRECTION('',(0.,-1.,0.));
#1847=DIRECTION('',(0.822983865893657,0.,-0.568064746731156));
#1848=DIRECTION('',(0.,-1.,0.));
#1849=DIRECTION('',(0.822983865893657,0.,-0.568064746731156));
#1850=DIRECTION('',(0.,-1.,0.));
#1851=DIRECTION('',(0.992708874098054,0.,-0.120536680255323));
#1852=DIRECTION('',(0.,-1.,0.));
#1853=DIRECTION('',(0.992708874098054,0.,-0.120536680255323));
#1854=DIRECTION('',(0.,-1.,0.));
#1855=DIRECTION('',(0.992708874098054,0.,-0.120536680255323));
#1856=DIRECTION('',(0.,-1.,0.));
#1857=DIRECTION('',(0.935016242685415,0.,0.354604887042535));
#1858=DIRECTION('',(0.,-1.,0.));
#1859=DIRECTION('',(0.935016242685415,0.,0.354604887042535));
#1860=DIRECTION('',(0.,-1.,0.));
#1861=DIRECTION('',(0.935016242685415,0.,0.354604887042535));
#1862=DIRECTION('',(0.,-1.,0.));
#1863=DIRECTION('',(0.663122658240796,0.,0.748510748171101));
#1864=DIRECTION('',(0.,-1.,0.));
#1865=DIRECTION('',(0.663122658240796,0.,0.748510748171101));
#1866=DIRECTION('',(0.,-1.,0.));
#1867=DIRECTION('',(0.663122658240796,0.,0.748510748171101));
#1868=DIRECTION('',(0.,-1.,0.));
#1869=DIRECTION('',(0.239315664287558,0.,0.970941817426052));
#1870=DIRECTION('',(0.,-1.,0.));
#1871=DIRECTION('',(0.239315664287558,0.,0.970941817426052));
#1872=DIRECTION('',(0.,-1.,0.));
#1873=DIRECTION('',(0.239315664287558,0.,0.970941817426052));
#1874=DIRECTION('',(0.,-1.,0.));
#1875=DIRECTION('',(-0.239315664287558,0.,0.970941817426052));
#1876=DIRECTION('',(0.,-1.,0.));
#1877=DIRECTION('',(-0.239315664287558,0.,0.970941817426052));
#1878=DIRECTION('',(0.,1.,0.));
#1879=DIRECTION('',(0.,0.,1.));
#1880=DIRECTION('',(0.,-1.,0.));
#1881=DIRECTION('',(0.,0.,-1.));
#1882=DIRECTION('',(0.,1.,0.));
#1883=DIRECTION('',(0.,0.,1.));
#1884=DIRECTION('',(0.,1.,0.));
#1885=DIRECTION('',(0.,-1.,0.));
#1886=DIRECTION('',(0.,0.,-1.));
#1887=DIRECTION('',(0.,1.,0.));
#1888=DIRECTION('',(0.,-1.,0.));
#1889=DIRECTION('',(1.,0.,0.));
#1890=DIRECTION('',(0.,-1.,0.));
#1891=DIRECTION('',(-0.239315664287558,0.,0.970941817426052));
#1892=DIRECTION('',(0.,-1.,0.));
#1893=DIRECTION('',(0.239315664287558,0.,0.970941817426052));
#1894=DIRECTION('',(0.,-1.,0.));
#1895=DIRECTION('',(0.239315664287558,0.,0.970941817426052));
#1896=DIRECTION('',(0.,-1.,0.));
#1897=DIRECTION('',(0.239315664287558,0.,0.970941817426052));
#1898=DIRECTION('',(0.,-1.,0.));
#1899=DIRECTION('',(0.663122658240796,0.,0.748510748171101));
#1900=DIRECTION('',(0.,-1.,0.));
#1901=DIRECTION('',(0.663122658240796,0.,0.748510748171101));
#1902=DIRECTION('',(0.,-1.,0.));
#1903=DIRECTION('',(0.663122658240796,0.,0.748510748171101));
#1904=DIRECTION('',(0.,-1.,0.));
#1905=DIRECTION('',(0.935016242685415,0.,0.354604887042535));
#1906=DIRECTION('',(0.,-1.,0.));
#1907=DIRECTION('',(0.935016242685415,0.,0.354604887042535));
#1908=DIRECTION('',(0.,-1.,0.));
#1909=DIRECTION('',(0.935016242685415,0.,0.354604887042535));
#1910=DIRECTION('',(0.,-1.,0.));
#1911=DIRECTION('',(0.992708874098054,0.,-0.120536680255323));
#1912=DIRECTION('',(0.,-1.,0.));
#1913=DIRECTION('',(0.992708874098054,0.,-0.120536680255323));
#1914=DIRECTION('',(0.,-1.,0.));
#1915=DIRECTION('',(0.992708874098054,0.,-0.120536680255323));
#1916=DIRECTION('',(0.,-1.,0.));
#1917=DIRECTION('',(0.822983865893657,0.,-0.568064746731156));
#1918=DIRECTION('',(0.,-1.,0.));
#1919=DIRECTION('',(0.822983865893657,0.,-0.568064746731156));
#1920=DIRECTION('',(0.,-1.,0.));
#1921=DIRECTION('',(0.822983865893657,0.,-0.568064746731156));
#1922=DIRECTION('',(0.,-1.,0.));
#1923=DIRECTION('',(0.464723172043769,0.,-0.88545602565321));
#1924=DIRECTION('',(0.,-1.,0.));
#1925=DIRECTION('',(0.464723172043769,0.,-0.88545602565321));
#1926=DIRECTION('',(0.,-1.,0.));
#1927=DIRECTION('',(0.464723172043769,0.,-0.88545602565321));
#1928=DIRECTION('',(0.,-1.,0.));
#1929=DIRECTION('',(0.,0.,-1.));
#1930=DIRECTION('',(0.,-1.,0.));
#1931=DIRECTION('',(0.,0.,-1.));
#1932=DIRECTION('',(0.,-1.,0.));
#1933=DIRECTION('',(0.,0.,-1.));
#1934=DIRECTION('',(0.,-1.,0.));
#1935=DIRECTION('',(-0.464723172043768,0.,-0.88545602565321));
#1936=DIRECTION('',(0.,-1.,0.));
#1937=DIRECTION('',(-0.464723172043768,0.,-0.88545602565321));
#1938=DIRECTION('',(0.,-1.,0.));
#1939=DIRECTION('',(-0.464723172043768,0.,-0.88545602565321));
#1940=DIRECTION('',(0.,-1.,0.));
#1941=DIRECTION('',(-0.822983865893656,0.,-0.568064746731156));
#1942=DIRECTION('',(0.,-1.,0.));
#1943=DIRECTION('',(-0.822983865893656,0.,-0.568064746731156));
#1944=DIRECTION('',(0.,-1.,0.));
#1945=DIRECTION('',(-0.822983865893656,0.,-0.568064746731156));
#1946=DIRECTION('',(0.,-1.,0.));
#1947=DIRECTION('',(-0.992708874098054,0.,-0.120536680255322));
#1948=DIRECTION('',(0.,-1.,0.));
#1949=DIRECTION('',(-0.992708874098054,0.,-0.120536680255322));
#1950=DIRECTION('',(0.,-1.,0.));
#1951=DIRECTION('',(-0.992708874098054,0.,-0.120536680255322));
#1952=DIRECTION('',(0.,-1.,0.));
#1953=DIRECTION('',(-0.935016242685415,0.,0.354604887042536));
#1954=DIRECTION('',(0.,-1.,0.));
#1955=DIRECTION('',(-0.935016242685415,0.,0.354604887042536));
#1956=DIRECTION('',(0.,-1.,0.));
#1957=DIRECTION('',(-0.935016242685415,0.,0.354604887042536));
#1958=DIRECTION('',(0.,-1.,0.));
#1959=DIRECTION('',(-0.663122658240795,0.,0.748510748171101));
#1960=DIRECTION('',(0.,-1.,0.));
#1961=DIRECTION('',(-0.663122658240795,0.,0.748510748171101));
#1962=DIRECTION('',(0.,-1.,0.));
#1963=DIRECTION('',(-0.663122658240795,0.,0.748510748171101));
#1964=DIRECTION('',(0.,-1.,0.));
#1965=DIRECTION('',(-0.239315664287558,0.,0.970941817426052));
#1966=DIRECTION('',(0.,-1.,0.));
#1967=DIRECTION('',(-0.239315664287558,0.,0.970941817426052));
#1968=DIRECTION('',(0.,1.,0.));
#1969=DIRECTION('',(0.,1.,0.));
#1970=DIRECTION('',(0.,1.,0.));
#1971=DIRECTION('',(0.,0.,1.));
#1972=DIRECTION('',(0.,1.,0.));
#1973=DIRECTION('',(0.,1.,0.));
#1974=DIRECTION('',(0.,1.,0.));
#1975=DIRECTION('',(0.,0.,1.));
#1976=DIRECTION('',(0.,1.,0.));
#1977=DIRECTION('',(0.,0.,1.));
#1978=DIRECTION('',(0.,1.,0.));
#1979=DIRECTION('',(0.,1.,0.));
#1980=DIRECTION('',(0.,1.,0.));
#1981=DIRECTION('',(0.822983865893656,0.,0.568064746731156));
#1982=DIRECTION('',(0.,1.,0.));
#1983=DIRECTION('',(0.,1.,0.));
#1984=DIRECTION('',(0.,1.,0.));
#1985=DIRECTION('',(0.822983865893656,0.,0.568064746731156));
#1986=DIRECTION('',(0.,1.,0.));
#1987=DIRECTION('',(0.822983865893656,0.,0.568064746731156));
#1988=DIRECTION('',(0.,1.,0.));
#1989=DIRECTION('',(0.,1.,0.));
#1990=DIRECTION('',(0.,1.,0.));
#1991=DIRECTION('',(0.464723172043768,0.,0.88545602565321));
#1992=DIRECTION('',(0.,1.,0.));
#1993=DIRECTION('',(0.,1.,0.));
#1994=DIRECTION('',(0.,1.,0.));
#1995=DIRECTION('',(0.464723172043768,0.,0.88545602565321));
#1996=DIRECTION('',(0.,1.,0.));
#1997=DIRECTION('',(0.464723172043768,0.,0.88545602565321));
#1998=DIRECTION('',(0.,1.,0.));
#1999=DIRECTION('',(0.,1.,0.));
#2000=DIRECTION('',(0.,1.,0.));
#2001=DIRECTION('',(0.992708874098054,0.,0.120536680255322));
#2002=DIRECTION('',(0.,1.,0.));
#2003=DIRECTION('',(0.,1.,0.));
#2004=DIRECTION('',(0.,1.,0.));
#2005=DIRECTION('',(0.992708874098054,0.,0.120536680255322));
#2006=DIRECTION('',(0.,1.,0.));
#2007=DIRECTION('',(0.992708874098054,0.,0.120536680255322));
#2008=DIRECTION('',(0.,1.,0.));
#2009=DIRECTION('',(0.,1.,0.));
#2010=DIRECTION('',(0.,1.,0.));
#2011=DIRECTION('',(0.935016242685415,0.,-0.354604887042536));
#2012=DIRECTION('',(0.,1.,0.));
#2013=DIRECTION('',(0.,1.,0.));
#2014=DIRECTION('',(0.,1.,0.));
#2015=DIRECTION('',(0.935016242685415,0.,-0.354604887042536));
#2016=DIRECTION('',(0.,1.,0.));
#2017=DIRECTION('',(0.935016242685415,0.,-0.354604887042536));
#2018=DIRECTION('',(0.,1.,0.));
#2019=DIRECTION('',(0.,1.,0.));
#2020=DIRECTION('',(0.,1.,0.));
#2021=DIRECTION('',(-0.822983865893657,0.,0.568064746731156));
#2022=DIRECTION('',(0.,1.,0.));
#2023=DIRECTION('',(0.,1.,0.));
#2024=DIRECTION('',(0.,1.,0.));
#2025=DIRECTION('',(-0.822983865893657,0.,0.568064746731156));
#2026=DIRECTION('',(0.,1.,0.));
#2027=DIRECTION('',(-0.822983865893657,0.,0.568064746731156));
#2028=DIRECTION('',(0.,1.,0.));
#2029=DIRECTION('',(0.,1.,0.));
#2030=DIRECTION('',(0.,1.,0.));
#2031=DIRECTION('',(-0.464723172043769,0.,0.88545602565321));
#2032=DIRECTION('',(0.,1.,0.));
#2033=DIRECTION('',(0.,1.,0.));
#2034=DIRECTION('',(0.,1.,0.));
#2035=DIRECTION('',(-0.464723172043769,0.,0.88545602565321));
#2036=DIRECTION('',(0.,1.,0.));
#2037=DIRECTION('',(-0.464723172043769,0.,0.88545602565321));
#2038=DIRECTION('',(0.,1.,0.));
#2039=DIRECTION('',(0.,1.,0.));
#2040=DIRECTION('',(0.,1.,0.));
#2041=DIRECTION('',(-0.992708874098054,0.,0.120536680255323));
#2042=DIRECTION('',(0.,1.,0.));
#2043=DIRECTION('',(0.,1.,0.));
#2044=DIRECTION('',(0.,1.,0.));
#2045=DIRECTION('',(-0.992708874098054,0.,0.120536680255323));
#2046=DIRECTION('',(0.,1.,0.));
#2047=DIRECTION('',(-0.992708874098054,0.,0.120536680255323));
#2048=DIRECTION('',(0.,1.,0.));
#2049=DIRECTION('',(0.,1.,0.));
#2050=DIRECTION('',(0.,1.,0.));
#2051=DIRECTION('',(-0.935016242685415,0.,-0.354604887042535));
#2052=DIRECTION('',(0.,1.,0.));
#2053=DIRECTION('',(0.,1.,0.));
#2054=DIRECTION('',(0.,1.,0.));
#2055=DIRECTION('',(-0.935016242685415,0.,-0.354604887042535));
#2056=DIRECTION('',(0.,1.,0.));
#2057=DIRECTION('',(-0.935016242685415,0.,-0.354604887042535));
#2058=DIRECTION('',(0.,1.,0.));
#2059=DIRECTION('',(0.,1.,0.));
#2060=DIRECTION('',(0.,1.,0.));
#2061=DIRECTION('',(-0.239315664287558,0.,-0.970941817426052));
#2062=DIRECTION('',(0.,1.,0.));
#2063=DIRECTION('',(0.,1.,0.));
#2064=DIRECTION('',(0.,1.,0.));
#2065=DIRECTION('',(-0.239315664287558,0.,-0.970941817426052));
#2066=DIRECTION('',(0.,1.,0.));
#2067=DIRECTION('',(-0.239315664287558,0.,-0.970941817426052));
#2068=DIRECTION('',(0.,1.,0.));
#2069=DIRECTION('',(0.,1.,0.));
#2070=DIRECTION('',(0.,1.,0.));
#2071=DIRECTION('',(-0.663122658240796,0.,-0.748510748171101));
#2072=DIRECTION('',(0.,1.,0.));
#2073=DIRECTION('',(0.,1.,0.));
#2074=DIRECTION('',(0.,1.,0.));
#2075=DIRECTION('',(-0.663122658240796,0.,-0.748510748171101));
#2076=DIRECTION('',(0.,1.,0.));
#2077=DIRECTION('',(-0.663122658240796,0.,-0.748510748171101));
#2078=DIRECTION('',(0.,1.,0.));
#2079=DIRECTION('',(0.,1.,0.));
#2080=DIRECTION('',(0.,1.,0.));
#2081=DIRECTION('',(0.663122658240795,0.,-0.748510748171101));
#2082=DIRECTION('',(0.,1.,0.));
#2083=DIRECTION('',(0.,1.,0.));
#2084=DIRECTION('',(0.,1.,0.));
#2085=DIRECTION('',(0.663122658240795,0.,-0.748510748171101));
#2086=DIRECTION('',(0.,1.,0.));
#2087=DIRECTION('',(0.663122658240795,0.,-0.748510748171101));
#2088=DIRECTION('',(0.,1.,0.));
#2089=DIRECTION('',(0.,1.,0.));
#2090=DIRECTION('',(0.,1.,0.));
#2091=DIRECTION('',(0.239315664287558,0.,-0.970941817426052));
#2092=DIRECTION('',(0.,1.,0.));
#2093=DIRECTION('',(0.,1.,0.));
#2094=DIRECTION('',(0.,1.,0.));
#2095=DIRECTION('',(0.239315664287558,0.,-0.970941817426052));
#2096=DIRECTION('',(0.,1.,0.));
#2097=DIRECTION('',(0.239315664287558,0.,-0.970941817426052));
#2098=CARTESIAN_POINT('',(0.,0.,0.));
#2099=CARTESIAN_POINT('',(0.,-0.008,4.59242549680258E-19));
#2100=CARTESIAN_POINT('',(-0.00749330098519254,-0.008,-0.000316923248299257));
#2101=CARTESIAN_POINT('',(-0.00749330098519254,-0.008,-0.000316923248299257));
#2102=CARTESIAN_POINT('',(-0.00749330098519254,0.,-0.000316923248299257));
#2103=CARTESIAN_POINT('',(0.,-0.008,4.59242549680258E-19));
#2104=CARTESIAN_POINT('',(-0.00749330098519254,-0.008,0.000316923248299256));
#2105=CARTESIAN_POINT('',(-0.00749330098519254,-0.008,0.000316923248299256));
#2106=CARTESIAN_POINT('',(-0.00749330098519254,0.,0.000316923248299256));
#2107=CARTESIAN_POINT('',(0.,0.,4.59242549680258E-19));
#2108=CARTESIAN_POINT('',(0.,-0.008,4.59242549680258E-19));
#2109=CARTESIAN_POINT('',(0.,-0.008,4.59242549680258E-19));
#2110=CARTESIAN_POINT('',(-0.00678227008661591,-0.008,-0.00320168900304121));
#2111=CARTESIAN_POINT('',(-0.00648770693212782,-0.008,-0.00376293220279354));
#2112=CARTESIAN_POINT('',(-0.00678227008661591,-0.008,-0.00320168900304121));
#2113=CARTESIAN_POINT('',(-0.00678227008661591,0.,-0.00320168900304121));
#2114=CARTESIAN_POINT('',(0.,0.,4.59242549680258E-19));
#2115=CARTESIAN_POINT('',(-0.00648770693212782,0.,-0.00376293220279354));
#2116=CARTESIAN_POINT('',(-0.00648770693212782,-0.008,-0.00376293220279354));
#2117=CARTESIAN_POINT('',(0.,-0.008,4.59242549680258E-19));
#2118=CARTESIAN_POINT('',(-0.00451750284641062,-0.008,0.00598683288832017));
#2119=CARTESIAN_POINT('',(-0.00451750284641062,-0.008,0.00598683288832017));
#2120=CARTESIAN_POINT('',(-0.00451750284641062,0.,0.00598683288832017));
#2121=CARTESIAN_POINT('',(0.,-0.008,4.59242549680258E-19));
#2122=CARTESIAN_POINT('',(-0.00399585740625683,-0.008,0.00634689873787683));
#2123=CARTESIAN_POINT('',(-0.00399585740625683,-0.008,0.00634689873787683));
#2124=CARTESIAN_POINT('',(-0.00399585740625683,0.,0.00634689873787683));
#2125=CARTESIAN_POINT('',(0.,0.,4.59242549680258E-19));
#2126=CARTESIAN_POINT('',(0.,-0.008,4.59242549680258E-19));
#2127=CARTESIAN_POINT('',(0.,-0.008,4.59242549680258E-19));
#2128=CARTESIAN_POINT('',(-0.00648770693212782,-0.008,0.00376293220279354));
#2129=CARTESIAN_POINT('',(-0.00678227008661591,-0.008,0.00320168900304121));
#2130=CARTESIAN_POINT('',(-0.00648770693212782,-0.008,0.00376293220279354));
#2131=CARTESIAN_POINT('',(-0.00648770693212782,0.,0.00376293220279354));
#2132=CARTESIAN_POINT('',(0.,0.,4.59242549680258E-19));
#2133=CARTESIAN_POINT('',(-0.00678227008661591,0.,0.00320168900304121));
#2134=CARTESIAN_POINT('',(-0.00678227008661591,-0.008,0.00320168900304121));
#2135=CARTESIAN_POINT('',(0.,-0.008,4.59242549680258E-19));
#2136=CARTESIAN_POINT('',(-0.0012178301459037,-0.008,0.0074004655080426));
#2137=CARTESIAN_POINT('',(-0.0012178301459037,-0.008,0.0074004655080426));
#2138=CARTESIAN_POINT('',(-0.0012178301459037,0.,0.0074004655080426));
#2139=CARTESIAN_POINT('',(0.,-0.008,4.59242549680258E-19));
#2140=CARTESIAN_POINT('',(-0.000588605103914399,-0.008,0.00747686726053405));
#2141=CARTESIAN_POINT('',(-0.000588605103914399,-0.008,0.00747686726053405));
#2142=CARTESIAN_POINT('',(-0.000588605103914399,0.,0.00747686726053405));
#2143=CARTESIAN_POINT('',(0.,0.,4.59242549680258E-19));
#2144=CARTESIAN_POINT('',(0.,-0.008,4.59242549680258E-19));
#2145=CARTESIAN_POINT('',(0.0023608327645855,-0.008,0.00711874066514996));
#2146=CARTESIAN_POINT('',(0.0023608327645855,-0.008,0.00711874066514996));
#2147=CARTESIAN_POINT('',(0.0023608327645855,0.,0.00711874066514996));
#2148=CARTESIAN_POINT('',(0.,-0.008,4.59242549680258E-19));
#2149=CARTESIAN_POINT('',(0.00295348953427435,-0.008,0.00689397559982134));
#2150=CARTESIAN_POINT('',(0.00295348953427435,-0.008,0.00689397559982134));
#2151=CARTESIAN_POINT('',(0.00295348953427435,0.,0.00689397559982134));
#2152=CARTESIAN_POINT('',(0.,0.,4.59242549680258E-19));
#2153=CARTESIAN_POINT('',(0.,-0.008,4.59242549680258E-19));
#2154=CARTESIAN_POINT('',(0.00719971457938836,-0.008,0.00210097833766621));
#2155=CARTESIAN_POINT('',(0.00719971457938836,-0.008,0.00210097833766621));
#2156=CARTESIAN_POINT('',(0.00719971457938836,0.,0.00210097833766621));
#2157=CARTESIAN_POINT('',(0.,-0.008,4.59242549680258E-19));
#2158=CARTESIAN_POINT('',(0.00735140397477818,-0.008,0.00148555026828972));
#2159=CARTESIAN_POINT('',(0.00735140397477818,-0.008,0.00148555026828972));
#2160=CARTESIAN_POINT('',(0.00735140397477818,0.,0.00148555026828972));
#2161=CARTESIAN_POINT('',(0.,0.,4.59242549680258E-19));
#2162=CARTESIAN_POINT('',(0.,-0.008,4.59242549680258E-19));
#2163=CARTESIAN_POINT('',(0.,-0.008,4.59242549680258E-19));
#2164=CARTESIAN_POINT('',(0.00581897531356823,-0.008,0.00473175721060196));
#2165=CARTESIAN_POINT('',(0.00539865733982721,-0.008,0.00520619812599654));
#2166=CARTESIAN_POINT('',(0.00581897531356823,-0.008,0.00473175721060196));
#2167=CARTESIAN_POINT('',(0.00581897531356823,0.,0.00473175721060196));
#2168=CARTESIAN_POINT('',(0.,0.,4.59242549680258E-19));
#2169=CARTESIAN_POINT('',(0.00539865733982721,0.,0.00520619812599654));
#2170=CARTESIAN_POINT('',(0.00539865733982721,-0.008,0.00520619812599654));
#2171=CARTESIAN_POINT('',(0.,-0.008,4.59242549680258E-19));
#2172=CARTESIAN_POINT('',(0.,-0.008,4.59242549680258E-19));
#2173=CARTESIAN_POINT('',(-0.00451750284641062,-0.008,-0.00598683288832017));
#2174=CARTESIAN_POINT('',(-0.00399585740625683,-0.008,-0.00634689873787683));
#2175=CARTESIAN_POINT('',(-0.00451750284641062,-0.008,-0.00598683288832017));
#2176=CARTESIAN_POINT('',(-0.00451750284641062,0.,-0.00598683288832017));
#2177=CARTESIAN_POINT('',(0.,0.,4.59242549680258E-19));
#2178=CARTESIAN_POINT('',(-0.00399585740625683,0.,-0.00634689873787683));
#2179=CARTESIAN_POINT('',(-0.00399585740625683,-0.008,-0.00634689873787683));
#2180=CARTESIAN_POINT('',(0.,-0.008,4.59242549680258E-19));
#2181=CARTESIAN_POINT('',(0.,-0.008,4.59242549680258E-19));
#2182=CARTESIAN_POINT('',(-0.0012178301459037,-0.008,-0.0074004655080426));
#2183=CARTESIAN_POINT('',(-0.000588605103914404,-0.008,-0.00747686726053405));
#2184=CARTESIAN_POINT('',(-0.0012178301459037,-0.008,-0.0074004655080426));
#2185=CARTESIAN_POINT('',(-0.0012178301459037,0.,-0.0074004655080426));
#2186=CARTESIAN_POINT('',(0.,0.,4.59242549680258E-19));
#2187=CARTESIAN_POINT('',(-0.000588605103914404,0.,-0.00747686726053405));
#2188=CARTESIAN_POINT('',(-0.000588605103914404,-0.008,-0.00747686726053405));
#2189=CARTESIAN_POINT('',(0.,-0.008,4.59242549680258E-19));
#2190=CARTESIAN_POINT('',(0.00581897531356823,-0.008,-0.00473175721060195));
#2191=CARTESIAN_POINT('',(0.00581897531356823,-0.008,-0.00473175721060195));
#2192=CARTESIAN_POINT('',(0.00581897531356823,0.,-0.00473175721060195));
#2193=CARTESIAN_POINT('',(0.,-0.008,4.59242549680258E-19));
#2194=CARTESIAN_POINT('',(0.00539865733982721,-0.008,-0.00520619812599653));
#2195=CARTESIAN_POINT('',(0.00539865733982721,-0.008,-0.00520619812599653));
#2196=CARTESIAN_POINT('',(0.00539865733982721,0.,-0.00520619812599653));
#2197=CARTESIAN_POINT('',(0.,0.,4.59242549680258E-19));
#2198=CARTESIAN_POINT('',(0.,-0.008,4.59242549680258E-19));
#2199=CARTESIAN_POINT('',(0.,-0.008,4.59242549680258E-19));
#2200=CARTESIAN_POINT('',(0.00236083276458549,-0.008,-0.00711874066514996));
#2201=CARTESIAN_POINT('',(0.00295348953427436,-0.008,-0.00689397559982133));
#2202=CARTESIAN_POINT('',(0.00236083276458549,-0.008,-0.00711874066514996));
#2203=CARTESIAN_POINT('',(0.00236083276458549,0.,-0.00711874066514996));
#2204=CARTESIAN_POINT('',(0.,0.,4.59242549680258E-19));
#2205=CARTESIAN_POINT('',(0.00295348953427436,0.,-0.00689397559982133));
#2206=CARTESIAN_POINT('',(0.00295348953427436,-0.008,-0.00689397559982133));
#2207=CARTESIAN_POINT('',(0.,-0.008,0.));
#2208=CARTESIAN_POINT('',(0.,-0.008,1.53080849893419E-19));
#2209=CARTESIAN_POINT('',(0.,-0.008,-0.0025));
#2210=CARTESIAN_POINT('',(-0.00545164413891609,-0.008,-0.00153498215738193));
#2211=CARTESIAN_POINT('',(-0.00531089949239685,-0.008,-0.00192391998546816));
#2212=CARTESIAN_POINT('',(-0.00505350475450338,-0.008,-0.0014228807737164));
#2213=CARTESIAN_POINT('',(-0.00493603615958656,-0.008,-0.00178830842732845));
#2214=CARTESIAN_POINT('',(-0.00532485204119945,-0.008,-0.00192894888813999));
#2215=CARTESIAN_POINT('',(-0.0057390608428915,-0.008,-0.00207877434408721));
#2216=CARTESIAN_POINT('',(-0.00574685747795775,-0.008,-0.00208219118172644));
#2217=CARTESIAN_POINT('',(-0.00575333214813484,-0.008,-0.00208486919606031));
#2218=CARTESIAN_POINT('',(-0.00576084941722602,-0.008,-0.00208822594245659));
#2219=CARTESIAN_POINT('',(-0.00577090322025439,-0.008,-0.0020929202625666));
#2220=CARTESIAN_POINT('',(-0.00578292811953872,-0.008,-0.00209884556450104));
#2221=CARTESIAN_POINT('',(-0.0057970413366287,-0.008,-0.00210614852269623));
#2222=CARTESIAN_POINT('',(-0.00581314107856472,-0.008,-0.00211489396767632));
#2223=CARTESIAN_POINT('',(-0.00583118959910274,-0.008,-0.00212516997323884));
#2224=CARTESIAN_POINT('',(-0.00585112671434172,-0.008,-0.00213705563964449));
#2225=CARTESIAN_POINT('',(-0.0058728957269984,-0.008,-0.00215063064359476));
#2226=CARTESIAN_POINT('',(-0.00589643581664708,-0.008,-0.00216597232921674));
#2227=CARTESIAN_POINT('',(-0.0059216843126286,-0.008,-0.00218315647158943));
#2228=CARTESIAN_POINT('',(-0.00594857609277211,-0.008,-0.00220225697294732));
#2229=CARTESIAN_POINT('',(-0.00597704381587638,-0.008,-0.0022233458692811));
#2230=CARTESIAN_POINT('',(-0.00600701791768059,-0.008,-0.00224649324970616));
#2231=CARTESIAN_POINT('',(-0.00603842667663946,-0.008,-0.00227176720245124));
#2232=CARTESIAN_POINT('',(-0.00607119626201075,-0.008,-0.00229923375500216));
#2233=CARTESIAN_POINT('',(-0.00610525078894421,-0.008,-0.00232895681761812));
#2234=CARTESIAN_POINT('',(-0.00614051237350856,-0.008,-0.00236099812764193));
#2235=CARTESIAN_POINT('',(-0.00617690118957702,-0.008,-0.00239541719535985));
#2236=CARTESIAN_POINT('',(-0.00621433552696908,-0.008,-0.00243227125124463));
#2237=CARTESIAN_POINT('',(-0.00625273185098276,-0.008,-0.00247161519462773));
#2238=CARTESIAN_POINT('',(-0.00629200486315574,-0.008,-0.00251350154397476));
#2239=CARTESIAN_POINT('',(-0.00633206756353644,-0.008,-0.00255798038817959));
#2240=CARTESIAN_POINT('',(-0.00637283131324034,-0.008,-0.00260509934128949));
#2241=CARTESIAN_POINT('',(-0.00641420590180659,-0.008,-0.00265490349151912));
#2242=CARTESIAN_POINT('',(-0.00645609960182629,-0.008,-0.00270743537981969));
#2243=CARTESIAN_POINT('',(-0.00649841927793237,-0.008,-0.00276273487278297));
#2244=CARTESIAN_POINT('',(-0.00654107029272515,-0.008,-0.002820839448479));
#2245=CARTESIAN_POINT('',(-0.00658395719554955,-0.008,-0.00288178290878932));
#2246=CARTESIAN_POINT('',(-0.00662698142055192,-0.008,-0.00294560012102249));
#2247=CARTESIAN_POINT('',(-0.0066700504245242,-0.008,-0.00301230871474068));
#2248=CARTESIAN_POINT('',(-0.0067130431222791,-0.008,-0.00308197883216215));
#2249=CARTESIAN_POINT('',(-0.00675051741810459,-0.008,-0.00314530032135763));
#2250=CARTESIAN_POINT('',(-0.00677340740868666,-0.008,-0.00318587137604029));
#2251=CARTESIAN_POINT('',(-0.00678227008661591,-0.008,-0.00320168900304121));
#2252=CARTESIAN_POINT('',(-0.00427573711378434,-0.008,-0.0030464031469599));
#2253=CARTESIAN_POINT('',(-0.00461235453923756,-0.008,-0.00328649945657946));
#2254=CARTESIAN_POINT('',(-0.00497095589020929,-0.008,-0.00354227605779663));
#2255=CARTESIAN_POINT('',(-0.00497819688598303,-0.008,-0.00354675157765626));
#2256=CARTESIAN_POINT('',(-0.00498407888044675,-0.008,-0.00355055884121468));
#2257=CARTESIAN_POINT('',(-0.00499111172413518,-0.008,-0.00355483858310086));
#2258=CARTESIAN_POINT('',(-0.00500068628491805,-0.008,-0.00356044602301971));
#2259=CARTESIAN_POINT('',(-0.00501239363417706,-0.008,-0.00356697636597702));
#2260=CARTESIAN_POINT('',(-0.00502642107203678,-0.008,-0.00357444276284039));
#2261=CARTESIAN_POINT('',(-0.00504276412798077,-0.008,-0.00358272461171112));
#2262=CARTESIAN_POINT('',(-0.00506147384301286,-0.008,-0.00359174081641988));
#2263=CARTESIAN_POINT('',(-0.00508258112701889,-0.008,-0.00360139691251757));
#2264=CARTESIAN_POINT('',(-0.00510611934491081,-0.008,-0.00361160097752956));
#2265=CARTESIAN_POINT('',(-0.00513211759971762,-0.008,-0.00362225902075483));
#2266=CARTESIAN_POINT('',(-0.00516060265211464,-0.008,-0.00363327642010097));
#2267=CARTESIAN_POINT('',(-0.00519159832883904,-0.008,-0.00364455759981793));
#2268=CARTESIAN_POINT('',(-0.00522512566018648,-0.008,-0.00365600621807678));
#2269=CARTESIAN_POINT('',(-0.00526120281136392,-0.008,-0.00366752520945766));
#2270=CARTESIAN_POINT('',(-0.00529984507540359,-0.008,-0.00367901686976352));
#2271=CARTESIAN_POINT('',(-0.00534106485121915,-0.008,-0.0036903829295977));
#2272=CARTESIAN_POINT('',(-0.00538487162841453,-0.008,-0.00370152463178757));
#2273=CARTESIAN_POINT('',(-0.00543127197271111,-0.008,-0.00371234280830625));
#2274=CARTESIAN_POINT('',(-0.00548026951370583,-0.008,-0.00372273795784367));
#2275=CARTESIAN_POINT('',(-0.00553186493448142,-0.008,-0.00373261032362556));
#2276=CARTESIAN_POINT('',(-0.00558605596318258,-0.008,-0.00374185997156511));
#2277=CARTESIAN_POINT('',(-0.00564283736660979,-0.008,-0.00375038686851521));
#2278=CARTESIAN_POINT('',(-0.00570220094550909,-0.008,-0.00375809096118454));
#2279=CARTESIAN_POINT('',(-0.0057641355328477,-0.008,-0.00376487225333956));
#2280=CARTESIAN_POINT('',(-0.00582862699011621,-0.008,-0.00377063089020122));
#2281=CARTESIAN_POINT('',(-0.00589565822072383,-0.008,-0.00377526721557725));
#2282=CARTESIAN_POINT('',(-0.00596520912731366,-0.008,-0.00377868193375786));
#2283=CARTESIAN_POINT('',(-0.00603725679356217,-0.008,-0.00378077586971962));
#2284=CARTESIAN_POINT('',(-0.00611177481572032,-0.008,-0.00378145126745616));
#2285=CARTESIAN_POINT('',(-0.00618873589723381,-0.008,-0.00378060720197136));
#2286=CARTESIAN_POINT('',(-0.00626810197641381,-0.008,-0.00377815749696534));
#2287=CARTESIAN_POINT('',(-0.00634986199494803,-0.008,-0.0037739626559611));
#2288=CARTESIAN_POINT('',(-0.0064232623852873,-0.008,-0.00376883269108873));
#2289=CARTESIAN_POINT('',(-0.0064696547054161,-0.008,-0.00376462379812531));
#2290=CARTESIAN_POINT('',(-0.00648770693212782,-0.008,-0.00376293220279354));
#2291=CARTESIAN_POINT('',(-0.00460028988237369,-0.008,-0.00327787347634943));
#2292=CARTESIAN_POINT('',(-0.00436015239700172,-0.008,-0.00361464591845166));
#2293=CARTESIAN_POINT('',(-0.00404172581833053,-0.008,-0.00335066447282332));
#2294=CARTESIAN_POINT('',(1.89736161844182E-17,-0.008,1.78230925260439E-17));
#2295=CARTESIAN_POINT('',(-0.00381341056894058,-0.008,-0.00360837911432436));
#2296=CARTESIAN_POINT('',(-0.00411384937531115,-0.008,-0.00389266455761489));
#2297=CARTESIAN_POINT('',(-0.0038084777587762,-0.008,-0.00417164460251972));
#2298=CARTESIAN_POINT('',(-0.00353957459540737,-0.008,-0.0038773588541102));
#2299=CARTESIAN_POINT('',(-0.00381849507958512,-0.008,-0.00418258154743056));
#2300=CARTESIAN_POINT('',(-0.00411563139778126,-0.008,-0.00450773782840604));
#2301=CARTESIAN_POINT('',(-0.00412094709165443,-0.008,-0.00451438656486163));
#2302=CARTESIAN_POINT('',(-0.00412543559206083,-0.008,-0.00451976675805298));
#2303=CARTESIAN_POINT('',(-0.00413053184544105,-0.008,-0.00452623245851331));
#2304=CARTESIAN_POINT('',(-0.00413725248658113,-0.008,-0.00453506130777551));
#2305=CARTESIAN_POINT('',(-0.00414514638100002,-0.008,-0.0045458961514161));
#2306=CARTESIAN_POINT('',(-0.00415424916021593,-0.008,-0.00455892133876892));
#2307=CARTESIAN_POINT('',(-0.00416444056279256,-0.008,-0.00457414696886515));
#2308=CARTESIAN_POINT('',(-0.00417564623615612,-0.008,-0.00459163348562525));
#2309=CARTESIAN_POINT('',(-0.00418777613038473,-0.008,-0.00461142295999831));
#2310=CARTESIAN_POINT('',(-0.00420074301491784,-0.008,-0.00463355959365841));
#2311=CARTESIAN_POINT('',(-0.00421445709233492,-0.008,-0.0046580836067678));
#2312=CARTESIAN_POINT('',(-0.00422882765608816,-0.008,-0.00468503297031924));
#2313=CARTESIAN_POINT('',(-0.0042437626992781,-0.008,-0.00471444285770978));
#2314=CARTESIAN_POINT('',(-0.00425916911743827,-0.008,-0.00474634575862478));
#2315=CARTESIAN_POINT('',(-0.00427495274243872,-0.008,-0.00478077140576986));
#2316=CARTESIAN_POINT('',(-0.00429101842582736,-0.008,-0.00481774675761339));
#2317=CARTESIAN_POINT('',(-0.00430727010922595,-0.008,-0.00485729596773383));
#2318=CARTESIAN_POINT('',(-0.00432361089935821,-0.008,-0.00489944036040696));
#2319=CARTESIAN_POINT('',(-0.00433994314265409,-0.008,-0.00494419840686741));
#2320=CARTESIAN_POINT('',(-0.00435616850077964,-0.008,-0.00499158570380585));
#2321=CARTESIAN_POINT('',(-0.00437218802663632,-0.008,-0.00504161495367498));
#2322=CARTESIAN_POINT('',(-0.00438790224092746,-0.008,-0.00509429594690697));
#2323=CARTESIAN_POINT('',(-0.00440321120906769,-0.008,-0.00514963554612165));
#2324=CARTESIAN_POINT('',(-0.004418014618956,-0.008,-0.00520763767193847));
#2325=CARTESIAN_POINT('',(-0.00443221185740693,-0.008,-0.0052683032919589));
#2326=CARTESIAN_POINT('',(-0.00444570209348618,-0.008,-0.00533163040692277));
#2327=CARTESIAN_POINT('',(-0.00445838433684104,-0.008,-0.00539761405711926));
#2328=CARTESIAN_POINT('',(-0.00447015759327056,-0.008,-0.00546624626049904));
#2329=CARTESIAN_POINT('',(-0.00448092064859133,-0.008,-0.0055375162220525));
#2330=CARTESIAN_POINT('',(-0.00449057327692807,-0.008,-0.00561140951372811));
#2331=CARTESIAN_POINT('',(-0.00449901199890549,-0.008,-0.00568791120315819));
#2332=CARTESIAN_POINT('',(-0.00450614667871633,-0.008,-0.00576699389357158));
#2333=CARTESIAN_POINT('',(-0.00451183750403772,-0.008,-0.00584866342172577));
#2334=CARTESIAN_POINT('',(-0.00451559238176605,-0.008,-0.00592214698951336));
#2335=CARTESIAN_POINT('',(-0.00451700615262881,-0.008,-0.00596870838338059));
#2336=CARTESIAN_POINT('',(-0.00451750284641062,-0.008,-0.00598683288832017));
#2337=CARTESIAN_POINT('',(-0.00237024305773009,-0.008,-0.00468449013738767));
#2338=CARTESIAN_POINT('',(-0.00255672466683511,-0.008,-0.00505351877919924));
#2339=CARTESIAN_POINT('',(-0.00275538508040819,-0.008,-0.00544664806929084));
#2340=CARTESIAN_POINT('',(-0.00275971678596206,-0.008,-0.00545397600384321));
#2341=CARTESIAN_POINT('',(-0.00276315570980515,-0.008,-0.00546008066742738));
#2342=CARTESIAN_POINT('',(-0.00276739408840167,-0.008,-0.00546713851609611));
#2343=CARTESIAN_POINT('',(-0.00277326603367371,-0.008,-0.00547655317781869));
#2344=CARTESIAN_POINT('',(-0.00278059757492587,-0.008,-0.00548777618582369));
#2345=CARTESIAN_POINT('',(-0.00278954844666916,-0.008,-0.0055009062273341));
#2346=CARTESIAN_POINT('',(-0.00280017073695476,-0.008,-0.00551583443711942));
#2347=CARTESIAN_POINT('',(-0.00281254732761613,-0.008,-0.00553251272802506));
#2348=CARTESIAN_POINT('',(-0.00282674948781637,-0.008,-0.00555087182047555));
#2349=CARTESIAN_POINT('',(-0.00284284947922178,-0.008,-0.00557084582660957));
#2350=CARTESIAN_POINT('',(-0.00286091675094151,-0.008,-0.00559236504664648));
#2351=CARTESIAN_POINT('',(-0.00288101897145569,-0.008,-0.00561535813319033));
#2352=CARTESIAN_POINT('',(-0.00290322165455805,-0.008,-0.0056397515309542));
#2353=CARTESIAN_POINT('',(-0.00292758819393095,-0.008,-0.00566546970675085));
#2354=CARTESIAN_POINT('',(-0.00295417978261614,-0.008,-0.00569243515521196));
#2355=CARTESIAN_POINT('',(-0.00298305536732556,-0.008,-0.00572056847059402));
#2356=CARTESIAN_POINT('',(-0.00301427159481775,-0.008,-0.00574978840173006));
#2357=CARTESIAN_POINT('',(-0.0030478827624662,-0.008,-0.00578001191352537));
#2358=CARTESIAN_POINT('',(-0.00308394076960849,-0.008,-0.00581115424829585));
#2359=CARTESIAN_POINT('',(-0.00312249507065756,-0.008,-0.00584312898876474));
#2360=CARTESIAN_POINT('',(-0.00316359262973768,-0.008,-0.00587584812213953));
#2361=CARTESIAN_POINT('',(-0.00320727787690673,-0.008,-0.00590922210539709));
#2362=CARTESIAN_POINT('',(-0.00325359266611804,-0.008,-0.00594315993159547));
#2363=CARTESIAN_POINT('',(-0.00330257623437577,-0.008,-0.00597756919756167));
#2364=CARTESIAN_POINT('',(-0.00335426516433024,-0.008,-0.00601235617144927));
#2365=CARTESIAN_POINT('',(-0.0034086933417828,-0.008,-0.00604742586574953));
#2366=CARTESIAN_POINT('',(-0.0034658919409959,-0.008,-0.0060826820941046));
#2367=CARTESIAN_POINT('',(-0.00352588931166098,-0.008,-0.00611802759482246));
#2368=CARTESIAN_POINT('',(-0.00358871125131277,-0.008,-0.00615336390303449));
#2369=CARTESIAN_POINT('',(-0.00365437981007395,-0.008,-0.00618859218966178));
#2370=CARTESIAN_POINT('',(-0.00372291772023035,-0.008,-0.00622361040471709));
#2371=CARTESIAN_POINT('',(-0.00379433132795373,-0.008,-0.00625832455472765));
#2372=CARTESIAN_POINT('',(-0.00386867566884008,-0.008,-0.00629260598264337));
#2373=CARTESIAN_POINT('',(-0.00393605250029924,-0.008,-0.00632217448656345));
#2374=CARTESIAN_POINT('',(-0.00397908682979007,-0.008,-0.0063400072830964));
#2375=CARTESIAN_POINT('',(-0.00399585740625683,-0.008,-0.00634689873787683));
#2376=CARTESIAN_POINT('',(-0.00255005063661204,-0.008,-0.00504027412742));
#2377=CARTESIAN_POINT('',(-0.00218091349565355,-0.008,-0.00522687386162468));
#2378=CARTESIAN_POINT('',(-0.00202163905761411,-0.008,-0.00484514969022931));
#2379=CARTESIAN_POINT('',(8.51749868459173E-18,-0.008,2.45990437713241E-17));
#2380=CARTESIAN_POINT('',(-0.00169970997861278,-0.008,-0.004967241285523));
#2381=CARTESIAN_POINT('',(-0.0018336212970818,-0.008,-0.00535858441939167));
#2382=CARTESIAN_POINT('',(-0.00143357966775239,-0.008,-0.00546369571490139));
#2383=CARTESIAN_POINT('',(-0.00133223914791839,-0.008,-0.00507815309465495));
#2384=CARTESIAN_POINT('',(-0.00143736691309212,-0.008,-0.00547803517977664));
#2385=CARTESIAN_POINT('',(-0.00154936039817442,-0.008,-0.00590403290036687));
#2386=CARTESIAN_POINT('',(-0.00155097738944922,-0.008,-0.00591239039024282));
#2387=CARTESIAN_POINT('',(-0.00155245145873412,-0.008,-0.00591924022486986));
#2388=CARTESIAN_POINT('',(-0.00155395920617048,-0.008,-0.00592733366533892));
#2389=CARTESIAN_POINT('',(-0.00155580706752959,-0.008,-0.00593827446078651));
#2390=CARTESIAN_POINT('',(-0.00155776156100343,-0.008,-0.0059515367140292));
#2391=CARTESIAN_POINT('',(-0.00155976856532726,-0.008,-0.00596730021708765));
#2392=CARTESIAN_POINT('',(-0.00156171690103391,-0.008,-0.00598551802393371));
#2393=CARTESIAN_POINT('',(-0.00156351264249844,-0.008,-0.00600620910163703));
#2394=CARTESIAN_POINT('',(-0.00156505650312997,-0.008,-0.00602936885388763));
#2395=CARTESIAN_POINT('',(-0.00156625070256086,-0.008,-0.0060549958812614));
#2396=CARTESIAN_POINT('',(-0.00156699703788266,-0.008,-0.00608308406600123));
#2397=CARTESIAN_POINT('',(-0.00156719754643581,-0.008,-0.00611362487631683));
#2398=CARTESIAN_POINT('',(-0.00156675441426415,-0.008,-0.00614660669896641));
#2399=CARTESIAN_POINT('',(-0.00156557010274719,-0.008,-0.00618201503433464));
#2400=CARTESIAN_POINT('',(-0.00156354741266957,-0.008,-0.00621983244731281));
#2401=CARTESIAN_POINT('',(-0.00156058956603611,-0.008,-0.00626003859074874));
#2402=CARTESIAN_POINT('',(-0.00155660028264941,-0.008,-0.00630261021101975));
#2403=CARTESIAN_POINT('',(-0.00155148385788903,-0.008,-0.00634752116128364));
#2404=CARTESIAN_POINT('',(-0.00154514523980223,-0.008,-0.00639474241512955));
#2405=CARTESIAN_POINT('',(-0.00153749010597506,-0.008,-0.00644424208263877));
#2406=CARTESIAN_POINT('',(-0.00152842493997881,-0.008,-0.00649598542826506));
#2407=CARTESIAN_POINT('',(-0.00151785710743012,-0.008,-0.00654993489067127));
#2408=CARTESIAN_POINT('',(-0.00150569493142975,-0.008,-0.00660605010448799));
#2409=CARTESIAN_POINT('',(-0.0014918477680207,-0.008,-0.00666428792389355));
#2410=CARTESIAN_POINT('',(-0.00147622607898481,-0.008,-0.0067246024483778));
#2411=CARTESIAN_POINT('',(-0.00145874151206627,-0.008,-0.00678694504921216));
#2412=CARTESIAN_POINT('',(-0.0014393069496413,-0.008,-0.00685126440223374));
#2413=CARTESIAN_POINT('',(-0.00141783667522937,-0.008,-0.00691750650534343));
#2414=CARTESIAN_POINT('',(-0.00139424608481302,-0.008,-0.00698561476345857));
#2415=CARTESIAN_POINT('',(-0.00136845313783693,-0.008,-0.0070555298238873));
#2416=CARTESIAN_POINT('',(-0.001340373147282,-0.008,-0.00712719037541115));
#2417=CARTESIAN_POINT('',(-0.00130993903376895,-0.008,-0.00720053027119577));
#2418=CARTESIAN_POINT('',(-0.00127702428715759,-0.008,-0.00727548970540705));
#2419=CARTESIAN_POINT('',(-0.00124619954955238,-0.008,-0.00734230115197962));
#2420=CARTESIAN_POINT('',(-0.00122581322282894,-0.008,-0.00738418623082205));
#2421=CARTESIAN_POINT('',(-0.0012178301459037,-0.008,-0.0074004655080426));
#2422=CARTESIAN_POINT('',(7.82451183247483E-5,-0.008,-0.00524941689156599));
#2423=CARTESIAN_POINT('',(8.46200148668765E-5,-0.008,-0.00566283785100777));
#2424=CARTESIAN_POINT('',(9.1411245324522E-5,-0.008,-0.00610325864733536));
#2425=CARTESIAN_POINT('',(9.09811715301955E-5,-0.008,-0.00611176025508571));
#2426=CARTESIAN_POINT('',(9.07731343166673E-5,-0.008,-0.00611876381383768));
#2427=CARTESIAN_POINT('',(9.03001822705151E-5,-0.008,-0.00612698290121525));
#2428=CARTESIAN_POINT('',(8.94760444065115E-5,-0.008,-0.00613804799919988));
#2429=CARTESIAN_POINT('',(8.81998789074163E-5,-0.008,-0.00615139261637054));
#2430=CARTESIAN_POINT('',(8.63761101272585E-5,-0.008,-0.0061671783682521));
#2431=CARTESIAN_POINT('',(8.39080241919997E-5,-0.008,-0.00618533306599462));
#2432=CARTESIAN_POINT('',(8.06998856677934E-5,-0.008,-0.00620585264764586));
#2433=CARTESIAN_POINT('',(7.66563930206371E-5,-0.008,-0.0062287088896198));
#2434=CARTESIAN_POINT('',(7.16829421067685E-5,-0.008,-0.00625387703278341));
#2435=CARTESIAN_POINT('',(6.5685647690881E-5,-0.008,-0.00628132763565622));
#2436=CARTESIAN_POINT('',(5.85714355213246E-5,-0.008,-0.0063110289703673));
#2437=CARTESIAN_POINT('',(5.02481131684207E-5,-0.008,-0.00634294635272268));
#2438=CARTESIAN_POINT('',(4.0624446291776E-5,-0.008,-0.00637704236191974));
#2439=CARTESIAN_POINT('',(2.96102326032117E-5,-0.008,-0.00641327680818754));
#2440=CARTESIAN_POINT('',(1.7116375692451E-5,-0.008,-0.00645160677513497));
#2441=CARTESIAN_POINT('',(3.05495804577991E-6,-0.008,-0.00649198664348795));
#2442=CARTESIAN_POINT('',(-1.26606866059667E-5,-0.008,-0.0065343681225692));
#2443=CARTESIAN_POINT('',(-3.01159017037735E-5,-0.008,-0.00657870028200137));
#2444=CARTESIAN_POINT('',(-4.93946370665378E-5,-0.008,-0.0066249295856977));
#2445=CARTESIAN_POINT('',(-7.05793789452184E-5,-0.008,-0.00667299992751753));
#2446=CARTESIAN_POINT('',(-9.37510809200016E-5,-0.008,-0.0067228526687289));
#2447=CARTESIAN_POINT('',(-0.000118989095860845,-0.008,-0.00677442667718865));
#2448=CARTESIAN_POINT('',(-0.000146371108305126,-0.008,-0.00682765836829548));
#2449=CARTESIAN_POINT('',(-0.000175973069942035,-0.008,-0.00688248174742648));
#2450=CARTESIAN_POINT('',(-0.000207869128054911,-0.008,-0.00693882845483678));
#2451=CARTESIAN_POINT('',(-0.000242131586111598,-0.008,-0.00699662780913835));
#2452=CARTESIAN_POINT('',(-0.00027883074627926,-0.008,-0.00705580686413847));
#2453=CARTESIAN_POINT('',(-0.000318035210046553,-0.008,-0.00711629042223808));
#2454=CARTESIAN_POINT('',(-0.000359810429990495,-0.008,-0.00717800122183669));
#2455=CARTESIAN_POINT('',(-0.000404223959544354,-0.008,-0.00724085946637817));
#2456=CARTESIAN_POINT('',(-0.00045132509890894,-0.008,-0.00730478487798874));
#2457=CARTESIAN_POINT('',(-0.000501222369596789,-0.008,-0.00736968911282492));
#2458=CARTESIAN_POINT('',(-0.000547140422067397,-0.008,-0.00742718229762847));
#2459=CARTESIAN_POINT('',(-0.000576958114653803,-0.008,-0.00746297150488057));
#2460=CARTESIAN_POINT('',(-0.000588605103914404,-0.008,-0.00747686726053405));
#2461=CARTESIAN_POINT('',(8.43744785558255E-5,-0.008,-0.00564800871778659));
#2462=CARTESIAN_POINT('',(0.000497946404692039,-0.008,-0.00564168799375802));
#2463=CARTESIAN_POINT('',(0.000461580847809958,-0.008,-0.00522966950398733));
#2464=CARTESIAN_POINT('',(-3.88987511688819E-18,-0.008,2.57396505392081E-17));
#2465=CARTESIAN_POINT('',(0.000803373684089443,-0.008,-0.00518816833995511));
#2466=CARTESIAN_POINT('',(0.000866667322776874,-0.008,-0.00559691716862862));
#2467=CARTESIAN_POINT('',(0.00126973424864564,-0.008,-0.0055040799836704));
#2468=CARTESIAN_POINT('',(0.00118029623313649,-0.008,-0.00511560365959325));
#2469=CARTESIAN_POINT('',(0.00127304469104118,-0.008,-0.00551853696991642));
#2470=CARTESIAN_POINT('',(0.00137185039683726,-0.008,-0.00594778518616326));
#2471=CARTESIAN_POINT('',(0.00137430254137504,-0.008,-0.00595593682924764));
#2472=CARTESIAN_POINT('',(0.00137618059472034,-0.008,-0.00596268709074677));
#2473=CARTESIAN_POINT('',(0.00137860675999519,-0.008,-0.00597055416154964));
#2474=CARTESIAN_POINT('',(0.00138205500118527,-0.008,-0.00598110049879644));
#2475=CARTESIAN_POINT('',(0.00138648765955716,-0.008,-0.00599375193925082));
#2476=CARTESIAN_POINT('',(0.00139203621062895,-0.008,-0.00600864252943501));
#2477=CARTESIAN_POINT('',(0.00139877728202268,-0.008,-0.00602567903303084));
#2478=CARTESIAN_POINT('',(0.0014068028551857,-0.008,-0.00604483459513007));
#2479=CARTESIAN_POINT('',(0.00141619870801639,-0.008,-0.00606605900512288));
#2480=CARTESIAN_POINT('',(0.00142705077038566,-0.008,-0.00608930558307814));
#2481=CARTESIAN_POINT('',(0.00143944315358706,-0.008,-0.00611452327482384));
#2482=CARTESIAN_POINT('',(0.00145345863432714,-0.008,-0.00614165900031696));
#2483=CARTESIAN_POINT('',(0.00146917842562019,-0.008,-0.00617065702013061));
#2484=CARTESIAN_POINT('',(0.00148668215531824,-0.008,-0.00620145916703591));
#2485=CARTESIAN_POINT('',(0.00150604778655321,-0.008,-0.00623400483228311));
#2486=CARTESIAN_POINT('',(0.00152735155619095,-0.008,-0.00626823102438681));
#2487=CARTESIAN_POINT('',(0.00155066790961513,-0.008,-0.00630407240964795));
#2488=CARTESIAN_POINT('',(0.00157606943801514,-0.008,-0.00634146136003275));
#2489=CARTESIAN_POINT('',(0.00160362681646958,-0.008,-0.00638032800108584));
#2490=CARTESIAN_POINT('',(0.00163340874334402,-0.008,-0.00642060026187513));
#2491=CARTESIAN_POINT('',(0.00166548188091055,-0.008,-0.0064622039263505));
#2492=CARTESIAN_POINT('',(0.00169991079721835,-0.008,-0.00650506268625518));
#2493=CARTESIAN_POINT('',(0.00173675790940776,-0.008,-0.00654909819545016));
#2494=CARTESIAN_POINT('',(0.00177608342785357,-0.008,-0.00659423012586046));
#2495=CARTESIAN_POINT('',(0.00181794530367991,-0.008,-0.006640376224118));
#2496=CARTESIAN_POINT('',(0.00186239917002706,-0.008,-0.00668745237228149));
#2497=CARTESIAN_POINT('',(0.00190949831419218,-0.008,-0.00673537263948315));
#2498=CARTESIAN_POINT('',(0.00195929353832265,-0.008,-0.00678404937480421));
#2499=CARTESIAN_POINT('',(0.00201183345450915,-0.008,-0.00683339314834032));
#2500=CARTESIAN_POINT('',(0.00206716312348456,-0.008,-0.00688331327974577));
#2501=CARTESIAN_POINT('',(0.00212532903913628,-0.008,-0.00693371612461255));
#2502=CARTESIAN_POINT('',(0.00218635985733821,-0.008,-0.00698451193948569));
#2503=CARTESIAN_POINT('',(0.00225033980409936,-0.008,-0.00703558897673538));
#2504=CARTESIAN_POINT('',(0.00230868258113111,-0.008,-0.00708042260484836));
#2505=CARTESIAN_POINT('',(0.00234619874367027,-0.008,-0.00710803600187311));
#2506=CARTESIAN_POINT('',(0.00236083276458549,-0.008,-0.00711874066514996));
#2507=CARTESIAN_POINT('',(0.00250880828072729,-0.008,-0.00461176549821803));
#2508=CARTESIAN_POINT('',(0.0027065792709446,-0.008,-0.00497486901574458));
#2509=CARTESIAN_POINT('',(0.00291726635637832,-0.008,-0.00536168622151547));
#2510=CARTESIAN_POINT('',(0.00292083643906687,-0.008,-0.00536941388658366));
#2511=CARTESIAN_POINT('',(0.0029239069473014,-0.008,-0.00537571190959538));
#2512=CARTESIAN_POINT('',(0.0029273077694197,-0.008,-0.00538320934181434));
#2513=CARTESIAN_POINT('',(0.00293172023901644,-0.008,-0.00539338999546164));
#2514=CARTESIAN_POINT('',(0.00293679180340679,-0.008,-0.00540579913082422));
#2515=CARTESIAN_POINT('',(0.0029425129410385,-0.008,-0.00542062426755981));
#2516=CARTESIAN_POINT('',(0.0029487644681977,-0.008,-0.00543784643079455));
#2517=CARTESIAN_POINT('',(0.00295545972768428,-0.008,-0.00545750651432284));
#2518=CARTESIAN_POINT('',(0.0029625012180263,-0.008,-0.00547962381623158));
#2519=CARTESIAN_POINT('',(0.00296979366527177,-0.008,-0.00550422037813499));
#2520=CARTESIAN_POINT('',(0.00297724025603517,-0.008,-0.00553131376154117));
#2521=CARTESIAN_POINT('',(0.00298474383248273,-0.008,-0.00556091912657707));
#2522=CARTESIAN_POINT('',(0.00299220664372343,-0.008,-0.0055930486058725));
#2523=CARTESIAN_POINT('',(0.00299953051544671,-0.008,-0.00562771146366437));
#2524=CARTESIAN_POINT('',(0.00300661690037517,-0.008,-0.00566491403277132));
#2525=CARTESIAN_POINT('',(0.00301336696331402,-0.008,-0.00570465971778264));
#2526=CARTESIAN_POINT('',(0.00301968165683726,-0.008,-0.00574694898214307));
#2527=CARTESIAN_POINT('',(0.00302546179997789,-0.008,-0.00579177934240492));
#2528=CARTESIAN_POINT('',(0.00303060815634533,-0.008,-0.00583914536303332));
#2529=CARTESIAN_POINT('',(0.00303502151260654,-0.008,-0.00588903865360376));
#2530=CARTESIAN_POINT('',(0.00303860275698988,-0.008,-0.00594144786786812));
#2531=CARTESIAN_POINT('',(0.0030412529578825,-0.008,-0.00599635870481244));
#2532=CARTESIAN_POINT('',(0.00304287344228403,-0.008,-0.00605375391172961));
#2533=CARTESIAN_POINT('',(0.00304336587471515,-0.008,-0.00611361328905591));
#2534=CARTESIAN_POINT('',(0.00304263233406451,-0.008,-0.00617591369796475));
#2535=CARTESIAN_POINT('',(0.00304057539781581,-0.008,-0.00624062906686882));
#2536=CARTESIAN_POINT('',(0.00303709819714894,-0.008,-0.00630773041160413));
#2537=CARTESIAN_POINT('',(0.00303210458280029,-0.008,-0.00637718581257091));
#2538=CARTESIAN_POINT('',(0.00302549886510157,-0.008,-0.00644896056630337));
#2539=CARTESIAN_POINT('',(0.00301718718341804,-0.008,-0.00652301667838101));
#2540=CARTESIAN_POINT('',(0.00300707263884647,-0.008,-0.00659931488610817));
#2541=CARTESIAN_POINT('',(0.00299507427123884,-0.008,-0.0066778070179035));
#2542=CARTESIAN_POINT('',(0.00298105493413678,-0.008,-0.00675846528163999));
#2543=CARTESIAN_POINT('',(0.00296711493310322,-0.008,-0.0068307121515565));
#2544=CARTESIAN_POINT('',(0.00295734475145064,-0.008,-0.00687625889345301));
#2545=CARTESIAN_POINT('',(0.00295348953427436,-0.008,-0.00689397559982133));
#2546=CARTESIAN_POINT('',(0.00269947041750925,-0.008,-0.00496185257679199));
#2547=CARTESIAN_POINT('',(0.00306273278462739,-0.008,-0.00476405939623213));
#2548=CARTESIAN_POINT('',(0.002839058143653,-0.008,-0.00441613505873151));
#2549=CARTESIAN_POINT('',(-1.5406125407166E-17,-0.008,2.09836135649752E-17));
#2550=CARTESIAN_POINT('',(0.00312241411746921,-0.008,-0.00422054855190993));
#2551=CARTESIAN_POINT('',(0.00336841290346085,-0.008,-0.00455306364469656));
#2552=CARTESIAN_POINT('',(0.00368216735063546,-0.008,-0.00428354585953496));
#2553=CARTESIAN_POINT('',(0.00342243997129138,-0.008,-0.00398113107582595));
#2554=CARTESIAN_POINT('',(0.00369181709830861,-0.008,-0.00429480844582836));
#2555=CARTESIAN_POINT('',(0.00397878679852303,-0.008,-0.00462897156439144));
#2556=CARTESIAN_POINT('',(0.00398474632211133,-0.008,-0.00463504991749157));
#2557=CARTESIAN_POINT('',(0.00398954625869842,-0.008,-0.00464015420230282));
#2558=CARTESIAN_POINT('',(0.00399535053145847,-0.008,-0.00464599265232702));
#2559=CARTESIAN_POINT('',(0.00400330492469691,-0.008,-0.00465372849260695));
#2560=CARTESIAN_POINT('',(0.00401310926630084,-0.008,-0.0046628708277313));
#2561=CARTESIAN_POINT('',(0.00402494226658499,-0.008,-0.0046734772502811));
#2562=CARTESIAN_POINT('',(0.00403882844686153,-0.008,-0.00468542959296502));
#2563=CARTESIAN_POINT('',(0.00405483677255908,-0.008,-0.00469866133103276));
#2564=CARTESIAN_POINT('',(0.00407301986220078,-0.008,-0.0047130881422203));
#2565=CARTESIAN_POINT('',(0.00409343210966294,-0.008,-0.00472862875989913));
#2566=CARTESIAN_POINT('',(0.00411612426574052,-0.008,-0.00474519888937789));
#2567=CARTESIAN_POINT('',(0.00414114495804111,-0.008,-0.00476271306235901));
#2568=CARTESIAN_POINT('',(0.00416854019371434,-0.008,-0.00478108418246144));
#2569=CARTESIAN_POINT('',(0.00419835344806248,-0.008,-0.00480022374025391));
#2570=CARTESIAN_POINT('',(0.00423062558772002,-0.008,-0.0048200418380798));
#2571=CARTESIAN_POINT('',(0.00426539484347629,-0.008,-0.00484044727071064));
#2572=CARTESIAN_POINT('',(0.00430269677136099,-0.008,-0.0048613475915341));
#2573=CARTESIAN_POINT('',(0.00434256421936579,-0.008,-0.00488264918409236));
#2574=CARTESIAN_POINT('',(0.00438502729488636,-0.008,-0.00490425733328116));
#2575=CARTESIAN_POINT('',(0.00443011333427226,-0.008,-0.00492607629773705));
#2576=CARTESIAN_POINT('',(0.00447784687411579,-0.008,-0.00494800938290871));
#2577=CARTESIAN_POINT('',(0.00452824962437001,-0.008,-0.00496995901492173));
#2578=CARTESIAN_POINT('',(0.00458134044340169,-0.008,-0.00499182681502383));
#2579=CARTESIAN_POINT('',(0.00463713531453221,-0.008,-0.00501351367508058));
#2580=CARTESIAN_POINT('',(0.00469564732588748,-0.008,-0.00503491983212139));
#2581=CARTESIAN_POINT('',(0.00475688664661029,-0.008,-0.00505594494939883));
#2582=CARTESIAN_POINT('',(0.00482086052619354,-0.008,-0.00507648817506649));
#2583=CARTESIAN_POINT('',(0.00488757321429175,-0.008,-0.00509644828915511));
#2584=CARTESIAN_POINT('',(0.00495702619462472,-0.008,-0.00511572351425202));
#2585=CARTESIAN_POINT('',(0.00502921722523197,-0.008,-0.005134212616132));
#2586=CARTESIAN_POINT('',(0.00510414395567994,-0.008,-0.00515181107000285));
#2587=CARTESIAN_POINT('',(0.00518179005362178,-0.008,-0.00516842609493301));
#2588=CARTESIAN_POINT('',(0.00526217816577169,-0.008,-0.00518391960153222));
#2589=CARTESIAN_POINT('',(0.00533467335511869,-0.008,-0.00519650456728872));
#2590=CARTESIAN_POINT('',(0.00538072485275462,-0.008,-0.00520352038601494));
#2591=CARTESIAN_POINT('',(0.00539865733982721,-0.008,-0.00520619812599653));
#2592=CARTESIAN_POINT('',(0.00436463370043254,-0.008,-0.00291761420702747));
#2593=CARTESIAN_POINT('',(0.00470849383386505,-0.008,-0.00314721764264521));
#2594=CARTESIAN_POINT('',(0.0050748109020566,-0.008,-0.00339181609766996));
#2595=CARTESIAN_POINT('',(0.00508156327830824,-0.008,-0.00339699950511735));
#2596=CARTESIAN_POINT('',(0.00508720891555794,-0.008,-0.00340114919121624));
#2597=CARTESIAN_POINT('',(0.00509370442447774,-0.008,-0.00340620739690906));
#2598=CARTESIAN_POINT('',(0.00510234265792663,-0.008,-0.00341317134115861));
#2599=CARTESIAN_POINT('',(0.00511260011792358,-0.008,-0.00342180221134785));
#2600=CARTESIAN_POINT('',(0.00512455551828291,-0.008,-0.0034322704727736));
#2601=CARTESIAN_POINT('',(0.00513809450900346,-0.008,-0.00344461471145305));
#2602=CARTESIAN_POINT('',(0.00515315936323908,-0.008,-0.00345891140865176));
#2603=CARTESIAN_POINT('',(0.00516967271599208,-0.008,-0.00347522296317038));
#2604=CARTESIAN_POINT('',(0.00518756044961647,-0.008,-0.00349361316790223));
#2605=CARTESIAN_POINT('',(0.00520674500135641,-0.008,-0.00351414256421408));
#2606=CARTESIAN_POINT('',(0.00522714738748485,-0.008,-0.0035368697272284));
#2607=CARTESIAN_POINT('',(0.00524868669220052,-0.008,-0.0035618508269595));
#2608=CARTESIAN_POINT('',(0.00527128029177415,-0.008,-0.00358913969035879));
#2609=CARTESIAN_POINT('',(0.00529484386993271,-0.008,-0.00361878772206205));
#2610=CARTESIAN_POINT('',(0.00531929149464897,-0.008,-0.00365084386768859));
#2611=CARTESIAN_POINT('',(0.00534453567915625,-0.008,-0.00368535456723236));
#2612=CARTESIAN_POINT('',(0.00537048744895401,-0.008,-0.00372236371340325));
#2613=CARTESIAN_POINT('',(0.00539705640856325,-0.008,-0.00376191261072433));
#2614=CARTESIAN_POINT('',(0.00542415080971568,-0.008,-0.00380403993657854));
#2615=CARTESIAN_POINT('',(0.00545167762043151,-0.008,-0.00384878170389897));
#2616=CARTESIAN_POINT('',(0.00547954259510541,-0.008,-0.0038961712255796));
#2617=CARTESIAN_POINT('',(0.00550765034540187,-0.008,-0.0039462390807367));
#2618=CARTESIAN_POINT('',(0.00553590441237288,-0.008,-0.00399901308232071));
#2619=CARTESIAN_POINT('',(0.00556420733803145,-0.008,-0.00405451824812769));
#2620=CARTESIAN_POINT('',(0.00559246074295274,-0.008,-0.00411277676741436));
#2621=CARTESIAN_POINT('',(0.00562056538444365,-0.008,-0.00417380799316342));
#2622=CARTESIAN_POINT('',(0.00564842129278169,-0.008,-0.00423762834476368));
#2623=CARTESIAN_POINT('',(0.00567592761146881,-0.008,-0.00430425156302843));
#2624=CARTESIAN_POINT('',(0.00570298357415277,-0.008,-0.00437368762478102));
#2625=CARTESIAN_POINT('',(0.00572948513483136,-0.008,-0.00444594679579665));
#2626=CARTESIAN_POINT('',(0.00575533822040358,-0.008,-0.00452102404631516));
#2627=CARTESIAN_POINT('',(0.00578040847806606,-0.008,-0.00459895850276738));
#2628=CARTESIAN_POINT('',(0.00580164001471112,-0.008,-0.00466940817056815));
#2629=CARTESIAN_POINT('',(0.00581415557486552,-0.008,-0.00471427823743831));
#2630=CARTESIAN_POINT('',(0.00581897531356823,-0.008,-0.00473175721060195));
#2631=CARTESIAN_POINT('',(0.00469615021595647,-0.008,-0.00313899580726016));
#2632=CARTESIAN_POINT('',(0.00492588399353587,-0.008,-0.00279504220416904));
#2633=CARTESIAN_POINT('',(0.00456614143314477,-0.008,-0.0025909172917171));
#2634=CARTESIAN_POINT('',(-2.33930180306001E-17,-0.008,1.14204836029635E-17));
#2635=CARTESIAN_POINT('',(0.00472614710570608,-0.008,-0.00228605195374604));
#2636=CARTESIAN_POINT('',(0.00509849568173798,-0.008,-0.00246615811012965));
#2637=CARTESIAN_POINT('',(0.00525106028752172,-0.008,-0.00208170300130379));
#2638=CARTESIAN_POINT('',(0.00488054395689621,-0.008,-0.00193462934041742));
#2639=CARTESIAN_POINT('',(0.00526483869957263,-0.008,-0.00208719106485362));
#2640=CARTESIAN_POINT('',(0.00567423109424606,-0.008,-0.00224971634237227));
#2641=CARTESIAN_POINT('',(0.00568233274185083,-0.008,-0.00225232892804501));
#2642=CARTESIAN_POINT('',(0.00568895495405312,-0.008,-0.00225461790603141));
#2643=CARTESIAN_POINT('',(0.00569680764535811,-0.008,-0.00225709021673737));
#2644=CARTESIAN_POINT('',(0.00570744593501482,-0.008,-0.00226024337226927));
#2645=CARTESIAN_POINT('',(0.00572037590334446,-0.008,-0.00226378220326369));
#2646=CARTESIAN_POINT('',(0.00573578255507899,-0.008,-0.00226767465459418));
#2647=CARTESIAN_POINT('',(0.00575363268768358,-0.008,-0.00227180469869865));
#2648=CARTESIAN_POINT('',(0.00577395645141959,-0.008,-0.00227608138100332));
#2649=CARTESIAN_POINT('',(0.00579676125116538,-0.008,-0.00228040558480444));
#2650=CARTESIAN_POINT('',(0.0058220574838211,-0.008,-0.00228468007398138));
#2651=CARTESIAN_POINT('',(0.00584985091328759,-0.008,-0.00228880662422132));
#2652=CARTESIAN_POINT('',(0.00588014487807468,-0.008,-0.00229268695872911));
#2653=CARTESIAN_POINT('',(0.00591293963978373,-0.008,-0.00229622257690086));
#2654=CARTESIAN_POINT('',(0.00594823256149945,-0.008,-0.00229931490354693));
#2655=CARTESIAN_POINT('',(0.00598601805130546,-0.008,-0.00230186534657356));
#2656=CARTESIAN_POINT('',(0.00602628757570146,-0.008,-0.00230377538102794));
#2657=CARTESIAN_POINT('',(0.00606902965590526,-0.008,-0.00230494662578923));
#2658=CARTESIAN_POINT('',(0.00611422987163179,-0.008,-0.00230528092237787));
#2659=CARTESIAN_POINT('',(0.00616187086535225,-0.008,-0.00230468041312965));
#2660=CARTESIAN_POINT('',(0.00621193234897199,-0.008,-0.00230304761944233));
#2661=CARTESIAN_POINT('',(0.00626439111236588,-0.008,-0.00230028551981978));
#2662=CARTESIAN_POINT('',(0.00631922103390226,-0.008,-0.00229629762776871));
#2663=CARTESIAN_POINT('',(0.00637639309294979,-0.008,-0.00229098806931008));
#2664=CARTESIAN_POINT('',(0.00643587538419009,-0.008,-0.00228426166072929));
#2665=CARTESIAN_POINT('',(0.00649763313441898,-0.008,-0.00227602398394747));
#2666=CARTESIAN_POINT('',(0.00656162871915367,-0.008,-0.00226618146935073));
#2667=CARTESIAN_POINT('',(0.00662782168931136,-0.008,-0.00225464144805665));
#2668=CARTESIAN_POINT('',(0.00669616876850905,-0.008,-0.00224131231932057));
#2669=CARTESIAN_POINT('',(0.00676662397219336,-0.008,-0.00222610327420022));
#2670=CARTESIAN_POINT('',(0.00683913826931656,-0.008,-0.00220892571613185));
#2671=CARTESIAN_POINT('',(0.00691366100358014,-0.008,-0.00218968818530933));
#2672=CARTESIAN_POINT('',(0.00699013459596033,-0.008,-0.00216831611831776));
#2673=CARTESIAN_POINT('',(0.00706851492578722,-0.008,-0.00214467671862162));
#2674=CARTESIAN_POINT('',(0.00713855475323181,-0.008,-0.0021221299580321));
#2675=CARTESIAN_POINT('',(0.00718259174283683,-0.008,-0.00210694095893938));
#2676=CARTESIAN_POINT('',(0.00719971457938836,-0.008,-0.00210097833766621));
#2677=CARTESIAN_POINT('',(0.00719971457938836,-0.008,-0.00210097833766621));
#2678=CARTESIAN_POINT('',(0.,-0.008,4.59242549680258E-19));
#2679=CARTESIAN_POINT('',(0.00735140397477818,-0.008,-0.00148555026828972));
#2680=CARTESIAN_POINT('',(0.00522057413890683,-0.008,-0.000555072662069748));
#2681=CARTESIAN_POINT('',(0.00563174920294898,-0.008,-0.000598576635700003));
#2682=CARTESIAN_POINT('',(0.00606977742817492,-0.008,-0.000644921781663387));
#2683=CARTESIAN_POINT('',(0.00607816520996536,-0.008,-0.000646373475310591));
#2684=CARTESIAN_POINT('',(0.00608509262877362,-0.008,-0.000647424181420538));
#2685=CARTESIAN_POINT('',(0.00609319478168076,-0.008,-0.000648884386620997));
#2686=CARTESIAN_POINT('',(0.00610407986380067,-0.008,-0.000651036265769842));
#2687=CARTESIAN_POINT('',(0.0061171733589347,-0.008,-0.00065391164243864));
#2688=CARTESIAN_POINT('',(0.00613262418387752,-0.008,-0.000657624876018143));
#2689=CARTESIAN_POINT('',(0.00615034901854787,-0.008,-0.000662263273825034));
#2690=CARTESIAN_POINT('',(0.00617033229097833,-0.008,-0.000667921383659817));
#2691=CARTESIAN_POINT('',(0.00619253449603407,-0.008,-0.000674690410223651));
#2692=CARTESIAN_POINT('',(0.00621691965183458,-0.008,-0.000682661283505871));
#2693=CARTESIAN_POINT('',(0.00624344721494635,-0.008,-0.000691923655434397));
#2694=CARTESIAN_POINT('',(0.00627207446996906,-0.008,-0.000702566097272559));
#2695=CARTESIAN_POINT('',(0.00630275587302611,-0.008,-0.000714675948545823));
#2696=CARTESIAN_POINT('',(0.00633544327907016,-0.008,-0.000728339267814199));
#2697=CARTESIAN_POINT('',(0.0063700859186746,-0.008,-0.00074364075534806));
#2698=CARTESIAN_POINT('',(0.00640663044897158,-0.008,-0.000760663684945222));
#2699=CARTESIAN_POINT('',(0.00644502098601769,-0.008,-0.000779489834305888));
#2700=CARTESIAN_POINT('',(0.00648519914476465,-0.008,-0.000800199417006612));
#2701=CARTESIAN_POINT('',(0.00652710407915987,-0.008,-0.000822871015259999));
#2702=CARTESIAN_POINT('',(0.00657067252442244,-0.008,-0.000847581513734073));
#2703=CARTESIAN_POINT('',(0.00661583884086978,-0.008,-0.000874406034414217));
#2704=CARTESIAN_POINT('',(0.00666253505943652,-0.008,-0.000903417872519786));
#2705=CARTESIAN_POINT('',(0.00671069092877011,-0.008,-0.000934688433683378));
#2706=CARTESIAN_POINT('',(0.00676023396403637,-0.008,-0.000968287171757874));
#2707=CARTESIAN_POINT('',(0.006811089496823,-0.008,-0.00100428152988637));
#2708=CARTESIAN_POINT('',(0.00686318072833725,-0.008,-0.00104273687487833));
#2709=CARTESIAN_POINT('',(0.00691642877731802,-0.008,-0.00108371646332803));
#2710=CARTESIAN_POINT('',(0.00697075275544261,-0.008,-0.00112728129212877));
#2711=CARTESIAN_POINT('',(0.00702606974439141,-0.008,-0.00117349039851817));
#2712=CARTESIAN_POINT('',(0.00708229515645166,-0.008,-0.00122239944499344));
#2713=CARTESIAN_POINT('',(0.00713934163420737,-0.008,-0.00127406587403528));
#2714=CARTESIAN_POINT('',(0.0071971235426183,-0.008,-0.00132852894996213));
#2715=CARTESIAN_POINT('',(0.00725554010114421,-0.008,-0.00138588575436889));
#2716=CARTESIAN_POINT('',(0.00730707928629026,-0.008,-0.00143839905017129));
#2717=CARTESIAN_POINT('',(0.00733901342424911,-0.008,-0.00147231325043808));
#2718=CARTESIAN_POINT('',(0.00735140397477818,-0.008,-0.00148555026828972));
#2719=CARTESIAN_POINT('',(0.00561699859467331,-0.008,-0.000597032927285351));
#2720=CARTESIAN_POINT('',(0.00566057454286268,-0.008,-0.000185714527040893));
#2721=CARTESIAN_POINT('',(0.00524717674827264,-0.008,-0.000172151597108482));
#2722=CARTESIAN_POINT('',(-2.60208521396521E-17,-0.008,-7.58941520739853E-19));
#2723=CARTESIAN_POINT('',(0.00524717674827264,-0.008,0.000172151597108482));
#2724=CARTESIAN_POINT('',(0.00566057454286268,-0.008,0.000185714527040893));
#2725=CARTESIAN_POINT('',(0.00561699859467331,-0.008,0.000597032927285351));
#2726=CARTESIAN_POINT('',(0.00522057413890683,-0.008,0.000555072662069748));
#2727=CARTESIAN_POINT('',(0.00563174920294898,-0.008,0.000598576635700003));
#2728=CARTESIAN_POINT('',(0.00606977742817492,-0.008,0.000644921781663387));
#2729=CARTESIAN_POINT('',(0.00607816520996536,-0.008,0.000646373475310591));
#2730=CARTESIAN_POINT('',(0.00608509262877362,-0.008,0.000647424181420538));
#2731=CARTESIAN_POINT('',(0.00609319478168076,-0.008,0.000648884386620997));
#2732=CARTESIAN_POINT('',(0.00610407986380067,-0.008,0.000651036265769842));
#2733=CARTESIAN_POINT('',(0.0061171733589347,-0.008,0.00065391164243864));
#2734=CARTESIAN_POINT('',(0.00613262418387752,-0.008,0.000657624876018143));
#2735=CARTESIAN_POINT('',(0.00615034901854787,-0.008,0.000662263273825034));
#2736=CARTESIAN_POINT('',(0.00617033229097833,-0.008,0.000667921383659817));
#2737=CARTESIAN_POINT('',(0.00619253449603407,-0.008,0.000674690410223651));
#2738=CARTESIAN_POINT('',(0.00621691965183458,-0.008,0.000682661283505871));
#2739=CARTESIAN_POINT('',(0.00624344721494635,-0.008,0.000691923655434397));
#2740=CARTESIAN_POINT('',(0.00627207446996906,-0.008,0.000702566097272559));
#2741=CARTESIAN_POINT('',(0.00630275587302611,-0.008,0.000714675948545823));
#2742=CARTESIAN_POINT('',(0.00633544327907016,-0.008,0.000728339267814199));
#2743=CARTESIAN_POINT('',(0.0063700859186746,-0.008,0.00074364075534806));
#2744=CARTESIAN_POINT('',(0.00640663044897158,-0.008,0.000760663684945222));
#2745=CARTESIAN_POINT('',(0.00644502098601769,-0.008,0.000779489834305888));
#2746=CARTESIAN_POINT('',(0.00648519914476465,-0.008,0.000800199417006612));
#2747=CARTESIAN_POINT('',(0.00652710407915987,-0.008,0.000822871015259999));
#2748=CARTESIAN_POINT('',(0.00657067252442244,-0.008,0.000847581513734073));
#2749=CARTESIAN_POINT('',(0.00661583884086978,-0.008,0.000874406034414217));
#2750=CARTESIAN_POINT('',(0.00666253505943652,-0.008,0.000903417872519786));
#2751=CARTESIAN_POINT('',(0.00671069092877011,-0.008,0.000934688433683378));
#2752=CARTESIAN_POINT('',(0.00676023396403637,-0.008,0.000968287171757874));
#2753=CARTESIAN_POINT('',(0.006811089496823,-0.008,0.00100428152988637));
#2754=CARTESIAN_POINT('',(0.00686318072833725,-0.008,0.00104273687487833));
#2755=CARTESIAN_POINT('',(0.00691642877731802,-0.008,0.00108371646332803));
#2756=CARTESIAN_POINT('',(0.00697075275544261,-0.008,0.00112728129212877));
#2757=CARTESIAN_POINT('',(0.00702606974439141,-0.008,0.00117349039851817));
#2758=CARTESIAN_POINT('',(0.00708229515645166,-0.008,0.00122239944499344));
#2759=CARTESIAN_POINT('',(0.00713934163420737,-0.008,0.00127406587403528));
#2760=CARTESIAN_POINT('',(0.0071971235426183,-0.008,0.00132852894996213));
#2761=CARTESIAN_POINT('',(0.00725554010114421,-0.008,0.00138588575436889));
#2762=CARTESIAN_POINT('',(0.00730707928629026,-0.008,0.00143839905017129));
#2763=CARTESIAN_POINT('',(0.00733901342424911,-0.008,0.00147231325043808));
#2764=CARTESIAN_POINT('',(0.00735140397477818,-0.008,0.00148555026828972));
#2765=CARTESIAN_POINT('',(0.0048805439568962,-0.008,0.00193462934041742));
#2766=CARTESIAN_POINT('',(0.00526483869957263,-0.008,0.00208719106485362));
#2767=CARTESIAN_POINT('',(0.00567423109424606,-0.008,0.00224971634237227));
#2768=CARTESIAN_POINT('',(0.00568233274185083,-0.008,0.00225232892804501));
#2769=CARTESIAN_POINT('',(0.00568895495405312,-0.008,0.00225461790603141));
#2770=CARTESIAN_POINT('',(0.00569680764535811,-0.008,0.00225709021673737));
#2771=CARTESIAN_POINT('',(0.00570744593501482,-0.008,0.00226024337226927));
#2772=CARTESIAN_POINT('',(0.00572037590334446,-0.008,0.00226378220326369));
#2773=CARTESIAN_POINT('',(0.00573578255507899,-0.008,0.00226767465459418));
#2774=CARTESIAN_POINT('',(0.00575363268768358,-0.008,0.00227180469869865));
#2775=CARTESIAN_POINT('',(0.00577395645141959,-0.008,0.00227608138100332));
#2776=CARTESIAN_POINT('',(0.00579676125116538,-0.008,0.00228040558480444));
#2777=CARTESIAN_POINT('',(0.0058220574838211,-0.008,0.00228468007398138));
#2778=CARTESIAN_POINT('',(0.00584985091328759,-0.008,0.00228880662422132));
#2779=CARTESIAN_POINT('',(0.00588014487807468,-0.008,0.00229268695872911));
#2780=CARTESIAN_POINT('',(0.00591293963978373,-0.008,0.00229622257690086));
#2781=CARTESIAN_POINT('',(0.00594823256149945,-0.008,0.00229931490354693));
#2782=CARTESIAN_POINT('',(0.00598601805130546,-0.008,0.00230186534657356));
#2783=CARTESIAN_POINT('',(0.00602628757570146,-0.008,0.00230377538102794));
#2784=CARTESIAN_POINT('',(0.00606902965590526,-0.008,0.00230494662578923));
#2785=CARTESIAN_POINT('',(0.00611422987163179,-0.008,0.00230528092237787));
#2786=CARTESIAN_POINT('',(0.00616187086535225,-0.008,0.00230468041312965));
#2787=CARTESIAN_POINT('',(0.00621193234897199,-0.008,0.00230304761944233));
#2788=CARTESIAN_POINT('',(0.00626439111236588,-0.008,0.00230028551981978));
#2789=CARTESIAN_POINT('',(0.00631922103390226,-0.008,0.00229629762776871));
#2790=CARTESIAN_POINT('',(0.00637639309294979,-0.008,0.00229098806931008));
#2791=CARTESIAN_POINT('',(0.00643587538419009,-0.008,0.00228426166072929));
#2792=CARTESIAN_POINT('',(0.00649763313441898,-0.008,0.00227602398394747));
#2793=CARTESIAN_POINT('',(0.00656162871915367,-0.008,0.00226618146935073));
#2794=CARTESIAN_POINT('',(0.00662782168931135,-0.008,0.00225464144805665));
#2795=CARTESIAN_POINT('',(0.00669616876850905,-0.008,0.00224131231932057));
#2796=CARTESIAN_POINT('',(0.00676662397219336,-0.008,0.00222610327420022));
#2797=CARTESIAN_POINT('',(0.00683913826931656,-0.008,0.00220892571613185));
#2798=CARTESIAN_POINT('',(0.00691366100358014,-0.008,0.00218968818530933));
#2799=CARTESIAN_POINT('',(0.00699013459596033,-0.008,0.00216831611831776));
#2800=CARTESIAN_POINT('',(0.00706851492578722,-0.008,0.00214467671862162));
#2801=CARTESIAN_POINT('',(0.00713855475323181,-0.008,0.0021221299580321));
#2802=CARTESIAN_POINT('',(0.00718259174283683,-0.008,0.00210694095893938));
#2803=CARTESIAN_POINT('',(0.00719971457938836,-0.008,0.00210097833766621));
#2804=CARTESIAN_POINT('',(0.00525106028752172,-0.008,0.00208170300130379));
#2805=CARTESIAN_POINT('',(0.00509849568173798,-0.008,0.00246615811012965));
#2806=CARTESIAN_POINT('',(0.00472614710570608,-0.008,0.00228605195374604));
#2807=CARTESIAN_POINT('',(-2.26876226087722E-17,-0.008,-1.27645022882785E-17));
#2808=CARTESIAN_POINT('',(0.00456614143314477,-0.008,0.0025909172917171));
#2809=CARTESIAN_POINT('',(0.00492588399353587,-0.008,0.00279504220416904));
#2810=CARTESIAN_POINT('',(0.00469615021595647,-0.008,0.00313899580726016));
#2811=CARTESIAN_POINT('',(0.00436463370043254,-0.008,0.00291761420702747));
#2812=CARTESIAN_POINT('',(0.00470849383386504,-0.008,0.00314721764264521));
#2813=CARTESIAN_POINT('',(0.0050748109020566,-0.008,0.00339181609766997));
#2814=CARTESIAN_POINT('',(0.00508156327830824,-0.008,0.00339699950511735));
#2815=CARTESIAN_POINT('',(0.00508720891555794,-0.008,0.00340114919121624));
#2816=CARTESIAN_POINT('',(0.00509370442447773,-0.008,0.00340620739690907));
#2817=CARTESIAN_POINT('',(0.00510234265792663,-0.008,0.00341317134115861));
#2818=CARTESIAN_POINT('',(0.00511260011792358,-0.008,0.00342180221134785));
#2819=CARTESIAN_POINT('',(0.00512455551828291,-0.008,0.0034322704727736));
#2820=CARTESIAN_POINT('',(0.00513809450900346,-0.008,0.00344461471145305));
#2821=CARTESIAN_POINT('',(0.00515315936323908,-0.008,0.00345891140865176));
#2822=CARTESIAN_POINT('',(0.00516967271599208,-0.008,0.00347522296317038));
#2823=CARTESIAN_POINT('',(0.00518756044961647,-0.008,0.00349361316790223));
#2824=CARTESIAN_POINT('',(0.00520674500135641,-0.008,0.00351414256421408));
#2825=CARTESIAN_POINT('',(0.00522714738748485,-0.008,0.0035368697272284));
#2826=CARTESIAN_POINT('',(0.00524868669220052,-0.008,0.0035618508269595));
#2827=CARTESIAN_POINT('',(0.00527128029177415,-0.008,0.00358913969035879));
#2828=CARTESIAN_POINT('',(0.00529484386993271,-0.008,0.00361878772206205));
#2829=CARTESIAN_POINT('',(0.00531929149464897,-0.008,0.00365084386768859));
#2830=CARTESIAN_POINT('',(0.00534453567915625,-0.008,0.00368535456723237));
#2831=CARTESIAN_POINT('',(0.00537048744895401,-0.008,0.00372236371340325));
#2832=CARTESIAN_POINT('',(0.00539705640856325,-0.008,0.00376191261072433));
#2833=CARTESIAN_POINT('',(0.00542415080971568,-0.008,0.00380403993657854));
#2834=CARTESIAN_POINT('',(0.00545167762043151,-0.008,0.00384878170389897));
#2835=CARTESIAN_POINT('',(0.0054795425951054,-0.008,0.0038961712255796));
#2836=CARTESIAN_POINT('',(0.00550765034540187,-0.008,0.0039462390807367));
#2837=CARTESIAN_POINT('',(0.00553590441237288,-0.008,0.00399901308232071));
#2838=CARTESIAN_POINT('',(0.00556420733803145,-0.008,0.00405451824812769));
#2839=CARTESIAN_POINT('',(0.00559246074295274,-0.008,0.00411277676741436));
#2840=CARTESIAN_POINT('',(0.00562056538444365,-0.008,0.00417380799316342));
#2841=CARTESIAN_POINT('',(0.00564842129278169,-0.008,0.00423762834476368));
#2842=CARTESIAN_POINT('',(0.00567592761146881,-0.008,0.00430425156302843));
#2843=CARTESIAN_POINT('',(0.00570298357415277,-0.008,0.00437368762478102));
#2844=CARTESIAN_POINT('',(0.00572948513483136,-0.008,0.00444594679579666));
#2845=CARTESIAN_POINT('',(0.00575533822040358,-0.008,0.00452102404631516));
#2846=CARTESIAN_POINT('',(0.00578040847806606,-0.008,0.00459895850276738));
#2847=CARTESIAN_POINT('',(0.00580164001471112,-0.008,0.00466940817056815));
#2848=CARTESIAN_POINT('',(0.00581415557486551,-0.008,0.00471427823743831));
#2849=CARTESIAN_POINT('',(0.00581897531356823,-0.008,0.00473175721060196));
#2850=CARTESIAN_POINT('',(0.00342243997129137,-0.008,0.00398113107582595));
#2851=CARTESIAN_POINT('',(0.00369181709830861,-0.008,0.00429480844582836));
#2852=CARTESIAN_POINT('',(0.00397878679852303,-0.008,0.00462897156439144));
#2853=CARTESIAN_POINT('',(0.00398474632211132,-0.008,0.00463504991749157));
#2854=CARTESIAN_POINT('',(0.00398954625869842,-0.008,0.00464015420230282));
#2855=CARTESIAN_POINT('',(0.00399535053145846,-0.008,0.00464599265232702));
#2856=CARTESIAN_POINT('',(0.00400330492469691,-0.008,0.00465372849260695));
#2857=CARTESIAN_POINT('',(0.00401310926630084,-0.008,0.00466287082773131));
#2858=CARTESIAN_POINT('',(0.00402494226658499,-0.008,0.0046734772502811));
#2859=CARTESIAN_POINT('',(0.00403882844686153,-0.008,0.00468542959296502));
#2860=CARTESIAN_POINT('',(0.00405483677255907,-0.008,0.00469866133103277));
#2861=CARTESIAN_POINT('',(0.00407301986220077,-0.008,0.00471308814222031));
#2862=CARTESIAN_POINT('',(0.00409343210966294,-0.008,0.00472862875989914));
#2863=CARTESIAN_POINT('',(0.00411612426574051,-0.008,0.0047451988893779));
#2864=CARTESIAN_POINT('',(0.00414114495804111,-0.008,0.00476271306235901));
#2865=CARTESIAN_POINT('',(0.00416854019371434,-0.008,0.00478108418246144));
#2866=CARTESIAN_POINT('',(0.00419835344806248,-0.008,0.00480022374025392));
#2867=CARTESIAN_POINT('',(0.00423062558772001,-0.008,0.0048200418380798));
#2868=CARTESIAN_POINT('',(0.00426539484347628,-0.008,0.00484044727071065));
#2869=CARTESIAN_POINT('',(0.00430269677136099,-0.008,0.0048613475915341));
#2870=CARTESIAN_POINT('',(0.00434256421936579,-0.008,0.00488264918409237));
#2871=CARTESIAN_POINT('',(0.00438502729488636,-0.008,0.00490425733328116));
#2872=CARTESIAN_POINT('',(0.00443011333427226,-0.008,0.00492607629773705));
#2873=CARTESIAN_POINT('',(0.00447784687411579,-0.008,0.00494800938290871));
#2874=CARTESIAN_POINT('',(0.00452824962437001,-0.008,0.00496995901492174));
#2875=CARTESIAN_POINT('',(0.00458134044340169,-0.008,0.00499182681502383));
#2876=CARTESIAN_POINT('',(0.00463713531453221,-0.008,0.00501351367508058));
#2877=CARTESIAN_POINT('',(0.00469564732588748,-0.008,0.00503491983212139));
#2878=CARTESIAN_POINT('',(0.00475688664661029,-0.008,0.00505594494939884));
#2879=CARTESIAN_POINT('',(0.00482086052619354,-0.008,0.0050764881750665));
#2880=CARTESIAN_POINT('',(0.00488757321429174,-0.008,0.00509644828915511));
#2881=CARTESIAN_POINT('',(0.00495702619462472,-0.008,0.00511572351425203));
#2882=CARTESIAN_POINT('',(0.00502921722523197,-0.008,0.005134212616132));
#2883=CARTESIAN_POINT('',(0.00510414395567994,-0.008,0.00515181107000285));
#2884=CARTESIAN_POINT('',(0.00518179005362178,-0.008,0.00516842609493301));
#2885=CARTESIAN_POINT('',(0.00526217816577169,-0.008,0.00518391960153223));
#2886=CARTESIAN_POINT('',(0.00533467335511868,-0.008,0.00519650456728873));
#2887=CARTESIAN_POINT('',(0.00538072485275461,-0.008,0.00520352038601494));
#2888=CARTESIAN_POINT('',(0.00539865733982721,-0.008,0.00520619812599654));
#2889=CARTESIAN_POINT('',(0.00368216735063546,-0.008,0.00428354585953496));
#2890=CARTESIAN_POINT('',(0.00336841290346085,-0.008,0.00455306364469656));
#2891=CARTESIAN_POINT('',(0.00312241411746921,-0.008,0.00422054855190993));
#2892=CARTESIAN_POINT('',(-1.41569321537146E-17,-0.008,-2.18458694105009E-17));
#2893=CARTESIAN_POINT('',(0.002839058143653,-0.008,0.00441613505873151));
#2894=CARTESIAN_POINT('',(0.00306273278462739,-0.008,0.00476405939623213));
#2895=CARTESIAN_POINT('',(0.00269947041750925,-0.008,0.00496185257679199));
#2896=CARTESIAN_POINT('',(0.00250880828072729,-0.008,0.00461176549821803));
#2897=CARTESIAN_POINT('',(0.0027065792709446,-0.008,0.00497486901574458));
#2898=CARTESIAN_POINT('',(0.00291726635637831,-0.008,0.00536168622151547));
#2899=CARTESIAN_POINT('',(0.00292083643906686,-0.008,0.00536941388658367));
#2900=CARTESIAN_POINT('',(0.0029239069473014,-0.008,0.00537571190959539));
#2901=CARTESIAN_POINT('',(0.0029273077694197,-0.008,0.00538320934181434));
#2902=CARTESIAN_POINT('',(0.00293172023901644,-0.008,0.00539338999546164));
#2903=CARTESIAN_POINT('',(0.00293679180340679,-0.008,0.00540579913082423));
#2904=CARTESIAN_POINT('',(0.0029425129410385,-0.008,0.00542062426755981));
#2905=CARTESIAN_POINT('',(0.0029487644681977,-0.008,0.00543784643079455));
#2906=CARTESIAN_POINT('',(0.00295545972768428,-0.008,0.00545750651432284));
#2907=CARTESIAN_POINT('',(0.0029625012180263,-0.008,0.00547962381623158));
#2908=CARTESIAN_POINT('',(0.00296979366527177,-0.008,0.00550422037813499));
#2909=CARTESIAN_POINT('',(0.00297724025603517,-0.008,0.00553131376154117));
#2910=CARTESIAN_POINT('',(0.00298474383248273,-0.008,0.00556091912657707));
#2911=CARTESIAN_POINT('',(0.00299220664372343,-0.008,0.00559304860587251));
#2912=CARTESIAN_POINT('',(0.00299953051544671,-0.008,0.00562771146366437));
#2913=CARTESIAN_POINT('',(0.00300661690037516,-0.008,0.00566491403277132));
#2914=CARTESIAN_POINT('',(0.00301336696331402,-0.008,0.00570465971778264));
#2915=CARTESIAN_POINT('',(0.00301968165683726,-0.008,0.00574694898214307));
#2916=CARTESIAN_POINT('',(0.00302546179997788,-0.008,0.00579177934240492));
#2917=CARTESIAN_POINT('',(0.00303060815634533,-0.008,0.00583914536303332));
#2918=CARTESIAN_POINT('',(0.00303502151260653,-0.008,0.00588903865360376));
#2919=CARTESIAN_POINT('',(0.00303860275698988,-0.008,0.00594144786786813));
#2920=CARTESIAN_POINT('',(0.0030412529578825,-0.008,0.00599635870481244));
#2921=CARTESIAN_POINT('',(0.00304287344228403,-0.008,0.00605375391172961));
#2922=CARTESIAN_POINT('',(0.00304336587471515,-0.008,0.00611361328905591));
#2923=CARTESIAN_POINT('',(0.00304263233406451,-0.008,0.00617591369796475));
#2924=CARTESIAN_POINT('',(0.00304057539781581,-0.008,0.00624062906686883));
#2925=CARTESIAN_POINT('',(0.00303709819714893,-0.008,0.00630773041160414));
#2926=CARTESIAN_POINT('',(0.00303210458280028,-0.008,0.00637718581257092));
#2927=CARTESIAN_POINT('',(0.00302549886510157,-0.008,0.00644896056630337));
#2928=CARTESIAN_POINT('',(0.00301718718341804,-0.008,0.00652301667838101));
#2929=CARTESIAN_POINT('',(0.00300707263884647,-0.008,0.00659931488610817));
#2930=CARTESIAN_POINT('',(0.00299507427123883,-0.008,0.0066778070179035));
#2931=CARTESIAN_POINT('',(0.00298105493413677,-0.008,0.00675846528163999));
#2932=CARTESIAN_POINT('',(0.00296711493310322,-0.008,0.00683071215155651));
#2933=CARTESIAN_POINT('',(0.00295734475145063,-0.008,0.00687625889345301));
#2934=CARTESIAN_POINT('',(0.00295348953427435,-0.008,0.00689397559982134));
#2935=CARTESIAN_POINT('',(0.00118029623313649,-0.008,0.00511560365959325));
#2936=CARTESIAN_POINT('',(0.00127304469104118,-0.008,0.00551853696991642));
#2937=CARTESIAN_POINT('',(0.00137185039683727,-0.008,0.00594778518616326));
#2938=CARTESIAN_POINT('',(0.00137430254137504,-0.008,0.00595593682924764));
#2939=CARTESIAN_POINT('',(0.00137618059472034,-0.008,0.00596268709074677));
#2940=CARTESIAN_POINT('',(0.00137860675999519,-0.008,0.00597055416154963));
#2941=CARTESIAN_POINT('',(0.00138205500118528,-0.008,0.00598110049879644));
#2942=CARTESIAN_POINT('',(0.00138648765955716,-0.008,0.00599375193925082));
#2943=CARTESIAN_POINT('',(0.00139203621062895,-0.008,0.00600864252943501));
#2944=CARTESIAN_POINT('',(0.00139877728202269,-0.008,0.00602567903303084));
#2945=CARTESIAN_POINT('',(0.0014068028551857,-0.008,0.00604483459513006));
#2946=CARTESIAN_POINT('',(0.00141619870801639,-0.008,0.00606605900512288));
#2947=CARTESIAN_POINT('',(0.00142705077038566,-0.008,0.00608930558307813));
#2948=CARTESIAN_POINT('',(0.00143944315358707,-0.008,0.00611452327482384));
#2949=CARTESIAN_POINT('',(0.00145345863432714,-0.008,0.00614165900031696));
#2950=CARTESIAN_POINT('',(0.00146917842562019,-0.008,0.00617065702013061));
#2951=CARTESIAN_POINT('',(0.00148668215531825,-0.008,0.00620145916703591));
#2952=CARTESIAN_POINT('',(0.00150604778655322,-0.008,0.00623400483228311));
#2953=CARTESIAN_POINT('',(0.00152735155619096,-0.008,0.00626823102438681));
#2954=CARTESIAN_POINT('',(0.00155066790961513,-0.008,0.00630407240964795));
#2955=CARTESIAN_POINT('',(0.00157606943801515,-0.008,0.00634146136003275));
#2956=CARTESIAN_POINT('',(0.00160362681646959,-0.008,0.00638032800108584));
#2957=CARTESIAN_POINT('',(0.00163340874334402,-0.008,0.00642060026187513));
#2958=CARTESIAN_POINT('',(0.00166548188091055,-0.008,0.0064622039263505));
#2959=CARTESIAN_POINT('',(0.00169991079721836,-0.008,0.00650506268625517));
#2960=CARTESIAN_POINT('',(0.00173675790940776,-0.008,0.00654909819545016));
#2961=CARTESIAN_POINT('',(0.00177608342785357,-0.008,0.00659423012586046));
#2962=CARTESIAN_POINT('',(0.00181794530367991,-0.008,0.006640376224118));
#2963=CARTESIAN_POINT('',(0.00186239917002707,-0.008,0.00668745237228149));
#2964=CARTESIAN_POINT('',(0.00190949831419218,-0.008,0.00673537263948315));
#2965=CARTESIAN_POINT('',(0.00195929353832265,-0.008,0.0067840493748042));
#2966=CARTESIAN_POINT('',(0.00201183345450916,-0.008,0.00683339314834032));
#2967=CARTESIAN_POINT('',(0.00206716312348456,-0.008,0.00688331327974577));
#2968=CARTESIAN_POINT('',(0.00212532903913628,-0.008,0.00693371612461255));
#2969=CARTESIAN_POINT('',(0.00218635985733822,-0.008,0.00698451193948569));
#2970=CARTESIAN_POINT('',(0.00225033980409937,-0.008,0.00703558897673538));
#2971=CARTESIAN_POINT('',(0.00230868258113112,-0.008,0.00708042260484835));
#2972=CARTESIAN_POINT('',(0.00234619874367027,-0.008,0.00710803600187311));
#2973=CARTESIAN_POINT('',(0.0023608327645855,-0.008,0.00711874066514996));
#2974=CARTESIAN_POINT('',(0.00126973424864564,-0.008,0.0055040799836704));
#2975=CARTESIAN_POINT('',(0.000866667322776878,-0.008,0.00559691716862862));
#2976=CARTESIAN_POINT('',(0.000803373684089447,-0.008,0.00518816833995511));
#2977=CARTESIAN_POINT('',(-2.38305915176836E-18,-0.008,-2.59226111220439E-17));
#2978=CARTESIAN_POINT('',(0.000461580847809962,-0.008,0.00522966950398732));
#2979=CARTESIAN_POINT('',(0.000497946404692043,-0.008,0.00564168799375802));
#2980=CARTESIAN_POINT('',(8.43744785558293E-5,-0.008,0.00564800871778659));
#2981=CARTESIAN_POINT('',(7.8245118324752E-5,-0.008,0.00524941689156599));
#2982=CARTESIAN_POINT('',(8.46200148668803E-5,-0.008,0.00566283785100777));
#2983=CARTESIAN_POINT('',(9.14112453245261E-5,-0.008,0.00610325864733536));
#2984=CARTESIAN_POINT('',(9.09811715301997E-5,-0.008,0.00611176025508571));
#2985=CARTESIAN_POINT('',(9.07731343166714E-5,-0.008,0.00611876381383768));
#2986=CARTESIAN_POINT('',(9.03001822705193E-5,-0.008,0.00612698290121525));
#2987=CARTESIAN_POINT('',(8.94760444065156E-5,-0.008,0.00613804799919988));
#2988=CARTESIAN_POINT('',(8.81998789074205E-5,-0.008,0.00615139261637054));
#2989=CARTESIAN_POINT('',(8.63761101272629E-5,-0.008,0.0061671783682521));
#2990=CARTESIAN_POINT('',(8.39080241920039E-5,-0.008,0.00618533306599462));
#2991=CARTESIAN_POINT('',(8.06998856677977E-5,-0.008,0.00620585264764586));
#2992=CARTESIAN_POINT('',(7.66563930206414E-5,-0.008,0.0062287088896198));
#2993=CARTESIAN_POINT('',(7.16829421067727E-5,-0.008,0.00625387703278341));
#2994=CARTESIAN_POINT('',(6.56856476908852E-5,-0.008,0.00628132763565622));
#2995=CARTESIAN_POINT('',(5.85714355213289E-5,-0.008,0.0063110289703673));
#2996=CARTESIAN_POINT('',(5.02481131684251E-5,-0.008,0.00634294635272268));
#2997=CARTESIAN_POINT('',(4.06244462917805E-5,-0.008,0.00637704236191974));
#2998=CARTESIAN_POINT('',(2.96102326032162E-5,-0.008,0.00641327680818754));
#2999=CARTESIAN_POINT('',(1.71163756924555E-5,-0.008,0.00645160677513497));
#3000=CARTESIAN_POINT('',(3.05495804578425E-6,-0.008,0.00649198664348795));
#3001=CARTESIAN_POINT('',(-1.26606866059621E-5,-0.008,0.0065343681225692));
#3002=CARTESIAN_POINT('',(-3.01159017037689E-5,-0.008,0.00657870028200137));
#3003=CARTESIAN_POINT('',(-4.93946370665332E-5,-0.008,0.0066249295856977));
#3004=CARTESIAN_POINT('',(-7.05793789452139E-5,-0.008,0.00667299992751753));
#3005=CARTESIAN_POINT('',(-9.3751080919997E-5,-0.008,0.0067228526687289));
#3006=CARTESIAN_POINT('',(-0.00011898909586084,-0.008,0.00677442667718865));
#3007=CARTESIAN_POINT('',(-0.000146371108305121,-0.008,0.00682765836829547));
#3008=CARTESIAN_POINT('',(-0.00017597306994203,-0.008,0.00688248174742648));
#3009=CARTESIAN_POINT('',(-0.000207869128054906,-0.008,0.00693882845483678));
#3010=CARTESIAN_POINT('',(-0.000242131586111593,-0.008,0.00699662780913835));
#3011=CARTESIAN_POINT('',(-0.000278830746279254,-0.008,0.00705580686413847));
#3012=CARTESIAN_POINT('',(-0.000318035210046548,-0.008,0.00711629042223808));
#3013=CARTESIAN_POINT('',(-0.000359810429990489,-0.008,0.00717800122183669));
#3014=CARTESIAN_POINT('',(-0.000404223959544349,-0.008,0.00724085946637817));
#3015=CARTESIAN_POINT('',(-0.000451325098908935,-0.008,0.00730478487798874));
#3016=CARTESIAN_POINT('',(-0.000501222369596784,-0.008,0.00736968911282492));
#3017=CARTESIAN_POINT('',(-0.000547140422067392,-0.008,0.00742718229762847));
#3018=CARTESIAN_POINT('',(-0.000576958114653797,-0.008,0.00746297150488057));
#3019=CARTESIAN_POINT('',(-0.000588605103914399,-0.008,0.00747686726053405));
#3020=CARTESIAN_POINT('',(-0.00133223914791839,-0.008,0.00507815309465495));
#3021=CARTESIAN_POINT('',(-0.00143736691309212,-0.008,0.00547803517977664));
#3022=CARTESIAN_POINT('',(-0.00154936039817442,-0.008,0.00590403290036688));
#3023=CARTESIAN_POINT('',(-0.00155097738944922,-0.008,0.00591239039024282));
#3024=CARTESIAN_POINT('',(-0.00155245145873412,-0.008,0.00591924022486986));
#3025=CARTESIAN_POINT('',(-0.00155395920617047,-0.008,0.00592733366533892));
#3026=CARTESIAN_POINT('',(-0.00155580706752959,-0.008,0.00593827446078651));
#3027=CARTESIAN_POINT('',(-0.00155776156100343,-0.008,0.0059515367140292));
#3028=CARTESIAN_POINT('',(-0.00155976856532726,-0.008,0.00596730021708765));
#3029=CARTESIAN_POINT('',(-0.00156171690103391,-0.008,0.00598551802393371));
#3030=CARTESIAN_POINT('',(-0.00156351264249844,-0.008,0.00600620910163703));
#3031=CARTESIAN_POINT('',(-0.00156505650312996,-0.008,0.00602936885388763));
#3032=CARTESIAN_POINT('',(-0.00156625070256086,-0.008,0.0060549958812614));
#3033=CARTESIAN_POINT('',(-0.00156699703788266,-0.008,0.00608308406600123));
#3034=CARTESIAN_POINT('',(-0.00156719754643581,-0.008,0.00611362487631683));
#3035=CARTESIAN_POINT('',(-0.00156675441426415,-0.008,0.00614660669896641));
#3036=CARTESIAN_POINT('',(-0.00156557010274719,-0.008,0.00618201503433464));
#3037=CARTESIAN_POINT('',(-0.00156354741266957,-0.008,0.00621983244731281));
#3038=CARTESIAN_POINT('',(-0.00156058956603611,-0.008,0.00626003859074874));
#3039=CARTESIAN_POINT('',(-0.0015566002826494,-0.008,0.00630261021101975));
#3040=CARTESIAN_POINT('',(-0.00155148385788903,-0.008,0.00634752116128364));
#3041=CARTESIAN_POINT('',(-0.00154514523980222,-0.008,0.00639474241512955));
#3042=CARTESIAN_POINT('',(-0.00153749010597506,-0.008,0.00644424208263877));
#3043=CARTESIAN_POINT('',(-0.00152842493997881,-0.008,0.00649598542826506));
#3044=CARTESIAN_POINT('',(-0.00151785710743012,-0.008,0.00654993489067127));
#3045=CARTESIAN_POINT('',(-0.00150569493142975,-0.008,0.00660605010448799));
#3046=CARTESIAN_POINT('',(-0.00149184776802069,-0.008,0.00666428792389355));
#3047=CARTESIAN_POINT('',(-0.0014762260789848,-0.008,0.0067246024483778));
#3048=CARTESIAN_POINT('',(-0.00145874151206627,-0.008,0.00678694504921216));
#3049=CARTESIAN_POINT('',(-0.0014393069496413,-0.008,0.00685126440223374));
#3050=CARTESIAN_POINT('',(-0.00141783667522937,-0.008,0.00691750650534343));
#3051=CARTESIAN_POINT('',(-0.00139424608481302,-0.008,0.00698561476345857));
#3052=CARTESIAN_POINT('',(-0.00136845313783693,-0.008,0.0070555298238873));
#3053=CARTESIAN_POINT('',(-0.001340373147282,-0.008,0.00712719037541115));
#3054=CARTESIAN_POINT('',(-0.00130993903376895,-0.008,0.00720053027119577));
#3055=CARTESIAN_POINT('',(-0.00127702428715758,-0.008,0.00727548970540705));
#3056=CARTESIAN_POINT('',(-0.00124619954955238,-0.008,0.00734230115197962));
#3057=CARTESIAN_POINT('',(-0.00122581322282894,-0.008,0.00738418623082205));
#3058=CARTESIAN_POINT('',(-0.0012178301459037,-0.008,0.0074004655080426));
#3059=CARTESIAN_POINT('',(-0.00143357966775239,-0.008,0.00546369571490139));
#3060=CARTESIAN_POINT('',(-0.0018336212970818,-0.008,0.00535858441939167));
#3061=CARTESIAN_POINT('',(-0.00169970997861277,-0.008,0.004967241285523));
#3062=CARTESIAN_POINT('',(9.93674398287199E-18,-0.008,-2.40607950268564E-17));
#3063=CARTESIAN_POINT('',(-0.00202163905761411,-0.008,0.00484514969022931));
#3064=CARTESIAN_POINT('',(-0.00218091349565355,-0.008,0.00522687386162468));
#3065=CARTESIAN_POINT('',(-0.00255005063661204,-0.008,0.00504027412742));
#3066=CARTESIAN_POINT('',(-0.00237024305773008,-0.008,0.00468449013738767));
#3067=CARTESIAN_POINT('',(-0.00255672466683511,-0.008,0.00505351877919924));
#3068=CARTESIAN_POINT('',(-0.00275538508040819,-0.008,0.00544664806929084));
#3069=CARTESIAN_POINT('',(-0.00275971678596206,-0.008,0.00545397600384321));
#3070=CARTESIAN_POINT('',(-0.00276315570980514,-0.008,0.00546008066742738));
#3071=CARTESIAN_POINT('',(-0.00276739408840167,-0.008,0.00546713851609611));
#3072=CARTESIAN_POINT('',(-0.00277326603367371,-0.008,0.00547655317781869));
#3073=CARTESIAN_POINT('',(-0.00278059757492587,-0.008,0.00548777618582369));
#3074=CARTESIAN_POINT('',(-0.00278954844666916,-0.008,0.0055009062273341));
#3075=CARTESIAN_POINT('',(-0.00280017073695476,-0.008,0.00551583443711942));
#3076=CARTESIAN_POINT('',(-0.00281254732761613,-0.008,0.00553251272802506));
#3077=CARTESIAN_POINT('',(-0.00282674948781637,-0.008,0.00555087182047555));
#3078=CARTESIAN_POINT('',(-0.00284284947922178,-0.008,0.00557084582660957));
#3079=CARTESIAN_POINT('',(-0.00286091675094151,-0.008,0.00559236504664648));
#3080=CARTESIAN_POINT('',(-0.00288101897145569,-0.008,0.00561535813319033));
#3081=CARTESIAN_POINT('',(-0.00290322165455805,-0.008,0.0056397515309542));
#3082=CARTESIAN_POINT('',(-0.00292758819393095,-0.008,0.00566546970675085));
#3083=CARTESIAN_POINT('',(-0.00295417978261614,-0.008,0.00569243515521197));
#3084=CARTESIAN_POINT('',(-0.00298305536732556,-0.008,0.00572056847059402));
#3085=CARTESIAN_POINT('',(-0.00301427159481774,-0.008,0.00574978840173006));
#3086=CARTESIAN_POINT('',(-0.0030478827624662,-0.008,0.00578001191352537));
#3087=CARTESIAN_POINT('',(-0.00308394076960849,-0.008,0.00581115424829585));
#3088=CARTESIAN_POINT('',(-0.00312249507065756,-0.008,0.00584312898876474));
#3089=CARTESIAN_POINT('',(-0.00316359262973768,-0.008,0.00587584812213953));
#3090=CARTESIAN_POINT('',(-0.00320727787690672,-0.008,0.00590922210539709));
#3091=CARTESIAN_POINT('',(-0.00325359266611804,-0.008,0.00594315993159547));
#3092=CARTESIAN_POINT('',(-0.00330257623437577,-0.008,0.00597756919756167));
#3093=CARTESIAN_POINT('',(-0.00335426516433024,-0.008,0.00601235617144927));
#3094=CARTESIAN_POINT('',(-0.0034086933417828,-0.008,0.00604742586574953));
#3095=CARTESIAN_POINT('',(-0.0034658919409959,-0.008,0.0060826820941046));
#3096=CARTESIAN_POINT('',(-0.00352588931166098,-0.008,0.00611802759482246));
#3097=CARTESIAN_POINT('',(-0.00358871125131277,-0.008,0.00615336390303449));
#3098=CARTESIAN_POINT('',(-0.00365437981007395,-0.008,0.00618859218966178));
#3099=CARTESIAN_POINT('',(-0.00372291772023035,-0.008,0.00622361040471709));
#3100=CARTESIAN_POINT('',(-0.00379433132795373,-0.008,0.00625832455472765));
#3101=CARTESIAN_POINT('',(-0.00386867566884008,-0.008,0.00629260598264337));
#3102=CARTESIAN_POINT('',(-0.00393605250029924,-0.008,0.00632217448656346));
#3103=CARTESIAN_POINT('',(-0.00397908682979007,-0.008,0.0063400072830964));
#3104=CARTESIAN_POINT('',(-0.00399585740625683,-0.008,0.00634689873787683));
#3105=CARTESIAN_POINT('',(-0.00353957459540737,-0.008,0.0038773588541102));
#3106=CARTESIAN_POINT('',(-0.00381849507958512,-0.008,0.00418258154743056));
#3107=CARTESIAN_POINT('',(-0.00411563139778126,-0.008,0.00450773782840604));
#3108=CARTESIAN_POINT('',(-0.00412094709165443,-0.008,0.00451438656486164));
#3109=CARTESIAN_POINT('',(-0.00412543559206083,-0.008,0.00451976675805298));
#3110=CARTESIAN_POINT('',(-0.00413053184544105,-0.008,0.00452623245851332));
#3111=CARTESIAN_POINT('',(-0.00413725248658113,-0.008,0.00453506130777551));
#3112=CARTESIAN_POINT('',(-0.00414514638100002,-0.008,0.0045458961514161));
#3113=CARTESIAN_POINT('',(-0.00415424916021593,-0.008,0.00455892133876892));
#3114=CARTESIAN_POINT('',(-0.00416444056279255,-0.008,0.00457414696886515));
#3115=CARTESIAN_POINT('',(-0.00417564623615612,-0.008,0.00459163348562525));
#3116=CARTESIAN_POINT('',(-0.00418777613038473,-0.008,0.00461142295999831));
#3117=CARTESIAN_POINT('',(-0.00420074301491784,-0.008,0.00463355959365841));
#3118=CARTESIAN_POINT('',(-0.00421445709233492,-0.008,0.0046580836067678));
#3119=CARTESIAN_POINT('',(-0.00422882765608816,-0.008,0.00468503297031924));
#3120=CARTESIAN_POINT('',(-0.0042437626992781,-0.008,0.00471444285770978));
#3121=CARTESIAN_POINT('',(-0.00425916911743827,-0.008,0.00474634575862478));
#3122=CARTESIAN_POINT('',(-0.00427495274243871,-0.008,0.00478077140576986));
#3123=CARTESIAN_POINT('',(-0.00429101842582736,-0.008,0.00481774675761339));
#3124=CARTESIAN_POINT('',(-0.00430727010922595,-0.008,0.00485729596773383));
#3125=CARTESIAN_POINT('',(-0.00432361089935821,-0.008,0.00489944036040696));
#3126=CARTESIAN_POINT('',(-0.00433994314265409,-0.008,0.00494419840686741));
#3127=CARTESIAN_POINT('',(-0.00435616850077964,-0.008,0.00499158570380585));
#3128=CARTESIAN_POINT('',(-0.00437218802663632,-0.008,0.00504161495367498));
#3129=CARTESIAN_POINT('',(-0.00438790224092746,-0.008,0.00509429594690697));
#3130=CARTESIAN_POINT('',(-0.00440321120906769,-0.008,0.00514963554612165));
#3131=CARTESIAN_POINT('',(-0.004418014618956,-0.008,0.00520763767193847));
#3132=CARTESIAN_POINT('',(-0.00443221185740693,-0.008,0.0052683032919589));
#3133=CARTESIAN_POINT('',(-0.00444570209348618,-0.008,0.00533163040692277));
#3134=CARTESIAN_POINT('',(-0.00445838433684104,-0.008,0.00539761405711926));
#3135=CARTESIAN_POINT('',(-0.00447015759327056,-0.008,0.00546624626049904));
#3136=CARTESIAN_POINT('',(-0.00448092064859133,-0.008,0.0055375162220525));
#3137=CARTESIAN_POINT('',(-0.00449057327692807,-0.008,0.00561140951372811));
#3138=CARTESIAN_POINT('',(-0.00449901199890549,-0.008,0.00568791120315819));
#3139=CARTESIAN_POINT('',(-0.00450614667871633,-0.008,0.00576699389357158));
#3140=CARTESIAN_POINT('',(-0.00451183750403772,-0.008,0.00584866342172577));
#3141=CARTESIAN_POINT('',(-0.00451559238176605,-0.008,0.00592214698951336));
#3142=CARTESIAN_POINT('',(-0.00451700615262881,-0.008,0.00596870838338059));
#3143=CARTESIAN_POINT('',(-0.00451750284641062,-0.008,0.00598683288832017));
#3144=CARTESIAN_POINT('',(-0.00380847775877619,-0.008,0.00417164460251972));
#3145=CARTESIAN_POINT('',(-0.00411384937531115,-0.008,0.00389266455761489));
#3146=CARTESIAN_POINT('',(-0.00381341056894058,-0.008,0.00360837911432437));
#3147=CARTESIAN_POINT('',(1.99801588217829E-17,-0.008,-1.66869407550297E-17));
#3148=CARTESIAN_POINT('',(-0.00404172581833053,-0.008,0.00335066447282332));
#3149=CARTESIAN_POINT('',(-0.00436015239700172,-0.008,0.00361464591845166));
#3150=CARTESIAN_POINT('',(-0.00460028988237369,-0.008,0.00327787347634944));
#3151=CARTESIAN_POINT('',(-0.00427573711378434,-0.008,0.0030464031469599));
#3152=CARTESIAN_POINT('',(-0.00461235453923756,-0.008,0.00328649945657946));
#3153=CARTESIAN_POINT('',(-0.00497095589020929,-0.008,0.00354227605779663));
#3154=CARTESIAN_POINT('',(-0.00497819688598303,-0.008,0.00354675157765626));
#3155=CARTESIAN_POINT('',(-0.00498407888044675,-0.008,0.00355055884121468));
#3156=CARTESIAN_POINT('',(-0.00499111172413517,-0.008,0.00355483858310086));
#3157=CARTESIAN_POINT('',(-0.00500068628491805,-0.008,0.00356044602301971));
#3158=CARTESIAN_POINT('',(-0.00501239363417706,-0.008,0.00356697636597702));
#3159=CARTESIAN_POINT('',(-0.00502642107203678,-0.008,0.00357444276284039));
#3160=CARTESIAN_POINT('',(-0.00504276412798077,-0.008,0.00358272461171112));
#3161=CARTESIAN_POINT('',(-0.00506147384301286,-0.008,0.00359174081641988));
#3162=CARTESIAN_POINT('',(-0.00508258112701889,-0.008,0.00360139691251757));
#3163=CARTESIAN_POINT('',(-0.00510611934491081,-0.008,0.00361160097752957));
#3164=CARTESIAN_POINT('',(-0.00513211759971762,-0.008,0.00362225902075483));
#3165=CARTESIAN_POINT('',(-0.00516060265211464,-0.008,0.00363327642010097));
#3166=CARTESIAN_POINT('',(-0.00519159832883904,-0.008,0.00364455759981793));
#3167=CARTESIAN_POINT('',(-0.00522512566018648,-0.008,0.00365600621807679));
#3168=CARTESIAN_POINT('',(-0.00526120281136392,-0.008,0.00366752520945766));
#3169=CARTESIAN_POINT('',(-0.00529984507540359,-0.008,0.00367901686976352));
#3170=CARTESIAN_POINT('',(-0.00534106485121914,-0.008,0.0036903829295977));
#3171=CARTESIAN_POINT('',(-0.00538487162841453,-0.008,0.00370152463178757));
#3172=CARTESIAN_POINT('',(-0.00543127197271111,-0.008,0.00371234280830625));
#3173=CARTESIAN_POINT('',(-0.00548026951370583,-0.008,0.00372273795784368));
#3174=CARTESIAN_POINT('',(-0.00553186493448142,-0.008,0.00373261032362556));
#3175=CARTESIAN_POINT('',(-0.00558605596318258,-0.008,0.00374185997156511));
#3176=CARTESIAN_POINT('',(-0.00564283736660979,-0.008,0.00375038686851521));
#3177=CARTESIAN_POINT('',(-0.00570220094550909,-0.008,0.00375809096118454));
#3178=CARTESIAN_POINT('',(-0.0057641355328477,-0.008,0.00376487225333957));
#3179=CARTESIAN_POINT('',(-0.00582862699011621,-0.008,0.00377063089020122));
#3180=CARTESIAN_POINT('',(-0.00589565822072383,-0.008,0.00377526721557726));
#3181=CARTESIAN_POINT('',(-0.00596520912731366,-0.008,0.00377868193375786));
#3182=CARTESIAN_POINT('',(-0.00603725679356217,-0.008,0.00378077586971962));
#3183=CARTESIAN_POINT('',(-0.00611177481572032,-0.008,0.00378145126745616));
#3184=CARTESIAN_POINT('',(-0.00618873589723381,-0.008,0.00378060720197136));
#3185=CARTESIAN_POINT('',(-0.00626810197641381,-0.008,0.00377815749696534));
#3186=CARTESIAN_POINT('',(-0.00634986199494803,-0.008,0.0037739626559611));
#3187=CARTESIAN_POINT('',(-0.0064232623852873,-0.008,0.00376883269108874));
#3188=CARTESIAN_POINT('',(-0.0064696547054161,-0.008,0.00376462379812532));
#3189=CARTESIAN_POINT('',(-0.00648770693212782,-0.008,0.00376293220279354));
#3190=CARTESIAN_POINT('',(-0.00493603615958656,-0.008,0.00178830842732845));
#3191=CARTESIAN_POINT('',(-0.00532485204119945,-0.008,0.00192894888813999));
#3192=CARTESIAN_POINT('',(-0.0057390608428915,-0.008,0.0020787743440872));
#3193=CARTESIAN_POINT('',(-0.00574685747795775,-0.008,0.00208219118172644));
#3194=CARTESIAN_POINT('',(-0.00575333214813484,-0.008,0.00208486919606031));
#3195=CARTESIAN_POINT('',(-0.00576084941722602,-0.008,0.00208822594245659));
#3196=CARTESIAN_POINT('',(-0.00577090322025439,-0.008,0.0020929202625666));
#3197=CARTESIAN_POINT('',(-0.00578292811953872,-0.008,0.00209884556450104));
#3198=CARTESIAN_POINT('',(-0.0057970413366287,-0.008,0.00210614852269623));
#3199=CARTESIAN_POINT('',(-0.00581314107856472,-0.008,0.00211489396767632));
#3200=CARTESIAN_POINT('',(-0.00583118959910274,-0.008,0.00212516997323883));
#3201=CARTESIAN_POINT('',(-0.00585112671434172,-0.008,0.00213705563964449));
#3202=CARTESIAN_POINT('',(-0.0058728957269984,-0.008,0.00215063064359476));
#3203=CARTESIAN_POINT('',(-0.00589643581664708,-0.008,0.00216597232921674));
#3204=CARTESIAN_POINT('',(-0.0059216843126286,-0.008,0.00218315647158943));
#3205=CARTESIAN_POINT('',(-0.00594857609277211,-0.008,0.00220225697294732));
#3206=CARTESIAN_POINT('',(-0.00597704381587638,-0.008,0.00222334586928109));
#3207=CARTESIAN_POINT('',(-0.00600701791768059,-0.008,0.00224649324970616));
#3208=CARTESIAN_POINT('',(-0.00603842667663946,-0.008,0.00227176720245124));
#3209=CARTESIAN_POINT('',(-0.00607119626201075,-0.008,0.00229923375500216));
#3210=CARTESIAN_POINT('',(-0.00610525078894421,-0.008,0.00232895681761812));
#3211=CARTESIAN_POINT('',(-0.00614051237350856,-0.008,0.00236099812764193));
#3212=CARTESIAN_POINT('',(-0.00617690118957702,-0.008,0.00239541719535985));
#3213=CARTESIAN_POINT('',(-0.00621433552696908,-0.008,0.00243227125124463));
#3214=CARTESIAN_POINT('',(-0.00625273185098276,-0.008,0.00247161519462773));
#3215=CARTESIAN_POINT('',(-0.00629200486315574,-0.008,0.00251350154397476));
#3216=CARTESIAN_POINT('',(-0.00633206756353644,-0.008,0.00255798038817959));
#3217=CARTESIAN_POINT('',(-0.00637283131324034,-0.008,0.00260509934128949));
#3218=CARTESIAN_POINT('',(-0.00641420590180659,-0.008,0.00265490349151912));
#3219=CARTESIAN_POINT('',(-0.00645609960182629,-0.008,0.00270743537981969));
#3220=CARTESIAN_POINT('',(-0.00649841927793237,-0.008,0.00276273487278297));
#3221=CARTESIAN_POINT('',(-0.00654107029272515,-0.008,0.002820839448479));
#3222=CARTESIAN_POINT('',(-0.00658395719554955,-0.008,0.00288178290878931));
#3223=CARTESIAN_POINT('',(-0.00662698142055192,-0.008,0.00294560012102248));
#3224=CARTESIAN_POINT('',(-0.0066700504245242,-0.008,0.00301230871474068));
#3225=CARTESIAN_POINT('',(-0.0067130431222791,-0.008,0.00308197883216215));
#3226=CARTESIAN_POINT('',(-0.00675051741810459,-0.008,0.00314530032135763));
#3227=CARTESIAN_POINT('',(-0.00677340740868666,-0.008,0.00318587137604029));
#3228=CARTESIAN_POINT('',(-0.00678227008661591,-0.008,0.00320168900304121));
#3229=CARTESIAN_POINT('',(-0.00531089949239685,-0.008,0.00192391998546816));
#3230=CARTESIAN_POINT('',(-0.00545164413891609,-0.008,0.00153498215738193));
#3231=CARTESIAN_POINT('',(-0.00505350475450338,-0.008,0.0014228807737164));
#3232=CARTESIAN_POINT('',(2.54463600616396E-17,-0.008,-5.49030945566192E-18));
#3233=CARTESIAN_POINT('',(-0.00513590190214374,-0.008,0.00108858240457779));
#3234=CARTESIAN_POINT('',(-0.00554053292972938,-0.008,0.00117434615656692));
#3235=CARTESIAN_POINT('',(-0.00559665815558653,-0.008,0.000764551514504887));
#3236=CARTESIAN_POINT('',(-0.00520171132528873,-0.008,0.000710421908701415));
#3237=CARTESIAN_POINT('',(-0.00561134957159856,-0.008,0.000766582715069326));
#3238=CARTESIAN_POINT('',(-0.00604774061207608,-0.008,0.00082641129051541));
#3239=CARTESIAN_POINT('',(-0.00605623207320138,-0.008,0.000827009108018324));
#3240=CARTESIAN_POINT('',(-0.00606320964423981,-0.008,0.000827646773352247));
#3241=CARTESIAN_POINT('',(-0.00607142581328608,-0.008,0.00082816797116623));
#3242=CARTESIAN_POINT('',(-0.00608250957309039,-0.008,0.000828683592372921));
#3243=CARTESIAN_POINT('',(-0.00609591071772986,-0.008,0.000829025247410181));
#3244=CARTESIAN_POINT('',(-0.00611180120474131,-0.008,0.000829117538084953));
#3245=CARTESIAN_POINT('',(-0.0061301210291821,-0.008,0.000828855754271907));
#3246=CARTESIAN_POINT('',(-0.00615087769834757,-0.008,0.000828144368942059));
#3247=CARTESIAN_POINT('',(-0.00617405468176396,-0.008,0.000826885373439529));
#3248=CARTESIAN_POINT('',(-0.00619963880408961,-0.008,0.000824981869007572));
#3249=CARTESIAN_POINT('',(-0.00622761215512019,-0.008,0.000822337106161637));
#3250=CARTESIAN_POINT('',(-0.006257954457178,-0.008,0.000818854864893929));
#3251=CARTESIAN_POINT('',(-0.00629064239152528,-0.008,0.00081443944424378));
#3252=CARTESIAN_POINT('',(-0.00632564980728372,-0.008,0.000808995764492539));
#3253=CARTESIAN_POINT('',(-0.00636294768039544,-0.008,0.000802429436686701));
#3254=CARTESIAN_POINT('',(-0.00640250414676364,-0.008,0.000794646841029816));
#3255=CARTESIAN_POINT('',(-0.00644428451701537,-0.008,0.000785555202229982));
#3256=CARTESIAN_POINT('',(-0.00648825129903112,-0.008,0.000775062665114786));
#3257=CARTESIAN_POINT('',(-0.0065343642207884,-0.008,0.000763078369514407));
#3258=CARTESIAN_POINT('',(-0.00658258025557127,-0.008,0.000749512524636473));
#3259=CARTESIAN_POINT('',(-0.00663285364893486,-0.008,0.000734276482799731));
#3260=CARTESIAN_POINT('',(-0.00668513594756541,-0.008,0.000717282812548654));
#3261=CARTESIAN_POINT('',(-0.00673937602997341,-0.008,0.000698445370919458));
#3262=CARTESIAN_POINT('',(-0.00679552013899715,-0.008,0.000677679375505751));
#3263=CARTESIAN_POINT('',(-0.0068535119161533,-0.008,0.000654901473618912));
#3264=CARTESIAN_POINT('',(-0.00691329243758386,-0.008,0.000630029818736067));
#3265=CARTESIAN_POINT('',(-0.00697480025246771,-0.008,0.000602984114863195));
#3266=CARTESIAN_POINT('',(-0.00703797142046184,-0.008,0.000573685779723173));
#3267=CARTESIAN_POINT('',(-0.00710273956123804,-0.008,0.000542057647940483));
#3268=CARTESIAN_POINT('',(-0.00716903586595625,-0.008,0.000508025431304251));
#3269=CARTESIAN_POINT('',(-0.00723678926253364,-0.008,0.000471512450509826));
#3270=CARTESIAN_POINT('',(-0.00730592600089508,-0.008,0.000432460088381965));
#3271=CARTESIAN_POINT('',(-0.00737637146214601,-0.008,0.00039074996597853));
#3272=CARTESIAN_POINT('',(-0.00743898026650926,-0.008,0.000352096745443184));
#3273=CARTESIAN_POINT('',(-0.00747810265582259,-0.008,0.000326810369638668));
#3274=CARTESIAN_POINT('',(-0.00749330098519254,-0.008,0.000316923248299256));
#3275=CARTESIAN_POINT('',(-0.00520171132528873,-0.008,-0.000710421908701416));
#3276=CARTESIAN_POINT('',(-0.00561134957159856,-0.008,-0.000766582715069327));
#3277=CARTESIAN_POINT('',(-0.00604774061207608,-0.008,-0.000826411290515411));
#3278=CARTESIAN_POINT('',(-0.00605623207320138,-0.008,-0.000827009108018325));
#3279=CARTESIAN_POINT('',(-0.00606320964423981,-0.008,-0.000827646773352248));
#3280=CARTESIAN_POINT('',(-0.00607142581328608,-0.008,-0.000828167971166231));
#3281=CARTESIAN_POINT('',(-0.00608250957309039,-0.008,-0.000828683592372922));
#3282=CARTESIAN_POINT('',(-0.00609591071772986,-0.008,-0.000829025247410182));
#3283=CARTESIAN_POINT('',(-0.00611180120474131,-0.008,-0.000829117538084954));
#3284=CARTESIAN_POINT('',(-0.0061301210291821,-0.008,-0.000828855754271908));
#3285=CARTESIAN_POINT('',(-0.00615087769834757,-0.008,-0.000828144368942061));
#3286=CARTESIAN_POINT('',(-0.00617405468176396,-0.008,-0.00082688537343953));
#3287=CARTESIAN_POINT('',(-0.00619963880408961,-0.008,-0.000824981869007573));
#3288=CARTESIAN_POINT('',(-0.00622761215512019,-0.008,-0.000822337106161639));
#3289=CARTESIAN_POINT('',(-0.006257954457178,-0.008,-0.00081885486489393));
#3290=CARTESIAN_POINT('',(-0.00629064239152528,-0.008,-0.000814439444243781));
#3291=CARTESIAN_POINT('',(-0.00632564980728372,-0.008,-0.000808995764492541));
#3292=CARTESIAN_POINT('',(-0.00636294768039544,-0.008,-0.000802429436686702));
#3293=CARTESIAN_POINT('',(-0.00640250414676364,-0.008,-0.000794646841029817));
#3294=CARTESIAN_POINT('',(-0.00644428451701537,-0.008,-0.000785555202229984));
#3295=CARTESIAN_POINT('',(-0.00648825129903112,-0.008,-0.000775062665114787));
#3296=CARTESIAN_POINT('',(-0.0065343642207884,-0.008,-0.000763078369514408));
#3297=CARTESIAN_POINT('',(-0.00658258025557127,-0.008,-0.000749512524636474));
#3298=CARTESIAN_POINT('',(-0.00663285364893486,-0.008,-0.000734276482799732));
#3299=CARTESIAN_POINT('',(-0.00668513594756541,-0.008,-0.000717282812548656));
#3300=CARTESIAN_POINT('',(-0.00673937602997341,-0.008,-0.000698445370919459));
#3301=CARTESIAN_POINT('',(-0.00679552013899715,-0.008,-0.000677679375505752));
#3302=CARTESIAN_POINT('',(-0.0068535119161533,-0.008,-0.000654901473618913));
#3303=CARTESIAN_POINT('',(-0.00691329243758386,-0.008,-0.000630029818736069));
#3304=CARTESIAN_POINT('',(-0.00697480025246771,-0.008,-0.000602984114863196));
#3305=CARTESIAN_POINT('',(-0.00703797142046184,-0.008,-0.000573685779723175));
#3306=CARTESIAN_POINT('',(-0.00710273956123804,-0.008,-0.000542057647940484));
#3307=CARTESIAN_POINT('',(-0.00716903586595625,-0.008,-0.000508025431304253));
#3308=CARTESIAN_POINT('',(-0.00723678926253364,-0.008,-0.000471512450509828));
#3309=CARTESIAN_POINT('',(-0.00730592600089508,-0.008,-0.000432460088381966));
#3310=CARTESIAN_POINT('',(-0.00737637146214601,-0.008,-0.000390749965978532));
#3311=CARTESIAN_POINT('',(-0.00743898026650926,-0.008,-0.000352096745443185));
#3312=CARTESIAN_POINT('',(-0.00747810265582259,-0.008,-0.00032681036963867));
#3313=CARTESIAN_POINT('',(-0.00749330098519254,-0.008,-0.000316923248299257));
#3314=CARTESIAN_POINT('',(-0.00559665815558652,-0.008,-0.000764551514504888));
#3315=CARTESIAN_POINT('',(-0.00554053292972938,-0.008,-0.00117434615656692));
#3316=CARTESIAN_POINT('',(-0.00513590190214374,-0.008,-0.00108858240457779));
#3317=CARTESIAN_POINT('',(2.50831068732571E-17,-0.008,6.96408557459641E-18));
#3318=CARTESIAN_POINT('',(0.,-0.008,1.53080849893419E-19));
#3319=CARTESIAN_POINT('',(0.,0.,1.53080849893419E-19));
#3320=CARTESIAN_POINT('',(0.,0.,-0.0025));
#3321=CARTESIAN_POINT('',(0.,-0.008,4.59242549680258E-19));
#3322=CARTESIAN_POINT('',(0.00719971457938836,-0.008,-0.00210097833766621));
#3323=CARTESIAN_POINT('',(0.00719971457938836,0.,-0.00210097833766621));
#3324=CARTESIAN_POINT('',(0.,0.,4.59242549680258E-19));
#3325=CARTESIAN_POINT('',(0.00735140397477818,0.,-0.00148555026828972));
#3326=CARTESIAN_POINT('',(0.00735140397477818,-0.008,-0.00148555026828972));
#3327=CARTESIAN_POINT('',(0.,0.,0.));
#3328=CARTESIAN_POINT('',(-0.00554053292972938,0.,-0.00117434615656692));
#3329=CARTESIAN_POINT('',(-0.00559665815558652,0.,-0.000764551514504888));
#3330=CARTESIAN_POINT('',(-0.00513590190214374,0.,-0.00108858240457779));
#3331=CARTESIAN_POINT('',(-0.00520171132528873,0.,-0.000710421908701416));
#3332=CARTESIAN_POINT('',(-0.00561134957159856,0.,-0.000766582715069327));
#3333=CARTESIAN_POINT('',(-0.00604774061207608,0.,-0.000826411290515411));
#3334=CARTESIAN_POINT('',(-0.00605623207320138,0.,-0.000827009108018325));
#3335=CARTESIAN_POINT('',(-0.00606320964423981,0.,-0.000827646773352248));
#3336=CARTESIAN_POINT('',(-0.00607142581328608,0.,-0.000828167971166231));
#3337=CARTESIAN_POINT('',(-0.00608250957309039,0.,-0.000828683592372922));
#3338=CARTESIAN_POINT('',(-0.00609591071772986,0.,-0.000829025247410182));
#3339=CARTESIAN_POINT('',(-0.00611180120474131,0.,-0.000829117538084954));
#3340=CARTESIAN_POINT('',(-0.0061301210291821,0.,-0.000828855754271908));
#3341=CARTESIAN_POINT('',(-0.00615087769834757,0.,-0.000828144368942061));
#3342=CARTESIAN_POINT('',(-0.00617405468176396,0.,-0.00082688537343953));
#3343=CARTESIAN_POINT('',(-0.00619963880408961,0.,-0.000824981869007573));
#3344=CARTESIAN_POINT('',(-0.00622761215512019,0.,-0.000822337106161639));
#3345=CARTESIAN_POINT('',(-0.006257954457178,0.,-0.00081885486489393));
#3346=CARTESIAN_POINT('',(-0.00629064239152528,0.,-0.000814439444243781));
#3347=CARTESIAN_POINT('',(-0.00632564980728372,0.,-0.000808995764492541));
#3348=CARTESIAN_POINT('',(-0.00636294768039544,0.,-0.000802429436686702));
#3349=CARTESIAN_POINT('',(-0.00640250414676364,0.,-0.000794646841029817));
#3350=CARTESIAN_POINT('',(-0.00644428451701537,0.,-0.000785555202229984));
#3351=CARTESIAN_POINT('',(-0.00648825129903112,0.,-0.000775062665114787));
#3352=CARTESIAN_POINT('',(-0.0065343642207884,0.,-0.000763078369514408));
#3353=CARTESIAN_POINT('',(-0.00658258025557127,0.,-0.000749512524636474));
#3354=CARTESIAN_POINT('',(-0.00663285364893486,0.,-0.000734276482799732));
#3355=CARTESIAN_POINT('',(-0.00668513594756541,0.,-0.000717282812548656));
#3356=CARTESIAN_POINT('',(-0.00673937602997341,0.,-0.000698445370919459));
#3357=CARTESIAN_POINT('',(-0.00679552013899715,0.,-0.000677679375505752));
#3358=CARTESIAN_POINT('',(-0.0068535119161533,0.,-0.000654901473618913));
#3359=CARTESIAN_POINT('',(-0.00691329243758386,0.,-0.000630029818736069));
#3360=CARTESIAN_POINT('',(-0.00697480025246771,0.,-0.000602984114863196));
#3361=CARTESIAN_POINT('',(-0.00703797142046184,0.,-0.000573685779723175));
#3362=CARTESIAN_POINT('',(-0.00710273956123804,0.,-0.000542057647940484));
#3363=CARTESIAN_POINT('',(-0.00716903586595625,0.,-0.000508025431304253));
#3364=CARTESIAN_POINT('',(-0.00723678926253364,0.,-0.000471512450509828));
#3365=CARTESIAN_POINT('',(-0.00730592600089508,0.,-0.000432460088381966));
#3366=CARTESIAN_POINT('',(-0.00737637146214601,0.,-0.000390749965978532));
#3367=CARTESIAN_POINT('',(-0.00743898026650926,0.,-0.000352096745443185));
#3368=CARTESIAN_POINT('',(-0.00747810265582259,0.,-0.00032681036963867));
#3369=CARTESIAN_POINT('',(-0.00749330098519254,0.,-0.000316923248299257));
#3370=CARTESIAN_POINT('',(-0.00520171132528873,0.,0.000710421908701415));
#3371=CARTESIAN_POINT('',(-0.00561134957159856,0.,0.000766582715069326));
#3372=CARTESIAN_POINT('',(-0.00604774061207608,0.,0.00082641129051541));
#3373=CARTESIAN_POINT('',(-0.00605623207320138,0.,0.000827009108018324));
#3374=CARTESIAN_POINT('',(-0.00606320964423981,0.,0.000827646773352247));
#3375=CARTESIAN_POINT('',(-0.00607142581328608,0.,0.00082816797116623));
#3376=CARTESIAN_POINT('',(-0.00608250957309039,0.,0.000828683592372921));
#3377=CARTESIAN_POINT('',(-0.00609591071772986,0.,0.000829025247410181));
#3378=CARTESIAN_POINT('',(-0.00611180120474131,0.,0.000829117538084953));
#3379=CARTESIAN_POINT('',(-0.0061301210291821,0.,0.000828855754271907));
#3380=CARTESIAN_POINT('',(-0.00615087769834757,0.,0.000828144368942059));
#3381=CARTESIAN_POINT('',(-0.00617405468176396,0.,0.000826885373439529));
#3382=CARTESIAN_POINT('',(-0.00619963880408961,0.,0.000824981869007572));
#3383=CARTESIAN_POINT('',(-0.00622761215512019,0.,0.000822337106161637));
#3384=CARTESIAN_POINT('',(-0.006257954457178,0.,0.000818854864893929));
#3385=CARTESIAN_POINT('',(-0.00629064239152528,0.,0.00081443944424378));
#3386=CARTESIAN_POINT('',(-0.00632564980728372,0.,0.000808995764492539));
#3387=CARTESIAN_POINT('',(-0.00636294768039544,0.,0.000802429436686701));
#3388=CARTESIAN_POINT('',(-0.00640250414676364,0.,0.000794646841029816));
#3389=CARTESIAN_POINT('',(-0.00644428451701537,0.,0.000785555202229982));
#3390=CARTESIAN_POINT('',(-0.00648825129903112,0.,0.000775062665114786));
#3391=CARTESIAN_POINT('',(-0.0065343642207884,0.,0.000763078369514407));
#3392=CARTESIAN_POINT('',(-0.00658258025557127,0.,0.000749512524636473));
#3393=CARTESIAN_POINT('',(-0.00663285364893486,0.,0.000734276482799731));
#3394=CARTESIAN_POINT('',(-0.00668513594756541,0.,0.000717282812548654));
#3395=CARTESIAN_POINT('',(-0.00673937602997341,0.,0.000698445370919458));
#3396=CARTESIAN_POINT('',(-0.00679552013899715,0.,0.000677679375505751));
#3397=CARTESIAN_POINT('',(-0.0068535119161533,0.,0.000654901473618912));
#3398=CARTESIAN_POINT('',(-0.00691329243758386,0.,0.000630029818736067));
#3399=CARTESIAN_POINT('',(-0.00697480025246771,0.,0.000602984114863195));
#3400=CARTESIAN_POINT('',(-0.00703797142046184,0.,0.000573685779723173));
#3401=CARTESIAN_POINT('',(-0.00710273956123804,0.,0.000542057647940483));
#3402=CARTESIAN_POINT('',(-0.00716903586595625,0.,0.000508025431304251));
#3403=CARTESIAN_POINT('',(-0.00723678926253364,0.,0.000471512450509826));
#3404=CARTESIAN_POINT('',(-0.00730592600089508,0.,0.000432460088381965));
#3405=CARTESIAN_POINT('',(-0.00737637146214601,0.,0.00039074996597853));
#3406=CARTESIAN_POINT('',(-0.00743898026650926,0.,0.000352096745443184));
#3407=CARTESIAN_POINT('',(-0.00747810265582259,0.,0.000326810369638668));
#3408=CARTESIAN_POINT('',(-0.00749330098519254,0.,0.000316923248299256));
#3409=CARTESIAN_POINT('',(-0.00559665815558653,0.,0.000764551514504887));
#3410=CARTESIAN_POINT('',(-0.00554053292972938,0.,0.00117434615656692));
#3411=CARTESIAN_POINT('',(-0.00513590190214374,0.,0.00108858240457779));
#3412=CARTESIAN_POINT('',(2.54463600616396E-17,0.,-5.49030945566192E-18));
#3413=CARTESIAN_POINT('',(-0.00505350475450338,0.,0.0014228807737164));
#3414=CARTESIAN_POINT('',(-0.00545164413891609,0.,0.00153498215738193));
#3415=CARTESIAN_POINT('',(-0.00531089949239685,0.,0.00192391998546816));
#3416=CARTESIAN_POINT('',(-0.00493603615958656,0.,0.00178830842732845));
#3417=CARTESIAN_POINT('',(-0.00532485204119945,0.,0.00192894888813999));
#3418=CARTESIAN_POINT('',(-0.0057390608428915,0.,0.0020787743440872));
#3419=CARTESIAN_POINT('',(-0.00574685747795775,0.,0.00208219118172644));
#3420=CARTESIAN_POINT('',(-0.00575333214813484,0.,0.00208486919606031));
#3421=CARTESIAN_POINT('',(-0.00576084941722602,0.,0.00208822594245659));
#3422=CARTESIAN_POINT('',(-0.00577090322025439,0.,0.0020929202625666));
#3423=CARTESIAN_POINT('',(-0.00578292811953872,0.,0.00209884556450104));
#3424=CARTESIAN_POINT('',(-0.0057970413366287,0.,0.00210614852269623));
#3425=CARTESIAN_POINT('',(-0.00581314107856472,0.,0.00211489396767632));
#3426=CARTESIAN_POINT('',(-0.00583118959910274,0.,0.00212516997323883));
#3427=CARTESIAN_POINT('',(-0.00585112671434172,0.,0.00213705563964449));
#3428=CARTESIAN_POINT('',(-0.0058728957269984,0.,0.00215063064359476));
#3429=CARTESIAN_POINT('',(-0.00589643581664708,0.,0.00216597232921674));
#3430=CARTESIAN_POINT('',(-0.0059216843126286,0.,0.00218315647158943));
#3431=CARTESIAN_POINT('',(-0.00594857609277211,0.,0.00220225697294732));
#3432=CARTESIAN_POINT('',(-0.00597704381587638,0.,0.00222334586928109));
#3433=CARTESIAN_POINT('',(-0.00600701791768059,0.,0.00224649324970616));
#3434=CARTESIAN_POINT('',(-0.00603842667663946,0.,0.00227176720245124));
#3435=CARTESIAN_POINT('',(-0.00607119626201075,0.,0.00229923375500216));
#3436=CARTESIAN_POINT('',(-0.00610525078894421,0.,0.00232895681761812));
#3437=CARTESIAN_POINT('',(-0.00614051237350856,0.,0.00236099812764193));
#3438=CARTESIAN_POINT('',(-0.00617690118957702,0.,0.00239541719535985));
#3439=CARTESIAN_POINT('',(-0.00621433552696908,0.,0.00243227125124463));
#3440=CARTESIAN_POINT('',(-0.00625273185098276,0.,0.00247161519462773));
#3441=CARTESIAN_POINT('',(-0.00629200486315574,0.,0.00251350154397476));
#3442=CARTESIAN_POINT('',(-0.00633206756353644,0.,0.00255798038817959));
#3443=CARTESIAN_POINT('',(-0.00637283131324034,0.,0.00260509934128949));
#3444=CARTESIAN_POINT('',(-0.00641420590180659,0.,0.00265490349151912));
#3445=CARTESIAN_POINT('',(-0.00645609960182629,0.,0.00270743537981969));
#3446=CARTESIAN_POINT('',(-0.00649841927793237,0.,0.00276273487278297));
#3447=CARTESIAN_POINT('',(-0.00654107029272515,0.,0.002820839448479));
#3448=CARTESIAN_POINT('',(-0.00658395719554955,0.,0.00288178290878931));
#3449=CARTESIAN_POINT('',(-0.00662698142055192,0.,0.00294560012102248));
#3450=CARTESIAN_POINT('',(-0.0066700504245242,0.,0.00301230871474068));
#3451=CARTESIAN_POINT('',(-0.0067130431222791,0.,0.00308197883216215));
#3452=CARTESIAN_POINT('',(-0.00675051741810459,0.,0.00314530032135763));
#3453=CARTESIAN_POINT('',(-0.00677340740868666,0.,0.00318587137604029));
#3454=CARTESIAN_POINT('',(-0.00678227008661591,0.,0.00320168900304121));
#3455=CARTESIAN_POINT('',(-0.00427573711378434,0.,0.0030464031469599));
#3456=CARTESIAN_POINT('',(-0.00461235453923756,0.,0.00328649945657946));
#3457=CARTESIAN_POINT('',(-0.00497095589020929,0.,0.00354227605779663));
#3458=CARTESIAN_POINT('',(-0.00497819688598303,0.,0.00354675157765626));
#3459=CARTESIAN_POINT('',(-0.00498407888044675,0.,0.00355055884121468));
#3460=CARTESIAN_POINT('',(-0.00499111172413517,0.,0.00355483858310086));
#3461=CARTESIAN_POINT('',(-0.00500068628491805,0.,0.00356044602301971));
#3462=CARTESIAN_POINT('',(-0.00501239363417706,0.,0.00356697636597702));
#3463=CARTESIAN_POINT('',(-0.00502642107203678,0.,0.00357444276284039));
#3464=CARTESIAN_POINT('',(-0.00504276412798077,0.,0.00358272461171112));
#3465=CARTESIAN_POINT('',(-0.00506147384301286,0.,0.00359174081641988));
#3466=CARTESIAN_POINT('',(-0.00508258112701889,0.,0.00360139691251757));
#3467=CARTESIAN_POINT('',(-0.00510611934491081,0.,0.00361160097752957));
#3468=CARTESIAN_POINT('',(-0.00513211759971762,0.,0.00362225902075483));
#3469=CARTESIAN_POINT('',(-0.00516060265211464,0.,0.00363327642010097));
#3470=CARTESIAN_POINT('',(-0.00519159832883904,0.,0.00364455759981793));
#3471=CARTESIAN_POINT('',(-0.00522512566018648,0.,0.00365600621807679));
#3472=CARTESIAN_POINT('',(-0.00526120281136392,0.,0.00366752520945766));
#3473=CARTESIAN_POINT('',(-0.00529984507540359,0.,0.00367901686976352));
#3474=CARTESIAN_POINT('',(-0.00534106485121914,0.,0.0036903829295977));
#3475=CARTESIAN_POINT('',(-0.00538487162841453,0.,0.00370152463178757));
#3476=CARTESIAN_POINT('',(-0.00543127197271111,0.,0.00371234280830625));
#3477=CARTESIAN_POINT('',(-0.00548026951370583,0.,0.00372273795784368));
#3478=CARTESIAN_POINT('',(-0.00553186493448142,0.,0.00373261032362556));
#3479=CARTESIAN_POINT('',(-0.00558605596318258,0.,0.00374185997156511));
#3480=CARTESIAN_POINT('',(-0.00564283736660979,0.,0.00375038686851521));
#3481=CARTESIAN_POINT('',(-0.00570220094550909,0.,0.00375809096118454));
#3482=CARTESIAN_POINT('',(-0.0057641355328477,0.,0.00376487225333957));
#3483=CARTESIAN_POINT('',(-0.00582862699011621,0.,0.00377063089020122));
#3484=CARTESIAN_POINT('',(-0.00589565822072383,0.,0.00377526721557726));
#3485=CARTESIAN_POINT('',(-0.00596520912731366,0.,0.00377868193375786));
#3486=CARTESIAN_POINT('',(-0.00603725679356217,0.,0.00378077586971962));
#3487=CARTESIAN_POINT('',(-0.00611177481572032,0.,0.00378145126745616));
#3488=CARTESIAN_POINT('',(-0.00618873589723381,0.,0.00378060720197136));
#3489=CARTESIAN_POINT('',(-0.00626810197641381,0.,0.00377815749696534));
#3490=CARTESIAN_POINT('',(-0.00634986199494803,0.,0.0037739626559611));
#3491=CARTESIAN_POINT('',(-0.0064232623852873,0.,0.00376883269108874));
#3492=CARTESIAN_POINT('',(-0.0064696547054161,0.,0.00376462379812532));
#3493=CARTESIAN_POINT('',(-0.00648770693212782,0.,0.00376293220279354));
#3494=CARTESIAN_POINT('',(-0.00460028988237369,0.,0.00327787347634944));
#3495=CARTESIAN_POINT('',(-0.00436015239700172,0.,0.00361464591845166));
#3496=CARTESIAN_POINT('',(-0.00404172581833053,0.,0.00335066447282332));
#3497=CARTESIAN_POINT('',(1.99801588217829E-17,0.,-1.66869407550297E-17));
#3498=CARTESIAN_POINT('',(-0.00381341056894058,0.,0.00360837911432437));
#3499=CARTESIAN_POINT('',(-0.00411384937531115,0.,0.00389266455761489));
#3500=CARTESIAN_POINT('',(-0.00380847775877619,0.,0.00417164460251972));
#3501=CARTESIAN_POINT('',(-0.00353957459540737,0.,0.0038773588541102));
#3502=CARTESIAN_POINT('',(-0.00381849507958512,0.,0.00418258154743056));
#3503=CARTESIAN_POINT('',(-0.00411563139778126,0.,0.00450773782840604));
#3504=CARTESIAN_POINT('',(-0.00412094709165443,0.,0.00451438656486164));
#3505=CARTESIAN_POINT('',(-0.00412543559206083,0.,0.00451976675805298));
#3506=CARTESIAN_POINT('',(-0.00413053184544105,0.,0.00452623245851332));
#3507=CARTESIAN_POINT('',(-0.00413725248658113,0.,0.00453506130777551));
#3508=CARTESIAN_POINT('',(-0.00414514638100002,0.,0.0045458961514161));
#3509=CARTESIAN_POINT('',(-0.00415424916021593,0.,0.00455892133876892));
#3510=CARTESIAN_POINT('',(-0.00416444056279255,0.,0.00457414696886515));
#3511=CARTESIAN_POINT('',(-0.00417564623615612,0.,0.00459163348562525));
#3512=CARTESIAN_POINT('',(-0.00418777613038473,0.,0.00461142295999831));
#3513=CARTESIAN_POINT('',(-0.00420074301491784,0.,0.00463355959365841));
#3514=CARTESIAN_POINT('',(-0.00421445709233492,0.,0.0046580836067678));
#3515=CARTESIAN_POINT('',(-0.00422882765608816,0.,0.00468503297031924));
#3516=CARTESIAN_POINT('',(-0.0042437626992781,0.,0.00471444285770978));
#3517=CARTESIAN_POINT('',(-0.00425916911743827,0.,0.00474634575862478));
#3518=CARTESIAN_POINT('',(-0.00427495274243871,0.,0.00478077140576986));
#3519=CARTESIAN_POINT('',(-0.00429101842582736,0.,0.00481774675761339));
#3520=CARTESIAN_POINT('',(-0.00430727010922595,0.,0.00485729596773383));
#3521=CARTESIAN_POINT('',(-0.00432361089935821,0.,0.00489944036040696));
#3522=CARTESIAN_POINT('',(-0.00433994314265409,0.,0.00494419840686741));
#3523=CARTESIAN_POINT('',(-0.00435616850077964,0.,0.00499158570380585));
#3524=CARTESIAN_POINT('',(-0.00437218802663632,0.,0.00504161495367498));
#3525=CARTESIAN_POINT('',(-0.00438790224092746,0.,0.00509429594690697));
#3526=CARTESIAN_POINT('',(-0.00440321120906769,0.,0.00514963554612165));
#3527=CARTESIAN_POINT('',(-0.004418014618956,0.,0.00520763767193847));
#3528=CARTESIAN_POINT('',(-0.00443221185740693,0.,0.0052683032919589));
#3529=CARTESIAN_POINT('',(-0.00444570209348618,0.,0.00533163040692277));
#3530=CARTESIAN_POINT('',(-0.00445838433684104,0.,0.00539761405711926));
#3531=CARTESIAN_POINT('',(-0.00447015759327056,0.,0.00546624626049904));
#3532=CARTESIAN_POINT('',(-0.00448092064859133,0.,0.0055375162220525));
#3533=CARTESIAN_POINT('',(-0.00449057327692807,0.,0.00561140951372811));
#3534=CARTESIAN_POINT('',(-0.00449901199890549,0.,0.00568791120315819));
#3535=CARTESIAN_POINT('',(-0.00450614667871633,0.,0.00576699389357158));
#3536=CARTESIAN_POINT('',(-0.00451183750403772,0.,0.00584866342172577));
#3537=CARTESIAN_POINT('',(-0.00451559238176605,0.,0.00592214698951336));
#3538=CARTESIAN_POINT('',(-0.00451700615262881,0.,0.00596870838338059));
#3539=CARTESIAN_POINT('',(-0.00451750284641062,0.,0.00598683288832017));
#3540=CARTESIAN_POINT('',(-0.00237024305773008,0.,0.00468449013738767));
#3541=CARTESIAN_POINT('',(-0.00255672466683511,0.,0.00505351877919924));
#3542=CARTESIAN_POINT('',(-0.00275538508040819,0.,0.00544664806929084));
#3543=CARTESIAN_POINT('',(-0.00275971678596206,0.,0.00545397600384321));
#3544=CARTESIAN_POINT('',(-0.00276315570980514,0.,0.00546008066742738));
#3545=CARTESIAN_POINT('',(-0.00276739408840167,0.,0.00546713851609611));
#3546=CARTESIAN_POINT('',(-0.00277326603367371,0.,0.00547655317781869));
#3547=CARTESIAN_POINT('',(-0.00278059757492587,0.,0.00548777618582369));
#3548=CARTESIAN_POINT('',(-0.00278954844666916,0.,0.0055009062273341));
#3549=CARTESIAN_POINT('',(-0.00280017073695476,0.,0.00551583443711942));
#3550=CARTESIAN_POINT('',(-0.00281254732761613,0.,0.00553251272802506));
#3551=CARTESIAN_POINT('',(-0.00282674948781637,0.,0.00555087182047555));
#3552=CARTESIAN_POINT('',(-0.00284284947922178,0.,0.00557084582660957));
#3553=CARTESIAN_POINT('',(-0.00286091675094151,0.,0.00559236504664648));
#3554=CARTESIAN_POINT('',(-0.00288101897145569,0.,0.00561535813319033));
#3555=CARTESIAN_POINT('',(-0.00290322165455805,0.,0.0056397515309542));
#3556=CARTESIAN_POINT('',(-0.00292758819393095,0.,0.00566546970675085));
#3557=CARTESIAN_POINT('',(-0.00295417978261614,0.,0.00569243515521197));
#3558=CARTESIAN_POINT('',(-0.00298305536732556,0.,0.00572056847059402));
#3559=CARTESIAN_POINT('',(-0.00301427159481774,0.,0.00574978840173006));
#3560=CARTESIAN_POINT('',(-0.0030478827624662,0.,0.00578001191352537));
#3561=CARTESIAN_POINT('',(-0.00308394076960849,0.,0.00581115424829585));
#3562=CARTESIAN_POINT('',(-0.00312249507065756,0.,0.00584312898876474));
#3563=CARTESIAN_POINT('',(-0.00316359262973768,0.,0.00587584812213953));
#3564=CARTESIAN_POINT('',(-0.00320727787690672,0.,0.00590922210539709));
#3565=CARTESIAN_POINT('',(-0.00325359266611804,0.,0.00594315993159547));
#3566=CARTESIAN_POINT('',(-0.00330257623437577,0.,0.00597756919756167));
#3567=CARTESIAN_POINT('',(-0.00335426516433024,0.,0.00601235617144927));
#3568=CARTESIAN_POINT('',(-0.0034086933417828,0.,0.00604742586574953));
#3569=CARTESIAN_POINT('',(-0.0034658919409959,0.,0.0060826820941046));
#3570=CARTESIAN_POINT('',(-0.00352588931166098,0.,0.00611802759482246));
#3571=CARTESIAN_POINT('',(-0.00358871125131277,0.,0.00615336390303449));
#3572=CARTESIAN_POINT('',(-0.00365437981007395,0.,0.00618859218966178));
#3573=CARTESIAN_POINT('',(-0.00372291772023035,0.,0.00622361040471709));
#3574=CARTESIAN_POINT('',(-0.00379433132795373,0.,0.00625832455472765));
#3575=CARTESIAN_POINT('',(-0.00386867566884008,0.,0.00629260598264337));
#3576=CARTESIAN_POINT('',(-0.00393605250029924,0.,0.00632217448656346));
#3577=CARTESIAN_POINT('',(-0.00397908682979007,0.,0.0063400072830964));
#3578=CARTESIAN_POINT('',(-0.00399585740625683,0.,0.00634689873787683));
#3579=CARTESIAN_POINT('',(-0.00255005063661204,0.,0.00504027412742));
#3580=CARTESIAN_POINT('',(-0.00218091349565355,0.,0.00522687386162468));
#3581=CARTESIAN_POINT('',(-0.00202163905761411,0.,0.00484514969022931));
#3582=CARTESIAN_POINT('',(9.93674398287199E-18,0.,-2.40607950268564E-17));
#3583=CARTESIAN_POINT('',(-0.00169970997861277,0.,0.004967241285523));
#3584=CARTESIAN_POINT('',(-0.0018336212970818,0.,0.00535858441939167));
#3585=CARTESIAN_POINT('',(-0.00143357966775239,0.,0.00546369571490139));
#3586=CARTESIAN_POINT('',(-0.00133223914791839,0.,0.00507815309465495));
#3587=CARTESIAN_POINT('',(-0.00143736691309212,0.,0.00547803517977664));
#3588=CARTESIAN_POINT('',(-0.00154936039817442,0.,0.00590403290036688));
#3589=CARTESIAN_POINT('',(-0.00155097738944922,0.,0.00591239039024282));
#3590=CARTESIAN_POINT('',(-0.00155245145873412,0.,0.00591924022486986));
#3591=CARTESIAN_POINT('',(-0.00155395920617047,0.,0.00592733366533892));
#3592=CARTESIAN_POINT('',(-0.00155580706752959,0.,0.00593827446078651));
#3593=CARTESIAN_POINT('',(-0.00155776156100343,0.,0.0059515367140292));
#3594=CARTESIAN_POINT('',(-0.00155976856532726,0.,0.00596730021708765));
#3595=CARTESIAN_POINT('',(-0.00156171690103391,0.,0.00598551802393371));
#3596=CARTESIAN_POINT('',(-0.00156351264249844,0.,0.00600620910163703));
#3597=CARTESIAN_POINT('',(-0.00156505650312996,0.,0.00602936885388763));
#3598=CARTESIAN_POINT('',(-0.00156625070256086,0.,0.0060549958812614));
#3599=CARTESIAN_POINT('',(-0.00156699703788266,0.,0.00608308406600123));
#3600=CARTESIAN_POINT('',(-0.00156719754643581,0.,0.00611362487631683));
#3601=CARTESIAN_POINT('',(-0.00156675441426415,0.,0.00614660669896641));
#3602=CARTESIAN_POINT('',(-0.00156557010274719,0.,0.00618201503433464));
#3603=CARTESIAN_POINT('',(-0.00156354741266957,0.,0.00621983244731281));
#3604=CARTESIAN_POINT('',(-0.00156058956603611,0.,0.00626003859074874));
#3605=CARTESIAN_POINT('',(-0.0015566002826494,0.,0.00630261021101975));
#3606=CARTESIAN_POINT('',(-0.00155148385788903,0.,0.00634752116128364));
#3607=CARTESIAN_POINT('',(-0.00154514523980222,0.,0.00639474241512955));
#3608=CARTESIAN_POINT('',(-0.00153749010597506,0.,0.00644424208263877));
#3609=CARTESIAN_POINT('',(-0.00152842493997881,0.,0.00649598542826506));
#3610=CARTESIAN_POINT('',(-0.00151785710743012,0.,0.00654993489067127));
#3611=CARTESIAN_POINT('',(-0.00150569493142975,0.,0.00660605010448799));
#3612=CARTESIAN_POINT('',(-0.00149184776802069,0.,0.00666428792389355));
#3613=CARTESIAN_POINT('',(-0.0014762260789848,0.,0.0067246024483778));
#3614=CARTESIAN_POINT('',(-0.00145874151206627,0.,0.00678694504921216));
#3615=CARTESIAN_POINT('',(-0.0014393069496413,0.,0.00685126440223374));
#3616=CARTESIAN_POINT('',(-0.00141783667522937,0.,0.00691750650534343));
#3617=CARTESIAN_POINT('',(-0.00139424608481302,0.,0.00698561476345857));
#3618=CARTESIAN_POINT('',(-0.00136845313783693,0.,0.0070555298238873));
#3619=CARTESIAN_POINT('',(-0.001340373147282,0.,0.00712719037541115));
#3620=CARTESIAN_POINT('',(-0.00130993903376895,0.,0.00720053027119577));
#3621=CARTESIAN_POINT('',(-0.00127702428715758,0.,0.00727548970540705));
#3622=CARTESIAN_POINT('',(-0.00124619954955238,0.,0.00734230115197962));
#3623=CARTESIAN_POINT('',(-0.00122581322282894,0.,0.00738418623082205));
#3624=CARTESIAN_POINT('',(-0.0012178301459037,0.,0.0074004655080426));
#3625=CARTESIAN_POINT('',(7.8245118324752E-5,0.,0.00524941689156599));
#3626=CARTESIAN_POINT('',(8.46200148668803E-5,0.,0.00566283785100777));
#3627=CARTESIAN_POINT('',(9.14112453245261E-5,0.,0.00610325864733536));
#3628=CARTESIAN_POINT('',(9.09811715301997E-5,0.,0.00611176025508571));
#3629=CARTESIAN_POINT('',(9.07731343166714E-5,0.,0.00611876381383768));
#3630=CARTESIAN_POINT('',(9.03001822705193E-5,0.,0.00612698290121525));
#3631=CARTESIAN_POINT('',(8.94760444065156E-5,0.,0.00613804799919988));
#3632=CARTESIAN_POINT('',(8.81998789074205E-5,0.,0.00615139261637054));
#3633=CARTESIAN_POINT('',(8.63761101272629E-5,0.,0.0061671783682521));
#3634=CARTESIAN_POINT('',(8.39080241920039E-5,0.,0.00618533306599462));
#3635=CARTESIAN_POINT('',(8.06998856677977E-5,0.,0.00620585264764586));
#3636=CARTESIAN_POINT('',(7.66563930206414E-5,0.,0.0062287088896198));
#3637=CARTESIAN_POINT('',(7.16829421067727E-5,0.,0.00625387703278341));
#3638=CARTESIAN_POINT('',(6.56856476908852E-5,0.,0.00628132763565622));
#3639=CARTESIAN_POINT('',(5.85714355213289E-5,0.,0.0063110289703673));
#3640=CARTESIAN_POINT('',(5.02481131684251E-5,0.,0.00634294635272268));
#3641=CARTESIAN_POINT('',(4.06244462917805E-5,0.,0.00637704236191974));
#3642=CARTESIAN_POINT('',(2.96102326032162E-5,0.,0.00641327680818754));
#3643=CARTESIAN_POINT('',(1.71163756924555E-5,0.,0.00645160677513497));
#3644=CARTESIAN_POINT('',(3.05495804578425E-6,0.,0.00649198664348795));
#3645=CARTESIAN_POINT('',(-1.26606866059621E-5,0.,0.0065343681225692));
#3646=CARTESIAN_POINT('',(-3.01159017037689E-5,0.,0.00657870028200137));
#3647=CARTESIAN_POINT('',(-4.93946370665332E-5,0.,0.0066249295856977));
#3648=CARTESIAN_POINT('',(-7.05793789452139E-5,0.,0.00667299992751753));
#3649=CARTESIAN_POINT('',(-9.3751080919997E-5,0.,0.0067228526687289));
#3650=CARTESIAN_POINT('',(-0.00011898909586084,0.,0.00677442667718865));
#3651=CARTESIAN_POINT('',(-0.000146371108305121,0.,0.00682765836829547));
#3652=CARTESIAN_POINT('',(-0.00017597306994203,0.,0.00688248174742648));
#3653=CARTESIAN_POINT('',(-0.000207869128054906,0.,0.00693882845483678));
#3654=CARTESIAN_POINT('',(-0.000242131586111593,0.,0.00699662780913835));
#3655=CARTESIAN_POINT('',(-0.000278830746279254,0.,0.00705580686413847));
#3656=CARTESIAN_POINT('',(-0.000318035210046548,0.,0.00711629042223808));
#3657=CARTESIAN_POINT('',(-0.000359810429990489,0.,0.00717800122183669));
#3658=CARTESIAN_POINT('',(-0.000404223959544349,0.,0.00724085946637817));
#3659=CARTESIAN_POINT('',(-0.000451325098908935,0.,0.00730478487798874));
#3660=CARTESIAN_POINT('',(-0.000501222369596784,0.,0.00736968911282492));
#3661=CARTESIAN_POINT('',(-0.000547140422067392,0.,0.00742718229762847));
#3662=CARTESIAN_POINT('',(-0.000576958114653797,0.,0.00746297150488057));
#3663=CARTESIAN_POINT('',(-0.000588605103914399,0.,0.00747686726053405));
#3664=CARTESIAN_POINT('',(8.43744785558293E-5,0.,0.00564800871778659));
#3665=CARTESIAN_POINT('',(0.000497946404692043,0.,0.00564168799375802));
#3666=CARTESIAN_POINT('',(0.000461580847809962,0.,0.00522966950398733));
#3667=CARTESIAN_POINT('',(-2.38305915176836E-18,0.,-2.59226111220439E-17));
#3668=CARTESIAN_POINT('',(0.000803373684089447,0.,0.00518816833995511));
#3669=CARTESIAN_POINT('',(0.000866667322776878,0.,0.00559691716862862));
#3670=CARTESIAN_POINT('',(0.00126973424864564,0.,0.0055040799836704));
#3671=CARTESIAN_POINT('',(0.00118029623313649,0.,0.00511560365959325));
#3672=CARTESIAN_POINT('',(0.00127304469104118,0.,0.00551853696991642));
#3673=CARTESIAN_POINT('',(0.00137185039683727,0.,0.00594778518616326));
#3674=CARTESIAN_POINT('',(0.00137430254137504,0.,0.00595593682924764));
#3675=CARTESIAN_POINT('',(0.00137618059472034,0.,0.00596268709074677));
#3676=CARTESIAN_POINT('',(0.00137860675999519,0.,0.00597055416154963));
#3677=CARTESIAN_POINT('',(0.00138205500118528,0.,0.00598110049879644));
#3678=CARTESIAN_POINT('',(0.00138648765955716,0.,0.00599375193925082));
#3679=CARTESIAN_POINT('',(0.00139203621062895,0.,0.00600864252943501));
#3680=CARTESIAN_POINT('',(0.00139877728202269,0.,0.00602567903303084));
#3681=CARTESIAN_POINT('',(0.0014068028551857,0.,0.00604483459513006));
#3682=CARTESIAN_POINT('',(0.00141619870801639,0.,0.00606605900512288));
#3683=CARTESIAN_POINT('',(0.00142705077038566,0.,0.00608930558307813));
#3684=CARTESIAN_POINT('',(0.00143944315358707,0.,0.00611452327482384));
#3685=CARTESIAN_POINT('',(0.00145345863432714,0.,0.00614165900031696));
#3686=CARTESIAN_POINT('',(0.00146917842562019,0.,0.00617065702013061));
#3687=CARTESIAN_POINT('',(0.00148668215531825,0.,0.00620145916703591));
#3688=CARTESIAN_POINT('',(0.00150604778655322,0.,0.00623400483228311));
#3689=CARTESIAN_POINT('',(0.00152735155619096,0.,0.00626823102438681));
#3690=CARTESIAN_POINT('',(0.00155066790961513,0.,0.00630407240964795));
#3691=CARTESIAN_POINT('',(0.00157606943801515,0.,0.00634146136003275));
#3692=CARTESIAN_POINT('',(0.00160362681646959,0.,0.00638032800108584));
#3693=CARTESIAN_POINT('',(0.00163340874334402,0.,0.00642060026187513));
#3694=CARTESIAN_POINT('',(0.00166548188091055,0.,0.0064622039263505));
#3695=CARTESIAN_POINT('',(0.00169991079721836,0.,0.00650506268625517));
#3696=CARTESIAN_POINT('',(0.00173675790940776,0.,0.00654909819545016));
#3697=CARTESIAN_POINT('',(0.00177608342785357,0.,0.00659423012586046));
#3698=CARTESIAN_POINT('',(0.00181794530367991,0.,0.006640376224118));
#3699=CARTESIAN_POINT('',(0.00186239917002707,0.,0.00668745237228149));
#3700=CARTESIAN_POINT('',(0.00190949831419218,0.,0.00673537263948315));
#3701=CARTESIAN_POINT('',(0.00195929353832265,0.,0.0067840493748042));
#3702=CARTESIAN_POINT('',(0.00201183345450916,0.,0.00683339314834032));
#3703=CARTESIAN_POINT('',(0.00206716312348456,0.,0.00688331327974577));
#3704=CARTESIAN_POINT('',(0.00212532903913628,0.,0.00693371612461255));
#3705=CARTESIAN_POINT('',(0.00218635985733822,0.,0.00698451193948569));
#3706=CARTESIAN_POINT('',(0.00225033980409937,0.,0.00703558897673538));
#3707=CARTESIAN_POINT('',(0.00230868258113112,0.,0.00708042260484835));
#3708=CARTESIAN_POINT('',(0.00234619874367027,0.,0.00710803600187311));
#3709=CARTESIAN_POINT('',(0.0023608327645855,0.,0.00711874066514996));
#3710=CARTESIAN_POINT('',(0.00250880828072729,0.,0.00461176549821803));
#3711=CARTESIAN_POINT('',(0.0027065792709446,0.,0.00497486901574458));
#3712=CARTESIAN_POINT('',(0.00291726635637831,0.,0.00536168622151547));
#3713=CARTESIAN_POINT('',(0.00292083643906686,0.,0.00536941388658367));
#3714=CARTESIAN_POINT('',(0.0029239069473014,0.,0.00537571190959539));
#3715=CARTESIAN_POINT('',(0.0029273077694197,0.,0.00538320934181434));
#3716=CARTESIAN_POINT('',(0.00293172023901644,0.,0.00539338999546164));
#3717=CARTESIAN_POINT('',(0.00293679180340679,0.,0.00540579913082423));
#3718=CARTESIAN_POINT('',(0.0029425129410385,0.,0.00542062426755981));
#3719=CARTESIAN_POINT('',(0.0029487644681977,0.,0.00543784643079455));
#3720=CARTESIAN_POINT('',(0.00295545972768428,0.,0.00545750651432284));
#3721=CARTESIAN_POINT('',(0.0029625012180263,0.,0.00547962381623158));
#3722=CARTESIAN_POINT('',(0.00296979366527177,0.,0.00550422037813499));
#3723=CARTESIAN_POINT('',(0.00297724025603517,0.,0.00553131376154117));
#3724=CARTESIAN_POINT('',(0.00298474383248273,0.,0.00556091912657707));
#3725=CARTESIAN_POINT('',(0.00299220664372343,0.,0.00559304860587251));
#3726=CARTESIAN_POINT('',(0.00299953051544671,0.,0.00562771146366437));
#3727=CARTESIAN_POINT('',(0.00300661690037516,0.,0.00566491403277132));
#3728=CARTESIAN_POINT('',(0.00301336696331402,0.,0.00570465971778264));
#3729=CARTESIAN_POINT('',(0.00301968165683726,0.,0.00574694898214307));
#3730=CARTESIAN_POINT('',(0.00302546179997788,0.,0.00579177934240492));
#3731=CARTESIAN_POINT('',(0.00303060815634533,0.,0.00583914536303332));
#3732=CARTESIAN_POINT('',(0.00303502151260653,0.,0.00588903865360376));
#3733=CARTESIAN_POINT('',(0.00303860275698988,0.,0.00594144786786813));
#3734=CARTESIAN_POINT('',(0.0030412529578825,0.,0.00599635870481244));
#3735=CARTESIAN_POINT('',(0.00304287344228403,0.,0.00605375391172961));
#3736=CARTESIAN_POINT('',(0.00304336587471515,0.,0.00611361328905591));
#3737=CARTESIAN_POINT('',(0.00304263233406451,0.,0.00617591369796475));
#3738=CARTESIAN_POINT('',(0.00304057539781581,0.,0.00624062906686883));
#3739=CARTESIAN_POINT('',(0.00303709819714893,0.,0.00630773041160414));
#3740=CARTESIAN_POINT('',(0.00303210458280028,0.,0.00637718581257092));
#3741=CARTESIAN_POINT('',(0.00302549886510157,0.,0.00644896056630337));
#3742=CARTESIAN_POINT('',(0.00301718718341804,0.,0.00652301667838101));
#3743=CARTESIAN_POINT('',(0.00300707263884647,0.,0.00659931488610817));
#3744=CARTESIAN_POINT('',(0.00299507427123883,0.,0.0066778070179035));
#3745=CARTESIAN_POINT('',(0.00298105493413677,0.,0.00675846528163999));
#3746=CARTESIAN_POINT('',(0.00296711493310322,0.,0.00683071215155651));
#3747=CARTESIAN_POINT('',(0.00295734475145063,0.,0.00687625889345301));
#3748=CARTESIAN_POINT('',(0.00295348953427435,0.,0.00689397559982134));
#3749=CARTESIAN_POINT('',(0.00269947041750925,0.,0.00496185257679199));
#3750=CARTESIAN_POINT('',(0.00306273278462739,0.,0.00476405939623213));
#3751=CARTESIAN_POINT('',(0.002839058143653,0.,0.00441613505873151));
#3752=CARTESIAN_POINT('',(-1.41569321537146E-17,0.,-2.18458694105009E-17));
#3753=CARTESIAN_POINT('',(0.00312241411746921,0.,0.00422054855190993));
#3754=CARTESIAN_POINT('',(0.00336841290346085,0.,0.00455306364469656));
#3755=CARTESIAN_POINT('',(0.00368216735063546,0.,0.00428354585953496));
#3756=CARTESIAN_POINT('',(0.00342243997129137,0.,0.00398113107582595));
#3757=CARTESIAN_POINT('',(0.00369181709830861,0.,0.00429480844582836));
#3758=CARTESIAN_POINT('',(0.00397878679852303,0.,0.00462897156439144));
#3759=CARTESIAN_POINT('',(0.00398474632211132,0.,0.00463504991749157));
#3760=CARTESIAN_POINT('',(0.00398954625869842,0.,0.00464015420230282));
#3761=CARTESIAN_POINT('',(0.00399535053145846,0.,0.00464599265232702));
#3762=CARTESIAN_POINT('',(0.00400330492469691,0.,0.00465372849260695));
#3763=CARTESIAN_POINT('',(0.00401310926630084,0.,0.00466287082773131));
#3764=CARTESIAN_POINT('',(0.00402494226658499,0.,0.0046734772502811));
#3765=CARTESIAN_POINT('',(0.00403882844686153,0.,0.00468542959296502));
#3766=CARTESIAN_POINT('',(0.00405483677255907,0.,0.00469866133103277));
#3767=CARTESIAN_POINT('',(0.00407301986220077,0.,0.00471308814222031));
#3768=CARTESIAN_POINT('',(0.00409343210966294,0.,0.00472862875989914));
#3769=CARTESIAN_POINT('',(0.00411612426574051,0.,0.0047451988893779));
#3770=CARTESIAN_POINT('',(0.00414114495804111,0.,0.00476271306235901));
#3771=CARTESIAN_POINT('',(0.00416854019371434,0.,0.00478108418246144));
#3772=CARTESIAN_POINT('',(0.00419835344806248,0.,0.00480022374025392));
#3773=CARTESIAN_POINT('',(0.00423062558772001,0.,0.0048200418380798));
#3774=CARTESIAN_POINT('',(0.00426539484347628,0.,0.00484044727071065));
#3775=CARTESIAN_POINT('',(0.00430269677136099,0.,0.0048613475915341));
#3776=CARTESIAN_POINT('',(0.00434256421936579,0.,0.00488264918409237));
#3777=CARTESIAN_POINT('',(0.00438502729488636,0.,0.00490425733328116));
#3778=CARTESIAN_POINT('',(0.00443011333427226,0.,0.00492607629773705));
#3779=CARTESIAN_POINT('',(0.00447784687411579,0.,0.00494800938290871));
#3780=CARTESIAN_POINT('',(0.00452824962437001,0.,0.00496995901492174));
#3781=CARTESIAN_POINT('',(0.00458134044340169,0.,0.00499182681502383));
#3782=CARTESIAN_POINT('',(0.00463713531453221,0.,0.00501351367508058));
#3783=CARTESIAN_POINT('',(0.00469564732588748,0.,0.00503491983212139));
#3784=CARTESIAN_POINT('',(0.00475688664661029,0.,0.00505594494939884));
#3785=CARTESIAN_POINT('',(0.00482086052619354,0.,0.0050764881750665));
#3786=CARTESIAN_POINT('',(0.00488757321429174,0.,0.00509644828915511));
#3787=CARTESIAN_POINT('',(0.00495702619462472,0.,0.00511572351425203));
#3788=CARTESIAN_POINT('',(0.00502921722523197,0.,0.005134212616132));
#3789=CARTESIAN_POINT('',(0.00510414395567994,0.,0.00515181107000285));
#3790=CARTESIAN_POINT('',(0.00518179005362178,0.,0.00516842609493301));
#3791=CARTESIAN_POINT('',(0.00526217816577169,0.,0.00518391960153223));
#3792=CARTESIAN_POINT('',(0.00533467335511868,0.,0.00519650456728873));
#3793=CARTESIAN_POINT('',(0.00538072485275461,0.,0.00520352038601494));
#3794=CARTESIAN_POINT('',(0.00539865733982721,0.,0.00520619812599654));
#3795=CARTESIAN_POINT('',(0.00436463370043254,0.,0.00291761420702747));
#3796=CARTESIAN_POINT('',(0.00470849383386504,0.,0.00314721764264521));
#3797=CARTESIAN_POINT('',(0.0050748109020566,0.,0.00339181609766997));
#3798=CARTESIAN_POINT('',(0.00508156327830824,0.,0.00339699950511735));
#3799=CARTESIAN_POINT('',(0.00508720891555794,0.,0.00340114919121624));
#3800=CARTESIAN_POINT('',(0.00509370442447773,0.,0.00340620739690907));
#3801=CARTESIAN_POINT('',(0.00510234265792663,0.,0.00341317134115861));
#3802=CARTESIAN_POINT('',(0.00511260011792358,0.,0.00342180221134785));
#3803=CARTESIAN_POINT('',(0.00512455551828291,0.,0.0034322704727736));
#3804=CARTESIAN_POINT('',(0.00513809450900346,0.,0.00344461471145305));
#3805=CARTESIAN_POINT('',(0.00515315936323908,0.,0.00345891140865176));
#3806=CARTESIAN_POINT('',(0.00516967271599208,0.,0.00347522296317038));
#3807=CARTESIAN_POINT('',(0.00518756044961647,0.,0.00349361316790223));
#3808=CARTESIAN_POINT('',(0.00520674500135641,0.,0.00351414256421408));
#3809=CARTESIAN_POINT('',(0.00522714738748485,0.,0.0035368697272284));
#3810=CARTESIAN_POINT('',(0.00524868669220052,0.,0.0035618508269595));
#3811=CARTESIAN_POINT('',(0.00527128029177415,0.,0.00358913969035879));
#3812=CARTESIAN_POINT('',(0.00529484386993271,0.,0.00361878772206205));
#3813=CARTESIAN_POINT('',(0.00531929149464897,0.,0.00365084386768859));
#3814=CARTESIAN_POINT('',(0.00534453567915625,0.,0.00368535456723237));
#3815=CARTESIAN_POINT('',(0.00537048744895401,0.,0.00372236371340325));
#3816=CARTESIAN_POINT('',(0.00539705640856325,0.,0.00376191261072433));
#3817=CARTESIAN_POINT('',(0.00542415080971568,0.,0.00380403993657854));
#3818=CARTESIAN_POINT('',(0.00545167762043151,0.,0.00384878170389897));
#3819=CARTESIAN_POINT('',(0.0054795425951054,0.,0.0038961712255796));
#3820=CARTESIAN_POINT('',(0.00550765034540187,0.,0.0039462390807367));
#3821=CARTESIAN_POINT('',(0.00553590441237288,0.,0.00399901308232071));
#3822=CARTESIAN_POINT('',(0.00556420733803145,0.,0.00405451824812769));
#3823=CARTESIAN_POINT('',(0.00559246074295274,0.,0.00411277676741436));
#3824=CARTESIAN_POINT('',(0.00562056538444365,0.,0.00417380799316342));
#3825=CARTESIAN_POINT('',(0.00564842129278169,0.,0.00423762834476368));
#3826=CARTESIAN_POINT('',(0.00567592761146881,0.,0.00430425156302843));
#3827=CARTESIAN_POINT('',(0.00570298357415277,0.,0.00437368762478102));
#3828=CARTESIAN_POINT('',(0.00572948513483136,0.,0.00444594679579666));
#3829=CARTESIAN_POINT('',(0.00575533822040358,0.,0.00452102404631516));
#3830=CARTESIAN_POINT('',(0.00578040847806606,0.,0.00459895850276738));
#3831=CARTESIAN_POINT('',(0.00580164001471112,0.,0.00466940817056815));
#3832=CARTESIAN_POINT('',(0.00581415557486551,0.,0.00471427823743831));
#3833=CARTESIAN_POINT('',(0.00581897531356823,0.,0.00473175721060196));
#3834=CARTESIAN_POINT('',(0.00469615021595647,0.,0.00313899580726016));
#3835=CARTESIAN_POINT('',(0.00492588399353587,0.,0.00279504220416904));
#3836=CARTESIAN_POINT('',(0.00456614143314477,0.,0.0025909172917171));
#3837=CARTESIAN_POINT('',(-2.26876226087722E-17,0.,-1.27645022882785E-17));
#3838=CARTESIAN_POINT('',(0.00472614710570608,0.,0.00228605195374604));
#3839=CARTESIAN_POINT('',(0.00509849568173798,0.,0.00246615811012965));
#3840=CARTESIAN_POINT('',(0.00525106028752172,0.,0.00208170300130379));
#3841=CARTESIAN_POINT('',(0.0048805439568962,0.,0.00193462934041742));
#3842=CARTESIAN_POINT('',(0.00526483869957263,0.,0.00208719106485362));
#3843=CARTESIAN_POINT('',(0.00567423109424606,0.,0.00224971634237227));
#3844=CARTESIAN_POINT('',(0.00568233274185083,0.,0.00225232892804501));
#3845=CARTESIAN_POINT('',(0.00568895495405312,0.,0.00225461790603141));
#3846=CARTESIAN_POINT('',(0.00569680764535811,0.,0.00225709021673737));
#3847=CARTESIAN_POINT('',(0.00570744593501482,0.,0.00226024337226927));
#3848=CARTESIAN_POINT('',(0.00572037590334446,0.,0.00226378220326369));
#3849=CARTESIAN_POINT('',(0.00573578255507899,0.,0.00226767465459418));
#3850=CARTESIAN_POINT('',(0.00575363268768358,0.,0.00227180469869865));
#3851=CARTESIAN_POINT('',(0.00577395645141959,0.,0.00227608138100332));
#3852=CARTESIAN_POINT('',(0.00579676125116538,0.,0.00228040558480444));
#3853=CARTESIAN_POINT('',(0.0058220574838211,0.,0.00228468007398138));
#3854=CARTESIAN_POINT('',(0.00584985091328759,0.,0.00228880662422132));
#3855=CARTESIAN_POINT('',(0.00588014487807468,0.,0.00229268695872911));
#3856=CARTESIAN_POINT('',(0.00591293963978373,0.,0.00229622257690086));
#3857=CARTESIAN_POINT('',(0.00594823256149945,0.,0.00229931490354693));
#3858=CARTESIAN_POINT('',(0.00598601805130546,0.,0.00230186534657356));
#3859=CARTESIAN_POINT('',(0.00602628757570146,0.,0.00230377538102794));
#3860=CARTESIAN_POINT('',(0.00606902965590526,0.,0.00230494662578923));
#3861=CARTESIAN_POINT('',(0.00611422987163179,0.,0.00230528092237787));
#3862=CARTESIAN_POINT('',(0.00616187086535225,0.,0.00230468041312965));
#3863=CARTESIAN_POINT('',(0.00621193234897199,0.,0.00230304761944233));
#3864=CARTESIAN_POINT('',(0.00626439111236588,0.,0.00230028551981978));
#3865=CARTESIAN_POINT('',(0.00631922103390226,0.,0.00229629762776871));
#3866=CARTESIAN_POINT('',(0.00637639309294979,0.,0.00229098806931008));
#3867=CARTESIAN_POINT('',(0.00643587538419009,0.,0.00228426166072929));
#3868=CARTESIAN_POINT('',(0.00649763313441898,0.,0.00227602398394747));
#3869=CARTESIAN_POINT('',(0.00656162871915367,0.,0.00226618146935073));
#3870=CARTESIAN_POINT('',(0.00662782168931135,0.,0.00225464144805665));
#3871=CARTESIAN_POINT('',(0.00669616876850905,0.,0.00224131231932057));
#3872=CARTESIAN_POINT('',(0.00676662397219336,0.,0.00222610327420022));
#3873=CARTESIAN_POINT('',(0.00683913826931656,0.,0.00220892571613185));
#3874=CARTESIAN_POINT('',(0.00691366100358014,0.,0.00218968818530933));
#3875=CARTESIAN_POINT('',(0.00699013459596033,0.,0.00216831611831776));
#3876=CARTESIAN_POINT('',(0.00706851492578722,0.,0.00214467671862162));
#3877=CARTESIAN_POINT('',(0.00713855475323181,0.,0.0021221299580321));
#3878=CARTESIAN_POINT('',(0.00718259174283683,0.,0.00210694095893938));
#3879=CARTESIAN_POINT('',(0.00719971457938836,0.,0.00210097833766621));
#3880=CARTESIAN_POINT('',(0.00522057413890683,0.,0.000555072662069748));
#3881=CARTESIAN_POINT('',(0.00563174920294898,0.,0.000598576635700003));
#3882=CARTESIAN_POINT('',(0.00606977742817492,0.,0.000644921781663387));
#3883=CARTESIAN_POINT('',(0.00607816520996536,0.,0.000646373475310591));
#3884=CARTESIAN_POINT('',(0.00608509262877362,0.,0.000647424181420538));
#3885=CARTESIAN_POINT('',(0.00609319478168076,0.,0.000648884386620997));
#3886=CARTESIAN_POINT('',(0.00610407986380067,0.,0.000651036265769842));
#3887=CARTESIAN_POINT('',(0.0061171733589347,0.,0.00065391164243864));
#3888=CARTESIAN_POINT('',(0.00613262418387752,0.,0.000657624876018143));
#3889=CARTESIAN_POINT('',(0.00615034901854787,0.,0.000662263273825034));
#3890=CARTESIAN_POINT('',(0.00617033229097833,0.,0.000667921383659817));
#3891=CARTESIAN_POINT('',(0.00619253449603407,0.,0.000674690410223651));
#3892=CARTESIAN_POINT('',(0.00621691965183458,0.,0.000682661283505871));
#3893=CARTESIAN_POINT('',(0.00624344721494635,0.,0.000691923655434397));
#3894=CARTESIAN_POINT('',(0.00627207446996906,0.,0.000702566097272559));
#3895=CARTESIAN_POINT('',(0.00630275587302611,0.,0.000714675948545823));
#3896=CARTESIAN_POINT('',(0.00633544327907016,0.,0.000728339267814199));
#3897=CARTESIAN_POINT('',(0.0063700859186746,0.,0.00074364075534806));
#3898=CARTESIAN_POINT('',(0.00640663044897158,0.,0.000760663684945222));
#3899=CARTESIAN_POINT('',(0.00644502098601769,0.,0.000779489834305888));
#3900=CARTESIAN_POINT('',(0.00648519914476465,0.,0.000800199417006612));
#3901=CARTESIAN_POINT('',(0.00652710407915987,0.,0.000822871015259999));
#3902=CARTESIAN_POINT('',(0.00657067252442244,0.,0.000847581513734073));
#3903=CARTESIAN_POINT('',(0.00661583884086978,0.,0.000874406034414217));
#3904=CARTESIAN_POINT('',(0.00666253505943652,0.,0.000903417872519786));
#3905=CARTESIAN_POINT('',(0.00671069092877011,0.,0.000934688433683378));
#3906=CARTESIAN_POINT('',(0.00676023396403637,0.,0.000968287171757874));
#3907=CARTESIAN_POINT('',(0.006811089496823,0.,0.00100428152988637));
#3908=CARTESIAN_POINT('',(0.00686318072833725,0.,0.00104273687487833));
#3909=CARTESIAN_POINT('',(0.00691642877731802,0.,0.00108371646332803));
#3910=CARTESIAN_POINT('',(0.00697075275544261,0.,0.00112728129212877));
#3911=CARTESIAN_POINT('',(0.00702606974439141,0.,0.00117349039851817));
#3912=CARTESIAN_POINT('',(0.00708229515645166,0.,0.00122239944499344));
#3913=CARTESIAN_POINT('',(0.00713934163420737,0.,0.00127406587403528));
#3914=CARTESIAN_POINT('',(0.0071971235426183,0.,0.00132852894996213));
#3915=CARTESIAN_POINT('',(0.00725554010114421,0.,0.00138588575436889));
#3916=CARTESIAN_POINT('',(0.00730707928629026,0.,0.00143839905017129));
#3917=CARTESIAN_POINT('',(0.00733901342424911,0.,0.00147231325043808));
#3918=CARTESIAN_POINT('',(0.00735140397477818,0.,0.00148555026828972));
#3919=CARTESIAN_POINT('',(0.00561699859467331,0.,0.000597032927285351));
#3920=CARTESIAN_POINT('',(0.00566057454286268,0.,0.000185714527040893));
#3921=CARTESIAN_POINT('',(0.00524717674827264,0.,0.000172151597108482));
#3922=CARTESIAN_POINT('',(-2.60208521396521E-17,0.,-7.58941520739853E-19));
#3923=CARTESIAN_POINT('',(0.00524717674827264,0.,-0.000172151597108482));
#3924=CARTESIAN_POINT('',(0.00566057454286268,0.,-0.000185714527040893));
#3925=CARTESIAN_POINT('',(0.00561699859467331,0.,-0.000597032927285351));
#3926=CARTESIAN_POINT('',(0.00522057413890683,0.,-0.000555072662069748));
#3927=CARTESIAN_POINT('',(0.00563174920294898,0.,-0.000598576635700003));
#3928=CARTESIAN_POINT('',(0.00606977742817492,0.,-0.000644921781663387));
#3929=CARTESIAN_POINT('',(0.00607816520996536,0.,-0.000646373475310591));
#3930=CARTESIAN_POINT('',(0.00608509262877362,0.,-0.000647424181420538));
#3931=CARTESIAN_POINT('',(0.00609319478168076,0.,-0.000648884386620997));
#3932=CARTESIAN_POINT('',(0.00610407986380067,0.,-0.000651036265769842));
#3933=CARTESIAN_POINT('',(0.0061171733589347,0.,-0.00065391164243864));
#3934=CARTESIAN_POINT('',(0.00613262418387752,0.,-0.000657624876018143));
#3935=CARTESIAN_POINT('',(0.00615034901854787,0.,-0.000662263273825034));
#3936=CARTESIAN_POINT('',(0.00617033229097833,0.,-0.000667921383659817));
#3937=CARTESIAN_POINT('',(0.00619253449603407,0.,-0.000674690410223651));
#3938=CARTESIAN_POINT('',(0.00621691965183458,0.,-0.000682661283505871));
#3939=CARTESIAN_POINT('',(0.00624344721494635,0.,-0.000691923655434397));
#3940=CARTESIAN_POINT('',(0.00627207446996906,0.,-0.000702566097272559));
#3941=CARTESIAN_POINT('',(0.00630275587302611,0.,-0.000714675948545823));
#3942=CARTESIAN_POINT('',(0.00633544327907016,0.,-0.000728339267814199));
#3943=CARTESIAN_POINT('',(0.0063700859186746,0.,-0.00074364075534806));
#3944=CARTESIAN_POINT('',(0.00640663044897158,0.,-0.000760663684945222));
#3945=CARTESIAN_POINT('',(0.00644502098601769,0.,-0.000779489834305888));
#3946=CARTESIAN_POINT('',(0.00648519914476465,0.,-0.000800199417006612));
#3947=CARTESIAN_POINT('',(0.00652710407915987,0.,-0.000822871015259999));
#3948=CARTESIAN_POINT('',(0.00657067252442244,0.,-0.000847581513734073));
#3949=CARTESIAN_POINT('',(0.00661583884086978,0.,-0.000874406034414217));
#3950=CARTESIAN_POINT('',(0.00666253505943652,0.,-0.000903417872519786));
#3951=CARTESIAN_POINT('',(0.00671069092877011,0.,-0.000934688433683378));
#3952=CARTESIAN_POINT('',(0.00676023396403637,0.,-0.000968287171757874));
#3953=CARTESIAN_POINT('',(0.006811089496823,0.,-0.00100428152988637));
#3954=CARTESIAN_POINT('',(0.00686318072833725,0.,-0.00104273687487833));
#3955=CARTESIAN_POINT('',(0.00691642877731802,0.,-0.00108371646332803));
#3956=CARTESIAN_POINT('',(0.00697075275544261,0.,-0.00112728129212877));
#3957=CARTESIAN_POINT('',(0.00702606974439141,0.,-0.00117349039851817));
#3958=CARTESIAN_POINT('',(0.00708229515645166,0.,-0.00122239944499344));
#3959=CARTESIAN_POINT('',(0.00713934163420737,0.,-0.00127406587403528));
#3960=CARTESIAN_POINT('',(0.0071971235426183,0.,-0.00132852894996213));
#3961=CARTESIAN_POINT('',(0.00725554010114421,0.,-0.00138588575436889));
#3962=CARTESIAN_POINT('',(0.00730707928629026,0.,-0.00143839905017129));
#3963=CARTESIAN_POINT('',(0.00733901342424911,0.,-0.00147231325043808));
#3964=CARTESIAN_POINT('',(0.00735140397477818,0.,-0.00148555026828972));
#3965=CARTESIAN_POINT('',(0.00488054395689621,0.,-0.00193462934041742));
#3966=CARTESIAN_POINT('',(0.00526483869957263,0.,-0.00208719106485362));
#3967=CARTESIAN_POINT('',(0.00567423109424606,0.,-0.00224971634237227));
#3968=CARTESIAN_POINT('',(0.00568233274185083,0.,-0.00225232892804501));
#3969=CARTESIAN_POINT('',(0.00568895495405312,0.,-0.00225461790603141));
#3970=CARTESIAN_POINT('',(0.00569680764535811,0.,-0.00225709021673737));
#3971=CARTESIAN_POINT('',(0.00570744593501482,0.,-0.00226024337226927));
#3972=CARTESIAN_POINT('',(0.00572037590334446,0.,-0.00226378220326369));
#3973=CARTESIAN_POINT('',(0.00573578255507899,0.,-0.00226767465459418));
#3974=CARTESIAN_POINT('',(0.00575363268768358,0.,-0.00227180469869865));
#3975=CARTESIAN_POINT('',(0.00577395645141959,0.,-0.00227608138100332));
#3976=CARTESIAN_POINT('',(0.00579676125116538,0.,-0.00228040558480444));
#3977=CARTESIAN_POINT('',(0.0058220574838211,0.,-0.00228468007398138));
#3978=CARTESIAN_POINT('',(0.00584985091328759,0.,-0.00228880662422132));
#3979=CARTESIAN_POINT('',(0.00588014487807468,0.,-0.00229268695872911));
#3980=CARTESIAN_POINT('',(0.00591293963978373,0.,-0.00229622257690086));
#3981=CARTESIAN_POINT('',(0.00594823256149945,0.,-0.00229931490354693));
#3982=CARTESIAN_POINT('',(0.00598601805130546,0.,-0.00230186534657356));
#3983=CARTESIAN_POINT('',(0.00602628757570146,0.,-0.00230377538102794));
#3984=CARTESIAN_POINT('',(0.00606902965590526,0.,-0.00230494662578923));
#3985=CARTESIAN_POINT('',(0.00611422987163179,0.,-0.00230528092237787));
#3986=CARTESIAN_POINT('',(0.00616187086535225,0.,-0.00230468041312965));
#3987=CARTESIAN_POINT('',(0.00621193234897199,0.,-0.00230304761944233));
#3988=CARTESIAN_POINT('',(0.00626439111236588,0.,-0.00230028551981978));
#3989=CARTESIAN_POINT('',(0.00631922103390226,0.,-0.00229629762776871));
#3990=CARTESIAN_POINT('',(0.00637639309294979,0.,-0.00229098806931008));
#3991=CARTESIAN_POINT('',(0.00643587538419009,0.,-0.00228426166072929));
#3992=CARTESIAN_POINT('',(0.00649763313441898,0.,-0.00227602398394747));
#3993=CARTESIAN_POINT('',(0.00656162871915367,0.,-0.00226618146935073));
#3994=CARTESIAN_POINT('',(0.00662782168931136,0.,-0.00225464144805665));
#3995=CARTESIAN_POINT('',(0.00669616876850905,0.,-0.00224131231932057));
#3996=CARTESIAN_POINT('',(0.00676662397219336,0.,-0.00222610327420022));
#3997=CARTESIAN_POINT('',(0.00683913826931656,0.,-0.00220892571613185));
#3998=CARTESIAN_POINT('',(0.00691366100358014,0.,-0.00218968818530933));
#3999=CARTESIAN_POINT('',(0.00699013459596033,0.,-0.00216831611831776));
#4000=CARTESIAN_POINT('',(0.00706851492578722,0.,-0.00214467671862162));
#4001=CARTESIAN_POINT('',(0.00713855475323181,0.,-0.0021221299580321));
#4002=CARTESIAN_POINT('',(0.00718259174283683,0.,-0.00210694095893938));
#4003=CARTESIAN_POINT('',(0.00719971457938836,0.,-0.00210097833766621));
#4004=CARTESIAN_POINT('',(0.00525106028752172,0.,-0.00208170300130379));
#4005=CARTESIAN_POINT('',(0.00509849568173798,0.,-0.00246615811012965));
#4006=CARTESIAN_POINT('',(0.00472614710570608,0.,-0.00228605195374604));
#4007=CARTESIAN_POINT('',(-2.33930180306001E-17,0.,1.14204836029635E-17));
#4008=CARTESIAN_POINT('',(0.00456614143314477,0.,-0.0025909172917171));
#4009=CARTESIAN_POINT('',(0.00492588399353587,0.,-0.00279504220416904));
#4010=CARTESIAN_POINT('',(0.00469615021595647,0.,-0.00313899580726016));
#4011=CARTESIAN_POINT('',(0.00436463370043254,0.,-0.00291761420702747));
#4012=CARTESIAN_POINT('',(0.00470849383386505,0.,-0.00314721764264521));
#4013=CARTESIAN_POINT('',(0.0050748109020566,0.,-0.00339181609766996));
#4014=CARTESIAN_POINT('',(0.00508156327830824,0.,-0.00339699950511735));
#4015=CARTESIAN_POINT('',(0.00508720891555794,0.,-0.00340114919121624));
#4016=CARTESIAN_POINT('',(0.00509370442447774,0.,-0.00340620739690906));
#4017=CARTESIAN_POINT('',(0.00510234265792663,0.,-0.00341317134115861));
#4018=CARTESIAN_POINT('',(0.00511260011792358,0.,-0.00342180221134785));
#4019=CARTESIAN_POINT('',(0.00512455551828291,0.,-0.0034322704727736));
#4020=CARTESIAN_POINT('',(0.00513809450900346,0.,-0.00344461471145305));
#4021=CARTESIAN_POINT('',(0.00515315936323908,0.,-0.00345891140865176));
#4022=CARTESIAN_POINT('',(0.00516967271599208,0.,-0.00347522296317038));
#4023=CARTESIAN_POINT('',(0.00518756044961647,0.,-0.00349361316790223));
#4024=CARTESIAN_POINT('',(0.00520674500135641,0.,-0.00351414256421408));
#4025=CARTESIAN_POINT('',(0.00522714738748485,0.,-0.0035368697272284));
#4026=CARTESIAN_POINT('',(0.00524868669220052,0.,-0.0035618508269595));
#4027=CARTESIAN_POINT('',(0.00527128029177415,0.,-0.00358913969035879));
#4028=CARTESIAN_POINT('',(0.00529484386993271,0.,-0.00361878772206205));
#4029=CARTESIAN_POINT('',(0.00531929149464897,0.,-0.00365084386768859));
#4030=CARTESIAN_POINT('',(0.00534453567915625,0.,-0.00368535456723236));
#4031=CARTESIAN_POINT('',(0.00537048744895401,0.,-0.00372236371340325));
#4032=CARTESIAN_POINT('',(0.00539705640856325,0.,-0.00376191261072433));
#4033=CARTESIAN_POINT('',(0.00542415080971568,0.,-0.00380403993657854));
#4034=CARTESIAN_POINT('',(0.00545167762043151,0.,-0.00384878170389897));
#4035=CARTESIAN_POINT('',(0.00547954259510541,0.,-0.0038961712255796));
#4036=CARTESIAN_POINT('',(0.00550765034540187,0.,-0.0039462390807367));
#4037=CARTESIAN_POINT('',(0.00553590441237288,0.,-0.00399901308232071));
#4038=CARTESIAN_POINT('',(0.00556420733803145,0.,-0.00405451824812769));
#4039=CARTESIAN_POINT('',(0.00559246074295274,0.,-0.00411277676741436));
#4040=CARTESIAN_POINT('',(0.00562056538444365,0.,-0.00417380799316342));
#4041=CARTESIAN_POINT('',(0.00564842129278169,0.,-0.00423762834476368));
#4042=CARTESIAN_POINT('',(0.00567592761146881,0.,-0.00430425156302843));
#4043=CARTESIAN_POINT('',(0.00570298357415277,0.,-0.00437368762478102));
#4044=CARTESIAN_POINT('',(0.00572948513483136,0.,-0.00444594679579665));
#4045=CARTESIAN_POINT('',(0.00575533822040358,0.,-0.00452102404631516));
#4046=CARTESIAN_POINT('',(0.00578040847806606,0.,-0.00459895850276738));
#4047=CARTESIAN_POINT('',(0.00580164001471112,0.,-0.00466940817056815));
#4048=CARTESIAN_POINT('',(0.00581415557486552,0.,-0.00471427823743831));
#4049=CARTESIAN_POINT('',(0.00581897531356823,0.,-0.00473175721060195));
#4050=CARTESIAN_POINT('',(0.00342243997129138,0.,-0.00398113107582595));
#4051=CARTESIAN_POINT('',(0.00369181709830861,0.,-0.00429480844582836));
#4052=CARTESIAN_POINT('',(0.00397878679852303,0.,-0.00462897156439144));
#4053=CARTESIAN_POINT('',(0.00398474632211133,0.,-0.00463504991749157));
#4054=CARTESIAN_POINT('',(0.00398954625869842,0.,-0.00464015420230282));
#4055=CARTESIAN_POINT('',(0.00399535053145847,0.,-0.00464599265232702));
#4056=CARTESIAN_POINT('',(0.00400330492469691,0.,-0.00465372849260695));
#4057=CARTESIAN_POINT('',(0.00401310926630084,0.,-0.0046628708277313));
#4058=CARTESIAN_POINT('',(0.00402494226658499,0.,-0.0046734772502811));
#4059=CARTESIAN_POINT('',(0.00403882844686153,0.,-0.00468542959296502));
#4060=CARTESIAN_POINT('',(0.00405483677255908,0.,-0.00469866133103276));
#4061=CARTESIAN_POINT('',(0.00407301986220078,0.,-0.0047130881422203));
#4062=CARTESIAN_POINT('',(0.00409343210966294,0.,-0.00472862875989913));
#4063=CARTESIAN_POINT('',(0.00411612426574052,0.,-0.00474519888937789));
#4064=CARTESIAN_POINT('',(0.00414114495804111,0.,-0.00476271306235901));
#4065=CARTESIAN_POINT('',(0.00416854019371434,0.,-0.00478108418246144));
#4066=CARTESIAN_POINT('',(0.00419835344806248,0.,-0.00480022374025391));
#4067=CARTESIAN_POINT('',(0.00423062558772002,0.,-0.0048200418380798));
#4068=CARTESIAN_POINT('',(0.00426539484347629,0.,-0.00484044727071064));
#4069=CARTESIAN_POINT('',(0.00430269677136099,0.,-0.0048613475915341));
#4070=CARTESIAN_POINT('',(0.00434256421936579,0.,-0.00488264918409236));
#4071=CARTESIAN_POINT('',(0.00438502729488636,0.,-0.00490425733328116));
#4072=CARTESIAN_POINT('',(0.00443011333427226,0.,-0.00492607629773705));
#4073=CARTESIAN_POINT('',(0.00447784687411579,0.,-0.00494800938290871));
#4074=CARTESIAN_POINT('',(0.00452824962437001,0.,-0.00496995901492173));
#4075=CARTESIAN_POINT('',(0.00458134044340169,0.,-0.00499182681502383));
#4076=CARTESIAN_POINT('',(0.00463713531453221,0.,-0.00501351367508058));
#4077=CARTESIAN_POINT('',(0.00469564732588748,0.,-0.00503491983212139));
#4078=CARTESIAN_POINT('',(0.00475688664661029,0.,-0.00505594494939883));
#4079=CARTESIAN_POINT('',(0.00482086052619354,0.,-0.00507648817506649));
#4080=CARTESIAN_POINT('',(0.00488757321429175,0.,-0.00509644828915511));
#4081=CARTESIAN_POINT('',(0.00495702619462472,0.,-0.00511572351425202));
#4082=CARTESIAN_POINT('',(0.00502921722523197,0.,-0.005134212616132));
#4083=CARTESIAN_POINT('',(0.00510414395567994,0.,-0.00515181107000285));
#4084=CARTESIAN_POINT('',(0.00518179005362178,0.,-0.00516842609493301));
#4085=CARTESIAN_POINT('',(0.00526217816577169,0.,-0.00518391960153222));
#4086=CARTESIAN_POINT('',(0.00533467335511869,0.,-0.00519650456728872));
#4087=CARTESIAN_POINT('',(0.00538072485275462,0.,-0.00520352038601494));
#4088=CARTESIAN_POINT('',(0.00539865733982721,0.,-0.00520619812599653));
#4089=CARTESIAN_POINT('',(0.00368216735063546,0.,-0.00428354585953496));
#4090=CARTESIAN_POINT('',(0.00336841290346085,0.,-0.00455306364469656));
#4091=CARTESIAN_POINT('',(0.00312241411746921,0.,-0.00422054855190993));
#4092=CARTESIAN_POINT('',(-1.5406125407166E-17,0.,2.09836135649752E-17));
#4093=CARTESIAN_POINT('',(0.002839058143653,0.,-0.00441613505873151));
#4094=CARTESIAN_POINT('',(0.00306273278462739,0.,-0.00476405939623213));
#4095=CARTESIAN_POINT('',(0.00269947041750925,0.,-0.00496185257679199));
#4096=CARTESIAN_POINT('',(0.00250880828072729,0.,-0.00461176549821803));
#4097=CARTESIAN_POINT('',(0.0027065792709446,0.,-0.00497486901574458));
#4098=CARTESIAN_POINT('',(0.00291726635637832,0.,-0.00536168622151547));
#4099=CARTESIAN_POINT('',(0.00292083643906687,0.,-0.00536941388658366));
#4100=CARTESIAN_POINT('',(0.0029239069473014,0.,-0.00537571190959538));
#4101=CARTESIAN_POINT('',(0.0029273077694197,0.,-0.00538320934181434));
#4102=CARTESIAN_POINT('',(0.00293172023901644,0.,-0.00539338999546164));
#4103=CARTESIAN_POINT('',(0.00293679180340679,0.,-0.00540579913082422));
#4104=CARTESIAN_POINT('',(0.0029425129410385,0.,-0.00542062426755981));
#4105=CARTESIAN_POINT('',(0.0029487644681977,0.,-0.00543784643079455));
#4106=CARTESIAN_POINT('',(0.00295545972768428,0.,-0.00545750651432284));
#4107=CARTESIAN_POINT('',(0.0029625012180263,0.,-0.00547962381623158));
#4108=CARTESIAN_POINT('',(0.00296979366527177,0.,-0.00550422037813499));
#4109=CARTESIAN_POINT('',(0.00297724025603517,0.,-0.00553131376154117));
#4110=CARTESIAN_POINT('',(0.00298474383248273,0.,-0.00556091912657707));
#4111=CARTESIAN_POINT('',(0.00299220664372343,0.,-0.0055930486058725));
#4112=CARTESIAN_POINT('',(0.00299953051544671,0.,-0.00562771146366437));
#4113=CARTESIAN_POINT('',(0.00300661690037517,0.,-0.00566491403277132));
#4114=CARTESIAN_POINT('',(0.00301336696331402,0.,-0.00570465971778264));
#4115=CARTESIAN_POINT('',(0.00301968165683726,0.,-0.00574694898214307));
#4116=CARTESIAN_POINT('',(0.00302546179997789,0.,-0.00579177934240492));
#4117=CARTESIAN_POINT('',(0.00303060815634533,0.,-0.00583914536303332));
#4118=CARTESIAN_POINT('',(0.00303502151260654,0.,-0.00588903865360376));
#4119=CARTESIAN_POINT('',(0.00303860275698988,0.,-0.00594144786786812));
#4120=CARTESIAN_POINT('',(0.0030412529578825,0.,-0.00599635870481244));
#4121=CARTESIAN_POINT('',(0.00304287344228403,0.,-0.00605375391172961));
#4122=CARTESIAN_POINT('',(0.00304336587471515,0.,-0.00611361328905591));
#4123=CARTESIAN_POINT('',(0.00304263233406451,0.,-0.00617591369796475));
#4124=CARTESIAN_POINT('',(0.00304057539781581,0.,-0.00624062906686882));
#4125=CARTESIAN_POINT('',(0.00303709819714894,0.,-0.00630773041160413));
#4126=CARTESIAN_POINT('',(0.00303210458280029,0.,-0.00637718581257091));
#4127=CARTESIAN_POINT('',(0.00302549886510157,0.,-0.00644896056630337));
#4128=CARTESIAN_POINT('',(0.00301718718341804,0.,-0.00652301667838101));
#4129=CARTESIAN_POINT('',(0.00300707263884647,0.,-0.00659931488610817));
#4130=CARTESIAN_POINT('',(0.00299507427123884,0.,-0.0066778070179035));
#4131=CARTESIAN_POINT('',(0.00298105493413678,0.,-0.00675846528163999));
#4132=CARTESIAN_POINT('',(0.00296711493310322,0.,-0.0068307121515565));
#4133=CARTESIAN_POINT('',(0.00295734475145064,0.,-0.00687625889345301));
#4134=CARTESIAN_POINT('',(0.00295348953427436,0.,-0.00689397559982133));
#4135=CARTESIAN_POINT('',(0.00118029623313649,0.,-0.00511560365959325));
#4136=CARTESIAN_POINT('',(0.00127304469104118,0.,-0.00551853696991642));
#4137=CARTESIAN_POINT('',(0.00137185039683726,0.,-0.00594778518616326));
#4138=CARTESIAN_POINT('',(0.00137430254137504,0.,-0.00595593682924764));
#4139=CARTESIAN_POINT('',(0.00137618059472034,0.,-0.00596268709074677));
#4140=CARTESIAN_POINT('',(0.00137860675999519,0.,-0.00597055416154964));
#4141=CARTESIAN_POINT('',(0.00138205500118527,0.,-0.00598110049879644));
#4142=CARTESIAN_POINT('',(0.00138648765955716,0.,-0.00599375193925082));
#4143=CARTESIAN_POINT('',(0.00139203621062895,0.,-0.00600864252943501));
#4144=CARTESIAN_POINT('',(0.00139877728202268,0.,-0.00602567903303084));
#4145=CARTESIAN_POINT('',(0.0014068028551857,0.,-0.00604483459513007));
#4146=CARTESIAN_POINT('',(0.00141619870801639,0.,-0.00606605900512288));
#4147=CARTESIAN_POINT('',(0.00142705077038566,0.,-0.00608930558307814));
#4148=CARTESIAN_POINT('',(0.00143944315358706,0.,-0.00611452327482384));
#4149=CARTESIAN_POINT('',(0.00145345863432714,0.,-0.00614165900031696));
#4150=CARTESIAN_POINT('',(0.00146917842562019,0.,-0.00617065702013061));
#4151=CARTESIAN_POINT('',(0.00148668215531824,0.,-0.00620145916703591));
#4152=CARTESIAN_POINT('',(0.00150604778655321,0.,-0.00623400483228311));
#4153=CARTESIAN_POINT('',(0.00152735155619095,0.,-0.00626823102438681));
#4154=CARTESIAN_POINT('',(0.00155066790961513,0.,-0.00630407240964795));
#4155=CARTESIAN_POINT('',(0.00157606943801514,0.,-0.00634146136003275));
#4156=CARTESIAN_POINT('',(0.00160362681646958,0.,-0.00638032800108584));
#4157=CARTESIAN_POINT('',(0.00163340874334402,0.,-0.00642060026187513));
#4158=CARTESIAN_POINT('',(0.00166548188091055,0.,-0.0064622039263505));
#4159=CARTESIAN_POINT('',(0.00169991079721835,0.,-0.00650506268625518));
#4160=CARTESIAN_POINT('',(0.00173675790940776,0.,-0.00654909819545016));
#4161=CARTESIAN_POINT('',(0.00177608342785357,0.,-0.00659423012586046));
#4162=CARTESIAN_POINT('',(0.00181794530367991,0.,-0.006640376224118));
#4163=CARTESIAN_POINT('',(0.00186239917002706,0.,-0.00668745237228149));
#4164=CARTESIAN_POINT('',(0.00190949831419218,0.,-0.00673537263948315));
#4165=CARTESIAN_POINT('',(0.00195929353832265,0.,-0.00678404937480421));
#4166=CARTESIAN_POINT('',(0.00201183345450915,0.,-0.00683339314834032));
#4167=CARTESIAN_POINT('',(0.00206716312348456,0.,-0.00688331327974577));
#4168=CARTESIAN_POINT('',(0.00212532903913628,0.,-0.00693371612461255));
#4169=CARTESIAN_POINT('',(0.00218635985733821,0.,-0.00698451193948569));
#4170=CARTESIAN_POINT('',(0.00225033980409936,0.,-0.00703558897673538));
#4171=CARTESIAN_POINT('',(0.00230868258113111,0.,-0.00708042260484836));
#4172=CARTESIAN_POINT('',(0.00234619874367027,0.,-0.00710803600187311));
#4173=CARTESIAN_POINT('',(0.00236083276458549,0.,-0.00711874066514996));
#4174=CARTESIAN_POINT('',(0.00126973424864564,0.,-0.0055040799836704));
#4175=CARTESIAN_POINT('',(0.000866667322776874,0.,-0.00559691716862862));
#4176=CARTESIAN_POINT('',(0.000803373684089443,0.,-0.00518816833995511));
#4177=CARTESIAN_POINT('',(-3.88987511688819E-18,0.,2.57396505392081E-17));
#4178=CARTESIAN_POINT('',(0.000461580847809958,0.,-0.00522966950398733));
#4179=CARTESIAN_POINT('',(0.000497946404692039,0.,-0.00564168799375802));
#4180=CARTESIAN_POINT('',(8.43744785558255E-5,0.,-0.00564800871778659));
#4181=CARTESIAN_POINT('',(7.82451183247483E-5,0.,-0.00524941689156599));
#4182=CARTESIAN_POINT('',(8.46200148668765E-5,0.,-0.00566283785100777));
#4183=CARTESIAN_POINT('',(9.1411245324522E-5,0.,-0.00610325864733536));
#4184=CARTESIAN_POINT('',(9.09811715301955E-5,0.,-0.00611176025508571));
#4185=CARTESIAN_POINT('',(9.07731343166673E-5,0.,-0.00611876381383768));
#4186=CARTESIAN_POINT('',(9.03001822705151E-5,0.,-0.00612698290121525));
#4187=CARTESIAN_POINT('',(8.94760444065115E-5,0.,-0.00613804799919988));
#4188=CARTESIAN_POINT('',(8.81998789074163E-5,0.,-0.00615139261637054));
#4189=CARTESIAN_POINT('',(8.63761101272585E-5,0.,-0.0061671783682521));
#4190=CARTESIAN_POINT('',(8.39080241919997E-5,0.,-0.00618533306599462));
#4191=CARTESIAN_POINT('',(8.06998856677934E-5,0.,-0.00620585264764586));
#4192=CARTESIAN_POINT('',(7.66563930206371E-5,0.,-0.0062287088896198));
#4193=CARTESIAN_POINT('',(7.16829421067685E-5,0.,-0.00625387703278341));
#4194=CARTESIAN_POINT('',(6.5685647690881E-5,0.,-0.00628132763565622));
#4195=CARTESIAN_POINT('',(5.85714355213246E-5,0.,-0.0063110289703673));
#4196=CARTESIAN_POINT('',(5.02481131684207E-5,0.,-0.00634294635272268));
#4197=CARTESIAN_POINT('',(4.0624446291776E-5,0.,-0.00637704236191974));
#4198=CARTESIAN_POINT('',(2.96102326032117E-5,0.,-0.00641327680818754));
#4199=CARTESIAN_POINT('',(1.7116375692451E-5,0.,-0.00645160677513497));
#4200=CARTESIAN_POINT('',(3.05495804577991E-6,0.,-0.00649198664348795));
#4201=CARTESIAN_POINT('',(-1.26606866059667E-5,0.,-0.0065343681225692));
#4202=CARTESIAN_POINT('',(-3.01159017037735E-5,0.,-0.00657870028200137));
#4203=CARTESIAN_POINT('',(-4.93946370665378E-5,0.,-0.0066249295856977));
#4204=CARTESIAN_POINT('',(-7.05793789452184E-5,0.,-0.00667299992751753));
#4205=CARTESIAN_POINT('',(-9.37510809200016E-5,0.,-0.0067228526687289));
#4206=CARTESIAN_POINT('',(-0.000118989095860845,0.,-0.00677442667718865));
#4207=CARTESIAN_POINT('',(-0.000146371108305126,0.,-0.00682765836829548));
#4208=CARTESIAN_POINT('',(-0.000175973069942035,0.,-0.00688248174742648));
#4209=CARTESIAN_POINT('',(-0.000207869128054911,0.,-0.00693882845483678));
#4210=CARTESIAN_POINT('',(-0.000242131586111598,0.,-0.00699662780913835));
#4211=CARTESIAN_POINT('',(-0.00027883074627926,0.,-0.00705580686413847));
#4212=CARTESIAN_POINT('',(-0.000318035210046553,0.,-0.00711629042223808));
#4213=CARTESIAN_POINT('',(-0.000359810429990495,0.,-0.00717800122183669));
#4214=CARTESIAN_POINT('',(-0.000404223959544354,0.,-0.00724085946637817));
#4215=CARTESIAN_POINT('',(-0.00045132509890894,0.,-0.00730478487798874));
#4216=CARTESIAN_POINT('',(-0.000501222369596789,0.,-0.00736968911282492));
#4217=CARTESIAN_POINT('',(-0.000547140422067397,0.,-0.00742718229762847));
#4218=CARTESIAN_POINT('',(-0.000576958114653803,0.,-0.00746297150488057));
#4219=CARTESIAN_POINT('',(-0.000588605103914404,0.,-0.00747686726053405));
#4220=CARTESIAN_POINT('',(-0.00133223914791839,0.,-0.00507815309465495));
#4221=CARTESIAN_POINT('',(-0.00143736691309212,0.,-0.00547803517977664));
#4222=CARTESIAN_POINT('',(-0.00154936039817442,0.,-0.00590403290036687));
#4223=CARTESIAN_POINT('',(-0.00155097738944922,0.,-0.00591239039024282));
#4224=CARTESIAN_POINT('',(-0.00155245145873412,0.,-0.00591924022486986));
#4225=CARTESIAN_POINT('',(-0.00155395920617048,0.,-0.00592733366533892));
#4226=CARTESIAN_POINT('',(-0.00155580706752959,0.,-0.00593827446078651));
#4227=CARTESIAN_POINT('',(-0.00155776156100343,0.,-0.0059515367140292));
#4228=CARTESIAN_POINT('',(-0.00155976856532726,0.,-0.00596730021708765));
#4229=CARTESIAN_POINT('',(-0.00156171690103391,0.,-0.00598551802393371));
#4230=CARTESIAN_POINT('',(-0.00156351264249844,0.,-0.00600620910163703));
#4231=CARTESIAN_POINT('',(-0.00156505650312997,0.,-0.00602936885388763));
#4232=CARTESIAN_POINT('',(-0.00156625070256086,0.,-0.0060549958812614));
#4233=CARTESIAN_POINT('',(-0.00156699703788266,0.,-0.00608308406600123));
#4234=CARTESIAN_POINT('',(-0.00156719754643581,0.,-0.00611362487631683));
#4235=CARTESIAN_POINT('',(-0.00156675441426415,0.,-0.00614660669896641));
#4236=CARTESIAN_POINT('',(-0.00156557010274719,0.,-0.00618201503433464));
#4237=CARTESIAN_POINT('',(-0.00156354741266957,0.,-0.00621983244731281));
#4238=CARTESIAN_POINT('',(-0.00156058956603611,0.,-0.00626003859074874));
#4239=CARTESIAN_POINT('',(-0.00155660028264941,0.,-0.00630261021101975));
#4240=CARTESIAN_POINT('',(-0.00155148385788903,0.,-0.00634752116128364));
#4241=CARTESIAN_POINT('',(-0.00154514523980223,0.,-0.00639474241512955));
#4242=CARTESIAN_POINT('',(-0.00153749010597506,0.,-0.00644424208263877));
#4243=CARTESIAN_POINT('',(-0.00152842493997881,0.,-0.00649598542826506));
#4244=CARTESIAN_POINT('',(-0.00151785710743012,0.,-0.00654993489067127));
#4245=CARTESIAN_POINT('',(-0.00150569493142975,0.,-0.00660605010448799));
#4246=CARTESIAN_POINT('',(-0.0014918477680207,0.,-0.00666428792389355));
#4247=CARTESIAN_POINT('',(-0.00147622607898481,0.,-0.0067246024483778));
#4248=CARTESIAN_POINT('',(-0.00145874151206627,0.,-0.00678694504921216));
#4249=CARTESIAN_POINT('',(-0.0014393069496413,0.,-0.00685126440223374));
#4250=CARTESIAN_POINT('',(-0.00141783667522937,0.,-0.00691750650534343));
#4251=CARTESIAN_POINT('',(-0.00139424608481302,0.,-0.00698561476345857));
#4252=CARTESIAN_POINT('',(-0.00136845313783693,0.,-0.0070555298238873));
#4253=CARTESIAN_POINT('',(-0.001340373147282,0.,-0.00712719037541115));
#4254=CARTESIAN_POINT('',(-0.00130993903376895,0.,-0.00720053027119577));
#4255=CARTESIAN_POINT('',(-0.00127702428715759,0.,-0.00727548970540705));
#4256=CARTESIAN_POINT('',(-0.00124619954955238,0.,-0.00734230115197962));
#4257=CARTESIAN_POINT('',(-0.00122581322282894,0.,-0.00738418623082205));
#4258=CARTESIAN_POINT('',(-0.0012178301459037,0.,-0.0074004655080426));
#4259=CARTESIAN_POINT('',(-0.00143357966775239,0.,-0.00546369571490139));
#4260=CARTESIAN_POINT('',(-0.0018336212970818,0.,-0.00535858441939167));
#4261=CARTESIAN_POINT('',(-0.00169970997861278,0.,-0.004967241285523));
#4262=CARTESIAN_POINT('',(8.51749868459173E-18,0.,2.45990437713241E-17));
#4263=CARTESIAN_POINT('',(-0.00202163905761411,0.,-0.00484514969022931));
#4264=CARTESIAN_POINT('',(-0.00218091349565355,0.,-0.00522687386162468));
#4265=CARTESIAN_POINT('',(-0.00255005063661204,0.,-0.00504027412742));
#4266=CARTESIAN_POINT('',(-0.00237024305773009,0.,-0.00468449013738767));
#4267=CARTESIAN_POINT('',(-0.00255672466683511,0.,-0.00505351877919924));
#4268=CARTESIAN_POINT('',(-0.00275538508040819,0.,-0.00544664806929084));
#4269=CARTESIAN_POINT('',(-0.00275971678596206,0.,-0.00545397600384321));
#4270=CARTESIAN_POINT('',(-0.00276315570980515,0.,-0.00546008066742738));
#4271=CARTESIAN_POINT('',(-0.00276739408840167,0.,-0.00546713851609611));
#4272=CARTESIAN_POINT('',(-0.00277326603367371,0.,-0.00547655317781869));
#4273=CARTESIAN_POINT('',(-0.00278059757492587,0.,-0.00548777618582369));
#4274=CARTESIAN_POINT('',(-0.00278954844666916,0.,-0.0055009062273341));
#4275=CARTESIAN_POINT('',(-0.00280017073695476,0.,-0.00551583443711942));
#4276=CARTESIAN_POINT('',(-0.00281254732761613,0.,-0.00553251272802506));
#4277=CARTESIAN_POINT('',(-0.00282674948781637,0.,-0.00555087182047555));
#4278=CARTESIAN_POINT('',(-0.00284284947922178,0.,-0.00557084582660957));
#4279=CARTESIAN_POINT('',(-0.00286091675094151,0.,-0.00559236504664648));
#4280=CARTESIAN_POINT('',(-0.00288101897145569,0.,-0.00561535813319033));
#4281=CARTESIAN_POINT('',(-0.00290322165455805,0.,-0.0056397515309542));
#4282=CARTESIAN_POINT('',(-0.00292758819393095,0.,-0.00566546970675085));
#4283=CARTESIAN_POINT('',(-0.00295417978261614,0.,-0.00569243515521196));
#4284=CARTESIAN_POINT('',(-0.00298305536732556,0.,-0.00572056847059402));
#4285=CARTESIAN_POINT('',(-0.00301427159481775,0.,-0.00574978840173006));
#4286=CARTESIAN_POINT('',(-0.0030478827624662,0.,-0.00578001191352537));
#4287=CARTESIAN_POINT('',(-0.00308394076960849,0.,-0.00581115424829585));
#4288=CARTESIAN_POINT('',(-0.00312249507065756,0.,-0.00584312898876474));
#4289=CARTESIAN_POINT('',(-0.00316359262973768,0.,-0.00587584812213953));
#4290=CARTESIAN_POINT('',(-0.00320727787690673,0.,-0.00590922210539709));
#4291=CARTESIAN_POINT('',(-0.00325359266611804,0.,-0.00594315993159547));
#4292=CARTESIAN_POINT('',(-0.00330257623437577,0.,-0.00597756919756167));
#4293=CARTESIAN_POINT('',(-0.00335426516433024,0.,-0.00601235617144927));
#4294=CARTESIAN_POINT('',(-0.0034086933417828,0.,-0.00604742586574953));
#4295=CARTESIAN_POINT('',(-0.0034658919409959,0.,-0.0060826820941046));
#4296=CARTESIAN_POINT('',(-0.00352588931166098,0.,-0.00611802759482246));
#4297=CARTESIAN_POINT('',(-0.00358871125131277,0.,-0.00615336390303449));
#4298=CARTESIAN_POINT('',(-0.00365437981007395,0.,-0.00618859218966178));
#4299=CARTESIAN_POINT('',(-0.00372291772023035,0.,-0.00622361040471709));
#4300=CARTESIAN_POINT('',(-0.00379433132795373,0.,-0.00625832455472765));
#4301=CARTESIAN_POINT('',(-0.00386867566884008,0.,-0.00629260598264337));
#4302=CARTESIAN_POINT('',(-0.00393605250029924,0.,-0.00632217448656345));
#4303=CARTESIAN_POINT('',(-0.00397908682979007,0.,-0.0063400072830964));
#4304=CARTESIAN_POINT('',(-0.00399585740625683,0.,-0.00634689873787683));
#4305=CARTESIAN_POINT('',(-0.00353957459540737,0.,-0.0038773588541102));
#4306=CARTESIAN_POINT('',(-0.00381849507958512,0.,-0.00418258154743056));
#4307=CARTESIAN_POINT('',(-0.00411563139778126,0.,-0.00450773782840604));
#4308=CARTESIAN_POINT('',(-0.00412094709165443,0.,-0.00451438656486163));
#4309=CARTESIAN_POINT('',(-0.00412543559206083,0.,-0.00451976675805298));
#4310=CARTESIAN_POINT('',(-0.00413053184544105,0.,-0.00452623245851331));
#4311=CARTESIAN_POINT('',(-0.00413725248658113,0.,-0.00453506130777551));
#4312=CARTESIAN_POINT('',(-0.00414514638100002,0.,-0.0045458961514161));
#4313=CARTESIAN_POINT('',(-0.00415424916021593,0.,-0.00455892133876892));
#4314=CARTESIAN_POINT('',(-0.00416444056279256,0.,-0.00457414696886515));
#4315=CARTESIAN_POINT('',(-0.00417564623615612,0.,-0.00459163348562525));
#4316=CARTESIAN_POINT('',(-0.00418777613038473,0.,-0.00461142295999831));
#4317=CARTESIAN_POINT('',(-0.00420074301491784,0.,-0.00463355959365841));
#4318=CARTESIAN_POINT('',(-0.00421445709233492,0.,-0.0046580836067678));
#4319=CARTESIAN_POINT('',(-0.00422882765608816,0.,-0.00468503297031924));
#4320=CARTESIAN_POINT('',(-0.0042437626992781,0.,-0.00471444285770978));
#4321=CARTESIAN_POINT('',(-0.00425916911743827,0.,-0.00474634575862478));
#4322=CARTESIAN_POINT('',(-0.00427495274243872,0.,-0.00478077140576986));
#4323=CARTESIAN_POINT('',(-0.00429101842582736,0.,-0.00481774675761339));
#4324=CARTESIAN_POINT('',(-0.00430727010922595,0.,-0.00485729596773383));
#4325=CARTESIAN_POINT('',(-0.00432361089935821,0.,-0.00489944036040696));
#4326=CARTESIAN_POINT('',(-0.00433994314265409,0.,-0.00494419840686741));
#4327=CARTESIAN_POINT('',(-0.00435616850077964,0.,-0.00499158570380585));
#4328=CARTESIAN_POINT('',(-0.00437218802663632,0.,-0.00504161495367498));
#4329=CARTESIAN_POINT('',(-0.00438790224092746,0.,-0.00509429594690697));
#4330=CARTESIAN_POINT('',(-0.00440321120906769,0.,-0.00514963554612165));
#4331=CARTESIAN_POINT('',(-0.004418014618956,0.,-0.00520763767193847));
#4332=CARTESIAN_POINT('',(-0.00443221185740693,0.,-0.0052683032919589));
#4333=CARTESIAN_POINT('',(-0.00444570209348618,0.,-0.00533163040692277));
#4334=CARTESIAN_POINT('',(-0.00445838433684104,0.,-0.00539761405711926));
#4335=CARTESIAN_POINT('',(-0.00447015759327056,0.,-0.00546624626049904));
#4336=CARTESIAN_POINT('',(-0.00448092064859133,0.,-0.0055375162220525));
#4337=CARTESIAN_POINT('',(-0.00449057327692807,0.,-0.00561140951372811));
#4338=CARTESIAN_POINT('',(-0.00449901199890549,0.,-0.00568791120315819));
#4339=CARTESIAN_POINT('',(-0.00450614667871633,0.,-0.00576699389357158));
#4340=CARTESIAN_POINT('',(-0.00451183750403772,0.,-0.00584866342172577));
#4341=CARTESIAN_POINT('',(-0.00451559238176605,0.,-0.00592214698951336));
#4342=CARTESIAN_POINT('',(-0.00451700615262881,0.,-0.00596870838338059));
#4343=CARTESIAN_POINT('',(-0.00451750284641062,0.,-0.00598683288832017));
#4344=CARTESIAN_POINT('',(-0.0038084777587762,0.,-0.00417164460251972));
#4345=CARTESIAN_POINT('',(-0.00411384937531115,0.,-0.00389266455761489));
#4346=CARTESIAN_POINT('',(-0.00381341056894058,0.,-0.00360837911432437));
#4347=CARTESIAN_POINT('',(1.89736161844182E-17,0.,1.78230925260439E-17));
#4348=CARTESIAN_POINT('',(-0.00404172581833053,0.,-0.00335066447282332));
#4349=CARTESIAN_POINT('',(-0.00436015239700172,0.,-0.00361464591845166));
#4350=CARTESIAN_POINT('',(-0.00460028988237369,0.,-0.00327787347634943));
#4351=CARTESIAN_POINT('',(-0.00427573711378434,0.,-0.0030464031469599));
#4352=CARTESIAN_POINT('',(-0.00461235453923756,0.,-0.00328649945657946));
#4353=CARTESIAN_POINT('',(-0.00497095589020929,0.,-0.00354227605779663));
#4354=CARTESIAN_POINT('',(-0.00497819688598303,0.,-0.00354675157765626));
#4355=CARTESIAN_POINT('',(-0.00498407888044675,0.,-0.00355055884121468));
#4356=CARTESIAN_POINT('',(-0.00499111172413518,0.,-0.00355483858310086));
#4357=CARTESIAN_POINT('',(-0.00500068628491805,0.,-0.00356044602301971));
#4358=CARTESIAN_POINT('',(-0.00501239363417706,0.,-0.00356697636597702));
#4359=CARTESIAN_POINT('',(-0.00502642107203678,0.,-0.00357444276284039));
#4360=CARTESIAN_POINT('',(-0.00504276412798077,0.,-0.00358272461171112));
#4361=CARTESIAN_POINT('',(-0.00506147384301286,0.,-0.00359174081641988));
#4362=CARTESIAN_POINT('',(-0.00508258112701889,0.,-0.00360139691251757));
#4363=CARTESIAN_POINT('',(-0.00510611934491081,0.,-0.00361160097752956));
#4364=CARTESIAN_POINT('',(-0.00513211759971762,0.,-0.00362225902075483));
#4365=CARTESIAN_POINT('',(-0.00516060265211464,0.,-0.00363327642010097));
#4366=CARTESIAN_POINT('',(-0.00519159832883904,0.,-0.00364455759981793));
#4367=CARTESIAN_POINT('',(-0.00522512566018648,0.,-0.00365600621807678));
#4368=CARTESIAN_POINT('',(-0.00526120281136392,0.,-0.00366752520945766));
#4369=CARTESIAN_POINT('',(-0.00529984507540359,0.,-0.00367901686976352));
#4370=CARTESIAN_POINT('',(-0.00534106485121915,0.,-0.0036903829295977));
#4371=CARTESIAN_POINT('',(-0.00538487162841453,0.,-0.00370152463178757));
#4372=CARTESIAN_POINT('',(-0.00543127197271111,0.,-0.00371234280830625));
#4373=CARTESIAN_POINT('',(-0.00548026951370583,0.,-0.00372273795784367));
#4374=CARTESIAN_POINT('',(-0.00553186493448142,0.,-0.00373261032362556));
#4375=CARTESIAN_POINT('',(-0.00558605596318258,0.,-0.00374185997156511));
#4376=CARTESIAN_POINT('',(-0.00564283736660979,0.,-0.00375038686851521));
#4377=CARTESIAN_POINT('',(-0.00570220094550909,0.,-0.00375809096118454));
#4378=CARTESIAN_POINT('',(-0.0057641355328477,0.,-0.00376487225333956));
#4379=CARTESIAN_POINT('',(-0.00582862699011621,0.,-0.00377063089020122));
#4380=CARTESIAN_POINT('',(-0.00589565822072383,0.,-0.00377526721557725));
#4381=CARTESIAN_POINT('',(-0.00596520912731366,0.,-0.00377868193375786));
#4382=CARTESIAN_POINT('',(-0.00603725679356217,0.,-0.00378077586971962));
#4383=CARTESIAN_POINT('',(-0.00611177481572032,0.,-0.00378145126745616));
#4384=CARTESIAN_POINT('',(-0.00618873589723381,0.,-0.00378060720197136));
#4385=CARTESIAN_POINT('',(-0.00626810197641381,0.,-0.00377815749696534));
#4386=CARTESIAN_POINT('',(-0.00634986199494803,0.,-0.0037739626559611));
#4387=CARTESIAN_POINT('',(-0.0064232623852873,0.,-0.00376883269108873));
#4388=CARTESIAN_POINT('',(-0.0064696547054161,0.,-0.00376462379812531));
#4389=CARTESIAN_POINT('',(-0.00648770693212782,0.,-0.00376293220279354));
#4390=CARTESIAN_POINT('',(-0.00493603615958656,0.,-0.00178830842732845));
#4391=CARTESIAN_POINT('',(-0.00532485204119945,0.,-0.00192894888813999));
#4392=CARTESIAN_POINT('',(-0.0057390608428915,0.,-0.00207877434408721));
#4393=CARTESIAN_POINT('',(-0.00574685747795775,0.,-0.00208219118172644));
#4394=CARTESIAN_POINT('',(-0.00575333214813484,0.,-0.00208486919606031));
#4395=CARTESIAN_POINT('',(-0.00576084941722602,0.,-0.00208822594245659));
#4396=CARTESIAN_POINT('',(-0.00577090322025439,0.,-0.0020929202625666));
#4397=CARTESIAN_POINT('',(-0.00578292811953872,0.,-0.00209884556450104));
#4398=CARTESIAN_POINT('',(-0.0057970413366287,0.,-0.00210614852269623));
#4399=CARTESIAN_POINT('',(-0.00581314107856472,0.,-0.00211489396767632));
#4400=CARTESIAN_POINT('',(-0.00583118959910274,0.,-0.00212516997323884));
#4401=CARTESIAN_POINT('',(-0.00585112671434172,0.,-0.00213705563964449));
#4402=CARTESIAN_POINT('',(-0.0058728957269984,0.,-0.00215063064359476));
#4403=CARTESIAN_POINT('',(-0.00589643581664708,0.,-0.00216597232921674));
#4404=CARTESIAN_POINT('',(-0.0059216843126286,0.,-0.00218315647158943));
#4405=CARTESIAN_POINT('',(-0.00594857609277211,0.,-0.00220225697294732));
#4406=CARTESIAN_POINT('',(-0.00597704381587638,0.,-0.0022233458692811));
#4407=CARTESIAN_POINT('',(-0.00600701791768059,0.,-0.00224649324970616));
#4408=CARTESIAN_POINT('',(-0.00603842667663946,0.,-0.00227176720245124));
#4409=CARTESIAN_POINT('',(-0.00607119626201075,0.,-0.00229923375500216));
#4410=CARTESIAN_POINT('',(-0.00610525078894421,0.,-0.00232895681761812));
#4411=CARTESIAN_POINT('',(-0.00614051237350856,0.,-0.00236099812764193));
#4412=CARTESIAN_POINT('',(-0.00617690118957702,0.,-0.00239541719535985));
#4413=CARTESIAN_POINT('',(-0.00621433552696908,0.,-0.00243227125124463));
#4414=CARTESIAN_POINT('',(-0.00625273185098276,0.,-0.00247161519462773));
#4415=CARTESIAN_POINT('',(-0.00629200486315574,0.,-0.00251350154397476));
#4416=CARTESIAN_POINT('',(-0.00633206756353644,0.,-0.00255798038817959));
#4417=CARTESIAN_POINT('',(-0.00637283131324034,0.,-0.00260509934128949));
#4418=CARTESIAN_POINT('',(-0.00641420590180659,0.,-0.00265490349151912));
#4419=CARTESIAN_POINT('',(-0.00645609960182629,0.,-0.00270743537981969));
#4420=CARTESIAN_POINT('',(-0.00649841927793237,0.,-0.00276273487278297));
#4421=CARTESIAN_POINT('',(-0.00654107029272515,0.,-0.002820839448479));
#4422=CARTESIAN_POINT('',(-0.00658395719554955,0.,-0.00288178290878932));
#4423=CARTESIAN_POINT('',(-0.00662698142055192,0.,-0.00294560012102249));
#4424=CARTESIAN_POINT('',(-0.0066700504245242,0.,-0.00301230871474068));
#4425=CARTESIAN_POINT('',(-0.0067130431222791,0.,-0.00308197883216215));
#4426=CARTESIAN_POINT('',(-0.00675051741810459,0.,-0.00314530032135763));
#4427=CARTESIAN_POINT('',(-0.00677340740868666,0.,-0.00318587137604029));
#4428=CARTESIAN_POINT('',(-0.00678227008661591,0.,-0.00320168900304121));
#4429=CARTESIAN_POINT('',(-0.00531089949239685,0.,-0.00192391998546816));
#4430=CARTESIAN_POINT('',(-0.00545164413891609,0.,-0.00153498215738193));
#4431=CARTESIAN_POINT('',(-0.00505350475450338,0.,-0.0014228807737164));
#4432=CARTESIAN_POINT('',(2.50831068732571E-17,0.,6.96408557459641E-18));
#4433=CARTESIAN_POINT('',(0.00561699860317076,-0.008,-0.00059703292818559));
#4434=CARTESIAN_POINT('',(0.00561699860317076,0.,-0.00059703292818559));
#4435=CARTESIAN_POINT('',(0.00580604714354146,-0.008,-0.000617061133576168));
#4436=CARTESIAN_POINT('',(0.00580604714354146,0.,-0.000617061133576168));
#4437=CARTESIAN_POINT('',(0.00605152602966021,-0.008,-0.000643232516167282));
#4438=CARTESIAN_POINT('',(0.00605152602966021,0.,-0.000643232516167282));
#4439=CARTESIAN_POINT('',(0.00608090886096458,-0.008,-0.000646515260342489));
#4440=CARTESIAN_POINT('',(0.00608090886096458,0.,-0.000646515260342489));
#4441=CARTESIAN_POINT('',(0.00610924660202023,-0.008,-0.000651840610702431));
#4442=CARTESIAN_POINT('',(0.00610924660202023,0.,-0.000651840610702431));
#4443=CARTESIAN_POINT('',(0.00616126519938231,-0.008,-0.000664525138010098));
#4444=CARTESIAN_POINT('',(0.00616126519938231,0.,-0.000664525138010098));
#4445=CARTESIAN_POINT('',(0.00625652186202975,-0.008,-0.000695037934517063));
#4446=CARTESIAN_POINT('',(0.00625652186202975,-1.73472347597681E-18,-0.000695037934517063));
#4447=CARTESIAN_POINT('',(0.00639491773015039,-0.008,-0.000751876722264042));
#4448=CARTESIAN_POINT('',(0.00639491773015039,0.,-0.000751876722264042));
#4449=CARTESIAN_POINT('',(0.00657661558952776,-0.008,-0.000847754097005069));
#4450=CARTESIAN_POINT('',(0.00657661558952776,-1.73472347597681E-18,-0.000847754097005069));
#4451=CARTESIAN_POINT('',(0.00676753468893374,-0.008,-0.00096994139903834));
#4452=CARTESIAN_POINT('',(0.00676753468893374,0.,-0.00096994139903834));
#4453=CARTESIAN_POINT('',(0.00702777418957469,-0.008,-0.00116617151523614));
#4454=CARTESIAN_POINT('',(0.00702777418957469,-3.46944695195361E-18,-0.00116617151523614));
#4455=CARTESIAN_POINT('',(0.00722381744535825,-0.008,-0.00134924759444182));
#4456=CARTESIAN_POINT('',(0.00722381744535825,0.,-0.00134924759444182));
#4457=CARTESIAN_POINT('',(0.00735140397477818,-0.008,-0.00148555026828972));
#4458=CARTESIAN_POINT('',(0.00735140397477818,0.,-0.00148555026828972));
#4459=CARTESIAN_POINT('',(0.00561699859467331,-0.008,-0.000597032927285351));
#4460=CARTESIAN_POINT('',(0.00561699860317076,-0.008,0.00059703292818559));
#4461=CARTESIAN_POINT('',(0.00561699860317076,0.,0.00059703292818559));
#4462=CARTESIAN_POINT('',(0.00580604714354146,-0.008,0.000617061133576168));
#4463=CARTESIAN_POINT('',(0.00580604714354146,0.,0.000617061133576168));
#4464=CARTESIAN_POINT('',(0.00605152602966021,-0.008,0.000643232516167282));
#4465=CARTESIAN_POINT('',(0.00605152602966021,0.,0.000643232516167282));
#4466=CARTESIAN_POINT('',(0.00608090886096458,-0.008,0.000646515260342489));
#4467=CARTESIAN_POINT('',(0.00608090886096458,0.,0.000646515260342489));
#4468=CARTESIAN_POINT('',(0.00610924660202023,-0.008,0.000651840610702431));
#4469=CARTESIAN_POINT('',(0.00610924660202023,0.,0.000651840610702431));
#4470=CARTESIAN_POINT('',(0.00616126519938231,-0.008,0.000664525138010098));
#4471=CARTESIAN_POINT('',(0.00616126519938231,0.,0.000664525138010098));
#4472=CARTESIAN_POINT('',(0.00625652186202975,-0.008,0.000695037934517063));
#4473=CARTESIAN_POINT('',(0.00625652186202975,-1.73472347597681E-18,0.000695037934517063));
#4474=CARTESIAN_POINT('',(0.00639491773015039,-0.008,0.000751876722264042));
#4475=CARTESIAN_POINT('',(0.00639491773015039,0.,0.000751876722264042));
#4476=CARTESIAN_POINT('',(0.00657661558952776,-0.008,0.000847754097005069));
#4477=CARTESIAN_POINT('',(0.00657661558952776,-1.73472347597681E-18,0.000847754097005069));
#4478=CARTESIAN_POINT('',(0.00676753468893374,-0.008,0.00096994139903834));
#4479=CARTESIAN_POINT('',(0.00676753468893374,0.,0.00096994139903834));
#4480=CARTESIAN_POINT('',(0.00702777418957469,-0.008,0.00116617151523614));
#4481=CARTESIAN_POINT('',(0.00702777418957469,-3.46944695195361E-18,0.00116617151523614));
#4482=CARTESIAN_POINT('',(0.00722381744535825,-0.008,0.00134924759444182));
#4483=CARTESIAN_POINT('',(0.00722381744535825,0.,0.00134924759444182));
#4484=CARTESIAN_POINT('',(0.00735140397477818,-0.008,0.00148555026828972));
#4485=CARTESIAN_POINT('',(0.00735140397477818,0.,0.00148555026828972));
#4486=CARTESIAN_POINT('',(0.00561699859467331,0.,0.000597032927285351));
#4487=CARTESIAN_POINT('',(-2.60208521396521E-17,-0.008,-7.58941520739853E-19));
#4488=CARTESIAN_POINT('',(0.00524717674827264,-0.008,0.000172151597108482));
#4489=CARTESIAN_POINT('',(0.00524717674827264,-0.008,-0.000172151597108482));
#4490=CARTESIAN_POINT('',(0.00566057454286268,-0.004,-0.000185714527040893));
#4491=CARTESIAN_POINT('',(0.00566057454286268,-0.004,0.000185714527040893));
#4492=CARTESIAN_POINT('',(0.00269947042159547,-0.008,-0.00496185258429665));
#4493=CARTESIAN_POINT('',(0.00269947042159547,0.,-0.00496185258429665));
#4494=CARTESIAN_POINT('',(0.00279037934290179,-0.008,-0.00512881380031515));
#4495=CARTESIAN_POINT('',(0.00279037934290179,0.,-0.00512881380031515));
#4496=CARTESIAN_POINT('',(0.00290828861855208,-0.008,-0.00534570600283166));
#4497=CARTESIAN_POINT('',(0.00290828861855208,0.,-0.00534570600283166));
#4498=CARTESIAN_POINT('',(0.00292227832368318,-0.008,-0.00537175241016789));
#4499=CARTESIAN_POINT('',(0.00292227832368318,0.,-0.00537175241016789));
#4500=CARTESIAN_POINT('',(0.00293399331795243,-0.008,-0.00539809905765606));
#4501=CARTESIAN_POINT('',(0.00293399331795243,0.,-0.00539809905765606));
#4502=CARTESIAN_POINT('',(0.00295310408796753,-0.008,-0.00544811515680389));
#4503=CARTESIAN_POINT('',(0.00295310408796753,0.,-0.00544811515680389));
#4504=CARTESIAN_POINT('',(0.00298210450068028,-0.008,-0.00554384309730141));
#4505=CARTESIAN_POINT('',(0.00298210450068028,-1.73472347597681E-18,-0.00554384309730141));
#4506=CARTESIAN_POINT('',(0.00301394490918015,-0.008,-0.00569002877543703));
#4507=CARTESIAN_POINT('',(0.00301394490918015,1.73472347597681E-18,-0.00569002877543703));
#4508=CARTESIAN_POINT('',(0.00303825552513285,-0.008,-0.00589402773877152));
#4509=CARTESIAN_POINT('',(0.00303825552513285,-1.73472347597681E-18,-0.00589402773877152));
#4510=CARTESIAN_POINT('',(0.00304615175679258,-0.008,-0.00612056137605689));
#4511=CARTESIAN_POINT('',(0.00304615175679258,0.,-0.00612056137605689));
#4512=CARTESIAN_POINT('',(0.0030324904231804,-0.008,-0.00644620569761151));
#4513=CARTESIAN_POINT('',(0.0030324904231804,0.,-0.00644620569761151));
#4514=CARTESIAN_POINT('',(0.00299318702620809,-0.008,-0.00671154520070525));
#4515=CARTESIAN_POINT('',(0.00299318702620809,0.,-0.00671154520070525));
#4516=CARTESIAN_POINT('',(0.00295348953427436,-0.008,-0.00689397559982133));
#4517=CARTESIAN_POINT('',(0.00295348953427436,0.,-0.00689397559982133));
#4518=CARTESIAN_POINT('',(0.00269947041750925,-0.008,-0.00496185257679199));
#4519=CARTESIAN_POINT('',(0.00368216735620345,-0.008,-0.00428354586601684));
#4520=CARTESIAN_POINT('',(0.00368216735620345,0.,-0.00428354586601684));
#4521=CARTESIAN_POINT('',(0.00380604205730827,-0.008,-0.00442775244718999));
#4522=CARTESIAN_POINT('',(0.00380604205730827,0.,-0.00442775244718999));
#4523=CARTESIAN_POINT('',(0.00396702858419978,-0.008,-0.00461491057006004));
#4524=CARTESIAN_POINT('',(0.00396702858419978,1.73472347597681E-18,-0.00461491057006004));
#4525=CARTESIAN_POINT('',(0.00398642158031499,-0.008,-0.00463722735491934));
#4526=CARTESIAN_POINT('',(0.00398642158031499,0.,-0.00463722735491934));
#4527=CARTESIAN_POINT('',(0.00400690192943717,-0.008,-0.00465752371480053));
#4528=CARTESIAN_POINT('',(0.00400690192943717,-1.73472347597681E-18,-0.00465752371480053));
#4529=CARTESIAN_POINT('',(0.00404689102209367,-0.008,-0.00469312854836351));
#4530=CARTESIAN_POINT('',(0.00404689102209367,0.,-0.00469312854836351));
#4531=CARTESIAN_POINT('',(0.00412611451326347,-0.008,-0.00475419000082144));
#4532=CARTESIAN_POINT('',(0.00412611451326347,-1.73472347597681E-18,-0.00475419000082144));
#4533=CARTESIAN_POINT('',(0.00425150973230878,-0.008,-0.00483579945582507));
#4534=CARTESIAN_POINT('',(0.00425150973230878,0.,-0.00483579945582507));
#4535=CARTESIAN_POINT('',(0.00443363141329367,-0.008,-0.00493086930596056));
#4536=CARTESIAN_POINT('',(0.00443363141329367,-1.73472347597681E-18,-0.00493086930596056));
#4537=CARTESIAN_POINT('',(0.00464264400133434,-0.008,-0.00501858234567934));
#4538=CARTESIAN_POINT('',(0.00464264400133434,0.,-0.00501858234567934));
#4539=CARTESIAN_POINT('',(0.00495197110698859,-0.008,-0.00512128384471609));
#4540=CARTESIAN_POINT('',(0.00495197110698859,-3.46944695195361E-18,-0.00512128384471609));
#4541=CARTESIAN_POINT('',(0.00521400502885106,-0.008,-0.00517862521467686));
#4542=CARTESIAN_POINT('',(0.00521400502885106,0.,-0.00517862521467686));
#4543=CARTESIAN_POINT('',(0.00539865733982721,-0.008,-0.00520619812599653));
#4544=CARTESIAN_POINT('',(0.00539865733982721,0.,-0.00520619812599653));
#4545=CARTESIAN_POINT('',(0.00368216735063546,0.,-0.00428354585953496));
#4546=CARTESIAN_POINT('',(-1.5406125407166E-17,-0.008,2.09836135649752E-17));
#4547=CARTESIAN_POINT('',(0.00312241411746921,-0.008,-0.00422054855190993));
#4548=CARTESIAN_POINT('',(0.002839058143653,-0.008,-0.00441613505873151));
#4549=CARTESIAN_POINT('',(0.00306273278462739,-0.004,-0.00476405939623213));
#4550=CARTESIAN_POINT('',(0.00336841290346085,-0.004,-0.00455306364469656));
#4551=CARTESIAN_POINT('',(0.00469615022306223,-0.008,-0.00313899581200624));
#4552=CARTESIAN_POINT('',(0.00469615022306223,0.,-0.00313899581200624));
#4553=CARTESIAN_POINT('',(0.00485423682113495,-0.008,-0.00324458514450366));
#4554=CARTESIAN_POINT('',(0.00485423682113495,0.,-0.00324458514450366));
#4555=CARTESIAN_POINT('',(0.00505943513208493,-0.008,-0.00338183847954552));
#4556=CARTESIAN_POINT('',(0.00505943513208493,0.,-0.00338183847954552));
#4557=CARTESIAN_POINT('',(0.00508392676982802,-0.008,-0.00339840008772352));
#4558=CARTESIAN_POINT('',(0.00508392676982802,0.,-0.00339840008772352));
#4559=CARTESIAN_POINT('',(0.00510654377968763,-0.008,-0.00341628465620039));
#4560=CARTESIAN_POINT('',(0.00510654377968763,-1.73472347597681E-18,-0.00341628465620039));
#4561=CARTESIAN_POINT('',(0.00514670916640161,-0.008,-0.0034516904949089));
#4562=CARTESIAN_POINT('',(0.00514670916640161,0.,-0.0034516904949089));
#4563=CARTESIAN_POINT('',(0.00521687474874577,-0.008,-0.00352297621285935));
#4564=CARTESIAN_POINT('',(0.00521687474874577,-1.73472347597681E-18,-0.00352297621285935));
#4565=CARTESIAN_POINT('',(0.00531300390236179,-0.008,-0.0036376202267915));
#4566=CARTESIAN_POINT('',(0.00531300390236179,0.,-0.0036376202267915));
#4567=CARTESIAN_POINT('',(0.0054293329290789,-0.008,-0.00380695463154318));
#4568=CARTESIAN_POINT('',(0.0054293329290789,0.,-0.00380695463154318));
#4569=CARTESIAN_POINT('',(0.00554160012547583,-0.008,-0.00400387064386652));
#4570=CARTESIAN_POINT('',(0.00554160012547583,0.,-0.00400387064386652));
#4571=CARTESIAN_POINT('',(0.00568083807738137,-0.008,-0.00429856310889743));
#4572=CARTESIAN_POINT('',(0.00568083807738137,0.,-0.00429856310889743));
#4573=CARTESIAN_POINT('',(0.00576934606324986,-0.008,-0.00455177477006867));
#4574=CARTESIAN_POINT('',(0.00576934606324986,0.,-0.00455177477006867));
#4575=CARTESIAN_POINT('',(0.00581897531356823,-0.008,-0.00473175721060195));
#4576=CARTESIAN_POINT('',(0.00581897531356823,0.,-0.00473175721060195));
#4577=CARTESIAN_POINT('',(0.00469615021595647,-0.008,-0.00313899580726016));
#4578=CARTESIAN_POINT('',(0.00525106029546421,-0.008,-0.00208170300445562));
#4579=CARTESIAN_POINT('',(0.00525106029546421,0.,-0.00208170300445562));
#4580=CARTESIAN_POINT('',(0.00542776203581583,-0.008,-0.00215182414666083));
#4581=CARTESIAN_POINT('',(0.00542776203581583,0.,-0.00215182414666083));
#4582=CARTESIAN_POINT('',(0.00565728524263484,-0.008,-0.00224273026487273));
#4583=CARTESIAN_POINT('',(0.00565728524263484,1.73472347597681E-18,-0.00224273026487273));
#4584=CARTESIAN_POINT('',(0.00568482801495014,-0.008,-0.00225347842182951));
#4585=CARTESIAN_POINT('',(0.00568482801495014,0.,-0.00225347842182951));
#4586=CARTESIAN_POINT('',(0.0057123946522328,-0.008,-0.00226193226317652));
#4587=CARTESIAN_POINT('',(0.0057123946522328,-1.73472347597681E-18,-0.00226193226317652));
#4588=CARTESIAN_POINT('',(0.00576434962647937,-0.008,-0.00227487491961075));
#4589=CARTESIAN_POINT('',(0.00576434962647937,0.,-0.00227487491961075));
#4590=CARTESIAN_POINT('',(0.0058628752159848,-0.008,-0.00229212515850796));
#4591=CARTESIAN_POINT('',(0.0058628752159848,-1.73472347597681E-18,-0.00229212515850796));
#4592=CARTESIAN_POINT('',(0.00601183297307463,-0.008,-0.00230611267823734));
#4593=CARTESIAN_POINT('',(0.00601183297307463,0.,-0.00230611267823734));
#4594=CARTESIAN_POINT('',(0.00621727487522548,-0.008,-0.0023056566846125));
#4595=CARTESIAN_POINT('',(0.00621727487522548,0.,-0.0023056566846125));
#4596=CARTESIAN_POINT('',(0.00644310861279117,-0.008,-0.00228618973124852));
#4597=CARTESIAN_POINT('',(0.00644310861279117,0.,-0.00228618973124852));
#4598=CARTESIAN_POINT('',(0.00676473192879662,-0.008,-0.0022333759186755));
#4599=CARTESIAN_POINT('',(0.00676473192879662,0.,-0.0022333759186755));
#4600=CARTESIAN_POINT('',(0.00702339930717273,-0.008,-0.00216237594487538));
#4601=CARTESIAN_POINT('',(0.00702339930717273,0.,-0.00216237594487538));
#4602=CARTESIAN_POINT('',(0.00719971457938836,-0.008,-0.00210097833766621));
#4603=CARTESIAN_POINT('',(0.00719971457938836,0.,-0.00210097833766621));
#4604=CARTESIAN_POINT('',(0.00525106028752172,0.,-0.00208170300130379));
#4605=CARTESIAN_POINT('',(-2.33930180306001E-17,-0.008,1.14204836029635E-17));
#4606=CARTESIAN_POINT('',(0.00472614710570608,-0.008,-0.00228605195374604));
#4607=CARTESIAN_POINT('',(0.00456614143314477,-0.008,-0.0025909172917171));
#4608=CARTESIAN_POINT('',(0.00492588399353587,-0.004,-0.00279504220416904));
#4609=CARTESIAN_POINT('',(0.00509849568173798,-0.004,-0.00246615811012965));
#4610=CARTESIAN_POINT('',(8.43744786864059E-5,-0.008,-0.0056480087263306));
#4611=CARTESIAN_POINT('',(8.43744786864059E-5,-1.73472347597681E-18,-0.0056480087263306));
#4612=CARTESIAN_POINT('',(8.72795849263174E-5,-0.008,-0.00583809302338112));
#4613=CARTESIAN_POINT('',(8.72795849263174E-5,-1.73472347597681E-18,-0.00583809302338112));
#4614=CARTESIAN_POINT('',(9.08882311862336E-5,-0.008,-0.00608493670361014));
#4615=CARTESIAN_POINT('',(9.08882311862336E-5,-3.46944695195361E-18,-0.00608493670361014));
#4616=CARTESIAN_POINT('',(9.11711308540412E-5,-0.008,-0.00611450099207712));
#4617=CARTESIAN_POINT('',(9.11711308540412E-5,0.,-0.00611450099207712));
#4618=CARTESIAN_POINT('',(8.93003455268295E-5,-0.008,-0.00614327401914854));
#4619=CARTESIAN_POINT('',(8.93003455268295E-5,-3.46944695195361E-18,-0.00614327401914854));
#4620=CARTESIAN_POINT('',(8.2978451742332E-5,-0.008,-0.00619644229318028));
#4621=CARTESIAN_POINT('',(8.2978451742332E-5,0.,-0.00619644229318028));
#4622=CARTESIAN_POINT('',(6.41700497640436E-5,-0.008,-0.00629468233870362));
#4623=CARTESIAN_POINT('',(6.41700497640436E-5,-1.73472347597681E-18,-0.00629468233870362));
#4624=CARTESIAN_POINT('',(2.44274592789564E-5,-0.008,-0.00643892030391024));
#4625=CARTESIAN_POINT('',(2.44274592789564E-5,0.,-0.00643892030391024));
#4626=CARTESIAN_POINT('',(-4.88496046728395E-5,-0.008,-0.00663085012178165));
#4627=CARTESIAN_POINT('',(-4.88496046728395E-5,-3.46944695195361E-18,-0.00663085012178165));
#4628=CARTESIAN_POINT('',(-0.000147133269263633,-0.008,-0.00683510525775323));
#4629=CARTESIAN_POINT('',(-0.000147133269263633,1.73472347597681E-18,-0.00683510525775323));
#4630=CARTESIAN_POINT('',(-0.000310564241499918,-0.008,-0.00711710024620292));
#4631=CARTESIAN_POINT('',(-0.000310564241499918,-3.46944695195361E-18,-0.00711710024620292));
#4632=CARTESIAN_POINT('',(-0.000468675086723888,-0.008,-0.00733378150874801));
#4633=CARTESIAN_POINT('',(-0.000468675086723888,0.,-0.00733378150874801));
#4634=CARTESIAN_POINT('',(-0.000588605103914404,-0.008,-0.00747686726053405));
#4635=CARTESIAN_POINT('',(-0.000588605103914404,0.,-0.00747686726053405));
#4636=CARTESIAN_POINT('',(8.43744785558255E-5,-0.008,-0.00564800871778659));
#4637=CARTESIAN_POINT('',(0.00126973425056357,-0.008,-0.00550407999199739));
#4638=CARTESIAN_POINT('',(0.00126973425056357,0.,-0.00550407999199739));
#4639=CARTESIAN_POINT('',(0.00131240371125045,-0.008,-0.00568933602226941));
#4640=CARTESIAN_POINT('',(0.00131240371125045,0.,-0.00568933602226941));
#4641=CARTESIAN_POINT('',(0.00136797348500159,-0.008,-0.00592987047934797));
#4642=CARTESIAN_POINT('',(0.00136797348500159,1.73472347597681E-18,-0.00592987047934797));
#4643=CARTESIAN_POINT('',(0.00137477400321764,-0.008,-0.00595864338564494));
#4644=CARTESIAN_POINT('',(0.00137477400321764,0.,-0.00595864338564494));
#4645=CARTESIAN_POINT('',(0.00138347626301042,-0.008,-0.00598613261260919));
#4646=CARTESIAN_POINT('',(0.00138347626301042,-1.73472347597681E-18,-0.00598613261260919));
#4647=CARTESIAN_POINT('',(0.00140233845487005,-0.008,-0.0060362429850164));
#4648=CARTESIAN_POINT('',(0.00140233845487005,0.,-0.0060362429850164));
#4649=CARTESIAN_POINT('',(0.00144411070062378,-0.008,-0.00612712720814722));
#4650=CARTESIAN_POINT('',(0.00144411070062378,-1.73472347597681E-18,-0.00612712720814722));
#4651=CARTESIAN_POINT('',(0.0015172168481175,-0.008,-0.00625766285578431));
#4652=CARTESIAN_POINT('',(0.0015172168481175,0.,-0.00625766285578431));
#4653=CARTESIAN_POINT('',(0.00163429642562699,-0.008,-0.00642647919272997));
#4654=CARTESIAN_POINT('',(0.00163429642562699,0.,-0.00642647919272997));
#4655=CARTESIAN_POINT('',(0.00177860559909725,-0.008,-0.00660127822518865));
#4656=CARTESIAN_POINT('',(0.00177860559909725,0.,-0.00660127822518865));
#4657=CARTESIAN_POINT('',(0.00200477338229066,-0.008,-0.00683596736009316));
#4658=CARTESIAN_POINT('',(0.00200477338229066,0.,-0.00683596736009316));
#4659=CARTESIAN_POINT('',(0.00221014503399183,-0.008,-0.00700851385699498));
#4660=CARTESIAN_POINT('',(0.00221014503399183,0.,-0.00700851385699498));
#4661=CARTESIAN_POINT('',(0.00236083276458549,-0.008,-0.00711874066514996));
#4662=CARTESIAN_POINT('',(0.00236083276458549,0.,-0.00711874066514996));
#4663=CARTESIAN_POINT('',(0.00126973424864564,0.,-0.0055040799836704));
#4664=CARTESIAN_POINT('',(-3.88987511688819E-18,-0.008,2.57396505392081E-17));
#4665=CARTESIAN_POINT('',(0.000803373684089443,-0.008,-0.00518816833995511));
#4666=CARTESIAN_POINT('',(0.000461580847809958,-0.008,-0.00522966950398733));
#4667=CARTESIAN_POINT('',(0.000497946404692039,-0.004,-0.00564168799375802));
#4668=CARTESIAN_POINT('',(0.000866667322776874,-0.004,-0.00559691716862862));
#4669=CARTESIAN_POINT('',(-0.00255005064046701,-0.008,-0.00504027413504603));
#4670=CARTESIAN_POINT('',(-0.00255005064046701,0.,-0.00504027413504603));
#4671=CARTESIAN_POINT('',(-0.00263581487412275,-0.008,-0.00520993549143841));
#4672=CARTESIAN_POINT('',(-0.00263581487412275,0.,-0.00520993549143841));
#4673=CARTESIAN_POINT('',(-0.00274733355462244,-0.008,-0.00543018173702829));
#4674=CARTESIAN_POINT('',(-0.00274733355462244,1.73472347597681E-18,-0.00543018173702829));
#4675=CARTESIAN_POINT('',(-0.00276082226932252,-0.008,-0.00545649108442652));
#4676=CARTESIAN_POINT('',(-0.00276082226932252,0.,-0.00545649108442652));
#4677=CARTESIAN_POINT('',(-0.00277585025987313,-0.008,-0.00548109893733172));
#4678=CARTESIAN_POINT('',(-0.00277585025987313,0.,-0.00548109893733172));
#4679=CARTESIAN_POINT('',(-0.00280615654777828,-0.008,-0.00552523917541386));
#4680=CARTESIAN_POINT('',(-0.00280615654777828,0.,-0.00552523917541386));
#4681=CARTESIAN_POINT('',(-0.00286846498622019,-0.008,-0.00560348571545451));
#4682=CARTESIAN_POINT('',(-0.00286846498622019,-1.73472347597681E-18,-0.00560348571545451));
#4683=CARTESIAN_POINT('',(-0.00297068602716023,-0.008,-0.0057127327881592));
#4684=CARTESIAN_POINT('',(-0.00297068602716023,0.,-0.0057127327881592));
#4685=CARTESIAN_POINT('',(-0.00312476387874952,-0.008,-0.00584862465229824));
#4686=CARTESIAN_POINT('',(-0.00312476387874952,0.,-0.00584862465229824));
#4687=CARTESIAN_POINT('',(-0.00330671183647965,-0.008,-0.00598380889684616));
#4688=CARTESIAN_POINT('',(-0.00330671183647965,0.,-0.00598380889684616));
#4689=CARTESIAN_POINT('',(-0.00358247238115743,-0.008,-0.00615755289874511));
#4690=CARTESIAN_POINT('',(-0.00358247238115743,0.,-0.00615755289874511));
#4691=CARTESIAN_POINT('',(-0.00382316938543449,-0.008,-0.00627593685478482));
#4692=CARTESIAN_POINT('',(-0.00382316938543449,0.,-0.00627593685478482));
#4693=CARTESIAN_POINT('',(-0.00399585740625683,-0.008,-0.00634689873787683));
#4694=CARTESIAN_POINT('',(-0.00399585740625683,0.,-0.00634689873787683));
#4695=CARTESIAN_POINT('',(-0.00255005063661204,-0.008,-0.00504027412742));
#4696=CARTESIAN_POINT('',(-0.00143357966992389,-0.008,-0.00546369572316588));
#4697=CARTESIAN_POINT('',(-0.00143357966992389,0.,-0.00546369572316588));
#4698=CARTESIAN_POINT('',(-0.00148189050887557,-0.008,-0.00564756127857864));
#4699=CARTESIAN_POINT('',(-0.00148189050887557,0.,-0.00564756127857864));
#4700=CARTESIAN_POINT('',(-0.00154446785374281,-0.008,-0.00588636852450346));
#4701=CARTESIAN_POINT('',(-0.00154446785374281,0.,-0.00588636852450346));
#4702=CARTESIAN_POINT('',(-0.00155181773019408,-0.008,-0.00591500602615657));
#4703=CARTESIAN_POINT('',(-0.00155181773019408,0.,-0.00591500602615657));
#4704=CARTESIAN_POINT('',(-0.00155688714257563,-0.008,-0.00594339066958747));
#4705=CARTESIAN_POINT('',(-0.00155688714257563,0.,-0.00594339066958747));
#4706=CARTESIAN_POINT('',(-0.00156347295235386,-0.008,-0.00599652689841585));
#4707=CARTESIAN_POINT('',(-0.00156347295235386,0.,-0.00599652689841585));
#4708=CARTESIAN_POINT('',(-0.00156872147010824,-0.008,-0.00609641341197392));
#4709=CARTESIAN_POINT('',(-0.00156872147010824,-1.73472347597681E-18,-0.00609641341197392));
#4710=CARTESIAN_POINT('',(-0.00156465213153234,-0.008,-0.00624597110849591));
#4711=CARTESIAN_POINT('',(-0.00156465213153234,0.,-0.00624597110849591));
#4712=CARTESIAN_POINT('',(-0.00153943617774382,-0.008,-0.0064498601439149));
#4713=CARTESIAN_POINT('',(-0.00153943617774382,-1.73472347597681E-18,-0.0064498601439149));
#4714=CARTESIAN_POINT('',(-0.00149288991137193,-0.008,-0.00667170081733391));
#4715=CARTESIAN_POINT('',(-0.00149288991137193,0.,-0.00667170081733391));
#4716=CARTESIAN_POINT('',(-0.00140169376415172,-0.008,-0.00698461313561017));
#4717=CARTESIAN_POINT('',(-0.00140169376415172,0.,-0.00698461313561017));
#4718=CARTESIAN_POINT('',(-0.00130003255301984,-0.008,-0.00723283643642371));
#4719=CARTESIAN_POINT('',(-0.00130003255301984,0.,-0.00723283643642371));
#4720=CARTESIAN_POINT('',(-0.0012178301459037,-0.008,-0.0074004655080426));
#4721=CARTESIAN_POINT('',(-0.0012178301459037,0.,-0.0074004655080426));
#4722=CARTESIAN_POINT('',(-0.00143357966775239,0.,-0.00546369571490139));
#4723=CARTESIAN_POINT('',(8.51749868459173E-18,-0.008,2.45990437713241E-17));
#4724=CARTESIAN_POINT('',(-0.00169970997861278,-0.008,-0.004967241285523));
#4725=CARTESIAN_POINT('',(-0.00202163905761411,-0.008,-0.00484514969022931));
#4726=CARTESIAN_POINT('',(-0.00218091349565355,-0.004,-0.00522687386162468));
#4727=CARTESIAN_POINT('',(-0.0018336212970818,-0.004,-0.00535858441939167));
#4728=CARTESIAN_POINT('',(0.00368216735620344,-0.008,0.00428354586601684));
#4729=CARTESIAN_POINT('',(0.00368216735620344,0.,0.00428354586601684));
#4730=CARTESIAN_POINT('',(0.00380604205730827,-0.008,0.00442775244718999));
#4731=CARTESIAN_POINT('',(0.00380604205730827,0.,0.00442775244718999));
#4732=CARTESIAN_POINT('',(0.00396702858419978,-0.008,0.00461491057006004));
#4733=CARTESIAN_POINT('',(0.00396702858419978,0.,0.00461491057006004));
#4734=CARTESIAN_POINT('',(0.00398642158031499,-0.008,0.00463722735491934));
#4735=CARTESIAN_POINT('',(0.00398642158031499,-1.73472347597681E-18,0.00463722735491934));
#4736=CARTESIAN_POINT('',(0.00400690192943717,-0.008,0.00465752371480053));
#4737=CARTESIAN_POINT('',(0.00400690192943717,-1.73472347597681E-18,0.00465752371480053));
#4738=CARTESIAN_POINT('',(0.00404689102209366,-0.008,0.00469312854836351));
#4739=CARTESIAN_POINT('',(0.00404689102209366,0.,0.00469312854836351));
#4740=CARTESIAN_POINT('',(0.00412611451326346,-0.008,0.00475419000082145));
#4741=CARTESIAN_POINT('',(0.00412611451326346,-1.73472347597681E-18,0.00475419000082145));
#4742=CARTESIAN_POINT('',(0.00425150973230877,-0.008,0.00483579945582508));
#4743=CARTESIAN_POINT('',(0.00425150973230877,0.,0.00483579945582508));
#4744=CARTESIAN_POINT('',(0.00443363141329367,-0.008,0.00493086930596056));
#4745=CARTESIAN_POINT('',(0.00443363141329367,-1.73472347597681E-18,0.00493086930596056));
#4746=CARTESIAN_POINT('',(0.00464264400133434,-0.008,0.00501858234567933));
#4747=CARTESIAN_POINT('',(0.00464264400133434,0.,0.00501858234567933));
#4748=CARTESIAN_POINT('',(0.0049519711069886,-0.008,0.00512128384471613));
#4749=CARTESIAN_POINT('',(0.0049519711069886,-3.46944695195361E-18,0.00512128384471613));
#4750=CARTESIAN_POINT('',(0.00521400502885095,-0.008,0.00517862521467676));
#4751=CARTESIAN_POINT('',(0.00521400502885095,0.,0.00517862521467676));
#4752=CARTESIAN_POINT('',(0.00539865733982721,-0.008,0.00520619812599654));
#4753=CARTESIAN_POINT('',(0.00539865733982721,0.,0.00520619812599654));
#4754=CARTESIAN_POINT('',(0.00368216735063545,-0.008,0.00428354585953496));
#4755=CARTESIAN_POINT('',(0.00269947042159547,-0.008,0.00496185258429665));
#4756=CARTESIAN_POINT('',(0.00269947042159547,0.,0.00496185258429665));
#4757=CARTESIAN_POINT('',(0.00279037934290179,-0.008,0.00512881380031516));
#4758=CARTESIAN_POINT('',(0.00279037934290179,0.,0.00512881380031516));
#4759=CARTESIAN_POINT('',(0.00290828861855208,-0.008,0.00534570600283167));
#4760=CARTESIAN_POINT('',(0.00290828861855208,0.,0.00534570600283167));
#4761=CARTESIAN_POINT('',(0.00292227832368317,-0.008,0.0053717524101679));
#4762=CARTESIAN_POINT('',(0.00292227832368317,0.,0.0053717524101679));
#4763=CARTESIAN_POINT('',(0.00293399331795243,-0.008,0.00539809905765605));
#4764=CARTESIAN_POINT('',(0.00293399331795243,0.,0.00539809905765605));
#4765=CARTESIAN_POINT('',(0.00295310408796753,-0.008,0.00544811515680389));
#4766=CARTESIAN_POINT('',(0.00295310408796753,0.,0.00544811515680389));
#4767=CARTESIAN_POINT('',(0.00298210450068028,-0.008,0.00554384309730141));
#4768=CARTESIAN_POINT('',(0.00298210450068028,-1.73472347597681E-18,0.00554384309730141));
#4769=CARTESIAN_POINT('',(0.00301394490918015,-0.008,0.00569002877543703));
#4770=CARTESIAN_POINT('',(0.00301394490918015,1.73472347597681E-18,0.00569002877543703));
#4771=CARTESIAN_POINT('',(0.00303825552513284,-0.008,0.00589402773877153));
#4772=CARTESIAN_POINT('',(0.00303825552513284,-1.73472347597681E-18,0.00589402773877153));
#4773=CARTESIAN_POINT('',(0.00304615175679258,-0.008,0.00612056137605688));
#4774=CARTESIAN_POINT('',(0.00304615175679258,0.,0.00612056137605688));
#4775=CARTESIAN_POINT('',(0.0030324904231804,-0.008,0.00644620569761155));
#4776=CARTESIAN_POINT('',(0.0030324904231804,-3.46944695195361E-18,0.00644620569761155));
#4777=CARTESIAN_POINT('',(0.00299318702620809,-0.008,0.00671154520070517));
#4778=CARTESIAN_POINT('',(0.00299318702620809,0.,0.00671154520070517));
#4779=CARTESIAN_POINT('',(0.00295348953427435,-0.008,0.00689397559982134));
#4780=CARTESIAN_POINT('',(0.00295348953427435,0.,0.00689397559982134));
#4781=CARTESIAN_POINT('',(0.00269947041750925,0.,0.00496185257679199));
#4782=CARTESIAN_POINT('',(-1.41569321537146E-17,-0.008,-2.18458694105009E-17));
#4783=CARTESIAN_POINT('',(0.002839058143653,-0.008,0.00441613505873151));
#4784=CARTESIAN_POINT('',(0.00312241411746921,-0.008,0.00422054855190993));
#4785=CARTESIAN_POINT('',(0.00336841290346085,-0.004,0.00455306364469656));
#4786=CARTESIAN_POINT('',(0.00306273278462739,-0.004,0.00476405939623213));
#4787=CARTESIAN_POINT('',(0.0052510602954642,-0.008,0.00208170300445562));
#4788=CARTESIAN_POINT('',(0.0052510602954642,0.,0.00208170300445562));
#4789=CARTESIAN_POINT('',(0.00542776203581583,-0.008,0.00215182414666083));
#4790=CARTESIAN_POINT('',(0.00542776203581583,0.,0.00215182414666083));
#4791=CARTESIAN_POINT('',(0.00565728524263484,-0.008,0.00224273026487273));
#4792=CARTESIAN_POINT('',(0.00565728524263484,0.,0.00224273026487273));
#4793=CARTESIAN_POINT('',(0.00568482801495014,-0.008,0.00225347842182951));
#4794=CARTESIAN_POINT('',(0.00568482801495014,0.,0.00225347842182951));
#4795=CARTESIAN_POINT('',(0.0057123946522328,-0.008,0.00226193226317652));
#4796=CARTESIAN_POINT('',(0.0057123946522328,0.,0.00226193226317652));
#4797=CARTESIAN_POINT('',(0.00576434962647937,-0.008,0.00227487491961076));
#4798=CARTESIAN_POINT('',(0.00576434962647937,0.,0.00227487491961076));
#4799=CARTESIAN_POINT('',(0.0058628752159848,-0.008,0.00229212515850796));
#4800=CARTESIAN_POINT('',(0.0058628752159848,-1.73472347597681E-18,0.00229212515850796));
#4801=CARTESIAN_POINT('',(0.00601183297307463,-0.008,0.00230611267823735));
#4802=CARTESIAN_POINT('',(0.00601183297307463,0.,0.00230611267823735));
#4803=CARTESIAN_POINT('',(0.00621727487522549,-0.008,0.0023056566846125));
#4804=CARTESIAN_POINT('',(0.00621727487522549,-1.73472347597681E-18,0.0023056566846125));
#4805=CARTESIAN_POINT('',(0.00644310861279117,-0.008,0.00228618973124852));
#4806=CARTESIAN_POINT('',(0.00644310861279117,0.,0.00228618973124852));
#4807=CARTESIAN_POINT('',(0.00676473192879662,-0.008,0.0022333759186755));
#4808=CARTESIAN_POINT('',(0.00676473192879662,-3.46944695195361E-18,0.0022333759186755));
#4809=CARTESIAN_POINT('',(0.00702339930717273,-0.008,0.00216237594487538));
#4810=CARTESIAN_POINT('',(0.00702339930717273,0.,0.00216237594487538));
#4811=CARTESIAN_POINT('',(0.00719971457938836,-0.008,0.00210097833766621));
#4812=CARTESIAN_POINT('',(0.00719971457938836,0.,0.00210097833766621));
#4813=CARTESIAN_POINT('',(0.00525106028752172,-0.008,0.00208170300130378));
#4814=CARTESIAN_POINT('',(0.00469615022306223,-0.008,0.00313899581200625));
#4815=CARTESIAN_POINT('',(0.00469615022306223,0.,0.00313899581200625));
#4816=CARTESIAN_POINT('',(0.00485423682113495,-0.008,0.00324458514450367));
#4817=CARTESIAN_POINT('',(0.00485423682113495,0.,0.00324458514450367));
#4818=CARTESIAN_POINT('',(0.00505943513208492,-0.008,0.00338183847954552));
#4819=CARTESIAN_POINT('',(0.00505943513208492,0.,0.00338183847954552));
#4820=CARTESIAN_POINT('',(0.00508392676982802,-0.008,0.00339840008772353));
#4821=CARTESIAN_POINT('',(0.00508392676982802,0.,0.00339840008772353));
#4822=CARTESIAN_POINT('',(0.00510654377968762,-0.008,0.00341628465620039));
#4823=CARTESIAN_POINT('',(0.00510654377968762,0.,0.00341628465620039));
#4824=CARTESIAN_POINT('',(0.00514670916640162,-0.008,0.0034516904949089));
#4825=CARTESIAN_POINT('',(0.00514670916640162,0.,0.0034516904949089));
#4826=CARTESIAN_POINT('',(0.00521687474874577,-0.008,0.00352297621285935));
#4827=CARTESIAN_POINT('',(0.00521687474874577,-1.73472347597681E-18,0.00352297621285935));
#4828=CARTESIAN_POINT('',(0.00531300390236179,-0.008,0.00363762022679151));
#4829=CARTESIAN_POINT('',(0.00531300390236179,0.,0.00363762022679151));
#4830=CARTESIAN_POINT('',(0.0054293329290789,-0.008,0.00380695463154317));
#4831=CARTESIAN_POINT('',(0.0054293329290789,-1.73472347597681E-18,0.00380695463154317));
#4832=CARTESIAN_POINT('',(0.00554160012547583,-0.008,0.00400387064386653));
#4833=CARTESIAN_POINT('',(0.00554160012547583,0.,0.00400387064386653));
#4834=CARTESIAN_POINT('',(0.00568083807738139,-0.008,0.00429856310889745));
#4835=CARTESIAN_POINT('',(0.00568083807738139,0.,0.00429856310889745));
#4836=CARTESIAN_POINT('',(0.00576934606324975,-0.008,0.00455177477006858));
#4837=CARTESIAN_POINT('',(0.00576934606324975,0.,0.00455177477006858));
#4838=CARTESIAN_POINT('',(0.00581897531356823,-0.008,0.00473175721060196));
#4839=CARTESIAN_POINT('',(0.00581897531356823,0.,0.00473175721060196));
#4840=CARTESIAN_POINT('',(0.00469615021595647,0.,0.00313899580726016));
#4841=CARTESIAN_POINT('',(-2.26876226087722E-17,-0.008,-1.27645022882785E-17));
#4842=CARTESIAN_POINT('',(0.00456614143314477,-0.008,0.0025909172917171));
#4843=CARTESIAN_POINT('',(0.00472614710570608,-0.008,0.00228605195374604));
#4844=CARTESIAN_POINT('',(0.00509849568173798,-0.004,0.00246615811012965));
#4845=CARTESIAN_POINT('',(0.00492588399353587,-0.004,0.00279504220416904));
#4846=CARTESIAN_POINT('',(0.00126973425056357,-0.008,0.00550407999199739));
#4847=CARTESIAN_POINT('',(0.00126973425056357,0.,0.00550407999199739));
#4848=CARTESIAN_POINT('',(0.00131240371125045,-0.008,0.00568933602226941));
#4849=CARTESIAN_POINT('',(0.00131240371125045,0.,0.00568933602226941));
#4850=CARTESIAN_POINT('',(0.0013679734850016,-0.008,0.00592987047934798));
#4851=CARTESIAN_POINT('',(0.0013679734850016,1.73472347597681E-18,0.00592987047934798));
#4852=CARTESIAN_POINT('',(0.00137477400321765,-0.008,0.00595864338564493));
#4853=CARTESIAN_POINT('',(0.00137477400321765,0.,0.00595864338564493));
#4854=CARTESIAN_POINT('',(0.00138347626301043,-0.008,0.00598613261260919));
#4855=CARTESIAN_POINT('',(0.00138347626301043,-1.73472347597681E-18,0.00598613261260919));
#4856=CARTESIAN_POINT('',(0.00140233845487005,-0.008,0.00603624298501638));
#4857=CARTESIAN_POINT('',(0.00140233845487005,0.,0.00603624298501638));
#4858=CARTESIAN_POINT('',(0.00144411070062379,-0.008,0.00612712720814722));
#4859=CARTESIAN_POINT('',(0.00144411070062379,-1.73472347597681E-18,0.00612712720814722));
#4860=CARTESIAN_POINT('',(0.00151721684811751,-0.008,0.00625766285578431));
#4861=CARTESIAN_POINT('',(0.00151721684811751,0.,0.00625766285578431));
#4862=CARTESIAN_POINT('',(0.00163429642562699,-0.008,0.00642647919272997));
#4863=CARTESIAN_POINT('',(0.00163429642562699,0.,0.00642647919272997));
#4864=CARTESIAN_POINT('',(0.00177860559909725,-0.008,0.00660127822518865));
#4865=CARTESIAN_POINT('',(0.00177860559909725,0.,0.00660127822518865));
#4866=CARTESIAN_POINT('',(0.00200477338229066,-0.008,0.00683596736009315));
#4867=CARTESIAN_POINT('',(0.00200477338229066,0.,0.00683596736009315));
#4868=CARTESIAN_POINT('',(0.00221014503399183,-0.008,0.00700851385699498));
#4869=CARTESIAN_POINT('',(0.00221014503399183,0.,0.00700851385699498));
#4870=CARTESIAN_POINT('',(0.0023608327645855,-0.008,0.00711874066514996));
#4871=CARTESIAN_POINT('',(0.0023608327645855,0.,0.00711874066514996));
#4872=CARTESIAN_POINT('',(0.00126973424864564,-0.008,0.0055040799836704));
#4873=CARTESIAN_POINT('',(8.43744786864098E-5,-0.008,0.0056480087263306));
#4874=CARTESIAN_POINT('',(8.43744786864098E-5,0.,0.0056480087263306));
#4875=CARTESIAN_POINT('',(8.72795849263213E-5,-0.008,0.00583809302338112));
#4876=CARTESIAN_POINT('',(8.72795849263213E-5,0.,0.00583809302338112));
#4877=CARTESIAN_POINT('',(9.08882311862377E-5,-0.008,0.00608493670361014));
#4878=CARTESIAN_POINT('',(9.08882311862377E-5,-1.73472347597681E-18,0.00608493670361014));
#4879=CARTESIAN_POINT('',(9.11711308540454E-5,-0.008,0.00611450099207712));
#4880=CARTESIAN_POINT('',(9.11711308540454E-5,0.,0.00611450099207712));
#4881=CARTESIAN_POINT('',(8.93003455268336E-5,-0.008,0.00614327401914854));
#4882=CARTESIAN_POINT('',(8.93003455268336E-5,-3.46944695195361E-18,0.00614327401914854));
#4883=CARTESIAN_POINT('',(8.29784517423363E-5,-0.008,0.00619644229318028));
#4884=CARTESIAN_POINT('',(8.29784517423363E-5,0.,0.00619644229318028));
#4885=CARTESIAN_POINT('',(6.41700497640477E-5,-0.008,0.00629468233870362));
#4886=CARTESIAN_POINT('',(6.41700497640477E-5,-1.73472347597681E-18,0.00629468233870362));
#4887=CARTESIAN_POINT('',(2.44274592789611E-5,-0.008,0.00643892030391024));
#4888=CARTESIAN_POINT('',(2.44274592789611E-5,0.,0.00643892030391024));
#4889=CARTESIAN_POINT('',(-4.88496046728352E-5,-0.008,0.00663085012178165));
#4890=CARTESIAN_POINT('',(-4.88496046728352E-5,-3.46944695195361E-18,0.00663085012178165));
#4891=CARTESIAN_POINT('',(-0.000147133269263628,-0.008,0.00683510525775321));
#4892=CARTESIAN_POINT('',(-0.000147133269263628,1.73472347597681E-18,0.00683510525775321));
#4893=CARTESIAN_POINT('',(-0.000310564241499915,-0.008,0.00711710024620293));
#4894=CARTESIAN_POINT('',(-0.000310564241499915,-3.46944695195361E-18,0.00711710024620293));
#4895=CARTESIAN_POINT('',(-0.000468675086723873,-0.008,0.00733378150874801));
#4896=CARTESIAN_POINT('',(-0.000468675086723873,0.,0.00733378150874801));
#4897=CARTESIAN_POINT('',(-0.000588605103914399,-0.008,0.00747686726053405));
#4898=CARTESIAN_POINT('',(-0.000588605103914399,0.,0.00747686726053405));
#4899=CARTESIAN_POINT('',(8.43744785558294E-5,0.,0.00564800871778659));
#4900=CARTESIAN_POINT('',(-2.38305915176836E-18,-0.008,-2.59226111220439E-17));
#4901=CARTESIAN_POINT('',(0.000461580847809962,-0.008,0.00522966950398733));
#4902=CARTESIAN_POINT('',(0.000803373684089447,-0.008,0.00518816833995511));
#4903=CARTESIAN_POINT('',(0.000866667322776878,-0.004,0.00559691716862862));
#4904=CARTESIAN_POINT('',(0.000497946404692043,-0.004,0.00564168799375802));
#4905=CARTESIAN_POINT('',(-0.00143357966992389,-0.008,0.00546369572316588));
#4906=CARTESIAN_POINT('',(-0.00143357966992389,0.,0.00546369572316588));
#4907=CARTESIAN_POINT('',(-0.00148189050887556,-0.008,0.00564756127857864));
#4908=CARTESIAN_POINT('',(-0.00148189050887556,0.,0.00564756127857864));
#4909=CARTESIAN_POINT('',(-0.00154446785374281,-0.008,0.00588636852450347));
#4910=CARTESIAN_POINT('',(-0.00154446785374281,1.73472347597681E-18,0.00588636852450347));
#4911=CARTESIAN_POINT('',(-0.00155181773019408,-0.008,0.00591500602615657));
#4912=CARTESIAN_POINT('',(-0.00155181773019408,0.,0.00591500602615657));
#4913=CARTESIAN_POINT('',(-0.00155688714257562,-0.008,0.00594339066958747));
#4914=CARTESIAN_POINT('',(-0.00155688714257562,-1.73472347597681E-18,0.00594339066958747));
#4915=CARTESIAN_POINT('',(-0.00156347295235386,-0.008,0.00599652689841585));
#4916=CARTESIAN_POINT('',(-0.00156347295235386,0.,0.00599652689841585));
#4917=CARTESIAN_POINT('',(-0.00156872147010824,-0.008,0.00609641341197392));
#4918=CARTESIAN_POINT('',(-0.00156872147010824,-1.73472347597681E-18,0.00609641341197392));
#4919=CARTESIAN_POINT('',(-0.00156465213153234,-0.008,0.00624597110849591));
#4920=CARTESIAN_POINT('',(-0.00156465213153234,1.73472347597681E-18,0.00624597110849591));
#4921=CARTESIAN_POINT('',(-0.00153943617774382,-0.008,0.0064498601439149));
#4922=CARTESIAN_POINT('',(-0.00153943617774382,-1.73472347597681E-18,0.0064498601439149));
#4923=CARTESIAN_POINT('',(-0.00149288991137193,-0.008,0.0066717008173339));
#4924=CARTESIAN_POINT('',(-0.00149288991137193,0.,0.0066717008173339));
#4925=CARTESIAN_POINT('',(-0.00140169376415172,-0.008,0.00698461313561017));
#4926=CARTESIAN_POINT('',(-0.00140169376415172,0.,0.00698461313561017));
#4927=CARTESIAN_POINT('',(-0.00130003255301984,-0.008,0.00723283643642371));
#4928=CARTESIAN_POINT('',(-0.00130003255301984,0.,0.00723283643642371));
#4929=CARTESIAN_POINT('',(-0.0012178301459037,-0.008,0.0074004655080426));
#4930=CARTESIAN_POINT('',(-0.0012178301459037,0.,0.0074004655080426));
#4931=CARTESIAN_POINT('',(-0.00143357966775239,-0.008,0.00546369571490139));
#4932=CARTESIAN_POINT('',(-0.00255005064046701,-0.008,0.00504027413504603));
#4933=CARTESIAN_POINT('',(-0.00255005064046701,0.,0.00504027413504603));
#4934=CARTESIAN_POINT('',(-0.00263581487412275,-0.008,0.00520993549143841));
#4935=CARTESIAN_POINT('',(-0.00263581487412275,0.,0.00520993549143841));
#4936=CARTESIAN_POINT('',(-0.00274733355462244,-0.008,0.00543018173702829));
#4937=CARTESIAN_POINT('',(-0.00274733355462244,0.,0.00543018173702829));
#4938=CARTESIAN_POINT('',(-0.00276082226932251,-0.008,0.00545649108442651));
#4939=CARTESIAN_POINT('',(-0.00276082226932251,0.,0.00545649108442651));
#4940=CARTESIAN_POINT('',(-0.00277585025987313,-0.008,0.00548109893733172));
#4941=CARTESIAN_POINT('',(-0.00277585025987313,0.,0.00548109893733172));
#4942=CARTESIAN_POINT('',(-0.00280615654777828,-0.008,0.00552523917541386));
#4943=CARTESIAN_POINT('',(-0.00280615654777828,0.,0.00552523917541386));
#4944=CARTESIAN_POINT('',(-0.0028684649862202,-0.008,0.00560348571545451));
#4945=CARTESIAN_POINT('',(-0.0028684649862202,-1.73472347597681E-18,0.00560348571545451));
#4946=CARTESIAN_POINT('',(-0.00297068602716023,-0.008,0.00571273278815921));
#4947=CARTESIAN_POINT('',(-0.00297068602716023,0.,0.00571273278815921));
#4948=CARTESIAN_POINT('',(-0.00312476387874952,-0.008,0.00584862465229824));
#4949=CARTESIAN_POINT('',(-0.00312476387874952,-1.73472347597681E-18,0.00584862465229824));
#4950=CARTESIAN_POINT('',(-0.00330671183647965,-0.008,0.00598380889684616));
#4951=CARTESIAN_POINT('',(-0.00330671183647965,0.,0.00598380889684616));
#4952=CARTESIAN_POINT('',(-0.00358247238115743,-0.008,0.00615755289874511));
#4953=CARTESIAN_POINT('',(-0.00358247238115743,0.,0.00615755289874511));
#4954=CARTESIAN_POINT('',(-0.00382316938543449,-0.008,0.00627593685478482));
#4955=CARTESIAN_POINT('',(-0.00382316938543449,0.,0.00627593685478482));
#4956=CARTESIAN_POINT('',(-0.00399585740625683,-0.008,0.00634689873787683));
#4957=CARTESIAN_POINT('',(-0.00399585740625683,0.,0.00634689873787683));
#4958=CARTESIAN_POINT('',(-0.00255005063661204,0.,0.00504027412742));
#4959=CARTESIAN_POINT('',(9.93674398287199E-18,-0.008,-2.40607950268564E-17));
#4960=CARTESIAN_POINT('',(-0.00202163905761411,-0.008,0.00484514969022931));
#4961=CARTESIAN_POINT('',(-0.00169970997861277,-0.008,0.004967241285523));
#4962=CARTESIAN_POINT('',(-0.0018336212970818,-0.004,0.00535858441939167));
#4963=CARTESIAN_POINT('',(-0.00218091349565355,-0.004,0.00522687386162468));
#4964=CARTESIAN_POINT('',(-0.00531089950043194,-0.008,0.00192391998837581));
#4965=CARTESIAN_POINT('',(-0.00531089950043194,0.,0.00192391998837581));
#4966=CARTESIAN_POINT('',(-0.00548966157052367,-0.008,0.00198860848753893));
#4967=CARTESIAN_POINT('',(-0.00548966157052367,0.,0.00198860848753893));
#4968=CARTESIAN_POINT('',(-0.00572174406454142,-0.008,0.00207276632001657));
#4969=CARTESIAN_POINT('',(-0.00572174406454142,1.73472347597681E-18,0.00207276632001657));
#4970=CARTESIAN_POINT('',(-0.00574948747206622,-0.008,0.00208298544540445));
#4971=CARTESIAN_POINT('',(-0.00574948747206622,-1.73472347597681E-18,0.00208298544540445));
#4972=CARTESIAN_POINT('',(-0.0057757273301096,-0.008,0.0020949377160865));
#4973=CARTESIAN_POINT('',(-0.0057757273301096,1.73472347597681E-18,0.0020949377160865));
#4974=CARTESIAN_POINT('',(-0.00582319875549348,-0.008,0.00211970251926681));
#4975=CARTESIAN_POINT('',(-0.00582319875549348,0.,0.00211970251926681));
#4976=CARTESIAN_POINT('',(-0.00590838524248099,-0.008,0.00217212508086132));
#4977=CARTESIAN_POINT('',(-0.00590838524248099,0.,0.00217212508086132));
#4978=CARTESIAN_POINT('',(-0.00602915716595133,-0.008,0.00226043253585061));
#4979=CARTESIAN_POINT('',(-0.00602915716595133,0.,0.00226043253585061));
#4980=CARTESIAN_POINT('',(-0.00618263025813132,-0.008,0.00239700703224823));
#4981=CARTESIAN_POINT('',(-0.00618263025813132,-1.73472347597681E-18,0.00239700703224823));
#4982=CARTESIAN_POINT('',(-0.00633876026013632,-0.008,0.00256133372445032));
#4983=CARTESIAN_POINT('',(-0.00633876026013632,0.,0.00256133372445032));
#4984=CARTESIAN_POINT('',(-0.00654447673324357,-0.008,0.00281414113907489));
#4985=CARTESIAN_POINT('',(-0.00654447673324357,-3.46944695195361E-18,0.00281414113907489));
#4986=CARTESIAN_POINT('',(-0.00669101035479796,-0.008,0.00303881358213302));
#4987=CARTESIAN_POINT('',(-0.00669101035479796,0.,0.00303881358213302));
#4988=CARTESIAN_POINT('',(-0.00678227008661591,-0.008,0.00320168900304121));
#4989=CARTESIAN_POINT('',(-0.00678227008661591,0.,0.00320168900304121));
#4990=CARTESIAN_POINT('',(-0.00531089949239685,-0.008,0.00192391998546816));
#4991=CARTESIAN_POINT('',(-0.00559665816405251,-0.008,0.000764551515664383));
#4992=CARTESIAN_POINT('',(-0.00559665816405251,-1.73472347597681E-18,0.000764551515664383));
#4993=CARTESIAN_POINT('',(-0.0057850063606993,-0.008,0.000790347570544077));
#4994=CARTESIAN_POINT('',(-0.0057850063606993,-1.73472347597681E-18,0.000790347570544077));
#4995=CARTESIAN_POINT('',(-0.00602961529833729,-0.008,0.000823683623466589));
#4996=CARTESIAN_POINT('',(-0.00602961529833729,-3.46944695195361E-18,0.000823683623466589));
#4997=CARTESIAN_POINT('',(-0.00605892993006803,-0.008,0.00082752804166322));
#4998=CARTESIAN_POINT('',(-0.00605892993006803,0.,0.00082752804166322));
#4999=CARTESIAN_POINT('',(-0.00608771866762932,-0.008,0.000829139101631451));
#5000=CARTESIAN_POINT('',(-0.00608771866762932,-1.73472347597681E-18,0.000829139101631451));
#5001=CARTESIAN_POINT('',(-0.00614126130517082,-0.008,0.000829272028817166));
#5002=CARTESIAN_POINT('',(-0.00614126130517082,0.,0.000829272028817166));
#5003=CARTESIAN_POINT('',(-0.00624105217248899,-0.008,0.000822442290221231));
#5004=CARTESIAN_POINT('',(-0.00624105217248899,-1.73472347597681E-18,0.000822442290221231));
#5005=CARTESIAN_POINT('',(-0.00638902892045328,-0.008,0.00080037543345983));
#5006=CARTESIAN_POINT('',(-0.00638902892045328,0.,0.00080037543345983));
#5007=CARTESIAN_POINT('',(-0.00658839192788585,-0.008,0.000750767224895259));
#5008=CARTESIAN_POINT('',(-0.00658839192788585,-1.73472347597681E-18,0.000750767224895259));
#5009=CARTESIAN_POINT('',(-0.00680300460059804,-0.008,0.000677820394892215));
#5010=CARTESIAN_POINT('',(-0.00680300460059804,0.,0.000677820394892215));
#5011=CARTESIAN_POINT('',(-0.0071026429549275,-0.008,0.00054957175820715));
#5012=CARTESIAN_POINT('',(-0.0071026429549275,-3.46944695195361E-18,0.00054957175820715));
#5013=CARTESIAN_POINT('',(-0.00733680252350244,-0.008,0.000418731759122877));
#5014=CARTESIAN_POINT('',(-0.00733680252350244,-1.73472347597681E-18,0.000418731759122877));
#5015=CARTESIAN_POINT('',(-0.00749330098519254,-0.008,0.000316923248299256));
#5016=CARTESIAN_POINT('',(-0.00749330098519254,-1.73472347597681E-18,0.000316923248299256));
#5017=CARTESIAN_POINT('',(-0.00559665815558653,0.,0.000764551514504887));
#5018=CARTESIAN_POINT('',(2.54463600616396E-17,-0.008,-5.49030945566192E-18));
#5019=CARTESIAN_POINT('',(-0.00513590190214374,-0.008,0.00108858240457779));
#5020=CARTESIAN_POINT('',(-0.00505350475450338,-0.008,0.0014228807737164));
#5021=CARTESIAN_POINT('',(-0.00545164413891609,-0.004,0.00153498215738193));
#5022=CARTESIAN_POINT('',(-0.00554053292972938,-0.004,0.00117434615656692));
#5023=CARTESIAN_POINT('',(-0.00380847776453966,-0.008,0.00417164460882841));
#5024=CARTESIAN_POINT('',(-0.00380847776453966,0.,0.00417164460882841));
#5025=CARTESIAN_POINT('',(-0.00393670147213479,-0.008,0.004311998306457));
#5026=CARTESIAN_POINT('',(-0.00393670147213479,0.,0.004311998306457));
#5027=CARTESIAN_POINT('',(-0.0041030902200501,-0.008,0.004494370479126));
#5028=CARTESIAN_POINT('',(-0.0041030902200501,1.73472347597681E-18,0.004494370479126));
#5029=CARTESIAN_POINT('',(-0.00412290672304932,-0.008,0.00451631206962583));
#5030=CARTESIAN_POINT('',(-0.00412290672304932,0.,0.00451631206962583));
#5031=CARTESIAN_POINT('',(-0.00414058646632162,-0.008,0.00453908954978538));
#5032=CARTESIAN_POINT('',(-0.00414058646632162,0.,0.00453908954978538));
#5033=CARTESIAN_POINT('',(-0.00417111154808513,-0.008,0.00458307876537134));
#5034=CARTESIAN_POINT('',(-0.00417111154808513,0.,0.00458307876537134));
#5035=CARTESIAN_POINT('',(-0.0042221784571816,-0.008,0.00466908477286348));
#5036=CARTESIAN_POINT('',(-0.0042221784571816,-1.73472347597681E-18,0.00466908477286348));
#5037=CARTESIAN_POINT('',(-0.0042880781639504,-0.008,0.00480340265236281));
#5038=CARTESIAN_POINT('',(-0.0042880781639504,0.,0.00480340265236281));
#5039=CARTESIAN_POINT('',(-0.00436050250501062,-0.008,0.00499565586536988));
#5040=CARTESIAN_POINT('',(-0.00436050250501062,0.,0.00499565586536988));
#5041=CARTESIAN_POINT('',(-0.00442238233441957,-0.008,0.00521371715493885));
#5042=CARTESIAN_POINT('',(-0.00442238233441957,0.,0.00521371715493885));
#5043=CARTESIAN_POINT('',(-0.00448704976146801,-0.008,0.00553316821547203));
#5044=CARTESIAN_POINT('',(-0.00448704976146801,0.,0.00553316821547203));
#5045=CARTESIAN_POINT('',(-0.00451238834922529,-0.008,0.00580020335339594));
#5046=CARTESIAN_POINT('',(-0.00451238834922529,0.,0.00580020335339594));
#5047=CARTESIAN_POINT('',(-0.00451750284641062,-0.008,0.00598683288832017));
#5048=CARTESIAN_POINT('',(-0.00451750284641062,0.,0.00598683288832017));
#5049=CARTESIAN_POINT('',(-0.00380847775877619,-0.008,0.00417164460251972));
#5050=CARTESIAN_POINT('',(-0.0046002898893311,-0.008,0.00327787348131046));
#5051=CARTESIAN_POINT('',(-0.0046002898893311,0.,0.00327787348131046));
#5052=CARTESIAN_POINT('',(-0.00475507591052301,-0.008,0.00338824452493619));
#5053=CARTESIAN_POINT('',(-0.00475507591052301,0.,0.00338824452493619));
#5054=CARTESIAN_POINT('',(-0.00495617433202562,-0.008,0.0035314375752773));
#5055=CARTESIAN_POINT('',(-0.00495617433202562,1.73472347597681E-18,0.0035314375752773));
#5056=CARTESIAN_POINT('',(-0.00498034455911243,-0.008,0.00354846482717985));
#5057=CARTESIAN_POINT('',(-0.00498034455911243,-1.73472347597681E-18,0.00354846482717985));
#5058=CARTESIAN_POINT('',(-0.00500508702335822,-0.008,0.00356327014337502));
#5059=CARTESIAN_POINT('',(-0.00500508702335822,-1.73472347597681E-18,0.00356327014337502));
#5060=CARTESIAN_POINT('',(-0.0050524349000553,-0.008,0.00358827034891046));
#5061=CARTESIAN_POINT('',(-0.0050524349000553,0.,0.00358827034891046));
#5062=CARTESIAN_POINT('',(-0.00514396926261189,-0.008,0.00362859804411816));
#5063=CARTESIAN_POINT('',(-0.00514396926261189,-1.73472347597681E-18,0.00362859804411816));
#5064=CARTESIAN_POINT('',(-0.00528525114542461,-0.008,0.00367782703653422));
#5065=CARTESIAN_POINT('',(-0.00528525114542461,0.,0.00367782703653422));
#5066=CARTESIAN_POINT('',(-0.00548483240569168,-0.008,0.00372654975854112));
#5067=CARTESIAN_POINT('',(-0.00548483240569168,-1.73472347597681E-18,0.00372654975854112));
#5068=CARTESIAN_POINT('',(-0.00570876257215577,-0.008,0.00376169403038623));
#5069=CARTESIAN_POINT('',(-0.00570876257215577,0.,0.00376169403038623));
#5070=CARTESIAN_POINT('',(-0.00603367927176418,-0.008,0.00378738438874158));
#5071=CARTESIAN_POINT('',(-0.00603367927176418,-3.46944695195361E-18,0.00378738438874158));
#5072=CARTESIAN_POINT('',(-0.00630182165212784,-0.008,0.00378035070062851));
#5073=CARTESIAN_POINT('',(-0.00630182165212784,0.,0.00378035070062851));
#5074=CARTESIAN_POINT('',(-0.00648770693212782,-0.008,0.00376293220279354));
#5075=CARTESIAN_POINT('',(-0.00648770693212782,0.,0.00376293220279354));
#5076=CARTESIAN_POINT('',(-0.00460028988237369,0.,0.00327787347634944));
#5077=CARTESIAN_POINT('',(1.99801588217829E-17,-0.008,-1.66869407550297E-17));
#5078=CARTESIAN_POINT('',(-0.00404172581833053,-0.008,0.00335066447282332));
#5079=CARTESIAN_POINT('',(-0.00381341056894058,-0.008,0.00360837911432437));
#5080=CARTESIAN_POINT('',(-0.00411384937531115,-0.004,0.00389266455761489));
#5081=CARTESIAN_POINT('',(-0.00436015239700172,-0.004,0.00361464591845166));
#5082=CARTESIAN_POINT('',(-0.00460028988933109,-0.008,-0.00327787348131046));
#5083=CARTESIAN_POINT('',(-0.00460028988933109,0.,-0.00327787348131046));
#5084=CARTESIAN_POINT('',(-0.00475507591052301,-0.008,-0.00338824452493618));
#5085=CARTESIAN_POINT('',(-0.00475507591052301,0.,-0.00338824452493618));
#5086=CARTESIAN_POINT('',(-0.00495617433202562,-0.008,-0.0035314375752773));
#5087=CARTESIAN_POINT('',(-0.00495617433202562,1.73472347597681E-18,-0.0035314375752773));
#5088=CARTESIAN_POINT('',(-0.00498034455911242,-0.008,-0.00354846482717985));
#5089=CARTESIAN_POINT('',(-0.00498034455911242,0.,-0.00354846482717985));
#5090=CARTESIAN_POINT('',(-0.00500508702335823,-0.008,-0.00356327014337502));
#5091=CARTESIAN_POINT('',(-0.00500508702335823,-1.73472347597681E-18,-0.00356327014337502));
#5092=CARTESIAN_POINT('',(-0.0050524349000553,-0.008,-0.00358827034891046));
#5093=CARTESIAN_POINT('',(-0.0050524349000553,0.,-0.00358827034891046));
#5094=CARTESIAN_POINT('',(-0.00514396926261189,-0.008,-0.00362859804411816));
#5095=CARTESIAN_POINT('',(-0.00514396926261189,0.,-0.00362859804411816));
#5096=CARTESIAN_POINT('',(-0.00528525114542462,-0.008,-0.00367782703653422));
#5097=CARTESIAN_POINT('',(-0.00528525114542462,0.,-0.00367782703653422));
#5098=CARTESIAN_POINT('',(-0.00548483240569168,-0.008,-0.00372654975854112));
#5099=CARTESIAN_POINT('',(-0.00548483240569168,-1.73472347597681E-18,-0.00372654975854112));
#5100=CARTESIAN_POINT('',(-0.00570876257215577,-0.008,-0.00376169403038622));
#5101=CARTESIAN_POINT('',(-0.00570876257215577,0.,-0.00376169403038622));
#5102=CARTESIAN_POINT('',(-0.00603367927176418,-0.008,-0.00378738438874159));
#5103=CARTESIAN_POINT('',(-0.00603367927176418,0.,-0.00378738438874159));
#5104=CARTESIAN_POINT('',(-0.00630182165212784,-0.008,-0.00378035070062846));
#5105=CARTESIAN_POINT('',(-0.00630182165212784,0.,-0.00378035070062846));
#5106=CARTESIAN_POINT('',(-0.00648770693212782,-0.008,-0.00376293220279354));
#5107=CARTESIAN_POINT('',(-0.00648770693212782,0.,-0.00376293220279354));
#5108=CARTESIAN_POINT('',(-0.00460028988237369,-0.008,-0.00327787347634943));
#5109=CARTESIAN_POINT('',(-0.00380847776453967,-0.008,-0.00417164460882841));
#5110=CARTESIAN_POINT('',(-0.00380847776453967,0.,-0.00417164460882841));
#5111=CARTESIAN_POINT('',(-0.00393670147213479,-0.008,-0.004311998306457));
#5112=CARTESIAN_POINT('',(-0.00393670147213479,0.,-0.004311998306457));
#5113=CARTESIAN_POINT('',(-0.00410309022005009,-0.008,-0.004494370479126));
#5114=CARTESIAN_POINT('',(-0.00410309022005009,1.73472347597681E-18,-0.004494370479126));
#5115=CARTESIAN_POINT('',(-0.00412290672304932,-0.008,-0.00451631206962582));
#5116=CARTESIAN_POINT('',(-0.00412290672304932,-1.73472347597681E-18,-0.00451631206962582));
#5117=CARTESIAN_POINT('',(-0.00414058646632162,-0.008,-0.00453908954978538));
#5118=CARTESIAN_POINT('',(-0.00414058646632162,1.73472347597681E-18,-0.00453908954978538));
#5119=CARTESIAN_POINT('',(-0.00417111154808514,-0.008,-0.00458307876537134));
#5120=CARTESIAN_POINT('',(-0.00417111154808514,0.,-0.00458307876537134));
#5121=CARTESIAN_POINT('',(-0.00422217845718159,-0.008,-0.00466908477286348));
#5122=CARTESIAN_POINT('',(-0.00422217845718159,-1.73472347597681E-18,-0.00466908477286348));
#5123=CARTESIAN_POINT('',(-0.0042880781639504,-0.008,-0.00480340265236281));
#5124=CARTESIAN_POINT('',(-0.0042880781639504,0.,-0.00480340265236281));
#5125=CARTESIAN_POINT('',(-0.00436050250501062,-0.008,-0.00499565586536988));
#5126=CARTESIAN_POINT('',(-0.00436050250501062,-1.73472347597681E-18,-0.00499565586536988));
#5127=CARTESIAN_POINT('',(-0.00442238233441957,-0.008,-0.00521371715493885));
#5128=CARTESIAN_POINT('',(-0.00442238233441957,0.,-0.00521371715493885));
#5129=CARTESIAN_POINT('',(-0.00448704976146801,-0.008,-0.00553316821547203));
#5130=CARTESIAN_POINT('',(-0.00448704976146801,0.,-0.00553316821547203));
#5131=CARTESIAN_POINT('',(-0.00451238834922529,-0.008,-0.00580020335339595));
#5132=CARTESIAN_POINT('',(-0.00451238834922529,0.,-0.00580020335339595));
#5133=CARTESIAN_POINT('',(-0.00451750284641062,-0.008,-0.00598683288832017));
#5134=CARTESIAN_POINT('',(-0.00451750284641062,0.,-0.00598683288832017));
#5135=CARTESIAN_POINT('',(-0.0038084777587762,0.,-0.00417164460251972));
#5136=CARTESIAN_POINT('',(1.89736161844182E-17,-0.008,1.78230925260439E-17));
#5137=CARTESIAN_POINT('',(-0.00381341056894058,-0.008,-0.00360837911432437));
#5138=CARTESIAN_POINT('',(-0.00404172581833053,-0.008,-0.00335066447282332));
#5139=CARTESIAN_POINT('',(-0.00436015239700172,-0.004,-0.00361464591845166));
#5140=CARTESIAN_POINT('',(-0.00411384937531115,-0.004,-0.00389266455761489));
#5141=CARTESIAN_POINT('',(-0.0055966581640525,-0.008,-0.000764551515664382));
#5142=CARTESIAN_POINT('',(-0.0055966581640525,0.,-0.000764551515664382));
#5143=CARTESIAN_POINT('',(-0.00578500636069929,-0.008,-0.000790347570544077));
#5144=CARTESIAN_POINT('',(-0.00578500636069929,0.,-0.000790347570544077));
#5145=CARTESIAN_POINT('',(-0.00602961529833728,-0.008,-0.000823683623466589));
#5146=CARTESIAN_POINT('',(-0.00602961529833728,0.,-0.000823683623466589));
#5147=CARTESIAN_POINT('',(-0.00605892993006803,-0.008,-0.000827528041663221));
#5148=CARTESIAN_POINT('',(-0.00605892993006803,-1.73472347597681E-18,-0.000827528041663221));
#5149=CARTESIAN_POINT('',(-0.00608771866762932,-0.008,-0.000829139101631452));
#5150=CARTESIAN_POINT('',(-0.00608771866762932,-1.73472347597681E-18,-0.000829139101631452));
#5151=CARTESIAN_POINT('',(-0.00614126130517082,-0.008,-0.000829272028817168));
#5152=CARTESIAN_POINT('',(-0.00614126130517082,0.,-0.000829272028817168));
#5153=CARTESIAN_POINT('',(-0.00624105217248899,-0.008,-0.000822442290221233));
#5154=CARTESIAN_POINT('',(-0.00624105217248899,-1.73472347597681E-18,-0.000822442290221233));
#5155=CARTESIAN_POINT('',(-0.00638902892045328,-0.008,-0.000800375433459831));
#5156=CARTESIAN_POINT('',(-0.00638902892045328,0.,-0.000800375433459831));
#5157=CARTESIAN_POINT('',(-0.00658839192788585,-0.008,-0.00075076722489526));
#5158=CARTESIAN_POINT('',(-0.00658839192788585,0.,-0.00075076722489526));
#5159=CARTESIAN_POINT('',(-0.00680300460059804,-0.008,-0.000677820394892217));
#5160=CARTESIAN_POINT('',(-0.00680300460059804,-1.73472347597681E-18,-0.000677820394892217));
#5161=CARTESIAN_POINT('',(-0.0071026429549275,-0.008,-0.000549571758207151));
#5162=CARTESIAN_POINT('',(-0.0071026429549275,0.,-0.000549571758207151));
#5163=CARTESIAN_POINT('',(-0.00733680252350244,-0.008,-0.000418731759122884));
#5164=CARTESIAN_POINT('',(-0.00733680252350244,0.,-0.000418731759122884));
#5165=CARTESIAN_POINT('',(-0.00749330098519254,-0.008,-0.000316923248299257));
#5166=CARTESIAN_POINT('',(-0.00749330098519254,0.,-0.000316923248299257));
#5167=CARTESIAN_POINT('',(-0.00559665815558652,-0.008,-0.000764551514504888));
#5168=CARTESIAN_POINT('',(-0.00531089950043194,-0.008,-0.00192391998837581));
#5169=CARTESIAN_POINT('',(-0.00531089950043194,0.,-0.00192391998837581));
#5170=CARTESIAN_POINT('',(-0.00548966157052367,-0.008,-0.00198860848753893));
#5171=CARTESIAN_POINT('',(-0.00548966157052367,0.,-0.00198860848753893));
#5172=CARTESIAN_POINT('',(-0.00572174406454142,-0.008,-0.00207276632001658));
#5173=CARTESIAN_POINT('',(-0.00572174406454142,1.73472347597681E-18,-0.00207276632001658));
#5174=CARTESIAN_POINT('',(-0.00574948747206622,-0.008,-0.00208298544540445));
#5175=CARTESIAN_POINT('',(-0.00574948747206622,-1.73472347597681E-18,-0.00208298544540445));
#5176=CARTESIAN_POINT('',(-0.00577572733010961,-0.008,-0.0020949377160865));
#5177=CARTESIAN_POINT('',(-0.00577572733010961,1.73472347597681E-18,-0.0020949377160865));
#5178=CARTESIAN_POINT('',(-0.00582319875549348,-0.008,-0.00211970251926682));
#5179=CARTESIAN_POINT('',(-0.00582319875549348,0.,-0.00211970251926682));
#5180=CARTESIAN_POINT('',(-0.005908385242481,-0.008,-0.00217212508086132));
#5181=CARTESIAN_POINT('',(-0.005908385242481,-1.73472347597681E-18,-0.00217212508086132));
#5182=CARTESIAN_POINT('',(-0.00602915716595133,-0.008,-0.00226043253585061));
#5183=CARTESIAN_POINT('',(-0.00602915716595133,0.,-0.00226043253585061));
#5184=CARTESIAN_POINT('',(-0.00618263025813132,-0.008,-0.00239700703224823));
#5185=CARTESIAN_POINT('',(-0.00618263025813132,-1.73472347597681E-18,-0.00239700703224823));
#5186=CARTESIAN_POINT('',(-0.00633876026013632,-0.008,-0.00256133372445032));
#5187=CARTESIAN_POINT('',(-0.00633876026013632,-1.73472347597681E-18,-0.00256133372445032));
#5188=CARTESIAN_POINT('',(-0.00654447673324357,-0.008,-0.00281414113907489));
#5189=CARTESIAN_POINT('',(-0.00654447673324357,-3.46944695195361E-18,-0.00281414113907489));
#5190=CARTESIAN_POINT('',(-0.00669101035479796,-0.008,-0.00303881358213302));
#5191=CARTESIAN_POINT('',(-0.00669101035479796,0.,-0.00303881358213302));
#5192=CARTESIAN_POINT('',(-0.00678227008661591,-0.008,-0.00320168900304121));
#5193=CARTESIAN_POINT('',(-0.00678227008661591,0.,-0.00320168900304121));
#5194=CARTESIAN_POINT('',(-0.00531089949239685,0.,-0.00192391998546816));
#5195=CARTESIAN_POINT('',(2.50831068732571E-17,-0.008,6.96408557459641E-18));
#5196=CARTESIAN_POINT('',(-0.00505350475450338,-0.008,-0.0014228807737164));
#5197=CARTESIAN_POINT('',(-0.00513590190214374,-0.008,-0.00108858240457779));
#5198=CARTESIAN_POINT('',(-0.00554053292972938,-0.004,-0.00117434615656692));
#5199=CARTESIAN_POINT('',(-0.00545164413891609,-0.004,-0.00153498215738193));
#5200=MECHANICAL_DESIGN_GEOMETRIC_PRESENTATION_REPRESENTATION('',(#1523),
#5201);
#5201=(
GEOMETRIC_REPRESENTATION_CONTEXT(3)
GLOBAL_UNCERTAINTY_ASSIGNED_CONTEXT((#5202))
GLOBAL_UNIT_ASSIGNED_CONTEXT((#5205,#5204,#5203))
REPRESENTATION_CONTEXT('Spur gear (13 teeth)','TOP_LEVEL_ASSEMBLY_PART')
);
#5202=UNCERTAINTY_MEASURE_WITH_UNIT(LENGTH_MEASURE(2.E-5),#5205,
'DISTANCE_ACCURACY_VALUE','Maximum Tolerance applied to model');
#5203=(
NAMED_UNIT(*)
SI_UNIT($,.STERADIAN.)
SOLID_ANGLE_UNIT()
);
#5204=(
NAMED_UNIT(*)
PLANE_ANGLE_UNIT()
SI_UNIT($,.RADIAN.)
);
#5205=(
LENGTH_UNIT()
NAMED_UNIT(*)
SI_UNIT($,.METRE.)
);
#5206=PRODUCT_DEFINITION_SHAPE('','',#5207);
#5207=PRODUCT_DEFINITION('','',#5209,#5208);
#5208=PRODUCT_DEFINITION_CONTEXT('',#5215,'design');
#5209=PRODUCT_DEFINITION_FORMATION_WITH_SPECIFIED_SOURCE('','',#5211,
 .NOT_KNOWN.);
#5210=PRODUCT_RELATED_PRODUCT_CATEGORY('','',(#5211));
#5211=PRODUCT('Spur gear (13 teeth)','Spur gear (13 teeth)',
'Spur gear (13 teeth)',(#5213));
#5212=PRODUCT_CATEGORY('','');
#5213=PRODUCT_CONTEXT('',#5215,'mechanical');
#5214=APPLICATION_PROTOCOL_DEFINITION('international standard',
'ap242_managed_model_based_3d_engineering',2020,#5215);
#5215=APPLICATION_CONTEXT('managed model based 3d engineering');
ENDSEC;
END-ISO-10303-21;
