ISO-10303-21;
HEADER;
/* Generated by software containing ST-Developer
 * from STEP Tools, Inc. (www.steptools.com) 
 */
/* OPTION: using custom renumber hook */

FILE_DESCRIPTION(
/* description */ ('STEP AP242 Edition 2',
'CAx-IF Rec.Pracs.---Representation and Presentation of Product Manufa
cturing Information (PMI)---4.0---2014-10-13',
'CAx-IF Rec.Pracs.---3D Tessellated Geometry---0.4---2014-09-14','2;1',
'CAx-IF Rec.Pracs.---User Defined Attributes---1.5---2016-08-15'),
/* implementation_level */ '2;1');

FILE_NAME(
/* name */ 'Part Studio 3',
/* time_stamp */ '2026-09-07T18:45:27Z',
/* author */ (''),
/* organization */ (''),
/* preprocessor_version */ 'ST-DEVELOPER v20',
/* originating_system */ 'ONSHAPE BY PTC INC, 1.220',
/* authorisation */ '  ');

FILE_SCHEMA (('AP242_MANAGED_MODEL_BASED_3D_ENGINEERING_MIM_LF { 1 0 10303 442 3 1 4 }'));
ENDSEC;

DATA;
#10=SHAPE_REPRESENTATION_RELATIONSHIP('','',#2355,#11);
#11=ADVANCED_BREP_SHAPE_REPRESENTATION('',(#2353),#7161);
#12=PLANE('',#2417);
#13=PLANE('',#2480);
#14=PLANE('',#2597);
#15=PLANE('',#2598);
#16=CIRCLE('',#2358,0.014);
#17=CIRCLE('',#2359,0.014);
#18=CIRCLE('',#2361,0.014);
#19=CIRCLE('',#2362,0.014);
#20=CIRCLE('',#2364,0.014);
#21=CIRCLE('',#2365,0.014);
#22=CIRCLE('',#2367,0.014);
#23=CIRCLE('',#2368,0.014);
#24=CIRCLE('',#2370,0.014);
#25=CIRCLE('',#2371,0.014);
#26=CIRCLE('',#2373,0.014);
#27=CIRCLE('',#2374,0.014);
#28=CIRCLE('',#2376,0.014);
#29=CIRCLE('',#2377,0.014);
#30=CIRCLE('',#2379,0.014);
#31=CIRCLE('',#2380,0.014);
#32=CIRCLE('',#2382,0.014);
#33=CIRCLE('',#2383,0.014);
#34=CIRCLE('',#2385,0.014);
#35=CIRCLE('',#2386,0.014);
#36=CIRCLE('',#2388,0.014);
#37=CIRCLE('',#2389,0.014);
#38=CIRCLE('',#2391,0.014);
#39=CIRCLE('',#2392,0.014);
#40=CIRCLE('',#2394,0.014);
#41=CIRCLE('',#2395,0.014);
#42=CIRCLE('',#2397,0.014);
#43=CIRCLE('',#2398,0.014);
#44=CIRCLE('',#2400,0.014);
#45=CIRCLE('',#2401,0.014);
#46=CIRCLE('',#2403,0.014);
#47=CIRCLE('',#2404,0.014);
#48=CIRCLE('',#2406,0.014);
#49=CIRCLE('',#2407,0.014);
#50=CIRCLE('',#2409,0.014);
#51=CIRCLE('',#2410,0.014);
#52=CIRCLE('',#2412,0.014);
#53=CIRCLE('',#2413,0.014);
#54=CIRCLE('',#2415,0.014);
#55=CIRCLE('',#2416,0.014);
#56=CIRCLE('',#2418,0.00037615775639159);
#57=CIRCLE('',#2419,0.0117499999999998);
#58=CIRCLE('',#2420,0.00037615775639159);
#59=CIRCLE('',#2421,0.00037615775639159);
#60=CIRCLE('',#2422,0.0117499999999998);
#61=CIRCLE('',#2423,0.00037615775639159);
#62=CIRCLE('',#2424,0.00037615775639159);
#63=CIRCLE('',#2425,0.0117499999999998);
#64=CIRCLE('',#2426,0.00037615775639159);
#65=CIRCLE('',#2427,0.00037615775639159);
#66=CIRCLE('',#2428,0.0117499999999998);
#67=CIRCLE('',#2429,0.00037615775639159);
#68=CIRCLE('',#2430,0.00037615775639159);
#69=CIRCLE('',#2431,0.0117499999999998);
#70=CIRCLE('',#2432,0.00037615775639159);
#71=CIRCLE('',#2433,0.00037615775639159);
#72=CIRCLE('',#2434,0.0117499999999998);
#73=CIRCLE('',#2435,0.00037615775639159);
#74=CIRCLE('',#2436,0.00037615775639159);
#75=CIRCLE('',#2437,0.0117499999999998);
#76=CIRCLE('',#2438,0.00037615775639159);
#77=CIRCLE('',#2439,0.00037615775639159);
#78=CIRCLE('',#2440,0.0117499999999998);
#79=CIRCLE('',#2441,0.00037615775639159);
#80=CIRCLE('',#2442,0.00037615775639159);
#81=CIRCLE('',#2443,0.0117499999999998);
#82=CIRCLE('',#2444,0.00037615775639159);
#83=CIRCLE('',#2445,0.00037615775639159);
#84=CIRCLE('',#2446,0.0117499999999998);
#85=CIRCLE('',#2447,0.00037615775639159);
#86=CIRCLE('',#2448,0.00037615775639159);
#87=CIRCLE('',#2449,0.0117499999999998);
#88=CIRCLE('',#2450,0.00037615775639159);
#89=CIRCLE('',#2451,0.00037615775639159);
#90=CIRCLE('',#2452,0.0117499999999998);
#91=CIRCLE('',#2453,0.00037615775639159);
#92=CIRCLE('',#2454,0.00037615775639159);
#93=CIRCLE('',#2455,0.0117499999999998);
#94=CIRCLE('',#2456,0.00037615775639159);
#95=CIRCLE('',#2457,0.00037615775639159);
#96=CIRCLE('',#2458,0.0117499999999998);
#97=CIRCLE('',#2459,0.00037615775639159);
#98=CIRCLE('',#2460,0.00037615775639159);
#99=CIRCLE('',#2461,0.0117499999999998);
#100=CIRCLE('',#2462,0.00037615775639159);
#101=CIRCLE('',#2463,0.00037615775639159);
#102=CIRCLE('',#2464,0.0117499999999998);
#103=CIRCLE('',#2465,0.00037615775639159);
#104=CIRCLE('',#2466,0.00037615775639159);
#105=CIRCLE('',#2467,0.0117499999999998);
#106=CIRCLE('',#2468,0.00037615775639159);
#107=CIRCLE('',#2469,0.00037615775639159);
#108=CIRCLE('',#2470,0.0117499999999998);
#109=CIRCLE('',#2471,0.00037615775639159);
#110=CIRCLE('',#2472,0.00037615775639159);
#111=CIRCLE('',#2473,0.0117499999999998);
#112=CIRCLE('',#2474,0.00037615775639159);
#113=CIRCLE('',#2475,0.005);
#114=CIRCLE('',#2476,0.0025);
#115=CIRCLE('',#2477,0.00215);
#116=CIRCLE('',#2479,0.0025);
#117=CIRCLE('',#2481,0.00037615775639159);
#118=CIRCLE('',#2482,0.0117499999999998);
#119=CIRCLE('',#2483,0.00037615775639159);
#120=CIRCLE('',#2484,0.00037615775639159);
#121=CIRCLE('',#2485,0.0117499999999998);
#122=CIRCLE('',#2486,0.00037615775639159);
#123=CIRCLE('',#2487,0.00037615775639159);
#124=CIRCLE('',#2488,0.0117499999999998);
#125=CIRCLE('',#2489,0.00037615775639159);
#126=CIRCLE('',#2490,0.00037615775639159);
#127=CIRCLE('',#2491,0.0117499999999998);
#128=CIRCLE('',#2492,0.00037615775639159);
#129=CIRCLE('',#2493,0.00037615775639159);
#130=CIRCLE('',#2494,0.0117499999999998);
#131=CIRCLE('',#2495,0.00037615775639159);
#132=CIRCLE('',#2496,0.00037615775639159);
#133=CIRCLE('',#2497,0.0117499999999998);
#134=CIRCLE('',#2498,0.00037615775639159);
#135=CIRCLE('',#2499,0.00037615775639159);
#136=CIRCLE('',#2500,0.0117499999999998);
#137=CIRCLE('',#2501,0.00037615775639159);
#138=CIRCLE('',#2502,0.00037615775639159);
#139=CIRCLE('',#2503,0.0117499999999998);
#140=CIRCLE('',#2504,0.00037615775639159);
#141=CIRCLE('',#2505,0.00037615775639159);
#142=CIRCLE('',#2506,0.0117499999999998);
#143=CIRCLE('',#2507,0.00037615775639159);
#144=CIRCLE('',#2508,0.00037615775639159);
#145=CIRCLE('',#2509,0.0117499999999998);
#146=CIRCLE('',#2510,0.00037615775639159);
#147=CIRCLE('',#2511,0.00037615775639159);
#148=CIRCLE('',#2512,0.0117499999999998);
#149=CIRCLE('',#2513,0.00037615775639159);
#150=CIRCLE('',#2514,0.00037615775639159);
#151=CIRCLE('',#2515,0.0117499999999998);
#152=CIRCLE('',#2516,0.00037615775639159);
#153=CIRCLE('',#2517,0.00037615775639159);
#154=CIRCLE('',#2518,0.0117499999999998);
#155=CIRCLE('',#2519,0.00037615775639159);
#156=CIRCLE('',#2520,0.00037615775639159);
#157=CIRCLE('',#2521,0.0117499999999998);
#158=CIRCLE('',#2522,0.00037615775639159);
#159=CIRCLE('',#2523,0.00037615775639159);
#160=CIRCLE('',#2524,0.0117499999999998);
#161=CIRCLE('',#2525,0.00037615775639159);
#162=CIRCLE('',#2526,0.00037615775639159);
#163=CIRCLE('',#2527,0.0117499999999998);
#164=CIRCLE('',#2528,0.00037615775639159);
#165=CIRCLE('',#2529,0.00037615775639159);
#166=CIRCLE('',#2530,0.0117499999999998);
#167=CIRCLE('',#2531,0.00037615775639159);
#168=CIRCLE('',#2532,0.00037615775639159);
#169=CIRCLE('',#2533,0.0117499999999998);
#170=CIRCLE('',#2534,0.00037615775639159);
#171=CIRCLE('',#2535,0.00037615775639159);
#172=CIRCLE('',#2536,0.0117499999999998);
#173=CIRCLE('',#2537,0.00037615775639159);
#174=CIRCLE('',#2538,0.005);
#175=CIRCLE('',#2539,0.00215);
#176=CYLINDRICAL_SURFACE('',#2357,0.014);
#177=CYLINDRICAL_SURFACE('',#2360,0.014);
#178=CYLINDRICAL_SURFACE('',#2363,0.014);
#179=CYLINDRICAL_SURFACE('',#2366,0.014);
#180=CYLINDRICAL_SURFACE('',#2369,0.014);
#181=CYLINDRICAL_SURFACE('',#2372,0.014);
#182=CYLINDRICAL_SURFACE('',#2375,0.014);
#183=CYLINDRICAL_SURFACE('',#2378,0.014);
#184=CYLINDRICAL_SURFACE('',#2381,0.014);
#185=CYLINDRICAL_SURFACE('',#2384,0.014);
#186=CYLINDRICAL_SURFACE('',#2387,0.014);
#187=CYLINDRICAL_SURFACE('',#2390,0.014);
#188=CYLINDRICAL_SURFACE('',#2393,0.014);
#189=CYLINDRICAL_SURFACE('',#2396,0.014);
#190=CYLINDRICAL_SURFACE('',#2399,0.014);
#191=CYLINDRICAL_SURFACE('',#2402,0.014);
#192=CYLINDRICAL_SURFACE('',#2405,0.014);
#193=CYLINDRICAL_SURFACE('',#2408,0.014);
#194=CYLINDRICAL_SURFACE('',#2411,0.014);
#195=CYLINDRICAL_SURFACE('',#2414,0.014);
#196=CYLINDRICAL_SURFACE('',#2478,0.0025);
#197=CYLINDRICAL_SURFACE('',#2540,0.0117499999999998);
#198=CYLINDRICAL_SURFACE('',#2541,0.00037615775639159);
#199=CYLINDRICAL_SURFACE('',#2542,0.00037615775639159);
#200=CYLINDRICAL_SURFACE('',#2543,0.0117499999999998);
#201=CYLINDRICAL_SURFACE('',#2544,0.00037615775639159);
#202=CYLINDRICAL_SURFACE('',#2545,0.00037615775639159);
#203=CYLINDRICAL_SURFACE('',#2546,0.0117499999999998);
#204=CYLINDRICAL_SURFACE('',#2547,0.00037615775639159);
#205=CYLINDRICAL_SURFACE('',#2548,0.00037615775639159);
#206=CYLINDRICAL_SURFACE('',#2549,0.0117499999999998);
#207=CYLINDRICAL_SURFACE('',#2550,0.00037615775639159);
#208=CYLINDRICAL_SURFACE('',#2551,0.00037615775639159);
#209=CYLINDRICAL_SURFACE('',#2552,0.0117499999999998);
#210=CYLINDRICAL_SURFACE('',#2553,0.00037615775639159);
#211=CYLINDRICAL_SURFACE('',#2554,0.00037615775639159);
#212=CYLINDRICAL_SURFACE('',#2555,0.0117499999999998);
#213=CYLINDRICAL_SURFACE('',#2556,0.00037615775639159);
#214=CYLINDRICAL_SURFACE('',#2557,0.00037615775639159);
#215=CYLINDRICAL_SURFACE('',#2558,0.0117499999999998);
#216=CYLINDRICAL_SURFACE('',#2559,0.00037615775639159);
#217=CYLINDRICAL_SURFACE('',#2560,0.00037615775639159);
#218=CYLINDRICAL_SURFACE('',#2561,0.0117499999999998);
#219=CYLINDRICAL_SURFACE('',#2562,0.00037615775639159);
#220=CYLINDRICAL_SURFACE('',#2563,0.00037615775639159);
#221=CYLINDRICAL_SURFACE('',#2564,0.0117499999999998);
#222=CYLINDRICAL_SURFACE('',#2565,0.00037615775639159);
#223=CYLINDRICAL_SURFACE('',#2566,0.00037615775639159);
#224=CYLINDRICAL_SURFACE('',#2567,0.0117499999999998);
#225=CYLINDRICAL_SURFACE('',#2568,0.00037615775639159);
#226=CYLINDRICAL_SURFACE('',#2569,0.00037615775639159);
#227=CYLINDRICAL_SURFACE('',#2570,0.0117499999999998);
#228=CYLINDRICAL_SURFACE('',#2571,0.00037615775639159);
#229=CYLINDRICAL_SURFACE('',#2572,0.00037615775639159);
#230=CYLINDRICAL_SURFACE('',#2573,0.0117499999999998);
#231=CYLINDRICAL_SURFACE('',#2574,0.00037615775639159);
#232=CYLINDRICAL_SURFACE('',#2575,0.00037615775639159);
#233=CYLINDRICAL_SURFACE('',#2576,0.0117499999999998);
#234=CYLINDRICAL_SURFACE('',#2577,0.00037615775639159);
#235=CYLINDRICAL_SURFACE('',#2578,0.00037615775639159);
#236=CYLINDRICAL_SURFACE('',#2579,0.0117499999999998);
#237=CYLINDRICAL_SURFACE('',#2580,0.00037615775639159);
#238=CYLINDRICAL_SURFACE('',#2581,0.00037615775639159);
#239=CYLINDRICAL_SURFACE('',#2582,0.0117499999999998);
#240=CYLINDRICAL_SURFACE('',#2583,0.00037615775639159);
#241=CYLINDRICAL_SURFACE('',#2584,0.00037615775639159);
#242=CYLINDRICAL_SURFACE('',#2585,0.0117499999999998);
#243=CYLINDRICAL_SURFACE('',#2586,0.00037615775639159);
#244=CYLINDRICAL_SURFACE('',#2587,0.00037615775639159);
#245=CYLINDRICAL_SURFACE('',#2588,0.0117499999999998);
#246=CYLINDRICAL_SURFACE('',#2589,0.00037615775639159);
#247=CYLINDRICAL_SURFACE('',#2590,0.00037615775639159);
#248=CYLINDRICAL_SURFACE('',#2591,0.0117499999999998);
#249=CYLINDRICAL_SURFACE('',#2592,0.00037615775639159);
#250=CYLINDRICAL_SURFACE('',#2593,0.00037615775639159);
#251=CYLINDRICAL_SURFACE('',#2594,0.0117499999999998);
#252=CYLINDRICAL_SURFACE('',#2595,0.00037615775639159);
#253=CYLINDRICAL_SURFACE('',#2596,0.00037615775639159);
#254=CYLINDRICAL_SURFACE('',#2599,0.005);
#255=CYLINDRICAL_SURFACE('',#2600,0.00215);
#256=LINE('',#3257,#380);
#257=LINE('',#3291,#381);
#258=LINE('',#3300,#382);
#259=LINE('',#3335,#383);
#260=LINE('',#3373,#384);
#261=LINE('',#3378,#385);
#262=LINE('',#3382,#386);
#263=LINE('',#3387,#387);
#264=LINE('',#3391,#388);
#265=LINE('',#3396,#389);
#266=LINE('',#3400,#390);
#267=LINE('',#3405,#391);
#268=LINE('',#3409,#392);
#269=LINE('',#3411,#393);
#270=LINE('',#3416,#394);
#271=LINE('',#3420,#395);
#272=LINE('',#3425,#396);
#273=LINE('',#3432,#397);
#274=LINE('',#3436,#398);
#275=LINE('',#3441,#399);
#276=LINE('',#3445,#400);
#277=LINE('',#3450,#401);
#278=LINE('',#3454,#402);
#279=LINE('',#3459,#403);
#280=LINE('',#3463,#404);
#281=LINE('',#3465,#405);
#282=LINE('',#3470,#406);
#283=LINE('',#3477,#407);
#284=LINE('',#3481,#408);
#285=LINE('',#3486,#409);
#286=LINE('',#3490,#410);
#287=LINE('',#3495,#411);
#288=LINE('',#3499,#412);
#289=LINE('',#3504,#413);
#290=LINE('',#3508,#414);
#291=LINE('',#3513,#415);
#292=LINE('',#3517,#416);
#293=LINE('',#3521,#417);
#294=LINE('',#3525,#418);
#295=LINE('',#3530,#419);
#296=LINE('',#3537,#420);
#297=LINE('',#3541,#421);
#298=LINE('',#3543,#422);
#299=LINE('',#4856,#423);
#300=LINE('',#4867,#424);
#301=LINE('',#6180,#425);
#302=LINE('',#6207,#426);
#303=LINE('',#6230,#427);
#304=LINE('',#6232,#428);
#305=LINE('',#6233,#429);
#306=LINE('',#6258,#430);
#307=LINE('',#6281,#431);
#308=LINE('',#6283,#432);
#309=LINE('',#6284,#433);
#310=LINE('',#6309,#434);
#311=LINE('',#6332,#435);
#312=LINE('',#6334,#436);
#313=LINE('',#6335,#437);
#314=LINE('',#6360,#438);
#315=LINE('',#6383,#439);
#316=LINE('',#6385,#440);
#317=LINE('',#6386,#441);
#318=LINE('',#6411,#442);
#319=LINE('',#6434,#443);
#320=LINE('',#6436,#444);
#321=LINE('',#6437,#445);
#322=LINE('',#6462,#446);
#323=LINE('',#6485,#447);
#324=LINE('',#6487,#448);
#325=LINE('',#6488,#449);
#326=LINE('',#6513,#450);
#327=LINE('',#6536,#451);
#328=LINE('',#6538,#452);
#329=LINE('',#6539,#453);
#330=LINE('',#6564,#454);
#331=LINE('',#6587,#455);
#332=LINE('',#6589,#456);
#333=LINE('',#6590,#457);
#334=LINE('',#6615,#458);
#335=LINE('',#6638,#459);
#336=LINE('',#6640,#460);
#337=LINE('',#6641,#461);
#338=LINE('',#6666,#462);
#339=LINE('',#6689,#463);
#340=LINE('',#6691,#464);
#341=LINE('',#6692,#465);
#342=LINE('',#6717,#466);
#343=LINE('',#6740,#467);
#344=LINE('',#6742,#468);
#345=LINE('',#6743,#469);
#346=LINE('',#6768,#470);
#347=LINE('',#6791,#471);
#348=LINE('',#6793,#472);
#349=LINE('',#6794,#473);
#350=LINE('',#6819,#474);
#351=LINE('',#6842,#475);
#352=LINE('',#6844,#476);
#353=LINE('',#6845,#477);
#354=LINE('',#6870,#478);
#355=LINE('',#6893,#479);
#356=LINE('',#6895,#480);
#357=LINE('',#6896,#481);
#358=LINE('',#6921,#482);
#359=LINE('',#6944,#483);
#360=LINE('',#6946,#484);
#361=LINE('',#6947,#485);
#362=LINE('',#6972,#486);
#363=LINE('',#6995,#487);
#364=LINE('',#6997,#488);
#365=LINE('',#6998,#489);
#366=LINE('',#7023,#490);
#367=LINE('',#7046,#491);
#368=LINE('',#7048,#492);
#369=LINE('',#7049,#493);
#370=LINE('',#7074,#494);
#371=LINE('',#7097,#495);
#372=LINE('',#7099,#496);
#373=LINE('',#7100,#497);
#374=LINE('',#7125,#498);
#375=LINE('',#7148,#499);
#376=LINE('',#7150,#500);
#377=LINE('',#7151,#501);
#378=LINE('',#7155,#502);
#379=LINE('',#7157,#503);
#380=VECTOR('',#2603,1.);
#381=VECTOR('',#2604,1.);
#382=VECTOR('',#2605,1.);
#383=VECTOR('',#2606,1.);
#384=VECTOR('',#2613,1.);
#385=VECTOR('',#2618,1.);
#386=VECTOR('',#2621,1.);
#387=VECTOR('',#2626,1.);
#388=VECTOR('',#2629,1.);
#389=VECTOR('',#2634,1.);
#390=VECTOR('',#2637,1.);
#391=VECTOR('',#2642,1.);
#392=VECTOR('',#2645,1.);
#393=VECTOR('',#2648,1.);
#394=VECTOR('',#2651,1.);
#395=VECTOR('',#2656,1.);
#396=VECTOR('',#2659,1.);
#397=VECTOR('',#2666,1.);
#398=VECTOR('',#2669,1.);
#399=VECTOR('',#2674,1.);
#400=VECTOR('',#2677,1.);
#401=VECTOR('',#2682,1.);
#402=VECTOR('',#2685,1.);
#403=VECTOR('',#2690,1.);
#404=VECTOR('',#2693,1.);
#405=VECTOR('',#2696,1.);
#406=VECTOR('',#2699,1.);
#407=VECTOR('',#2706,1.);
#408=VECTOR('',#2709,1.);
#409=VECTOR('',#2714,1.);
#410=VECTOR('',#2717,1.);
#411=VECTOR('',#2722,1.);
#412=VECTOR('',#2725,1.);
#413=VECTOR('',#2730,1.);
#414=VECTOR('',#2733,1.);
#415=VECTOR('',#2738,1.);
#416=VECTOR('',#2741,1.);
#417=VECTOR('',#2746,1.);
#418=VECTOR('',#2751,1.);
#419=VECTOR('',#2754,1.);
#420=VECTOR('',#2761,1.);
#421=VECTOR('',#2764,1.);
#422=VECTOR('',#2767,1.);
#423=VECTOR('',#2882,1.);
#424=VECTOR('',#2895,1.);
#425=VECTOR('',#3010,1.);
#426=VECTOR('',#3015,1.);
#427=VECTOR('',#3016,1.);
#428=VECTOR('',#3019,1.);
#429=VECTOR('',#3020,1.);
#430=VECTOR('',#3025,1.);
#431=VECTOR('',#3026,1.);
#432=VECTOR('',#3029,1.);
#433=VECTOR('',#3030,1.);
#434=VECTOR('',#3035,1.);
#435=VECTOR('',#3036,1.);
#436=VECTOR('',#3039,1.);
#437=VECTOR('',#3040,1.);
#438=VECTOR('',#3045,1.);
#439=VECTOR('',#3046,1.);
#440=VECTOR('',#3049,1.);
#441=VECTOR('',#3050,1.);
#442=VECTOR('',#3055,1.);
#443=VECTOR('',#3056,1.);
#444=VECTOR('',#3059,1.);
#445=VECTOR('',#3060,1.);
#446=VECTOR('',#3065,1.);
#447=VECTOR('',#3066,1.);
#448=VECTOR('',#3069,1.);
#449=VECTOR('',#3070,1.);
#450=VECTOR('',#3075,1.);
#451=VECTOR('',#3076,1.);
#452=VECTOR('',#3079,1.);
#453=VECTOR('',#3080,1.);
#454=VECTOR('',#3085,1.);
#455=VECTOR('',#3086,1.);
#456=VECTOR('',#3089,1.);
#457=VECTOR('',#3090,1.);
#458=VECTOR('',#3095,1.);
#459=VECTOR('',#3096,1.);
#460=VECTOR('',#3099,1.);
#461=VECTOR('',#3100,1.);
#462=VECTOR('',#3105,1.);
#463=VECTOR('',#3106,1.);
#464=VECTOR('',#3109,1.);
#465=VECTOR('',#3110,1.);
#466=VECTOR('',#3115,1.);
#467=VECTOR('',#3116,1.);
#468=VECTOR('',#3119,1.);
#469=VECTOR('',#3120,1.);
#470=VECTOR('',#3125,1.);
#471=VECTOR('',#3126,1.);
#472=VECTOR('',#3129,1.);
#473=VECTOR('',#3130,1.);
#474=VECTOR('',#3135,1.);
#475=VECTOR('',#3136,1.);
#476=VECTOR('',#3139,1.);
#477=VECTOR('',#3140,1.);
#478=VECTOR('',#3145,1.);
#479=VECTOR('',#3146,1.);
#480=VECTOR('',#3149,1.);
#481=VECTOR('',#3150,1.);
#482=VECTOR('',#3155,1.);
#483=VECTOR('',#3156,1.);
#484=VECTOR('',#3159,1.);
#485=VECTOR('',#3160,1.);
#486=VECTOR('',#3165,1.);
#487=VECTOR('',#3166,1.);
#488=VECTOR('',#3169,1.);
#489=VECTOR('',#3170,1.);
#490=VECTOR('',#3175,1.);
#491=VECTOR('',#3176,1.);
#492=VECTOR('',#3179,1.);
#493=VECTOR('',#3180,1.);
#494=VECTOR('',#3185,1.);
#495=VECTOR('',#3186,1.);
#496=VECTOR('',#3189,1.);
#497=VECTOR('',#3190,1.);
#498=VECTOR('',#3195,1.);
#499=VECTOR('',#3196,1.);
#500=VECTOR('',#3199,1.);
#501=VECTOR('',#3200,1.);
#502=VECTOR('',#3207,1.);
#503=VECTOR('',#3210,1.);
#504=ORIENTED_EDGE('',*,*,#1232,.F.);
#505=ORIENTED_EDGE('',*,*,#1233,.T.);
#506=ORIENTED_EDGE('',*,*,#1234,.T.);
#507=ORIENTED_EDGE('',*,*,#1235,.T.);
#508=ORIENTED_EDGE('',*,*,#1236,.F.);
#509=ORIENTED_EDGE('',*,*,#1237,.T.);
#510=ORIENTED_EDGE('',*,*,#1238,.F.);
#511=ORIENTED_EDGE('',*,*,#1239,.F.);
#512=ORIENTED_EDGE('',*,*,#1240,.F.);
#513=ORIENTED_EDGE('',*,*,#1238,.T.);
#514=ORIENTED_EDGE('',*,*,#1241,.T.);
#515=ORIENTED_EDGE('',*,*,#1242,.F.);
#516=ORIENTED_EDGE('',*,*,#1243,.F.);
#517=ORIENTED_EDGE('',*,*,#1244,.T.);
#518=ORIENTED_EDGE('',*,*,#1245,.T.);
#519=ORIENTED_EDGE('',*,*,#1246,.F.);
#520=ORIENTED_EDGE('',*,*,#1247,.F.);
#521=ORIENTED_EDGE('',*,*,#1248,.T.);
#522=ORIENTED_EDGE('',*,*,#1249,.T.);
#523=ORIENTED_EDGE('',*,*,#1250,.F.);
#524=ORIENTED_EDGE('',*,*,#1251,.F.);
#525=ORIENTED_EDGE('',*,*,#1252,.T.);
#526=ORIENTED_EDGE('',*,*,#1253,.T.);
#527=ORIENTED_EDGE('',*,*,#1254,.F.);
#528=ORIENTED_EDGE('',*,*,#1255,.F.);
#529=ORIENTED_EDGE('',*,*,#1256,.T.);
#530=ORIENTED_EDGE('',*,*,#1257,.T.);
#531=ORIENTED_EDGE('',*,*,#1258,.F.);
#532=ORIENTED_EDGE('',*,*,#1259,.F.);
#533=ORIENTED_EDGE('',*,*,#1260,.F.);
#534=ORIENTED_EDGE('',*,*,#1261,.T.);
#535=ORIENTED_EDGE('',*,*,#1262,.T.);
#536=ORIENTED_EDGE('',*,*,#1263,.F.);
#537=ORIENTED_EDGE('',*,*,#1264,.F.);
#538=ORIENTED_EDGE('',*,*,#1265,.T.);
#539=ORIENTED_EDGE('',*,*,#1266,.T.);
#540=ORIENTED_EDGE('',*,*,#1267,.F.);
#541=ORIENTED_EDGE('',*,*,#1268,.T.);
#542=ORIENTED_EDGE('',*,*,#1269,.T.);
#543=ORIENTED_EDGE('',*,*,#1270,.F.);
#544=ORIENTED_EDGE('',*,*,#1271,.F.);
#545=ORIENTED_EDGE('',*,*,#1272,.T.);
#546=ORIENTED_EDGE('',*,*,#1273,.T.);
#547=ORIENTED_EDGE('',*,*,#1274,.F.);
#548=ORIENTED_EDGE('',*,*,#1275,.F.);
#549=ORIENTED_EDGE('',*,*,#1276,.T.);
#550=ORIENTED_EDGE('',*,*,#1277,.T.);
#551=ORIENTED_EDGE('',*,*,#1278,.F.);
#552=ORIENTED_EDGE('',*,*,#1279,.F.);
#553=ORIENTED_EDGE('',*,*,#1280,.T.);
#554=ORIENTED_EDGE('',*,*,#1281,.T.);
#555=ORIENTED_EDGE('',*,*,#1282,.F.);
#556=ORIENTED_EDGE('',*,*,#1283,.F.);
#557=ORIENTED_EDGE('',*,*,#1284,.F.);
#558=ORIENTED_EDGE('',*,*,#1285,.T.);
#559=ORIENTED_EDGE('',*,*,#1286,.T.);
#560=ORIENTED_EDGE('',*,*,#1287,.F.);
#561=ORIENTED_EDGE('',*,*,#1288,.T.);
#562=ORIENTED_EDGE('',*,*,#1289,.T.);
#563=ORIENTED_EDGE('',*,*,#1290,.F.);
#564=ORIENTED_EDGE('',*,*,#1291,.F.);
#565=ORIENTED_EDGE('',*,*,#1292,.T.);
#566=ORIENTED_EDGE('',*,*,#1293,.T.);
#567=ORIENTED_EDGE('',*,*,#1294,.F.);
#568=ORIENTED_EDGE('',*,*,#1295,.F.);
#569=ORIENTED_EDGE('',*,*,#1296,.T.);
#570=ORIENTED_EDGE('',*,*,#1297,.T.);
#571=ORIENTED_EDGE('',*,*,#1298,.F.);
#572=ORIENTED_EDGE('',*,*,#1299,.F.);
#573=ORIENTED_EDGE('',*,*,#1300,.T.);
#574=ORIENTED_EDGE('',*,*,#1301,.T.);
#575=ORIENTED_EDGE('',*,*,#1302,.F.);
#576=ORIENTED_EDGE('',*,*,#1303,.F.);
#577=ORIENTED_EDGE('',*,*,#1304,.T.);
#578=ORIENTED_EDGE('',*,*,#1305,.T.);
#579=ORIENTED_EDGE('',*,*,#1306,.F.);
#580=ORIENTED_EDGE('',*,*,#1235,.F.);
#581=ORIENTED_EDGE('',*,*,#1307,.F.);
#582=ORIENTED_EDGE('',*,*,#1308,.T.);
#583=ORIENTED_EDGE('',*,*,#1309,.T.);
#584=ORIENTED_EDGE('',*,*,#1310,.F.);
#585=ORIENTED_EDGE('',*,*,#1311,.F.);
#586=ORIENTED_EDGE('',*,*,#1312,.T.);
#587=ORIENTED_EDGE('',*,*,#1313,.T.);
#588=ORIENTED_EDGE('',*,*,#1314,.F.);
#589=ORIENTED_EDGE('',*,*,#1315,.T.);
#590=ORIENTED_EDGE('',*,*,#1316,.T.);
#591=ORIENTED_EDGE('',*,*,#1317,.F.);
#592=ORIENTED_EDGE('',*,*,#1318,.F.);
#593=ORIENTED_EDGE('',*,*,#1239,.T.);
#594=ORIENTED_EDGE('',*,*,#1240,.T.);
#595=ORIENTED_EDGE('',*,*,#1319,.F.);
#596=ORIENTED_EDGE('',*,*,#1320,.F.);
#597=ORIENTED_EDGE('',*,*,#1321,.T.);
#598=ORIENTED_EDGE('',*,*,#1322,.F.);
#599=ORIENTED_EDGE('',*,*,#1323,.T.);
#600=ORIENTED_EDGE('',*,*,#1243,.T.);
#601=ORIENTED_EDGE('',*,*,#1324,.F.);
#602=ORIENTED_EDGE('',*,*,#1325,.F.);
#603=ORIENTED_EDGE('',*,*,#1326,.T.);
#604=ORIENTED_EDGE('',*,*,#1327,.F.);
#605=ORIENTED_EDGE('',*,*,#1328,.T.);
#606=ORIENTED_EDGE('',*,*,#1247,.T.);
#607=ORIENTED_EDGE('',*,*,#1329,.F.);
#608=ORIENTED_EDGE('',*,*,#1330,.F.);
#609=ORIENTED_EDGE('',*,*,#1331,.T.);
#610=ORIENTED_EDGE('',*,*,#1332,.F.);
#611=ORIENTED_EDGE('',*,*,#1333,.T.);
#612=ORIENTED_EDGE('',*,*,#1251,.T.);
#613=ORIENTED_EDGE('',*,*,#1334,.F.);
#614=ORIENTED_EDGE('',*,*,#1335,.F.);
#615=ORIENTED_EDGE('',*,*,#1336,.T.);
#616=ORIENTED_EDGE('',*,*,#1337,.F.);
#617=ORIENTED_EDGE('',*,*,#1338,.T.);
#618=ORIENTED_EDGE('',*,*,#1255,.T.);
#619=ORIENTED_EDGE('',*,*,#1339,.F.);
#620=ORIENTED_EDGE('',*,*,#1340,.F.);
#621=ORIENTED_EDGE('',*,*,#1341,.T.);
#622=ORIENTED_EDGE('',*,*,#1342,.F.);
#623=ORIENTED_EDGE('',*,*,#1343,.T.);
#624=ORIENTED_EDGE('',*,*,#1267,.T.);
#625=ORIENTED_EDGE('',*,*,#1344,.F.);
#626=ORIENTED_EDGE('',*,*,#1345,.F.);
#627=ORIENTED_EDGE('',*,*,#1346,.T.);
#628=ORIENTED_EDGE('',*,*,#1347,.F.);
#629=ORIENTED_EDGE('',*,*,#1348,.T.);
#630=ORIENTED_EDGE('',*,*,#1271,.T.);
#631=ORIENTED_EDGE('',*,*,#1349,.F.);
#632=ORIENTED_EDGE('',*,*,#1350,.F.);
#633=ORIENTED_EDGE('',*,*,#1351,.T.);
#634=ORIENTED_EDGE('',*,*,#1352,.F.);
#635=ORIENTED_EDGE('',*,*,#1353,.T.);
#636=ORIENTED_EDGE('',*,*,#1264,.T.);
#637=ORIENTED_EDGE('',*,*,#1354,.F.);
#638=ORIENTED_EDGE('',*,*,#1355,.F.);
#639=ORIENTED_EDGE('',*,*,#1356,.T.);
#640=ORIENTED_EDGE('',*,*,#1357,.F.);
#641=ORIENTED_EDGE('',*,*,#1358,.T.);
#642=ORIENTED_EDGE('',*,*,#1260,.T.);
#643=ORIENTED_EDGE('',*,*,#1359,.F.);
#644=ORIENTED_EDGE('',*,*,#1360,.F.);
#645=ORIENTED_EDGE('',*,*,#1361,.T.);
#646=ORIENTED_EDGE('',*,*,#1362,.F.);
#647=ORIENTED_EDGE('',*,*,#1363,.T.);
#648=ORIENTED_EDGE('',*,*,#1275,.T.);
#649=ORIENTED_EDGE('',*,*,#1364,.F.);
#650=ORIENTED_EDGE('',*,*,#1365,.F.);
#651=ORIENTED_EDGE('',*,*,#1366,.T.);
#652=ORIENTED_EDGE('',*,*,#1367,.F.);
#653=ORIENTED_EDGE('',*,*,#1368,.T.);
#654=ORIENTED_EDGE('',*,*,#1279,.T.);
#655=ORIENTED_EDGE('',*,*,#1369,.F.);
#656=ORIENTED_EDGE('',*,*,#1370,.F.);
#657=ORIENTED_EDGE('',*,*,#1371,.T.);
#658=ORIENTED_EDGE('',*,*,#1372,.F.);
#659=ORIENTED_EDGE('',*,*,#1373,.T.);
#660=ORIENTED_EDGE('',*,*,#1287,.T.);
#661=ORIENTED_EDGE('',*,*,#1374,.F.);
#662=ORIENTED_EDGE('',*,*,#1375,.F.);
#663=ORIENTED_EDGE('',*,*,#1376,.T.);
#664=ORIENTED_EDGE('',*,*,#1377,.F.);
#665=ORIENTED_EDGE('',*,*,#1378,.T.);
#666=ORIENTED_EDGE('',*,*,#1284,.T.);
#667=ORIENTED_EDGE('',*,*,#1379,.F.);
#668=ORIENTED_EDGE('',*,*,#1380,.F.);
#669=ORIENTED_EDGE('',*,*,#1381,.T.);
#670=ORIENTED_EDGE('',*,*,#1382,.F.);
#671=ORIENTED_EDGE('',*,*,#1383,.T.);
#672=ORIENTED_EDGE('',*,*,#1291,.T.);
#673=ORIENTED_EDGE('',*,*,#1384,.F.);
#674=ORIENTED_EDGE('',*,*,#1385,.F.);
#675=ORIENTED_EDGE('',*,*,#1386,.T.);
#676=ORIENTED_EDGE('',*,*,#1387,.F.);
#677=ORIENTED_EDGE('',*,*,#1388,.T.);
#678=ORIENTED_EDGE('',*,*,#1295,.T.);
#679=ORIENTED_EDGE('',*,*,#1389,.F.);
#680=ORIENTED_EDGE('',*,*,#1390,.F.);
#681=ORIENTED_EDGE('',*,*,#1391,.T.);
#682=ORIENTED_EDGE('',*,*,#1392,.F.);
#683=ORIENTED_EDGE('',*,*,#1393,.T.);
#684=ORIENTED_EDGE('',*,*,#1299,.T.);
#685=ORIENTED_EDGE('',*,*,#1394,.F.);
#686=ORIENTED_EDGE('',*,*,#1395,.F.);
#687=ORIENTED_EDGE('',*,*,#1396,.T.);
#688=ORIENTED_EDGE('',*,*,#1397,.F.);
#689=ORIENTED_EDGE('',*,*,#1398,.T.);
#690=ORIENTED_EDGE('',*,*,#1303,.T.);
#691=ORIENTED_EDGE('',*,*,#1399,.F.);
#692=ORIENTED_EDGE('',*,*,#1400,.F.);
#693=ORIENTED_EDGE('',*,*,#1401,.T.);
#694=ORIENTED_EDGE('',*,*,#1402,.F.);
#695=ORIENTED_EDGE('',*,*,#1403,.T.);
#696=ORIENTED_EDGE('',*,*,#1314,.T.);
#697=ORIENTED_EDGE('',*,*,#1404,.F.);
#698=ORIENTED_EDGE('',*,*,#1405,.F.);
#699=ORIENTED_EDGE('',*,*,#1406,.T.);
#700=ORIENTED_EDGE('',*,*,#1407,.F.);
#701=ORIENTED_EDGE('',*,*,#1408,.T.);
#702=ORIENTED_EDGE('',*,*,#1311,.T.);
#703=ORIENTED_EDGE('',*,*,#1409,.F.);
#704=ORIENTED_EDGE('',*,*,#1410,.F.);
#705=ORIENTED_EDGE('',*,*,#1411,.T.);
#706=ORIENTED_EDGE('',*,*,#1412,.F.);
#707=ORIENTED_EDGE('',*,*,#1413,.T.);
#708=ORIENTED_EDGE('',*,*,#1307,.T.);
#709=ORIENTED_EDGE('',*,*,#1234,.F.);
#710=ORIENTED_EDGE('',*,*,#1414,.T.);
#711=ORIENTED_EDGE('',*,*,#1415,.T.);
#712=ORIENTED_EDGE('',*,*,#1416,.F.);
#713=ORIENTED_EDGE('',*,*,#1417,.F.);
#714=ORIENTED_EDGE('',*,*,#1416,.T.);
#715=ORIENTED_EDGE('',*,*,#1418,.F.);
#716=ORIENTED_EDGE('',*,*,#1419,.F.);
#717=ORIENTED_EDGE('',*,*,#1232,.T.);
#718=ORIENTED_EDGE('',*,*,#1309,.F.);
#719=ORIENTED_EDGE('',*,*,#1420,.F.);
#720=ORIENTED_EDGE('',*,*,#1421,.F.);
#721=ORIENTED_EDGE('',*,*,#1422,.F.);
#722=ORIENTED_EDGE('',*,*,#1423,.F.);
#723=ORIENTED_EDGE('',*,*,#1424,.T.);
#724=ORIENTED_EDGE('',*,*,#1313,.F.);
#725=ORIENTED_EDGE('',*,*,#1425,.F.);
#726=ORIENTED_EDGE('',*,*,#1426,.F.);
#727=ORIENTED_EDGE('',*,*,#1427,.F.);
#728=ORIENTED_EDGE('',*,*,#1428,.F.);
#729=ORIENTED_EDGE('',*,*,#1429,.T.);
#730=ORIENTED_EDGE('',*,*,#1316,.F.);
#731=ORIENTED_EDGE('',*,*,#1430,.F.);
#732=ORIENTED_EDGE('',*,*,#1431,.F.);
#733=ORIENTED_EDGE('',*,*,#1432,.F.);
#734=ORIENTED_EDGE('',*,*,#1433,.F.);
#735=ORIENTED_EDGE('',*,*,#1434,.T.);
#736=ORIENTED_EDGE('',*,*,#1305,.F.);
#737=ORIENTED_EDGE('',*,*,#1435,.F.);
#738=ORIENTED_EDGE('',*,*,#1436,.F.);
#739=ORIENTED_EDGE('',*,*,#1437,.F.);
#740=ORIENTED_EDGE('',*,*,#1438,.F.);
#741=ORIENTED_EDGE('',*,*,#1439,.T.);
#742=ORIENTED_EDGE('',*,*,#1301,.F.);
#743=ORIENTED_EDGE('',*,*,#1440,.F.);
#744=ORIENTED_EDGE('',*,*,#1441,.F.);
#745=ORIENTED_EDGE('',*,*,#1442,.F.);
#746=ORIENTED_EDGE('',*,*,#1443,.F.);
#747=ORIENTED_EDGE('',*,*,#1444,.T.);
#748=ORIENTED_EDGE('',*,*,#1297,.F.);
#749=ORIENTED_EDGE('',*,*,#1445,.F.);
#750=ORIENTED_EDGE('',*,*,#1446,.F.);
#751=ORIENTED_EDGE('',*,*,#1447,.F.);
#752=ORIENTED_EDGE('',*,*,#1448,.F.);
#753=ORIENTED_EDGE('',*,*,#1449,.T.);
#754=ORIENTED_EDGE('',*,*,#1293,.F.);
#755=ORIENTED_EDGE('',*,*,#1450,.F.);
#756=ORIENTED_EDGE('',*,*,#1451,.F.);
#757=ORIENTED_EDGE('',*,*,#1452,.F.);
#758=ORIENTED_EDGE('',*,*,#1453,.F.);
#759=ORIENTED_EDGE('',*,*,#1454,.T.);
#760=ORIENTED_EDGE('',*,*,#1286,.F.);
#761=ORIENTED_EDGE('',*,*,#1455,.F.);
#762=ORIENTED_EDGE('',*,*,#1456,.F.);
#763=ORIENTED_EDGE('',*,*,#1457,.F.);
#764=ORIENTED_EDGE('',*,*,#1458,.F.);
#765=ORIENTED_EDGE('',*,*,#1459,.T.);
#766=ORIENTED_EDGE('',*,*,#1289,.F.);
#767=ORIENTED_EDGE('',*,*,#1460,.F.);
#768=ORIENTED_EDGE('',*,*,#1461,.F.);
#769=ORIENTED_EDGE('',*,*,#1462,.F.);
#770=ORIENTED_EDGE('',*,*,#1463,.F.);
#771=ORIENTED_EDGE('',*,*,#1464,.T.);
#772=ORIENTED_EDGE('',*,*,#1281,.F.);
#773=ORIENTED_EDGE('',*,*,#1465,.F.);
#774=ORIENTED_EDGE('',*,*,#1466,.F.);
#775=ORIENTED_EDGE('',*,*,#1467,.F.);
#776=ORIENTED_EDGE('',*,*,#1468,.F.);
#777=ORIENTED_EDGE('',*,*,#1469,.T.);
#778=ORIENTED_EDGE('',*,*,#1277,.F.);
#779=ORIENTED_EDGE('',*,*,#1470,.F.);
#780=ORIENTED_EDGE('',*,*,#1471,.F.);
#781=ORIENTED_EDGE('',*,*,#1472,.F.);
#782=ORIENTED_EDGE('',*,*,#1473,.F.);
#783=ORIENTED_EDGE('',*,*,#1474,.T.);
#784=ORIENTED_EDGE('',*,*,#1262,.F.);
#785=ORIENTED_EDGE('',*,*,#1475,.F.);
#786=ORIENTED_EDGE('',*,*,#1476,.F.);
#787=ORIENTED_EDGE('',*,*,#1477,.F.);
#788=ORIENTED_EDGE('',*,*,#1478,.F.);
#789=ORIENTED_EDGE('',*,*,#1479,.T.);
#790=ORIENTED_EDGE('',*,*,#1266,.F.);
#791=ORIENTED_EDGE('',*,*,#1480,.F.);
#792=ORIENTED_EDGE('',*,*,#1481,.F.);
#793=ORIENTED_EDGE('',*,*,#1482,.F.);
#794=ORIENTED_EDGE('',*,*,#1483,.F.);
#795=ORIENTED_EDGE('',*,*,#1484,.T.);
#796=ORIENTED_EDGE('',*,*,#1273,.F.);
#797=ORIENTED_EDGE('',*,*,#1485,.F.);
#798=ORIENTED_EDGE('',*,*,#1486,.F.);
#799=ORIENTED_EDGE('',*,*,#1487,.F.);
#800=ORIENTED_EDGE('',*,*,#1488,.F.);
#801=ORIENTED_EDGE('',*,*,#1489,.T.);
#802=ORIENTED_EDGE('',*,*,#1269,.F.);
#803=ORIENTED_EDGE('',*,*,#1490,.F.);
#804=ORIENTED_EDGE('',*,*,#1491,.F.);
#805=ORIENTED_EDGE('',*,*,#1492,.F.);
#806=ORIENTED_EDGE('',*,*,#1493,.F.);
#807=ORIENTED_EDGE('',*,*,#1494,.T.);
#808=ORIENTED_EDGE('',*,*,#1257,.F.);
#809=ORIENTED_EDGE('',*,*,#1495,.F.);
#810=ORIENTED_EDGE('',*,*,#1496,.F.);
#811=ORIENTED_EDGE('',*,*,#1497,.F.);
#812=ORIENTED_EDGE('',*,*,#1498,.F.);
#813=ORIENTED_EDGE('',*,*,#1499,.T.);
#814=ORIENTED_EDGE('',*,*,#1253,.F.);
#815=ORIENTED_EDGE('',*,*,#1500,.F.);
#816=ORIENTED_EDGE('',*,*,#1501,.F.);
#817=ORIENTED_EDGE('',*,*,#1502,.F.);
#818=ORIENTED_EDGE('',*,*,#1503,.F.);
#819=ORIENTED_EDGE('',*,*,#1504,.T.);
#820=ORIENTED_EDGE('',*,*,#1249,.F.);
#821=ORIENTED_EDGE('',*,*,#1505,.F.);
#822=ORIENTED_EDGE('',*,*,#1506,.F.);
#823=ORIENTED_EDGE('',*,*,#1507,.F.);
#824=ORIENTED_EDGE('',*,*,#1508,.F.);
#825=ORIENTED_EDGE('',*,*,#1509,.T.);
#826=ORIENTED_EDGE('',*,*,#1245,.F.);
#827=ORIENTED_EDGE('',*,*,#1510,.F.);
#828=ORIENTED_EDGE('',*,*,#1511,.F.);
#829=ORIENTED_EDGE('',*,*,#1512,.F.);
#830=ORIENTED_EDGE('',*,*,#1513,.F.);
#831=ORIENTED_EDGE('',*,*,#1514,.T.);
#832=ORIENTED_EDGE('',*,*,#1241,.F.);
#833=ORIENTED_EDGE('',*,*,#1237,.F.);
#834=ORIENTED_EDGE('',*,*,#1515,.T.);
#835=ORIENTED_EDGE('',*,*,#1516,.F.);
#836=ORIENTED_EDGE('',*,*,#1418,.T.);
#837=ORIENTED_EDGE('',*,*,#1517,.T.);
#838=ORIENTED_EDGE('',*,*,#1404,.T.);
#839=ORIENTED_EDGE('',*,*,#1317,.T.);
#840=ORIENTED_EDGE('',*,*,#1429,.F.);
#841=ORIENTED_EDGE('',*,*,#1518,.F.);
#842=ORIENTED_EDGE('',*,*,#1425,.T.);
#843=ORIENTED_EDGE('',*,*,#1312,.F.);
#844=ORIENTED_EDGE('',*,*,#1408,.F.);
#845=ORIENTED_EDGE('',*,*,#1519,.F.);
#846=ORIENTED_EDGE('',*,*,#1427,.T.);
#847=ORIENTED_EDGE('',*,*,#1520,.F.);
#848=ORIENTED_EDGE('',*,*,#1406,.F.);
#849=ORIENTED_EDGE('',*,*,#1521,.F.);
#850=ORIENTED_EDGE('',*,*,#1405,.T.);
#851=ORIENTED_EDGE('',*,*,#1518,.T.);
#852=ORIENTED_EDGE('',*,*,#1428,.T.);
#853=ORIENTED_EDGE('',*,*,#1521,.T.);
#854=ORIENTED_EDGE('',*,*,#1407,.T.);
#855=ORIENTED_EDGE('',*,*,#1520,.T.);
#856=ORIENTED_EDGE('',*,*,#1426,.T.);
#857=ORIENTED_EDGE('',*,*,#1519,.T.);
#858=ORIENTED_EDGE('',*,*,#1409,.T.);
#859=ORIENTED_EDGE('',*,*,#1310,.T.);
#860=ORIENTED_EDGE('',*,*,#1424,.F.);
#861=ORIENTED_EDGE('',*,*,#1522,.F.);
#862=ORIENTED_EDGE('',*,*,#1420,.T.);
#863=ORIENTED_EDGE('',*,*,#1308,.F.);
#864=ORIENTED_EDGE('',*,*,#1413,.F.);
#865=ORIENTED_EDGE('',*,*,#1523,.F.);
#866=ORIENTED_EDGE('',*,*,#1422,.T.);
#867=ORIENTED_EDGE('',*,*,#1524,.F.);
#868=ORIENTED_EDGE('',*,*,#1411,.F.);
#869=ORIENTED_EDGE('',*,*,#1525,.F.);
#870=ORIENTED_EDGE('',*,*,#1410,.T.);
#871=ORIENTED_EDGE('',*,*,#1522,.T.);
#872=ORIENTED_EDGE('',*,*,#1423,.T.);
#873=ORIENTED_EDGE('',*,*,#1525,.T.);
#874=ORIENTED_EDGE('',*,*,#1412,.T.);
#875=ORIENTED_EDGE('',*,*,#1524,.T.);
#876=ORIENTED_EDGE('',*,*,#1421,.T.);
#877=ORIENTED_EDGE('',*,*,#1523,.T.);
#878=ORIENTED_EDGE('',*,*,#1399,.T.);
#879=ORIENTED_EDGE('',*,*,#1306,.T.);
#880=ORIENTED_EDGE('',*,*,#1434,.F.);
#881=ORIENTED_EDGE('',*,*,#1526,.F.);
#882=ORIENTED_EDGE('',*,*,#1430,.T.);
#883=ORIENTED_EDGE('',*,*,#1315,.F.);
#884=ORIENTED_EDGE('',*,*,#1403,.F.);
#885=ORIENTED_EDGE('',*,*,#1527,.F.);
#886=ORIENTED_EDGE('',*,*,#1432,.T.);
#887=ORIENTED_EDGE('',*,*,#1528,.F.);
#888=ORIENTED_EDGE('',*,*,#1401,.F.);
#889=ORIENTED_EDGE('',*,*,#1529,.F.);
#890=ORIENTED_EDGE('',*,*,#1400,.T.);
#891=ORIENTED_EDGE('',*,*,#1526,.T.);
#892=ORIENTED_EDGE('',*,*,#1433,.T.);
#893=ORIENTED_EDGE('',*,*,#1529,.T.);
#894=ORIENTED_EDGE('',*,*,#1402,.T.);
#895=ORIENTED_EDGE('',*,*,#1528,.T.);
#896=ORIENTED_EDGE('',*,*,#1431,.T.);
#897=ORIENTED_EDGE('',*,*,#1527,.T.);
#898=ORIENTED_EDGE('',*,*,#1394,.T.);
#899=ORIENTED_EDGE('',*,*,#1302,.T.);
#900=ORIENTED_EDGE('',*,*,#1439,.F.);
#901=ORIENTED_EDGE('',*,*,#1530,.F.);
#902=ORIENTED_EDGE('',*,*,#1435,.T.);
#903=ORIENTED_EDGE('',*,*,#1304,.F.);
#904=ORIENTED_EDGE('',*,*,#1398,.F.);
#905=ORIENTED_EDGE('',*,*,#1531,.F.);
#906=ORIENTED_EDGE('',*,*,#1437,.T.);
#907=ORIENTED_EDGE('',*,*,#1532,.F.);
#908=ORIENTED_EDGE('',*,*,#1396,.F.);
#909=ORIENTED_EDGE('',*,*,#1533,.F.);
#910=ORIENTED_EDGE('',*,*,#1395,.T.);
#911=ORIENTED_EDGE('',*,*,#1530,.T.);
#912=ORIENTED_EDGE('',*,*,#1438,.T.);
#913=ORIENTED_EDGE('',*,*,#1533,.T.);
#914=ORIENTED_EDGE('',*,*,#1397,.T.);
#915=ORIENTED_EDGE('',*,*,#1532,.T.);
#916=ORIENTED_EDGE('',*,*,#1436,.T.);
#917=ORIENTED_EDGE('',*,*,#1531,.T.);
#918=ORIENTED_EDGE('',*,*,#1389,.T.);
#919=ORIENTED_EDGE('',*,*,#1298,.T.);
#920=ORIENTED_EDGE('',*,*,#1444,.F.);
#921=ORIENTED_EDGE('',*,*,#1534,.F.);
#922=ORIENTED_EDGE('',*,*,#1440,.T.);
#923=ORIENTED_EDGE('',*,*,#1300,.F.);
#924=ORIENTED_EDGE('',*,*,#1393,.F.);
#925=ORIENTED_EDGE('',*,*,#1535,.F.);
#926=ORIENTED_EDGE('',*,*,#1442,.T.);
#927=ORIENTED_EDGE('',*,*,#1536,.F.);
#928=ORIENTED_EDGE('',*,*,#1391,.F.);
#929=ORIENTED_EDGE('',*,*,#1537,.F.);
#930=ORIENTED_EDGE('',*,*,#1390,.T.);
#931=ORIENTED_EDGE('',*,*,#1534,.T.);
#932=ORIENTED_EDGE('',*,*,#1443,.T.);
#933=ORIENTED_EDGE('',*,*,#1537,.T.);
#934=ORIENTED_EDGE('',*,*,#1392,.T.);
#935=ORIENTED_EDGE('',*,*,#1536,.T.);
#936=ORIENTED_EDGE('',*,*,#1441,.T.);
#937=ORIENTED_EDGE('',*,*,#1535,.T.);
#938=ORIENTED_EDGE('',*,*,#1384,.T.);
#939=ORIENTED_EDGE('',*,*,#1294,.T.);
#940=ORIENTED_EDGE('',*,*,#1449,.F.);
#941=ORIENTED_EDGE('',*,*,#1538,.F.);
#942=ORIENTED_EDGE('',*,*,#1445,.T.);
#943=ORIENTED_EDGE('',*,*,#1296,.F.);
#944=ORIENTED_EDGE('',*,*,#1388,.F.);
#945=ORIENTED_EDGE('',*,*,#1539,.F.);
#946=ORIENTED_EDGE('',*,*,#1447,.T.);
#947=ORIENTED_EDGE('',*,*,#1540,.F.);
#948=ORIENTED_EDGE('',*,*,#1386,.F.);
#949=ORIENTED_EDGE('',*,*,#1541,.F.);
#950=ORIENTED_EDGE('',*,*,#1385,.T.);
#951=ORIENTED_EDGE('',*,*,#1538,.T.);
#952=ORIENTED_EDGE('',*,*,#1448,.T.);
#953=ORIENTED_EDGE('',*,*,#1541,.T.);
#954=ORIENTED_EDGE('',*,*,#1387,.T.);
#955=ORIENTED_EDGE('',*,*,#1540,.T.);
#956=ORIENTED_EDGE('',*,*,#1446,.T.);
#957=ORIENTED_EDGE('',*,*,#1539,.T.);
#958=ORIENTED_EDGE('',*,*,#1374,.T.);
#959=ORIENTED_EDGE('',*,*,#1290,.T.);
#960=ORIENTED_EDGE('',*,*,#1459,.F.);
#961=ORIENTED_EDGE('',*,*,#1542,.F.);
#962=ORIENTED_EDGE('',*,*,#1455,.T.);
#963=ORIENTED_EDGE('',*,*,#1285,.F.);
#964=ORIENTED_EDGE('',*,*,#1378,.F.);
#965=ORIENTED_EDGE('',*,*,#1543,.F.);
#966=ORIENTED_EDGE('',*,*,#1457,.T.);
#967=ORIENTED_EDGE('',*,*,#1544,.F.);
#968=ORIENTED_EDGE('',*,*,#1376,.F.);
#969=ORIENTED_EDGE('',*,*,#1545,.F.);
#970=ORIENTED_EDGE('',*,*,#1375,.T.);
#971=ORIENTED_EDGE('',*,*,#1542,.T.);
#972=ORIENTED_EDGE('',*,*,#1458,.T.);
#973=ORIENTED_EDGE('',*,*,#1545,.T.);
#974=ORIENTED_EDGE('',*,*,#1377,.T.);
#975=ORIENTED_EDGE('',*,*,#1544,.T.);
#976=ORIENTED_EDGE('',*,*,#1456,.T.);
#977=ORIENTED_EDGE('',*,*,#1543,.T.);
#978=ORIENTED_EDGE('',*,*,#1379,.T.);
#979=ORIENTED_EDGE('',*,*,#1283,.T.);
#980=ORIENTED_EDGE('',*,*,#1454,.F.);
#981=ORIENTED_EDGE('',*,*,#1546,.F.);
#982=ORIENTED_EDGE('',*,*,#1450,.T.);
#983=ORIENTED_EDGE('',*,*,#1292,.F.);
#984=ORIENTED_EDGE('',*,*,#1383,.F.);
#985=ORIENTED_EDGE('',*,*,#1547,.F.);
#986=ORIENTED_EDGE('',*,*,#1452,.T.);
#987=ORIENTED_EDGE('',*,*,#1548,.F.);
#988=ORIENTED_EDGE('',*,*,#1381,.F.);
#989=ORIENTED_EDGE('',*,*,#1549,.F.);
#990=ORIENTED_EDGE('',*,*,#1380,.T.);
#991=ORIENTED_EDGE('',*,*,#1546,.T.);
#992=ORIENTED_EDGE('',*,*,#1453,.T.);
#993=ORIENTED_EDGE('',*,*,#1549,.T.);
#994=ORIENTED_EDGE('',*,*,#1382,.T.);
#995=ORIENTED_EDGE('',*,*,#1548,.T.);
#996=ORIENTED_EDGE('',*,*,#1451,.T.);
#997=ORIENTED_EDGE('',*,*,#1547,.T.);
#998=ORIENTED_EDGE('',*,*,#1369,.T.);
#999=ORIENTED_EDGE('',*,*,#1282,.T.);
#1000=ORIENTED_EDGE('',*,*,#1464,.F.);
#1001=ORIENTED_EDGE('',*,*,#1550,.F.);
#1002=ORIENTED_EDGE('',*,*,#1460,.T.);
#1003=ORIENTED_EDGE('',*,*,#1288,.F.);
#1004=ORIENTED_EDGE('',*,*,#1373,.F.);
#1005=ORIENTED_EDGE('',*,*,#1551,.F.);
#1006=ORIENTED_EDGE('',*,*,#1462,.T.);
#1007=ORIENTED_EDGE('',*,*,#1552,.F.);
#1008=ORIENTED_EDGE('',*,*,#1371,.F.);
#1009=ORIENTED_EDGE('',*,*,#1553,.F.);
#1010=ORIENTED_EDGE('',*,*,#1370,.T.);
#1011=ORIENTED_EDGE('',*,*,#1550,.T.);
#1012=ORIENTED_EDGE('',*,*,#1463,.T.);
#1013=ORIENTED_EDGE('',*,*,#1553,.T.);
#1014=ORIENTED_EDGE('',*,*,#1372,.T.);
#1015=ORIENTED_EDGE('',*,*,#1552,.T.);
#1016=ORIENTED_EDGE('',*,*,#1461,.T.);
#1017=ORIENTED_EDGE('',*,*,#1551,.T.);
#1018=ORIENTED_EDGE('',*,*,#1364,.T.);
#1019=ORIENTED_EDGE('',*,*,#1278,.T.);
#1020=ORIENTED_EDGE('',*,*,#1469,.F.);
#1021=ORIENTED_EDGE('',*,*,#1554,.F.);
#1022=ORIENTED_EDGE('',*,*,#1465,.T.);
#1023=ORIENTED_EDGE('',*,*,#1280,.F.);
#1024=ORIENTED_EDGE('',*,*,#1368,.F.);
#1025=ORIENTED_EDGE('',*,*,#1555,.F.);
#1026=ORIENTED_EDGE('',*,*,#1467,.T.);
#1027=ORIENTED_EDGE('',*,*,#1556,.F.);
#1028=ORIENTED_EDGE('',*,*,#1366,.F.);
#1029=ORIENTED_EDGE('',*,*,#1557,.F.);
#1030=ORIENTED_EDGE('',*,*,#1365,.T.);
#1031=ORIENTED_EDGE('',*,*,#1554,.T.);
#1032=ORIENTED_EDGE('',*,*,#1468,.T.);
#1033=ORIENTED_EDGE('',*,*,#1557,.T.);
#1034=ORIENTED_EDGE('',*,*,#1367,.T.);
#1035=ORIENTED_EDGE('',*,*,#1556,.T.);
#1036=ORIENTED_EDGE('',*,*,#1466,.T.);
#1037=ORIENTED_EDGE('',*,*,#1555,.T.);
#1038=ORIENTED_EDGE('',*,*,#1349,.T.);
#1039=ORIENTED_EDGE('',*,*,#1274,.T.);
#1040=ORIENTED_EDGE('',*,*,#1484,.F.);
#1041=ORIENTED_EDGE('',*,*,#1558,.F.);
#1042=ORIENTED_EDGE('',*,*,#1480,.T.);
#1043=ORIENTED_EDGE('',*,*,#1265,.F.);
#1044=ORIENTED_EDGE('',*,*,#1353,.F.);
#1045=ORIENTED_EDGE('',*,*,#1559,.F.);
#1046=ORIENTED_EDGE('',*,*,#1482,.T.);
#1047=ORIENTED_EDGE('',*,*,#1560,.F.);
#1048=ORIENTED_EDGE('',*,*,#1351,.F.);
#1049=ORIENTED_EDGE('',*,*,#1561,.F.);
#1050=ORIENTED_EDGE('',*,*,#1350,.T.);
#1051=ORIENTED_EDGE('',*,*,#1558,.T.);
#1052=ORIENTED_EDGE('',*,*,#1483,.T.);
#1053=ORIENTED_EDGE('',*,*,#1561,.T.);
#1054=ORIENTED_EDGE('',*,*,#1352,.T.);
#1055=ORIENTED_EDGE('',*,*,#1560,.T.);
#1056=ORIENTED_EDGE('',*,*,#1481,.T.);
#1057=ORIENTED_EDGE('',*,*,#1559,.T.);
#1058=ORIENTED_EDGE('',*,*,#1344,.T.);
#1059=ORIENTED_EDGE('',*,*,#1270,.T.);
#1060=ORIENTED_EDGE('',*,*,#1489,.F.);
#1061=ORIENTED_EDGE('',*,*,#1562,.F.);
#1062=ORIENTED_EDGE('',*,*,#1485,.T.);
#1063=ORIENTED_EDGE('',*,*,#1272,.F.);
#1064=ORIENTED_EDGE('',*,*,#1348,.F.);
#1065=ORIENTED_EDGE('',*,*,#1563,.F.);
#1066=ORIENTED_EDGE('',*,*,#1487,.T.);
#1067=ORIENTED_EDGE('',*,*,#1564,.F.);
#1068=ORIENTED_EDGE('',*,*,#1346,.F.);
#1069=ORIENTED_EDGE('',*,*,#1565,.F.);
#1070=ORIENTED_EDGE('',*,*,#1345,.T.);
#1071=ORIENTED_EDGE('',*,*,#1562,.T.);
#1072=ORIENTED_EDGE('',*,*,#1488,.T.);
#1073=ORIENTED_EDGE('',*,*,#1565,.T.);
#1074=ORIENTED_EDGE('',*,*,#1347,.T.);
#1075=ORIENTED_EDGE('',*,*,#1564,.T.);
#1076=ORIENTED_EDGE('',*,*,#1486,.T.);
#1077=ORIENTED_EDGE('',*,*,#1563,.T.);
#1078=ORIENTED_EDGE('',*,*,#1354,.T.);
#1079=ORIENTED_EDGE('',*,*,#1263,.T.);
#1080=ORIENTED_EDGE('',*,*,#1479,.F.);
#1081=ORIENTED_EDGE('',*,*,#1566,.F.);
#1082=ORIENTED_EDGE('',*,*,#1475,.T.);
#1083=ORIENTED_EDGE('',*,*,#1261,.F.);
#1084=ORIENTED_EDGE('',*,*,#1358,.F.);
#1085=ORIENTED_EDGE('',*,*,#1567,.F.);
#1086=ORIENTED_EDGE('',*,*,#1477,.T.);
#1087=ORIENTED_EDGE('',*,*,#1568,.F.);
#1088=ORIENTED_EDGE('',*,*,#1356,.F.);
#1089=ORIENTED_EDGE('',*,*,#1569,.F.);
#1090=ORIENTED_EDGE('',*,*,#1355,.T.);
#1091=ORIENTED_EDGE('',*,*,#1566,.T.);
#1092=ORIENTED_EDGE('',*,*,#1478,.T.);
#1093=ORIENTED_EDGE('',*,*,#1569,.T.);
#1094=ORIENTED_EDGE('',*,*,#1357,.T.);
#1095=ORIENTED_EDGE('',*,*,#1568,.T.);
#1096=ORIENTED_EDGE('',*,*,#1476,.T.);
#1097=ORIENTED_EDGE('',*,*,#1567,.T.);
#1098=ORIENTED_EDGE('',*,*,#1359,.T.);
#1099=ORIENTED_EDGE('',*,*,#1259,.T.);
#1100=ORIENTED_EDGE('',*,*,#1474,.F.);
#1101=ORIENTED_EDGE('',*,*,#1570,.F.);
#1102=ORIENTED_EDGE('',*,*,#1470,.T.);
#1103=ORIENTED_EDGE('',*,*,#1276,.F.);
#1104=ORIENTED_EDGE('',*,*,#1363,.F.);
#1105=ORIENTED_EDGE('',*,*,#1571,.F.);
#1106=ORIENTED_EDGE('',*,*,#1472,.T.);
#1107=ORIENTED_EDGE('',*,*,#1572,.F.);
#1108=ORIENTED_EDGE('',*,*,#1361,.F.);
#1109=ORIENTED_EDGE('',*,*,#1573,.F.);
#1110=ORIENTED_EDGE('',*,*,#1360,.T.);
#1111=ORIENTED_EDGE('',*,*,#1570,.T.);
#1112=ORIENTED_EDGE('',*,*,#1473,.T.);
#1113=ORIENTED_EDGE('',*,*,#1573,.T.);
#1114=ORIENTED_EDGE('',*,*,#1362,.T.);
#1115=ORIENTED_EDGE('',*,*,#1572,.T.);
#1116=ORIENTED_EDGE('',*,*,#1471,.T.);
#1117=ORIENTED_EDGE('',*,*,#1571,.T.);
#1118=ORIENTED_EDGE('',*,*,#1339,.T.);
#1119=ORIENTED_EDGE('',*,*,#1258,.T.);
#1120=ORIENTED_EDGE('',*,*,#1494,.F.);
#1121=ORIENTED_EDGE('',*,*,#1574,.F.);
#1122=ORIENTED_EDGE('',*,*,#1490,.T.);
#1123=ORIENTED_EDGE('',*,*,#1268,.F.);
#1124=ORIENTED_EDGE('',*,*,#1343,.F.);
#1125=ORIENTED_EDGE('',*,*,#1575,.F.);
#1126=ORIENTED_EDGE('',*,*,#1492,.T.);
#1127=ORIENTED_EDGE('',*,*,#1576,.F.);
#1128=ORIENTED_EDGE('',*,*,#1341,.F.);
#1129=ORIENTED_EDGE('',*,*,#1577,.F.);
#1130=ORIENTED_EDGE('',*,*,#1340,.T.);
#1131=ORIENTED_EDGE('',*,*,#1574,.T.);
#1132=ORIENTED_EDGE('',*,*,#1493,.T.);
#1133=ORIENTED_EDGE('',*,*,#1577,.T.);
#1134=ORIENTED_EDGE('',*,*,#1342,.T.);
#1135=ORIENTED_EDGE('',*,*,#1576,.T.);
#1136=ORIENTED_EDGE('',*,*,#1491,.T.);
#1137=ORIENTED_EDGE('',*,*,#1575,.T.);
#1138=ORIENTED_EDGE('',*,*,#1334,.T.);
#1139=ORIENTED_EDGE('',*,*,#1254,.T.);
#1140=ORIENTED_EDGE('',*,*,#1499,.F.);
#1141=ORIENTED_EDGE('',*,*,#1578,.F.);
#1142=ORIENTED_EDGE('',*,*,#1495,.T.);
#1143=ORIENTED_EDGE('',*,*,#1256,.F.);
#1144=ORIENTED_EDGE('',*,*,#1338,.F.);
#1145=ORIENTED_EDGE('',*,*,#1579,.F.);
#1146=ORIENTED_EDGE('',*,*,#1497,.T.);
#1147=ORIENTED_EDGE('',*,*,#1580,.F.);
#1148=ORIENTED_EDGE('',*,*,#1336,.F.);
#1149=ORIENTED_EDGE('',*,*,#1581,.F.);
#1150=ORIENTED_EDGE('',*,*,#1335,.T.);
#1151=ORIENTED_EDGE('',*,*,#1578,.T.);
#1152=ORIENTED_EDGE('',*,*,#1498,.T.);
#1153=ORIENTED_EDGE('',*,*,#1581,.T.);
#1154=ORIENTED_EDGE('',*,*,#1337,.T.);
#1155=ORIENTED_EDGE('',*,*,#1580,.T.);
#1156=ORIENTED_EDGE('',*,*,#1496,.T.);
#1157=ORIENTED_EDGE('',*,*,#1579,.T.);
#1158=ORIENTED_EDGE('',*,*,#1329,.T.);
#1159=ORIENTED_EDGE('',*,*,#1250,.T.);
#1160=ORIENTED_EDGE('',*,*,#1504,.F.);
#1161=ORIENTED_EDGE('',*,*,#1582,.F.);
#1162=ORIENTED_EDGE('',*,*,#1500,.T.);
#1163=ORIENTED_EDGE('',*,*,#1252,.F.);
#1164=ORIENTED_EDGE('',*,*,#1333,.F.);
#1165=ORIENTED_EDGE('',*,*,#1583,.F.);
#1166=ORIENTED_EDGE('',*,*,#1502,.T.);
#1167=ORIENTED_EDGE('',*,*,#1584,.F.);
#1168=ORIENTED_EDGE('',*,*,#1331,.F.);
#1169=ORIENTED_EDGE('',*,*,#1585,.F.);
#1170=ORIENTED_EDGE('',*,*,#1330,.T.);
#1171=ORIENTED_EDGE('',*,*,#1582,.T.);
#1172=ORIENTED_EDGE('',*,*,#1503,.T.);
#1173=ORIENTED_EDGE('',*,*,#1585,.T.);
#1174=ORIENTED_EDGE('',*,*,#1332,.T.);
#1175=ORIENTED_EDGE('',*,*,#1584,.T.);
#1176=ORIENTED_EDGE('',*,*,#1501,.T.);
#1177=ORIENTED_EDGE('',*,*,#1583,.T.);
#1178=ORIENTED_EDGE('',*,*,#1324,.T.);
#1179=ORIENTED_EDGE('',*,*,#1246,.T.);
#1180=ORIENTED_EDGE('',*,*,#1509,.F.);
#1181=ORIENTED_EDGE('',*,*,#1586,.F.);
#1182=ORIENTED_EDGE('',*,*,#1505,.T.);
#1183=ORIENTED_EDGE('',*,*,#1248,.F.);
#1184=ORIENTED_EDGE('',*,*,#1328,.F.);
#1185=ORIENTED_EDGE('',*,*,#1587,.F.);
#1186=ORIENTED_EDGE('',*,*,#1507,.T.);
#1187=ORIENTED_EDGE('',*,*,#1588,.F.);
#1188=ORIENTED_EDGE('',*,*,#1326,.F.);
#1189=ORIENTED_EDGE('',*,*,#1589,.F.);
#1190=ORIENTED_EDGE('',*,*,#1325,.T.);
#1191=ORIENTED_EDGE('',*,*,#1586,.T.);
#1192=ORIENTED_EDGE('',*,*,#1508,.T.);
#1193=ORIENTED_EDGE('',*,*,#1589,.T.);
#1194=ORIENTED_EDGE('',*,*,#1327,.T.);
#1195=ORIENTED_EDGE('',*,*,#1588,.T.);
#1196=ORIENTED_EDGE('',*,*,#1506,.T.);
#1197=ORIENTED_EDGE('',*,*,#1587,.T.);
#1198=ORIENTED_EDGE('',*,*,#1319,.T.);
#1199=ORIENTED_EDGE('',*,*,#1242,.T.);
#1200=ORIENTED_EDGE('',*,*,#1514,.F.);
#1201=ORIENTED_EDGE('',*,*,#1590,.F.);
#1202=ORIENTED_EDGE('',*,*,#1510,.T.);
#1203=ORIENTED_EDGE('',*,*,#1244,.F.);
#1204=ORIENTED_EDGE('',*,*,#1323,.F.);
#1205=ORIENTED_EDGE('',*,*,#1591,.F.);
#1206=ORIENTED_EDGE('',*,*,#1512,.T.);
#1207=ORIENTED_EDGE('',*,*,#1592,.F.);
#1208=ORIENTED_EDGE('',*,*,#1321,.F.);
#1209=ORIENTED_EDGE('',*,*,#1593,.F.);
#1210=ORIENTED_EDGE('',*,*,#1320,.T.);
#1211=ORIENTED_EDGE('',*,*,#1590,.T.);
#1212=ORIENTED_EDGE('',*,*,#1513,.T.);
#1213=ORIENTED_EDGE('',*,*,#1593,.T.);
#1214=ORIENTED_EDGE('',*,*,#1322,.T.);
#1215=ORIENTED_EDGE('',*,*,#1592,.T.);
#1216=ORIENTED_EDGE('',*,*,#1511,.T.);
#1217=ORIENTED_EDGE('',*,*,#1591,.T.);
#1218=ORIENTED_EDGE('',*,*,#1318,.T.);
#1219=ORIENTED_EDGE('',*,*,#1594,.F.);
#1220=ORIENTED_EDGE('',*,*,#1515,.F.);
#1221=ORIENTED_EDGE('',*,*,#1236,.T.);
#1222=ORIENTED_EDGE('',*,*,#1414,.F.);
#1223=ORIENTED_EDGE('',*,*,#1233,.F.);
#1224=ORIENTED_EDGE('',*,*,#1419,.T.);
#1225=ORIENTED_EDGE('',*,*,#1595,.T.);
#1226=ORIENTED_EDGE('',*,*,#1415,.F.);
#1227=ORIENTED_EDGE('',*,*,#1595,.F.);
#1228=ORIENTED_EDGE('',*,*,#1516,.T.);
#1229=ORIENTED_EDGE('',*,*,#1594,.T.);
#1230=ORIENTED_EDGE('',*,*,#1517,.F.);
#1231=ORIENTED_EDGE('',*,*,#1417,.T.);
#1232=EDGE_CURVE('',#1596,#1597,#1840,.T.);
#1233=EDGE_CURVE('',#1596,#1598,#256,.T.);
#1234=EDGE_CURVE('',#1598,#1599,#1841,.T.);
#1235=EDGE_CURVE('',#1599,#1597,#257,.T.);
#1236=EDGE_CURVE('',#1600,#1601,#258,.T.);
#1237=EDGE_CURVE('',#1600,#1602,#1842,.T.);
#1238=EDGE_CURVE('',#1603,#1602,#259,.T.);
#1239=EDGE_CURVE('',#1601,#1603,#1843,.T.);
#1240=EDGE_CURVE('',#1603,#1604,#16,.T.);
#1241=EDGE_CURVE('',#1602,#1605,#17,.T.);
#1242=EDGE_CURVE('',#1604,#1605,#260,.T.);
#1243=EDGE_CURVE('',#1606,#1607,#18,.T.);
#1244=EDGE_CURVE('',#1606,#1608,#261,.T.);
#1245=EDGE_CURVE('',#1608,#1609,#19,.T.);
#1246=EDGE_CURVE('',#1607,#1609,#262,.T.);
#1247=EDGE_CURVE('',#1610,#1611,#20,.T.);
#1248=EDGE_CURVE('',#1610,#1612,#263,.T.);
#1249=EDGE_CURVE('',#1612,#1613,#21,.T.);
#1250=EDGE_CURVE('',#1611,#1613,#264,.T.);
#1251=EDGE_CURVE('',#1614,#1615,#22,.T.);
#1252=EDGE_CURVE('',#1614,#1616,#265,.T.);
#1253=EDGE_CURVE('',#1616,#1617,#23,.T.);
#1254=EDGE_CURVE('',#1615,#1617,#266,.T.);
#1255=EDGE_CURVE('',#1618,#1619,#24,.T.);
#1256=EDGE_CURVE('',#1618,#1620,#267,.T.);
#1257=EDGE_CURVE('',#1620,#1621,#25,.T.);
#1258=EDGE_CURVE('',#1619,#1621,#268,.T.);
#1259=EDGE_CURVE('',#1622,#1623,#269,.T.);
#1260=EDGE_CURVE('',#1624,#1622,#26,.T.);
#1261=EDGE_CURVE('',#1624,#1625,#270,.T.);
#1262=EDGE_CURVE('',#1625,#1623,#27,.T.);
#1263=EDGE_CURVE('',#1626,#1627,#271,.T.);
#1264=EDGE_CURVE('',#1628,#1626,#28,.T.);
#1265=EDGE_CURVE('',#1628,#1629,#272,.T.);
#1266=EDGE_CURVE('',#1629,#1627,#29,.T.);
#1267=EDGE_CURVE('',#1630,#1631,#30,.T.);
#1268=EDGE_CURVE('',#1630,#1632,#273,.T.);
#1269=EDGE_CURVE('',#1632,#1633,#31,.T.);
#1270=EDGE_CURVE('',#1631,#1633,#274,.T.);
#1271=EDGE_CURVE('',#1634,#1635,#32,.T.);
#1272=EDGE_CURVE('',#1634,#1636,#275,.T.);
#1273=EDGE_CURVE('',#1636,#1637,#33,.T.);
#1274=EDGE_CURVE('',#1635,#1637,#276,.T.);
#1275=EDGE_CURVE('',#1638,#1639,#34,.T.);
#1276=EDGE_CURVE('',#1638,#1640,#277,.T.);
#1277=EDGE_CURVE('',#1640,#1641,#35,.T.);
#1278=EDGE_CURVE('',#1639,#1641,#278,.T.);
#1279=EDGE_CURVE('',#1642,#1643,#36,.T.);
#1280=EDGE_CURVE('',#1642,#1644,#279,.T.);
#1281=EDGE_CURVE('',#1644,#1645,#37,.T.);
#1282=EDGE_CURVE('',#1643,#1645,#280,.T.);
#1283=EDGE_CURVE('',#1646,#1647,#281,.T.);
#1284=EDGE_CURVE('',#1648,#1646,#38,.T.);
#1285=EDGE_CURVE('',#1648,#1649,#282,.T.);
#1286=EDGE_CURVE('',#1649,#1647,#39,.T.);
#1287=EDGE_CURVE('',#1650,#1651,#40,.T.);
#1288=EDGE_CURVE('',#1650,#1652,#283,.T.);
#1289=EDGE_CURVE('',#1652,#1653,#41,.T.);
#1290=EDGE_CURVE('',#1651,#1653,#284,.T.);
#1291=EDGE_CURVE('',#1654,#1655,#42,.T.);
#1292=EDGE_CURVE('',#1654,#1656,#285,.T.);
#1293=EDGE_CURVE('',#1656,#1657,#43,.T.);
#1294=EDGE_CURVE('',#1655,#1657,#286,.T.);
#1295=EDGE_CURVE('',#1658,#1659,#44,.T.);
#1296=EDGE_CURVE('',#1658,#1660,#287,.T.);
#1297=EDGE_CURVE('',#1660,#1661,#45,.T.);
#1298=EDGE_CURVE('',#1659,#1661,#288,.T.);
#1299=EDGE_CURVE('',#1662,#1663,#46,.T.);
#1300=EDGE_CURVE('',#1662,#1664,#289,.T.);
#1301=EDGE_CURVE('',#1664,#1665,#47,.T.);
#1302=EDGE_CURVE('',#1663,#1665,#290,.T.);
#1303=EDGE_CURVE('',#1666,#1667,#48,.T.);
#1304=EDGE_CURVE('',#1666,#1668,#291,.T.);
#1305=EDGE_CURVE('',#1668,#1669,#49,.T.);
#1306=EDGE_CURVE('',#1667,#1669,#292,.T.);
#1307=EDGE_CURVE('',#1670,#1599,#50,.T.);
#1308=EDGE_CURVE('',#1670,#1671,#293,.T.);
#1309=EDGE_CURVE('',#1671,#1597,#51,.T.);
#1310=EDGE_CURVE('',#1672,#1673,#294,.T.);
#1311=EDGE_CURVE('',#1674,#1672,#52,.T.);
#1312=EDGE_CURVE('',#1674,#1675,#295,.T.);
#1313=EDGE_CURVE('',#1675,#1673,#53,.T.);
#1314=EDGE_CURVE('',#1676,#1677,#54,.T.);
#1315=EDGE_CURVE('',#1676,#1678,#296,.T.);
#1316=EDGE_CURVE('',#1678,#1679,#55,.T.);
#1317=EDGE_CURVE('',#1677,#1679,#297,.T.);
#1318=EDGE_CURVE('',#1601,#1680,#298,.T.);
#1319=EDGE_CURVE('',#1681,#1604,#1844,.T.);
#1320=EDGE_CURVE('',#1682,#1681,#56,.T.);
#1321=EDGE_CURVE('',#1682,#1683,#57,.T.);
#1322=EDGE_CURVE('',#1684,#1683,#58,.T.);
#1323=EDGE_CURVE('',#1684,#1606,#1845,.T.);
#1324=EDGE_CURVE('',#1685,#1607,#1846,.T.);
#1325=EDGE_CURVE('',#1686,#1685,#59,.T.);
#1326=EDGE_CURVE('',#1686,#1687,#60,.T.);
#1327=EDGE_CURVE('',#1688,#1687,#61,.T.);
#1328=EDGE_CURVE('',#1688,#1610,#1847,.T.);
#1329=EDGE_CURVE('',#1689,#1611,#1848,.T.);
#1330=EDGE_CURVE('',#1690,#1689,#62,.T.);
#1331=EDGE_CURVE('',#1690,#1691,#63,.T.);
#1332=EDGE_CURVE('',#1692,#1691,#64,.T.);
#1333=EDGE_CURVE('',#1692,#1614,#1849,.T.);
#1334=EDGE_CURVE('',#1693,#1615,#1850,.T.);
#1335=EDGE_CURVE('',#1694,#1693,#65,.T.);
#1336=EDGE_CURVE('',#1694,#1695,#66,.T.);
#1337=EDGE_CURVE('',#1696,#1695,#67,.T.);
#1338=EDGE_CURVE('',#1696,#1618,#1851,.T.);
#1339=EDGE_CURVE('',#1697,#1619,#1852,.T.);
#1340=EDGE_CURVE('',#1698,#1697,#68,.T.);
#1341=EDGE_CURVE('',#1698,#1699,#69,.T.);
#1342=EDGE_CURVE('',#1700,#1699,#70,.T.);
#1343=EDGE_CURVE('',#1700,#1630,#1853,.T.);
#1344=EDGE_CURVE('',#1701,#1631,#1854,.T.);
#1345=EDGE_CURVE('',#1702,#1701,#71,.T.);
#1346=EDGE_CURVE('',#1702,#1703,#72,.T.);
#1347=EDGE_CURVE('',#1704,#1703,#73,.T.);
#1348=EDGE_CURVE('',#1704,#1634,#1855,.T.);
#1349=EDGE_CURVE('',#1705,#1635,#1856,.T.);
#1350=EDGE_CURVE('',#1706,#1705,#74,.T.);
#1351=EDGE_CURVE('',#1706,#1707,#75,.T.);
#1352=EDGE_CURVE('',#1708,#1707,#76,.T.);
#1353=EDGE_CURVE('',#1708,#1628,#1857,.T.);
#1354=EDGE_CURVE('',#1709,#1626,#1858,.T.);
#1355=EDGE_CURVE('',#1710,#1709,#77,.T.);
#1356=EDGE_CURVE('',#1710,#1711,#78,.T.);
#1357=EDGE_CURVE('',#1712,#1711,#79,.T.);
#1358=EDGE_CURVE('',#1712,#1624,#1859,.T.);
#1359=EDGE_CURVE('',#1713,#1622,#1860,.T.);
#1360=EDGE_CURVE('',#1714,#1713,#80,.T.);
#1361=EDGE_CURVE('',#1714,#1715,#81,.T.);
#1362=EDGE_CURVE('',#1716,#1715,#82,.T.);
#1363=EDGE_CURVE('',#1716,#1638,#1861,.T.);
#1364=EDGE_CURVE('',#1717,#1639,#1862,.T.);
#1365=EDGE_CURVE('',#1718,#1717,#83,.T.);
#1366=EDGE_CURVE('',#1718,#1719,#84,.T.);
#1367=EDGE_CURVE('',#1720,#1719,#85,.T.);
#1368=EDGE_CURVE('',#1720,#1642,#1863,.T.);
#1369=EDGE_CURVE('',#1721,#1643,#1864,.T.);
#1370=EDGE_CURVE('',#1722,#1721,#86,.T.);
#1371=EDGE_CURVE('',#1722,#1723,#87,.T.);
#1372=EDGE_CURVE('',#1724,#1723,#88,.T.);
#1373=EDGE_CURVE('',#1724,#1650,#1865,.T.);
#1374=EDGE_CURVE('',#1725,#1651,#1866,.T.);
#1375=EDGE_CURVE('',#1726,#1725,#89,.T.);
#1376=EDGE_CURVE('',#1726,#1727,#90,.T.);
#1377=EDGE_CURVE('',#1728,#1727,#91,.T.);
#1378=EDGE_CURVE('',#1728,#1648,#1867,.T.);
#1379=EDGE_CURVE('',#1729,#1646,#1868,.T.);
#1380=EDGE_CURVE('',#1730,#1729,#92,.T.);
#1381=EDGE_CURVE('',#1730,#1731,#93,.T.);
#1382=EDGE_CURVE('',#1732,#1731,#94,.T.);
#1383=EDGE_CURVE('',#1732,#1654,#1869,.T.);
#1384=EDGE_CURVE('',#1733,#1655,#1870,.T.);
#1385=EDGE_CURVE('',#1734,#1733,#95,.T.);
#1386=EDGE_CURVE('',#1734,#1735,#96,.T.);
#1387=EDGE_CURVE('',#1736,#1735,#97,.T.);
#1388=EDGE_CURVE('',#1736,#1658,#1871,.T.);
#1389=EDGE_CURVE('',#1737,#1659,#1872,.T.);
#1390=EDGE_CURVE('',#1738,#1737,#98,.T.);
#1391=EDGE_CURVE('',#1738,#1739,#99,.T.);
#1392=EDGE_CURVE('',#1740,#1739,#100,.T.);
#1393=EDGE_CURVE('',#1740,#1662,#1873,.T.);
#1394=EDGE_CURVE('',#1741,#1663,#1874,.T.);
#1395=EDGE_CURVE('',#1742,#1741,#101,.T.);
#1396=EDGE_CURVE('',#1742,#1743,#102,.T.);
#1397=EDGE_CURVE('',#1744,#1743,#103,.T.);
#1398=EDGE_CURVE('',#1744,#1666,#1875,.T.);
#1399=EDGE_CURVE('',#1745,#1667,#1876,.T.);
#1400=EDGE_CURVE('',#1746,#1745,#104,.T.);
#1401=EDGE_CURVE('',#1746,#1747,#105,.T.);
#1402=EDGE_CURVE('',#1748,#1747,#106,.T.);
#1403=EDGE_CURVE('',#1748,#1676,#1877,.T.);
#1404=EDGE_CURVE('',#1749,#1677,#1878,.T.);
#1405=EDGE_CURVE('',#1750,#1749,#107,.T.);
#1406=EDGE_CURVE('',#1750,#1751,#108,.T.);
#1407=EDGE_CURVE('',#1752,#1751,#109,.T.);
#1408=EDGE_CURVE('',#1752,#1674,#1879,.T.);
#1409=EDGE_CURVE('',#1753,#1672,#1880,.T.);
#1410=EDGE_CURVE('',#1754,#1753,#110,.T.);
#1411=EDGE_CURVE('',#1754,#1755,#111,.T.);
#1412=EDGE_CURVE('',#1756,#1755,#112,.T.);
#1413=EDGE_CURVE('',#1756,#1670,#1881,.T.);
#1414=EDGE_CURVE('',#1598,#1757,#299,.T.);
#1415=EDGE_CURVE('',#1757,#1680,#113,.T.);
#1416=EDGE_CURVE('',#1758,#1758,#114,.T.);
#1417=EDGE_CURVE('',#1759,#1759,#115,.T.);
#1418=EDGE_CURVE('',#1760,#1760,#116,.T.);
#1419=EDGE_CURVE('',#1596,#1761,#300,.T.);
#1420=EDGE_CURVE('',#1762,#1671,#1882,.T.);
#1421=EDGE_CURVE('',#1763,#1762,#117,.F.);
#1422=EDGE_CURVE('',#1764,#1763,#118,.T.);
#1423=EDGE_CURVE('',#1765,#1764,#119,.F.);
#1424=EDGE_CURVE('',#1765,#1673,#1883,.T.);
#1425=EDGE_CURVE('',#1766,#1675,#1884,.T.);
#1426=EDGE_CURVE('',#1767,#1766,#120,.F.);
#1427=EDGE_CURVE('',#1768,#1767,#121,.T.);
#1428=EDGE_CURVE('',#1769,#1768,#122,.F.);
#1429=EDGE_CURVE('',#1769,#1679,#1885,.T.);
#1430=EDGE_CURVE('',#1770,#1678,#1886,.T.);
#1431=EDGE_CURVE('',#1771,#1770,#123,.F.);
#1432=EDGE_CURVE('',#1772,#1771,#124,.T.);
#1433=EDGE_CURVE('',#1773,#1772,#125,.F.);
#1434=EDGE_CURVE('',#1773,#1669,#1887,.T.);
#1435=EDGE_CURVE('',#1774,#1668,#1888,.T.);
#1436=EDGE_CURVE('',#1775,#1774,#126,.F.);
#1437=EDGE_CURVE('',#1776,#1775,#127,.T.);
#1438=EDGE_CURVE('',#1777,#1776,#128,.F.);
#1439=EDGE_CURVE('',#1777,#1665,#1889,.T.);
#1440=EDGE_CURVE('',#1778,#1664,#1890,.T.);
#1441=EDGE_CURVE('',#1779,#1778,#129,.F.);
#1442=EDGE_CURVE('',#1780,#1779,#130,.T.);
#1443=EDGE_CURVE('',#1781,#1780,#131,.F.);
#1444=EDGE_CURVE('',#1781,#1661,#1891,.T.);
#1445=EDGE_CURVE('',#1782,#1660,#1892,.T.);
#1446=EDGE_CURVE('',#1783,#1782,#132,.F.);
#1447=EDGE_CURVE('',#1784,#1783,#133,.T.);
#1448=EDGE_CURVE('',#1785,#1784,#134,.F.);
#1449=EDGE_CURVE('',#1785,#1657,#1893,.T.);
#1450=EDGE_CURVE('',#1786,#1656,#1894,.T.);
#1451=EDGE_CURVE('',#1787,#1786,#135,.F.);
#1452=EDGE_CURVE('',#1788,#1787,#136,.T.);
#1453=EDGE_CURVE('',#1789,#1788,#137,.F.);
#1454=EDGE_CURVE('',#1789,#1647,#1895,.T.);
#1455=EDGE_CURVE('',#1790,#1649,#1896,.T.);
#1456=EDGE_CURVE('',#1791,#1790,#138,.F.);
#1457=EDGE_CURVE('',#1792,#1791,#139,.T.);
#1458=EDGE_CURVE('',#1793,#1792,#140,.F.);
#1459=EDGE_CURVE('',#1793,#1653,#1897,.T.);
#1460=EDGE_CURVE('',#1794,#1652,#1898,.T.);
#1461=EDGE_CURVE('',#1795,#1794,#141,.F.);
#1462=EDGE_CURVE('',#1796,#1795,#142,.T.);
#1463=EDGE_CURVE('',#1797,#1796,#143,.F.);
#1464=EDGE_CURVE('',#1797,#1645,#1899,.T.);
#1465=EDGE_CURVE('',#1798,#1644,#1900,.T.);
#1466=EDGE_CURVE('',#1799,#1798,#144,.F.);
#1467=EDGE_CURVE('',#1800,#1799,#145,.T.);
#1468=EDGE_CURVE('',#1801,#1800,#146,.F.);
#1469=EDGE_CURVE('',#1801,#1641,#1901,.T.);
#1470=EDGE_CURVE('',#1802,#1640,#1902,.T.);
#1471=EDGE_CURVE('',#1803,#1802,#147,.F.);
#1472=EDGE_CURVE('',#1804,#1803,#148,.T.);
#1473=EDGE_CURVE('',#1805,#1804,#149,.F.);
#1474=EDGE_CURVE('',#1805,#1623,#1903,.T.);
#1475=EDGE_CURVE('',#1806,#1625,#1904,.T.);
#1476=EDGE_CURVE('',#1807,#1806,#150,.F.);
#1477=EDGE_CURVE('',#1808,#1807,#151,.T.);
#1478=EDGE_CURVE('',#1809,#1808,#152,.F.);
#1479=EDGE_CURVE('',#1809,#1627,#1905,.T.);
#1480=EDGE_CURVE('',#1810,#1629,#1906,.T.);
#1481=EDGE_CURVE('',#1811,#1810,#153,.F.);
#1482=EDGE_CURVE('',#1812,#1811,#154,.T.);
#1483=EDGE_CURVE('',#1813,#1812,#155,.F.);
#1484=EDGE_CURVE('',#1813,#1637,#1907,.T.);
#1485=EDGE_CURVE('',#1814,#1636,#1908,.T.);
#1486=EDGE_CURVE('',#1815,#1814,#156,.F.);
#1487=EDGE_CURVE('',#1816,#1815,#157,.T.);
#1488=EDGE_CURVE('',#1817,#1816,#158,.F.);
#1489=EDGE_CURVE('',#1817,#1633,#1909,.T.);
#1490=EDGE_CURVE('',#1818,#1632,#1910,.T.);
#1491=EDGE_CURVE('',#1819,#1818,#159,.F.);
#1492=EDGE_CURVE('',#1820,#1819,#160,.T.);
#1493=EDGE_CURVE('',#1821,#1820,#161,.F.);
#1494=EDGE_CURVE('',#1821,#1621,#1911,.T.);
#1495=EDGE_CURVE('',#1822,#1620,#1912,.T.);
#1496=EDGE_CURVE('',#1823,#1822,#162,.F.);
#1497=EDGE_CURVE('',#1824,#1823,#163,.T.);
#1498=EDGE_CURVE('',#1825,#1824,#164,.F.);
#1499=EDGE_CURVE('',#1825,#1617,#1913,.T.);
#1500=EDGE_CURVE('',#1826,#1616,#1914,.T.);
#1501=EDGE_CURVE('',#1827,#1826,#165,.F.);
#1502=EDGE_CURVE('',#1828,#1827,#166,.T.);
#1503=EDGE_CURVE('',#1829,#1828,#167,.F.);
#1504=EDGE_CURVE('',#1829,#1613,#1915,.T.);
#1505=EDGE_CURVE('',#1830,#1612,#1916,.T.);
#1506=EDGE_CURVE('',#1831,#1830,#168,.F.);
#1507=EDGE_CURVE('',#1832,#1831,#169,.T.);
#1508=EDGE_CURVE('',#1833,#1832,#170,.F.);
#1509=EDGE_CURVE('',#1833,#1609,#1917,.T.);
#1510=EDGE_CURVE('',#1834,#1608,#1918,.T.);
#1511=EDGE_CURVE('',#1835,#1834,#171,.F.);
#1512=EDGE_CURVE('',#1836,#1835,#172,.T.);
#1513=EDGE_CURVE('',#1837,#1836,#173,.F.);
#1514=EDGE_CURVE('',#1837,#1605,#1919,.T.);
#1515=EDGE_CURVE('',#1600,#1838,#301,.T.);
#1516=EDGE_CURVE('',#1761,#1838,#174,.T.);
#1517=EDGE_CURVE('',#1839,#1839,#175,.T.);
#1518=EDGE_CURVE('',#1749,#1769,#302,.T.);
#1519=EDGE_CURVE('',#1766,#1752,#303,.F.);
#1520=EDGE_CURVE('',#1751,#1767,#304,.T.);
#1521=EDGE_CURVE('',#1768,#1750,#305,.F.);
#1522=EDGE_CURVE('',#1753,#1765,#306,.T.);
#1523=EDGE_CURVE('',#1762,#1756,#307,.F.);
#1524=EDGE_CURVE('',#1755,#1763,#308,.T.);
#1525=EDGE_CURVE('',#1764,#1754,#309,.F.);
#1526=EDGE_CURVE('',#1745,#1773,#310,.T.);
#1527=EDGE_CURVE('',#1770,#1748,#311,.F.);
#1528=EDGE_CURVE('',#1747,#1771,#312,.T.);
#1529=EDGE_CURVE('',#1772,#1746,#313,.F.);
#1530=EDGE_CURVE('',#1741,#1777,#314,.T.);
#1531=EDGE_CURVE('',#1774,#1744,#315,.F.);
#1532=EDGE_CURVE('',#1743,#1775,#316,.T.);
#1533=EDGE_CURVE('',#1776,#1742,#317,.F.);
#1534=EDGE_CURVE('',#1737,#1781,#318,.T.);
#1535=EDGE_CURVE('',#1778,#1740,#319,.F.);
#1536=EDGE_CURVE('',#1739,#1779,#320,.T.);
#1537=EDGE_CURVE('',#1780,#1738,#321,.F.);
#1538=EDGE_CURVE('',#1733,#1785,#322,.T.);
#1539=EDGE_CURVE('',#1782,#1736,#323,.F.);
#1540=EDGE_CURVE('',#1735,#1783,#324,.T.);
#1541=EDGE_CURVE('',#1784,#1734,#325,.F.);
#1542=EDGE_CURVE('',#1725,#1793,#326,.T.);
#1543=EDGE_CURVE('',#1790,#1728,#327,.F.);
#1544=EDGE_CURVE('',#1727,#1791,#328,.T.);
#1545=EDGE_CURVE('',#1792,#1726,#329,.F.);
#1546=EDGE_CURVE('',#1729,#1789,#330,.T.);
#1547=EDGE_CURVE('',#1786,#1732,#331,.F.);
#1548=EDGE_CURVE('',#1731,#1787,#332,.T.);
#1549=EDGE_CURVE('',#1788,#1730,#333,.F.);
#1550=EDGE_CURVE('',#1721,#1797,#334,.T.);
#1551=EDGE_CURVE('',#1794,#1724,#335,.F.);
#1552=EDGE_CURVE('',#1723,#1795,#336,.T.);
#1553=EDGE_CURVE('',#1796,#1722,#337,.F.);
#1554=EDGE_CURVE('',#1717,#1801,#338,.T.);
#1555=EDGE_CURVE('',#1798,#1720,#339,.F.);
#1556=EDGE_CURVE('',#1719,#1799,#340,.T.);
#1557=EDGE_CURVE('',#1800,#1718,#341,.F.);
#1558=EDGE_CURVE('',#1705,#1813,#342,.T.);
#1559=EDGE_CURVE('',#1810,#1708,#343,.F.);
#1560=EDGE_CURVE('',#1707,#1811,#344,.T.);
#1561=EDGE_CURVE('',#1812,#1706,#345,.F.);
#1562=EDGE_CURVE('',#1701,#1817,#346,.T.);
#1563=EDGE_CURVE('',#1814,#1704,#347,.F.);
#1564=EDGE_CURVE('',#1703,#1815,#348,.T.);
#1565=EDGE_CURVE('',#1816,#1702,#349,.F.);
#1566=EDGE_CURVE('',#1709,#1809,#350,.T.);
#1567=EDGE_CURVE('',#1806,#1712,#351,.F.);
#1568=EDGE_CURVE('',#1711,#1807,#352,.T.);
#1569=EDGE_CURVE('',#1808,#1710,#353,.F.);
#1570=EDGE_CURVE('',#1713,#1805,#354,.T.);
#1571=EDGE_CURVE('',#1802,#1716,#355,.F.);
#1572=EDGE_CURVE('',#1715,#1803,#356,.T.);
#1573=EDGE_CURVE('',#1804,#1714,#357,.F.);
#1574=EDGE_CURVE('',#1697,#1821,#358,.T.);
#1575=EDGE_CURVE('',#1818,#1700,#359,.F.);
#1576=EDGE_CURVE('',#1699,#1819,#360,.T.);
#1577=EDGE_CURVE('',#1820,#1698,#361,.F.);
#1578=EDGE_CURVE('',#1693,#1825,#362,.T.);
#1579=EDGE_CURVE('',#1822,#1696,#363,.F.);
#1580=EDGE_CURVE('',#1695,#1823,#364,.T.);
#1581=EDGE_CURVE('',#1824,#1694,#365,.F.);
#1582=EDGE_CURVE('',#1689,#1829,#366,.T.);
#1583=EDGE_CURVE('',#1826,#1692,#367,.F.);
#1584=EDGE_CURVE('',#1691,#1827,#368,.T.);
#1585=EDGE_CURVE('',#1828,#1690,#369,.F.);
#1586=EDGE_CURVE('',#1685,#1833,#370,.T.);
#1587=EDGE_CURVE('',#1830,#1688,#371,.F.);
#1588=EDGE_CURVE('',#1687,#1831,#372,.T.);
#1589=EDGE_CURVE('',#1832,#1686,#373,.F.);
#1590=EDGE_CURVE('',#1681,#1837,#374,.T.);
#1591=EDGE_CURVE('',#1834,#1684,#375,.F.);
#1592=EDGE_CURVE('',#1683,#1835,#376,.T.);
#1593=EDGE_CURVE('',#1836,#1682,#377,.F.);
#1594=EDGE_CURVE('',#1838,#1680,#378,.T.);
#1595=EDGE_CURVE('',#1761,#1757,#379,.T.);
#1596=VERTEX_POINT('',#3255);
#1597=VERTEX_POINT('',#3256);
#1598=VERTEX_POINT('',#3258);
#1599=VERTEX_POINT('',#3290);
#1600=VERTEX_POINT('',#3301);
#1601=VERTEX_POINT('',#3302);
#1602=VERTEX_POINT('',#3334);
#1603=VERTEX_POINT('',#3336);
#1604=VERTEX_POINT('',#3370);
#1605=VERTEX_POINT('',#3372);
#1606=VERTEX_POINT('',#3376);
#1607=VERTEX_POINT('',#3377);
#1608=VERTEX_POINT('',#3379);
#1609=VERTEX_POINT('',#3381);
#1610=VERTEX_POINT('',#3385);
#1611=VERTEX_POINT('',#3386);
#1612=VERTEX_POINT('',#3388);
#1613=VERTEX_POINT('',#3390);
#1614=VERTEX_POINT('',#3394);
#1615=VERTEX_POINT('',#3395);
#1616=VERTEX_POINT('',#3397);
#1617=VERTEX_POINT('',#3399);
#1618=VERTEX_POINT('',#3403);
#1619=VERTEX_POINT('',#3404);
#1620=VERTEX_POINT('',#3406);
#1621=VERTEX_POINT('',#3408);
#1622=VERTEX_POINT('',#3412);
#1623=VERTEX_POINT('',#3413);
#1624=VERTEX_POINT('',#3415);
#1625=VERTEX_POINT('',#3417);
#1626=VERTEX_POINT('',#3421);
#1627=VERTEX_POINT('',#3422);
#1628=VERTEX_POINT('',#3424);
#1629=VERTEX_POINT('',#3426);
#1630=VERTEX_POINT('',#3430);
#1631=VERTEX_POINT('',#3431);
#1632=VERTEX_POINT('',#3433);
#1633=VERTEX_POINT('',#3435);
#1634=VERTEX_POINT('',#3439);
#1635=VERTEX_POINT('',#3440);
#1636=VERTEX_POINT('',#3442);
#1637=VERTEX_POINT('',#3444);
#1638=VERTEX_POINT('',#3448);
#1639=VERTEX_POINT('',#3449);
#1640=VERTEX_POINT('',#3451);
#1641=VERTEX_POINT('',#3453);
#1642=VERTEX_POINT('',#3457);
#1643=VERTEX_POINT('',#3458);
#1644=VERTEX_POINT('',#3460);
#1645=VERTEX_POINT('',#3462);
#1646=VERTEX_POINT('',#3466);
#1647=VERTEX_POINT('',#3467);
#1648=VERTEX_POINT('',#3469);
#1649=VERTEX_POINT('',#3471);
#1650=VERTEX_POINT('',#3475);
#1651=VERTEX_POINT('',#3476);
#1652=VERTEX_POINT('',#3478);
#1653=VERTEX_POINT('',#3480);
#1654=VERTEX_POINT('',#3484);
#1655=VERTEX_POINT('',#3485);
#1656=VERTEX_POINT('',#3487);
#1657=VERTEX_POINT('',#3489);
#1658=VERTEX_POINT('',#3493);
#1659=VERTEX_POINT('',#3494);
#1660=VERTEX_POINT('',#3496);
#1661=VERTEX_POINT('',#3498);
#1662=VERTEX_POINT('',#3502);
#1663=VERTEX_POINT('',#3503);
#1664=VERTEX_POINT('',#3505);
#1665=VERTEX_POINT('',#3507);
#1666=VERTEX_POINT('',#3511);
#1667=VERTEX_POINT('',#3512);
#1668=VERTEX_POINT('',#3514);
#1669=VERTEX_POINT('',#3516);
#1670=VERTEX_POINT('',#3520);
#1671=VERTEX_POINT('',#3522);
#1672=VERTEX_POINT('',#3526);
#1673=VERTEX_POINT('',#3527);
#1674=VERTEX_POINT('',#3529);
#1675=VERTEX_POINT('',#3531);
#1676=VERTEX_POINT('',#3535);
#1677=VERTEX_POINT('',#3536);
#1678=VERTEX_POINT('',#3538);
#1679=VERTEX_POINT('',#3540);
#1680=VERTEX_POINT('',#3544);
#1681=VERTEX_POINT('',#3576);
#1682=VERTEX_POINT('',#3578);
#1683=VERTEX_POINT('',#3580);
#1684=VERTEX_POINT('',#3582);
#1685=VERTEX_POINT('',#3645);
#1686=VERTEX_POINT('',#3647);
#1687=VERTEX_POINT('',#3649);
#1688=VERTEX_POINT('',#3651);
#1689=VERTEX_POINT('',#3714);
#1690=VERTEX_POINT('',#3716);
#1691=VERTEX_POINT('',#3718);
#1692=VERTEX_POINT('',#3720);
#1693=VERTEX_POINT('',#3783);
#1694=VERTEX_POINT('',#3785);
#1695=VERTEX_POINT('',#3787);
#1696=VERTEX_POINT('',#3789);
#1697=VERTEX_POINT('',#3852);
#1698=VERTEX_POINT('',#3854);
#1699=VERTEX_POINT('',#3856);
#1700=VERTEX_POINT('',#3858);
#1701=VERTEX_POINT('',#3921);
#1702=VERTEX_POINT('',#3923);
#1703=VERTEX_POINT('',#3925);
#1704=VERTEX_POINT('',#3927);
#1705=VERTEX_POINT('',#3990);
#1706=VERTEX_POINT('',#3992);
#1707=VERTEX_POINT('',#3994);
#1708=VERTEX_POINT('',#3996);
#1709=VERTEX_POINT('',#4059);
#1710=VERTEX_POINT('',#4061);
#1711=VERTEX_POINT('',#4063);
#1712=VERTEX_POINT('',#4065);
#1713=VERTEX_POINT('',#4128);
#1714=VERTEX_POINT('',#4130);
#1715=VERTEX_POINT('',#4132);
#1716=VERTEX_POINT('',#4134);
#1717=VERTEX_POINT('',#4197);
#1718=VERTEX_POINT('',#4199);
#1719=VERTEX_POINT('',#4201);
#1720=VERTEX_POINT('',#4203);
#1721=VERTEX_POINT('',#4266);
#1722=VERTEX_POINT('',#4268);
#1723=VERTEX_POINT('',#4270);
#1724=VERTEX_POINT('',#4272);
#1725=VERTEX_POINT('',#4335);
#1726=VERTEX_POINT('',#4337);
#1727=VERTEX_POINT('',#4339);
#1728=VERTEX_POINT('',#4341);
#1729=VERTEX_POINT('',#4404);
#1730=VERTEX_POINT('',#4406);
#1731=VERTEX_POINT('',#4408);
#1732=VERTEX_POINT('',#4410);
#1733=VERTEX_POINT('',#4473);
#1734=VERTEX_POINT('',#4475);
#1735=VERTEX_POINT('',#4477);
#1736=VERTEX_POINT('',#4479);
#1737=VERTEX_POINT('',#4542);
#1738=VERTEX_POINT('',#4544);
#1739=VERTEX_POINT('',#4546);
#1740=VERTEX_POINT('',#4548);
#1741=VERTEX_POINT('',#4611);
#1742=VERTEX_POINT('',#4613);
#1743=VERTEX_POINT('',#4615);
#1744=VERTEX_POINT('',#4617);
#1745=VERTEX_POINT('',#4680);
#1746=VERTEX_POINT('',#4682);
#1747=VERTEX_POINT('',#4684);
#1748=VERTEX_POINT('',#4686);
#1749=VERTEX_POINT('',#4749);
#1750=VERTEX_POINT('',#4751);
#1751=VERTEX_POINT('',#4753);
#1752=VERTEX_POINT('',#4755);
#1753=VERTEX_POINT('',#4818);
#1754=VERTEX_POINT('',#4820);
#1755=VERTEX_POINT('',#4822);
#1756=VERTEX_POINT('',#4824);
#1757=VERTEX_POINT('',#4857);
#1758=VERTEX_POINT('',#4860);
#1759=VERTEX_POINT('',#4862);
#1760=VERTEX_POINT('',#4865);
#1761=VERTEX_POINT('',#4868);
#1762=VERTEX_POINT('',#4900);
#1763=VERTEX_POINT('',#4902);
#1764=VERTEX_POINT('',#4904);
#1765=VERTEX_POINT('',#4906);
#1766=VERTEX_POINT('',#4969);
#1767=VERTEX_POINT('',#4971);
#1768=VERTEX_POINT('',#4973);
#1769=VERTEX_POINT('',#4975);
#1770=VERTEX_POINT('',#5038);
#1771=VERTEX_POINT('',#5040);
#1772=VERTEX_POINT('',#5042);
#1773=VERTEX_POINT('',#5044);
#1774=VERTEX_POINT('',#5107);
#1775=VERTEX_POINT('',#5109);
#1776=VERTEX_POINT('',#5111);
#1777=VERTEX_POINT('',#5113);
#1778=VERTEX_POINT('',#5176);
#1779=VERTEX_POINT('',#5178);
#1780=VERTEX_POINT('',#5180);
#1781=VERTEX_POINT('',#5182);
#1782=VERTEX_POINT('',#5245);
#1783=VERTEX_POINT('',#5247);
#1784=VERTEX_POINT('',#5249);
#1785=VERTEX_POINT('',#5251);
#1786=VERTEX_POINT('',#5314);
#1787=VERTEX_POINT('',#5316);
#1788=VERTEX_POINT('',#5318);
#1789=VERTEX_POINT('',#5320);
#1790=VERTEX_POINT('',#5383);
#1791=VERTEX_POINT('',#5385);
#1792=VERTEX_POINT('',#5387);
#1793=VERTEX_POINT('',#5389);
#1794=VERTEX_POINT('',#5452);
#1795=VERTEX_POINT('',#5454);
#1796=VERTEX_POINT('',#5456);
#1797=VERTEX_POINT('',#5458);
#1798=VERTEX_POINT('',#5521);
#1799=VERTEX_POINT('',#5523);
#1800=VERTEX_POINT('',#5525);
#1801=VERTEX_POINT('',#5527);
#1802=VERTEX_POINT('',#5590);
#1803=VERTEX_POINT('',#5592);
#1804=VERTEX_POINT('',#5594);
#1805=VERTEX_POINT('',#5596);
#1806=VERTEX_POINT('',#5659);
#1807=VERTEX_POINT('',#5661);
#1808=VERTEX_POINT('',#5663);
#1809=VERTEX_POINT('',#5665);
#1810=VERTEX_POINT('',#5728);
#1811=VERTEX_POINT('',#5730);
#1812=VERTEX_POINT('',#5732);
#1813=VERTEX_POINT('',#5734);
#1814=VERTEX_POINT('',#5797);
#1815=VERTEX_POINT('',#5799);
#1816=VERTEX_POINT('',#5801);
#1817=VERTEX_POINT('',#5803);
#1818=VERTEX_POINT('',#5866);
#1819=VERTEX_POINT('',#5868);
#1820=VERTEX_POINT('',#5870);
#1821=VERTEX_POINT('',#5872);
#1822=VERTEX_POINT('',#5935);
#1823=VERTEX_POINT('',#5937);
#1824=VERTEX_POINT('',#5939);
#1825=VERTEX_POINT('',#5941);
#1826=VERTEX_POINT('',#6004);
#1827=VERTEX_POINT('',#6006);
#1828=VERTEX_POINT('',#6008);
#1829=VERTEX_POINT('',#6010);
#1830=VERTEX_POINT('',#6073);
#1831=VERTEX_POINT('',#6075);
#1832=VERTEX_POINT('',#6077);
#1833=VERTEX_POINT('',#6079);
#1834=VERTEX_POINT('',#6142);
#1835=VERTEX_POINT('',#6144);
#1836=VERTEX_POINT('',#6146);
#1837=VERTEX_POINT('',#6148);
#1838=VERTEX_POINT('',#6181);
#1839=VERTEX_POINT('',#6184);
#1840=B_SPLINE_CURVE_WITH_KNOTS('',3,(#3224,#3225,#3226,#3227,#3228,#3229,
#3230,#3231,#3232,#3233,#3234,#3235,#3236,#3237,#3238,#3239,#3240,#3241,
#3242,#3243,#3244,#3245,#3246,#3247,#3248,#3249,#3250,#3251,#3252,#3253,
#3254),.UNSPECIFIED.,.F.,.F.,(4,1,1,1,1,1,1,1,1,1,1,1,1,1,1,1,1,1,1,1,1,
1,1,1,1,1,1,1,4),(0.,0.0907306660296472,0.102079743994288,0.116731337750731,
0.1340673363298,0.153724510590635,0.175456334164872,0.19908131698572,0.224458619277306,
0.251474820536685,0.280036031816496,0.310062860642296,0.341487025056102,
0.374248981179566,0.408296204694688,0.443581911280201,0.480064081575675,
0.517704703379268,0.556469172550246,0.596325812279392,0.637245482255187,
0.679201257202018,0.722168159718701,0.766122936164398,0.811043867064428,
0.856910605486488,0.903704038295445,0.951406166283927,0.99956612747874),
 .UNSPECIFIED.);
#1841=B_SPLINE_CURVE_WITH_KNOTS('',3,(#3259,#3260,#3261,#3262,#3263,#3264,
#3265,#3266,#3267,#3268,#3269,#3270,#3271,#3272,#3273,#3274,#3275,#3276,
#3277,#3278,#3279,#3280,#3281,#3282,#3283,#3284,#3285,#3286,#3287,#3288,
#3289),.UNSPECIFIED.,.F.,.F.,(4,1,1,1,1,1,1,1,1,1,1,1,1,1,1,1,1,1,1,1,1,
1,1,1,1,1,1,1,4),(0.,0.0907306660296472,0.102079743994288,0.116731337750731,
0.1340673363298,0.153724510590635,0.175456334164872,0.19908131698572,0.224458619277306,
0.251474820536685,0.280036031816496,0.310062860642296,0.341487025056102,
0.374248981179566,0.408296204694688,0.443581911280201,0.480064081575675,
0.517704703379268,0.556469172550246,0.596325812279392,0.637245482255187,
0.679201257202018,0.722168159718701,0.766122936164398,0.811043867064428,
0.856910605486488,0.903704038295445,0.951406166283927,0.99956612747874),
 .UNSPECIFIED.);
#1842=B_SPLINE_CURVE_WITH_KNOTS('',3,(#3303,#3304,#3305,#3306,#3307,#3308,
#3309,#3310,#3311,#3312,#3313,#3314,#3315,#3316,#3317,#3318,#3319,#3320,
#3321,#3322,#3323,#3324,#3325,#3326,#3327,#3328,#3329,#3330,#3331,#3332,
#3333),.UNSPECIFIED.,.F.,.F.,(4,1,1,1,1,1,1,1,1,1,1,1,1,1,1,1,1,1,1,1,1,
1,1,1,1,1,1,1,4),(0.,0.0907306660296472,0.102079743994288,0.116731337750731,
0.1340673363298,0.153724510590635,0.175456334164872,0.19908131698572,0.224458619277306,
0.251474820536685,0.280036031816496,0.310062860642296,0.341487025056102,
0.374248981179566,0.408296204694688,0.443581911280201,0.480064081575675,
0.517704703379268,0.556469172550246,0.596325812279392,0.637245482255187,
0.679201257202018,0.722168159718701,0.766122936164398,0.811043867064428,
0.856910605486488,0.903704038295445,0.951406166283927,0.99956612747874),
 .UNSPECIFIED.);
#1843=B_SPLINE_CURVE_WITH_KNOTS('',3,(#3337,#3338,#3339,#3340,#3341,#3342,
#3343,#3344,#3345,#3346,#3347,#3348,#3349,#3350,#3351,#3352,#3353,#3354,
#3355,#3356,#3357,#3358,#3359,#3360,#3361,#3362,#3363,#3364,#3365,#3366,
#3367),.UNSPECIFIED.,.F.,.F.,(4,1,1,1,1,1,1,1,1,1,1,1,1,1,1,1,1,1,1,1,1,
1,1,1,1,1,1,1,4),(0.,0.0907306660296472,0.102079743994288,0.116731337750731,
0.1340673363298,0.153724510590635,0.175456334164872,0.19908131698572,0.224458619277306,
0.251474820536685,0.280036031816496,0.310062860642296,0.341487025056102,
0.374248981179566,0.408296204694688,0.443581911280201,0.480064081575675,
0.517704703379268,0.556469172550246,0.596325812279392,0.637245482255187,
0.679201257202018,0.722168159718701,0.766122936164398,0.811043867064428,
0.856910605486488,0.903704038295445,0.951406166283927,0.99956612747874),
 .UNSPECIFIED.);
#1844=B_SPLINE_CURVE_WITH_KNOTS('',3,(#3545,#3546,#3547,#3548,#3549,#3550,
#3551,#3552,#3553,#3554,#3555,#3556,#3557,#3558,#3559,#3560,#3561,#3562,
#3563,#3564,#3565,#3566,#3567,#3568,#3569,#3570,#3571,#3572,#3573,#3574,
#3575),.UNSPECIFIED.,.F.,.F.,(4,1,1,1,1,1,1,1,1,1,1,1,1,1,1,1,1,1,1,1,1,
1,1,1,1,1,1,1,4),(0.,0.0907306660296472,0.102079743994288,0.116731337750731,
0.1340673363298,0.153724510590635,0.175456334164872,0.19908131698572,0.224458619277306,
0.251474820536685,0.280036031816496,0.310062860642296,0.341487025056102,
0.374248981179566,0.408296204694688,0.443581911280201,0.480064081575675,
0.517704703379268,0.556469172550246,0.596325812279392,0.637245482255187,
0.679201257202018,0.722168159718701,0.766122936164398,0.811043867064428,
0.856910605486488,0.903704038295445,0.951406166283927,0.99956612747874),
 .UNSPECIFIED.);
#1845=B_SPLINE_CURVE_WITH_KNOTS('',3,(#3583,#3584,#3585,#3586,#3587,#3588,
#3589,#3590,#3591,#3592,#3593,#3594,#3595,#3596,#3597,#3598,#3599,#3600,
#3601,#3602,#3603,#3604,#3605,#3606,#3607,#3608,#3609,#3610,#3611,#3612,
#3613),.UNSPECIFIED.,.F.,.F.,(4,1,1,1,1,1,1,1,1,1,1,1,1,1,1,1,1,1,1,1,1,
1,1,1,1,1,1,1,4),(0.,0.0907306660296472,0.102079743994288,0.116731337750731,
0.1340673363298,0.153724510590635,0.175456334164872,0.19908131698572,0.224458619277306,
0.251474820536685,0.280036031816496,0.310062860642296,0.341487025056102,
0.374248981179566,0.408296204694688,0.443581911280201,0.480064081575675,
0.517704703379268,0.556469172550246,0.596325812279392,0.637245482255187,
0.679201257202018,0.722168159718701,0.766122936164398,0.811043867064428,
0.856910605486488,0.903704038295445,0.951406166283927,0.99956612747874),
 .UNSPECIFIED.);
#1846=B_SPLINE_CURVE_WITH_KNOTS('',3,(#3614,#3615,#3616,#3617,#3618,#3619,
#3620,#3621,#3622,#3623,#3624,#3625,#3626,#3627,#3628,#3629,#3630,#3631,
#3632,#3633,#3634,#3635,#3636,#3637,#3638,#3639,#3640,#3641,#3642,#3643,
#3644),.UNSPECIFIED.,.F.,.F.,(4,1,1,1,1,1,1,1,1,1,1,1,1,1,1,1,1,1,1,1,1,
1,1,1,1,1,1,1,4),(0.,0.0907306660296472,0.102079743994288,0.116731337750731,
0.1340673363298,0.153724510590635,0.175456334164872,0.19908131698572,0.224458619277306,
0.251474820536685,0.280036031816496,0.310062860642296,0.341487025056102,
0.374248981179566,0.408296204694688,0.443581911280201,0.480064081575675,
0.517704703379268,0.556469172550246,0.596325812279392,0.637245482255187,
0.679201257202018,0.722168159718701,0.766122936164398,0.811043867064428,
0.856910605486488,0.903704038295445,0.951406166283927,0.99956612747874),
 .UNSPECIFIED.);
#1847=B_SPLINE_CURVE_WITH_KNOTS('',3,(#3652,#3653,#3654,#3655,#3656,#3657,
#3658,#3659,#3660,#3661,#3662,#3663,#3664,#3665,#3666,#3667,#3668,#3669,
#3670,#3671,#3672,#3673,#3674,#3675,#3676,#3677,#3678,#3679,#3680,#3681,
#3682),.UNSPECIFIED.,.F.,.F.,(4,1,1,1,1,1,1,1,1,1,1,1,1,1,1,1,1,1,1,1,1,
1,1,1,1,1,1,1,4),(0.,0.0907306660296472,0.102079743994288,0.116731337750731,
0.1340673363298,0.153724510590635,0.175456334164872,0.19908131698572,0.224458619277306,
0.251474820536685,0.280036031816496,0.310062860642296,0.341487025056102,
0.374248981179566,0.408296204694688,0.443581911280201,0.480064081575675,
0.517704703379268,0.556469172550246,0.596325812279392,0.637245482255187,
0.679201257202018,0.722168159718701,0.766122936164398,0.811043867064428,
0.856910605486488,0.903704038295445,0.951406166283927,0.99956612747874),
 .UNSPECIFIED.);
#1848=B_SPLINE_CURVE_WITH_KNOTS('',3,(#3683,#3684,#3685,#3686,#3687,#3688,
#3689,#3690,#3691,#3692,#3693,#3694,#3695,#3696,#3697,#3698,#3699,#3700,
#3701,#3702,#3703,#3704,#3705,#3706,#3707,#3708,#3709,#3710,#3711,#3712,
#3713),.UNSPECIFIED.,.F.,.F.,(4,1,1,1,1,1,1,1,1,1,1,1,1,1,1,1,1,1,1,1,1,
1,1,1,1,1,1,1,4),(0.,0.0907306660296472,0.102079743994288,0.116731337750731,
0.1340673363298,0.153724510590635,0.175456334164872,0.19908131698572,0.224458619277306,
0.251474820536685,0.280036031816496,0.310062860642296,0.341487025056102,
0.374248981179566,0.408296204694688,0.443581911280201,0.480064081575675,
0.517704703379268,0.556469172550246,0.596325812279392,0.637245482255187,
0.679201257202018,0.722168159718701,0.766122936164398,0.811043867064428,
0.856910605486488,0.903704038295445,0.951406166283927,0.99956612747874),
 .UNSPECIFIED.);
#1849=B_SPLINE_CURVE_WITH_KNOTS('',3,(#3721,#3722,#3723,#3724,#3725,#3726,
#3727,#3728,#3729,#3730,#3731,#3732,#3733,#3734,#3735,#3736,#3737,#3738,
#3739,#3740,#3741,#3742,#3743,#3744,#3745,#3746,#3747,#3748,#3749,#3750,
#3751),.UNSPECIFIED.,.F.,.F.,(4,1,1,1,1,1,1,1,1,1,1,1,1,1,1,1,1,1,1,1,1,
1,1,1,1,1,1,1,4),(0.,0.0907306660296472,0.102079743994288,0.116731337750731,
0.1340673363298,0.153724510590635,0.175456334164872,0.19908131698572,0.224458619277306,
0.251474820536685,0.280036031816496,0.310062860642296,0.341487025056102,
0.374248981179566,0.408296204694688,0.443581911280201,0.480064081575675,
0.517704703379268,0.556469172550246,0.596325812279392,0.637245482255187,
0.679201257202018,0.722168159718701,0.766122936164398,0.811043867064428,
0.856910605486488,0.903704038295445,0.951406166283927,0.99956612747874),
 .UNSPECIFIED.);
#1850=B_SPLINE_CURVE_WITH_KNOTS('',3,(#3752,#3753,#3754,#3755,#3756,#3757,
#3758,#3759,#3760,#3761,#3762,#3763,#3764,#3765,#3766,#3767,#3768,#3769,
#3770,#3771,#3772,#3773,#3774,#3775,#3776,#3777,#3778,#3779,#3780,#3781,
#3782),.UNSPECIFIED.,.F.,.F.,(4,1,1,1,1,1,1,1,1,1,1,1,1,1,1,1,1,1,1,1,1,
1,1,1,1,1,1,1,4),(0.,0.0907306660296472,0.102079743994288,0.116731337750731,
0.1340673363298,0.153724510590635,0.175456334164872,0.19908131698572,0.224458619277306,
0.251474820536685,0.280036031816496,0.310062860642296,0.341487025056102,
0.374248981179566,0.408296204694688,0.443581911280201,0.480064081575675,
0.517704703379268,0.556469172550246,0.596325812279392,0.637245482255187,
0.679201257202018,0.722168159718701,0.766122936164398,0.811043867064428,
0.856910605486488,0.903704038295445,0.951406166283927,0.99956612747874),
 .UNSPECIFIED.);
#1851=B_SPLINE_CURVE_WITH_KNOTS('',3,(#3790,#3791,#3792,#3793,#3794,#3795,
#3796,#3797,#3798,#3799,#3800,#3801,#3802,#3803,#3804,#3805,#3806,#3807,
#3808,#3809,#3810,#3811,#3812,#3813,#3814,#3815,#3816,#3817,#3818,#3819,
#3820),.UNSPECIFIED.,.F.,.F.,(4,1,1,1,1,1,1,1,1,1,1,1,1,1,1,1,1,1,1,1,1,
1,1,1,1,1,1,1,4),(0.,0.0907306660296472,0.102079743994288,0.116731337750731,
0.1340673363298,0.153724510590635,0.175456334164872,0.19908131698572,0.224458619277306,
0.251474820536685,0.280036031816496,0.310062860642296,0.341487025056102,
0.374248981179566,0.408296204694688,0.443581911280201,0.480064081575675,
0.517704703379268,0.556469172550246,0.596325812279392,0.637245482255187,
0.679201257202018,0.722168159718701,0.766122936164398,0.811043867064428,
0.856910605486488,0.903704038295445,0.951406166283927,0.99956612747874),
 .UNSPECIFIED.);
#1852=B_SPLINE_CURVE_WITH_KNOTS('',3,(#3821,#3822,#3823,#3824,#3825,#3826,
#3827,#3828,#3829,#3830,#3831,#3832,#3833,#3834,#3835,#3836,#3837,#3838,
#3839,#3840,#3841,#3842,#3843,#3844,#3845,#3846,#3847,#3848,#3849,#3850,
#3851),.UNSPECIFIED.,.F.,.F.,(4,1,1,1,1,1,1,1,1,1,1,1,1,1,1,1,1,1,1,1,1,
1,1,1,1,1,1,1,4),(0.,0.0907306660296472,0.102079743994288,0.116731337750731,
0.1340673363298,0.153724510590635,0.175456334164872,0.19908131698572,0.224458619277306,
0.251474820536685,0.280036031816496,0.310062860642296,0.341487025056102,
0.374248981179566,0.408296204694688,0.443581911280201,0.480064081575675,
0.517704703379268,0.556469172550246,0.596325812279392,0.637245482255187,
0.679201257202018,0.722168159718701,0.766122936164398,0.811043867064428,
0.856910605486488,0.903704038295445,0.951406166283927,0.99956612747874),
 .UNSPECIFIED.);
#1853=B_SPLINE_CURVE_WITH_KNOTS('',3,(#3859,#3860,#3861,#3862,#3863,#3864,
#3865,#3866,#3867,#3868,#3869,#3870,#3871,#3872,#3873,#3874,#3875,#3876,
#3877,#3878,#3879,#3880,#3881,#3882,#3883,#3884,#3885,#3886,#3887,#3888,
#3889),.UNSPECIFIED.,.F.,.F.,(4,1,1,1,1,1,1,1,1,1,1,1,1,1,1,1,1,1,1,1,1,
1,1,1,1,1,1,1,4),(0.,0.0907306660296472,0.102079743994288,0.116731337750731,
0.1340673363298,0.153724510590635,0.175456334164872,0.19908131698572,0.224458619277306,
0.251474820536685,0.280036031816496,0.310062860642296,0.341487025056102,
0.374248981179566,0.408296204694688,0.443581911280201,0.480064081575675,
0.517704703379268,0.556469172550246,0.596325812279392,0.637245482255187,
0.679201257202018,0.722168159718701,0.766122936164398,0.811043867064428,
0.856910605486488,0.903704038295445,0.951406166283927,0.99956612747874),
 .UNSPECIFIED.);
#1854=B_SPLINE_CURVE_WITH_KNOTS('',3,(#3890,#3891,#3892,#3893,#3894,#3895,
#3896,#3897,#3898,#3899,#3900,#3901,#3902,#3903,#3904,#3905,#3906,#3907,
#3908,#3909,#3910,#3911,#3912,#3913,#3914,#3915,#3916,#3917,#3918,#3919,
#3920),.UNSPECIFIED.,.F.,.F.,(4,1,1,1,1,1,1,1,1,1,1,1,1,1,1,1,1,1,1,1,1,
1,1,1,1,1,1,1,4),(0.,0.0907306660296472,0.102079743994288,0.116731337750731,
0.1340673363298,0.153724510590635,0.175456334164872,0.19908131698572,0.224458619277306,
0.251474820536685,0.280036031816496,0.310062860642296,0.341487025056102,
0.374248981179566,0.408296204694688,0.443581911280201,0.480064081575675,
0.517704703379268,0.556469172550246,0.596325812279392,0.637245482255187,
0.679201257202018,0.722168159718701,0.766122936164398,0.811043867064428,
0.856910605486488,0.903704038295445,0.951406166283927,0.99956612747874),
 .UNSPECIFIED.);
#1855=B_SPLINE_CURVE_WITH_KNOTS('',3,(#3928,#3929,#3930,#3931,#3932,#3933,
#3934,#3935,#3936,#3937,#3938,#3939,#3940,#3941,#3942,#3943,#3944,#3945,
#3946,#3947,#3948,#3949,#3950,#3951,#3952,#3953,#3954,#3955,#3956,#3957,
#3958),.UNSPECIFIED.,.F.,.F.,(4,1,1,1,1,1,1,1,1,1,1,1,1,1,1,1,1,1,1,1,1,
1,1,1,1,1,1,1,4),(0.,0.0907306660296472,0.102079743994288,0.116731337750731,
0.1340673363298,0.153724510590635,0.175456334164872,0.19908131698572,0.224458619277306,
0.251474820536685,0.280036031816496,0.310062860642296,0.341487025056102,
0.374248981179566,0.408296204694688,0.443581911280201,0.480064081575675,
0.517704703379268,0.556469172550246,0.596325812279392,0.637245482255187,
0.679201257202018,0.722168159718701,0.766122936164398,0.811043867064428,
0.856910605486488,0.903704038295445,0.951406166283927,0.99956612747874),
 .UNSPECIFIED.);
#1856=B_SPLINE_CURVE_WITH_KNOTS('',3,(#3959,#3960,#3961,#3962,#3963,#3964,
#3965,#3966,#3967,#3968,#3969,#3970,#3971,#3972,#3973,#3974,#3975,#3976,
#3977,#3978,#3979,#3980,#3981,#3982,#3983,#3984,#3985,#3986,#3987,#3988,
#3989),.UNSPECIFIED.,.F.,.F.,(4,1,1,1,1,1,1,1,1,1,1,1,1,1,1,1,1,1,1,1,1,
1,1,1,1,1,1,1,4),(0.,0.0907306660296472,0.102079743994288,0.116731337750731,
0.1340673363298,0.153724510590635,0.175456334164872,0.19908131698572,0.224458619277306,
0.251474820536685,0.280036031816496,0.310062860642296,0.341487025056102,
0.374248981179566,0.408296204694688,0.443581911280201,0.480064081575675,
0.517704703379268,0.556469172550246,0.596325812279392,0.637245482255187,
0.679201257202018,0.722168159718701,0.766122936164398,0.811043867064428,
0.856910605486488,0.903704038295445,0.951406166283927,0.99956612747874),
 .UNSPECIFIED.);
#1857=B_SPLINE_CURVE_WITH_KNOTS('',3,(#3997,#3998,#3999,#4000,#4001,#4002,
#4003,#4004,#4005,#4006,#4007,#4008,#4009,#4010,#4011,#4012,#4013,#4014,
#4015,#4016,#4017,#4018,#4019,#4020,#4021,#4022,#4023,#4024,#4025,#4026,
#4027),.UNSPECIFIED.,.F.,.F.,(4,1,1,1,1,1,1,1,1,1,1,1,1,1,1,1,1,1,1,1,1,
1,1,1,1,1,1,1,4),(0.,0.0907306660296472,0.102079743994288,0.116731337750731,
0.1340673363298,0.153724510590635,0.175456334164872,0.19908131698572,0.224458619277306,
0.251474820536685,0.280036031816496,0.310062860642296,0.341487025056102,
0.374248981179566,0.408296204694688,0.443581911280201,0.480064081575675,
0.517704703379268,0.556469172550246,0.596325812279392,0.637245482255187,
0.679201257202018,0.722168159718701,0.766122936164398,0.811043867064428,
0.856910605486488,0.903704038295445,0.951406166283927,0.99956612747874),
 .UNSPECIFIED.);
#1858=B_SPLINE_CURVE_WITH_KNOTS('',3,(#4028,#4029,#4030,#4031,#4032,#4033,
#4034,#4035,#4036,#4037,#4038,#4039,#4040,#4041,#4042,#4043,#4044,#4045,
#4046,#4047,#4048,#4049,#4050,#4051,#4052,#4053,#4054,#4055,#4056,#4057,
#4058),.UNSPECIFIED.,.F.,.F.,(4,1,1,1,1,1,1,1,1,1,1,1,1,1,1,1,1,1,1,1,1,
1,1,1,1,1,1,1,4),(0.,0.0907306660296472,0.102079743994288,0.116731337750731,
0.1340673363298,0.153724510590635,0.175456334164872,0.19908131698572,0.224458619277306,
0.251474820536685,0.280036031816496,0.310062860642296,0.341487025056102,
0.374248981179566,0.408296204694688,0.443581911280201,0.480064081575675,
0.517704703379268,0.556469172550246,0.596325812279392,0.637245482255187,
0.679201257202018,0.722168159718701,0.766122936164398,0.811043867064428,
0.856910605486488,0.903704038295445,0.951406166283927,0.99956612747874),
 .UNSPECIFIED.);
#1859=B_SPLINE_CURVE_WITH_KNOTS('',3,(#4066,#4067,#4068,#4069,#4070,#4071,
#4072,#4073,#4074,#4075,#4076,#4077,#4078,#4079,#4080,#4081,#4082,#4083,
#4084,#4085,#4086,#4087,#4088,#4089,#4090,#4091,#4092,#4093,#4094,#4095,
#4096),.UNSPECIFIED.,.F.,.F.,(4,1,1,1,1,1,1,1,1,1,1,1,1,1,1,1,1,1,1,1,1,
1,1,1,1,1,1,1,4),(0.,0.0907306660296472,0.102079743994288,0.116731337750731,
0.1340673363298,0.153724510590635,0.175456334164872,0.19908131698572,0.224458619277306,
0.251474820536685,0.280036031816496,0.310062860642296,0.341487025056102,
0.374248981179566,0.408296204694688,0.443581911280201,0.480064081575675,
0.517704703379268,0.556469172550246,0.596325812279392,0.637245482255187,
0.679201257202018,0.722168159718701,0.766122936164398,0.811043867064428,
0.856910605486488,0.903704038295445,0.951406166283927,0.99956612747874),
 .UNSPECIFIED.);
#1860=B_SPLINE_CURVE_WITH_KNOTS('',3,(#4097,#4098,#4099,#4100,#4101,#4102,
#4103,#4104,#4105,#4106,#4107,#4108,#4109,#4110,#4111,#4112,#4113,#4114,
#4115,#4116,#4117,#4118,#4119,#4120,#4121,#4122,#4123,#4124,#4125,#4126,
#4127),.UNSPECIFIED.,.F.,.F.,(4,1,1,1,1,1,1,1,1,1,1,1,1,1,1,1,1,1,1,1,1,
1,1,1,1,1,1,1,4),(0.,0.0907306660296472,0.102079743994288,0.116731337750731,
0.1340673363298,0.153724510590635,0.175456334164872,0.19908131698572,0.224458619277306,
0.251474820536685,0.280036031816496,0.310062860642296,0.341487025056102,
0.374248981179566,0.408296204694688,0.443581911280201,0.480064081575675,
0.517704703379268,0.556469172550246,0.596325812279392,0.637245482255187,
0.679201257202018,0.722168159718701,0.766122936164398,0.811043867064428,
0.856910605486488,0.903704038295445,0.951406166283927,0.99956612747874),
 .UNSPECIFIED.);
#1861=B_SPLINE_CURVE_WITH_KNOTS('',3,(#4135,#4136,#4137,#4138,#4139,#4140,
#4141,#4142,#4143,#4144,#4145,#4146,#4147,#4148,#4149,#4150,#4151,#4152,
#4153,#4154,#4155,#4156,#4157,#4158,#4159,#4160,#4161,#4162,#4163,#4164,
#4165),.UNSPECIFIED.,.F.,.F.,(4,1,1,1,1,1,1,1,1,1,1,1,1,1,1,1,1,1,1,1,1,
1,1,1,1,1,1,1,4),(0.,0.0907306660296472,0.102079743994288,0.116731337750731,
0.1340673363298,0.153724510590635,0.175456334164872,0.19908131698572,0.224458619277306,
0.251474820536685,0.280036031816496,0.310062860642296,0.341487025056102,
0.374248981179566,0.408296204694688,0.443581911280201,0.480064081575675,
0.517704703379268,0.556469172550246,0.596325812279392,0.637245482255187,
0.679201257202018,0.722168159718701,0.766122936164398,0.811043867064428,
0.856910605486488,0.903704038295445,0.951406166283927,0.99956612747874),
 .UNSPECIFIED.);
#1862=B_SPLINE_CURVE_WITH_KNOTS('',3,(#4166,#4167,#4168,#4169,#4170,#4171,
#4172,#4173,#4174,#4175,#4176,#4177,#4178,#4179,#4180,#4181,#4182,#4183,
#4184,#4185,#4186,#4187,#4188,#4189,#4190,#4191,#4192,#4193,#4194,#4195,
#4196),.UNSPECIFIED.,.F.,.F.,(4,1,1,1,1,1,1,1,1,1,1,1,1,1,1,1,1,1,1,1,1,
1,1,1,1,1,1,1,4),(0.,0.0907306660296472,0.102079743994288,0.116731337750731,
0.1340673363298,0.153724510590635,0.175456334164872,0.19908131698572,0.224458619277306,
0.251474820536685,0.280036031816496,0.310062860642296,0.341487025056102,
0.374248981179566,0.408296204694688,0.443581911280201,0.480064081575675,
0.517704703379268,0.556469172550246,0.596325812279392,0.637245482255187,
0.679201257202018,0.722168159718701,0.766122936164398,0.811043867064428,
0.856910605486488,0.903704038295445,0.951406166283927,0.99956612747874),
 .UNSPECIFIED.);
#1863=B_SPLINE_CURVE_WITH_KNOTS('',3,(#4204,#4205,#4206,#4207,#4208,#4209,
#4210,#4211,#4212,#4213,#4214,#4215,#4216,#4217,#4218,#4219,#4220,#4221,
#4222,#4223,#4224,#4225,#4226,#4227,#4228,#4229,#4230,#4231,#4232,#4233,
#4234),.UNSPECIFIED.,.F.,.F.,(4,1,1,1,1,1,1,1,1,1,1,1,1,1,1,1,1,1,1,1,1,
1,1,1,1,1,1,1,4),(0.,0.0907306660296472,0.102079743994288,0.116731337750731,
0.1340673363298,0.153724510590635,0.175456334164872,0.19908131698572,0.224458619277306,
0.251474820536685,0.280036031816496,0.310062860642296,0.341487025056102,
0.374248981179566,0.408296204694688,0.443581911280201,0.480064081575675,
0.517704703379268,0.556469172550246,0.596325812279392,0.637245482255187,
0.679201257202018,0.722168159718701,0.766122936164398,0.811043867064428,
0.856910605486488,0.903704038295445,0.951406166283927,0.99956612747874),
 .UNSPECIFIED.);
#1864=B_SPLINE_CURVE_WITH_KNOTS('',3,(#4235,#4236,#4237,#4238,#4239,#4240,
#4241,#4242,#4243,#4244,#4245,#4246,#4247,#4248,#4249,#4250,#4251,#4252,
#4253,#4254,#4255,#4256,#4257,#4258,#4259,#4260,#4261,#4262,#4263,#4264,
#4265),.UNSPECIFIED.,.F.,.F.,(4,1,1,1,1,1,1,1,1,1,1,1,1,1,1,1,1,1,1,1,1,
1,1,1,1,1,1,1,4),(0.,0.0907306660296472,0.102079743994288,0.116731337750731,
0.1340673363298,0.153724510590635,0.175456334164872,0.19908131698572,0.224458619277306,
0.251474820536685,0.280036031816496,0.310062860642296,0.341487025056102,
0.374248981179566,0.408296204694688,0.443581911280201,0.480064081575675,
0.517704703379268,0.556469172550246,0.596325812279392,0.637245482255187,
0.679201257202018,0.722168159718701,0.766122936164398,0.811043867064428,
0.856910605486488,0.903704038295445,0.951406166283927,0.99956612747874),
 .UNSPECIFIED.);
#1865=B_SPLINE_CURVE_WITH_KNOTS('',3,(#4273,#4274,#4275,#4276,#4277,#4278,
#4279,#4280,#4281,#4282,#4283,#4284,#4285,#4286,#4287,#4288,#4289,#4290,
#4291,#4292,#4293,#4294,#4295,#4296,#4297,#4298,#4299,#4300,#4301,#4302,
#4303),.UNSPECIFIED.,.F.,.F.,(4,1,1,1,1,1,1,1,1,1,1,1,1,1,1,1,1,1,1,1,1,
1,1,1,1,1,1,1,4),(0.,0.0907306660296472,0.102079743994288,0.116731337750731,
0.1340673363298,0.153724510590635,0.175456334164872,0.19908131698572,0.224458619277306,
0.251474820536685,0.280036031816496,0.310062860642296,0.341487025056102,
0.374248981179566,0.408296204694688,0.443581911280201,0.480064081575675,
0.517704703379268,0.556469172550246,0.596325812279392,0.637245482255187,
0.679201257202018,0.722168159718701,0.766122936164398,0.811043867064428,
0.856910605486488,0.903704038295445,0.951406166283927,0.99956612747874),
 .UNSPECIFIED.);
#1866=B_SPLINE_CURVE_WITH_KNOTS('',3,(#4304,#4305,#4306,#4307,#4308,#4309,
#4310,#4311,#4312,#4313,#4314,#4315,#4316,#4317,#4318,#4319,#4320,#4321,
#4322,#4323,#4324,#4325,#4326,#4327,#4328,#4329,#4330,#4331,#4332,#4333,
#4334),.UNSPECIFIED.,.F.,.F.,(4,1,1,1,1,1,1,1,1,1,1,1,1,1,1,1,1,1,1,1,1,
1,1,1,1,1,1,1,4),(0.,0.0907306660296472,0.102079743994288,0.116731337750731,
0.1340673363298,0.153724510590635,0.175456334164872,0.19908131698572,0.224458619277306,
0.251474820536685,0.280036031816496,0.310062860642296,0.341487025056102,
0.374248981179566,0.408296204694688,0.443581911280201,0.480064081575675,
0.517704703379268,0.556469172550246,0.596325812279392,0.637245482255187,
0.679201257202018,0.722168159718701,0.766122936164398,0.811043867064428,
0.856910605486488,0.903704038295445,0.951406166283927,0.99956612747874),
 .UNSPECIFIED.);
#1867=B_SPLINE_CURVE_WITH_KNOTS('',3,(#4342,#4343,#4344,#4345,#4346,#4347,
#4348,#4349,#4350,#4351,#4352,#4353,#4354,#4355,#4356,#4357,#4358,#4359,
#4360,#4361,#4362,#4363,#4364,#4365,#4366,#4367,#4368,#4369,#4370,#4371,
#4372),.UNSPECIFIED.,.F.,.F.,(4,1,1,1,1,1,1,1,1,1,1,1,1,1,1,1,1,1,1,1,1,
1,1,1,1,1,1,1,4),(0.,0.0907306660296472,0.102079743994288,0.116731337750731,
0.1340673363298,0.153724510590635,0.175456334164872,0.19908131698572,0.224458619277306,
0.251474820536685,0.280036031816496,0.310062860642296,0.341487025056102,
0.374248981179566,0.408296204694688,0.443581911280201,0.480064081575675,
0.517704703379268,0.556469172550246,0.596325812279392,0.637245482255187,
0.679201257202018,0.722168159718701,0.766122936164398,0.811043867064428,
0.856910605486488,0.903704038295445,0.951406166283927,0.99956612747874),
 .UNSPECIFIED.);
#1868=B_SPLINE_CURVE_WITH_KNOTS('',3,(#4373,#4374,#4375,#4376,#4377,#4378,
#4379,#4380,#4381,#4382,#4383,#4384,#4385,#4386,#4387,#4388,#4389,#4390,
#4391,#4392,#4393,#4394,#4395,#4396,#4397,#4398,#4399,#4400,#4401,#4402,
#4403),.UNSPECIFIED.,.F.,.F.,(4,1,1,1,1,1,1,1,1,1,1,1,1,1,1,1,1,1,1,1,1,
1,1,1,1,1,1,1,4),(0.,0.0907306660296472,0.102079743994288,0.116731337750731,
0.1340673363298,0.153724510590635,0.175456334164872,0.19908131698572,0.224458619277306,
0.251474820536685,0.280036031816496,0.310062860642296,0.341487025056102,
0.374248981179566,0.408296204694688,0.443581911280201,0.480064081575675,
0.517704703379268,0.556469172550246,0.596325812279392,0.637245482255187,
0.679201257202018,0.722168159718701,0.766122936164398,0.811043867064428,
0.856910605486488,0.903704038295445,0.951406166283927,0.99956612747874),
 .UNSPECIFIED.);
#1869=B_SPLINE_CURVE_WITH_KNOTS('',3,(#4411,#4412,#4413,#4414,#4415,#4416,
#4417,#4418,#4419,#4420,#4421,#4422,#4423,#4424,#4425,#4426,#4427,#4428,
#4429,#4430,#4431,#4432,#4433,#4434,#4435,#4436,#4437,#4438,#4439,#4440,
#4441),.UNSPECIFIED.,.F.,.F.,(4,1,1,1,1,1,1,1,1,1,1,1,1,1,1,1,1,1,1,1,1,
1,1,1,1,1,1,1,4),(0.,0.0907306660296472,0.102079743994288,0.116731337750731,
0.1340673363298,0.153724510590635,0.175456334164872,0.19908131698572,0.224458619277306,
0.251474820536685,0.280036031816496,0.310062860642296,0.341487025056102,
0.374248981179566,0.408296204694688,0.443581911280201,0.480064081575675,
0.517704703379268,0.556469172550246,0.596325812279392,0.637245482255187,
0.679201257202018,0.722168159718701,0.766122936164398,0.811043867064428,
0.856910605486488,0.903704038295445,0.951406166283927,0.99956612747874),
 .UNSPECIFIED.);
#1870=B_SPLINE_CURVE_WITH_KNOTS('',3,(#4442,#4443,#4444,#4445,#4446,#4447,
#4448,#4449,#4450,#4451,#4452,#4453,#4454,#4455,#4456,#4457,#4458,#4459,
#4460,#4461,#4462,#4463,#4464,#4465,#4466,#4467,#4468,#4469,#4470,#4471,
#4472),.UNSPECIFIED.,.F.,.F.,(4,1,1,1,1,1,1,1,1,1,1,1,1,1,1,1,1,1,1,1,1,
1,1,1,1,1,1,1,4),(0.,0.0907306660296472,0.102079743994288,0.116731337750731,
0.1340673363298,0.153724510590635,0.175456334164872,0.19908131698572,0.224458619277306,
0.251474820536685,0.280036031816496,0.310062860642296,0.341487025056102,
0.374248981179566,0.408296204694688,0.443581911280201,0.480064081575675,
0.517704703379268,0.556469172550246,0.596325812279392,0.637245482255187,
0.679201257202018,0.722168159718701,0.766122936164398,0.811043867064428,
0.856910605486488,0.903704038295445,0.951406166283927,0.99956612747874),
 .UNSPECIFIED.);
#1871=B_SPLINE_CURVE_WITH_KNOTS('',3,(#4480,#4481,#4482,#4483,#4484,#4485,
#4486,#4487,#4488,#4489,#4490,#4491,#4492,#4493,#4494,#4495,#4496,#4497,
#4498,#4499,#4500,#4501,#4502,#4503,#4504,#4505,#4506,#4507,#4508,#4509,
#4510),.UNSPECIFIED.,.F.,.F.,(4,1,1,1,1,1,1,1,1,1,1,1,1,1,1,1,1,1,1,1,1,
1,1,1,1,1,1,1,4),(0.,0.0907306660296472,0.102079743994288,0.116731337750731,
0.1340673363298,0.153724510590635,0.175456334164872,0.19908131698572,0.224458619277306,
0.251474820536685,0.280036031816496,0.310062860642296,0.341487025056102,
0.374248981179566,0.408296204694688,0.443581911280201,0.480064081575675,
0.517704703379268,0.556469172550246,0.596325812279392,0.637245482255187,
0.679201257202018,0.722168159718701,0.766122936164398,0.811043867064428,
0.856910605486488,0.903704038295445,0.951406166283927,0.99956612747874),
 .UNSPECIFIED.);
#1872=B_SPLINE_CURVE_WITH_KNOTS('',3,(#4511,#4512,#4513,#4514,#4515,#4516,
#4517,#4518,#4519,#4520,#4521,#4522,#4523,#4524,#4525,#4526,#4527,#4528,
#4529,#4530,#4531,#4532,#4533,#4534,#4535,#4536,#4537,#4538,#4539,#4540,
#4541),.UNSPECIFIED.,.F.,.F.,(4,1,1,1,1,1,1,1,1,1,1,1,1,1,1,1,1,1,1,1,1,
1,1,1,1,1,1,1,4),(0.,0.0907306660296472,0.102079743994288,0.116731337750731,
0.1340673363298,0.153724510590635,0.175456334164872,0.19908131698572,0.224458619277306,
0.251474820536685,0.280036031816496,0.310062860642296,0.341487025056102,
0.374248981179566,0.408296204694688,0.443581911280201,0.480064081575675,
0.517704703379268,0.556469172550246,0.596325812279392,0.637245482255187,
0.679201257202018,0.722168159718701,0.766122936164398,0.811043867064428,
0.856910605486488,0.903704038295445,0.951406166283927,0.99956612747874),
 .UNSPECIFIED.);
#1873=B_SPLINE_CURVE_WITH_KNOTS('',3,(#4549,#4550,#4551,#4552,#4553,#4554,
#4555,#4556,#4557,#4558,#4559,#4560,#4561,#4562,#4563,#4564,#4565,#4566,
#4567,#4568,#4569,#4570,#4571,#4572,#4573,#4574,#4575,#4576,#4577,#4578,
#4579),.UNSPECIFIED.,.F.,.F.,(4,1,1,1,1,1,1,1,1,1,1,1,1,1,1,1,1,1,1,1,1,
1,1,1,1,1,1,1,4),(0.,0.0907306660296472,0.102079743994288,0.116731337750731,
0.1340673363298,0.153724510590635,0.175456334164872,0.19908131698572,0.224458619277306,
0.251474820536685,0.280036031816496,0.310062860642296,0.341487025056102,
0.374248981179566,0.408296204694688,0.443581911280201,0.480064081575675,
0.517704703379268,0.556469172550246,0.596325812279392,0.637245482255187,
0.679201257202018,0.722168159718701,0.766122936164398,0.811043867064428,
0.856910605486488,0.903704038295445,0.951406166283927,0.99956612747874),
 .UNSPECIFIED.);
#1874=B_SPLINE_CURVE_WITH_KNOTS('',3,(#4580,#4581,#4582,#4583,#4584,#4585,
#4586,#4587,#4588,#4589,#4590,#4591,#4592,#4593,#4594,#4595,#4596,#4597,
#4598,#4599,#4600,#4601,#4602,#4603,#4604,#4605,#4606,#4607,#4608,#4609,
#4610),.UNSPECIFIED.,.F.,.F.,(4,1,1,1,1,1,1,1,1,1,1,1,1,1,1,1,1,1,1,1,1,
1,1,1,1,1,1,1,4),(0.,0.0907306660296472,0.102079743994288,0.116731337750731,
0.1340673363298,0.153724510590635,0.175456334164872,0.19908131698572,0.224458619277306,
0.251474820536685,0.280036031816496,0.310062860642296,0.341487025056102,
0.374248981179566,0.408296204694688,0.443581911280201,0.480064081575675,
0.517704703379268,0.556469172550246,0.596325812279392,0.637245482255187,
0.679201257202018,0.722168159718701,0.766122936164398,0.811043867064428,
0.856910605486488,0.903704038295445,0.951406166283927,0.99956612747874),
 .UNSPECIFIED.);
#1875=B_SPLINE_CURVE_WITH_KNOTS('',3,(#4618,#4619,#4620,#4621,#4622,#4623,
#4624,#4625,#4626,#4627,#4628,#4629,#4630,#4631,#4632,#4633,#4634,#4635,
#4636,#4637,#4638,#4639,#4640,#4641,#4642,#4643,#4644,#4645,#4646,#4647,
#4648),.UNSPECIFIED.,.F.,.F.,(4,1,1,1,1,1,1,1,1,1,1,1,1,1,1,1,1,1,1,1,1,
1,1,1,1,1,1,1,4),(0.,0.0907306660296472,0.102079743994288,0.116731337750731,
0.1340673363298,0.153724510590635,0.175456334164872,0.19908131698572,0.224458619277306,
0.251474820536685,0.280036031816496,0.310062860642296,0.341487025056102,
0.374248981179566,0.408296204694688,0.443581911280201,0.480064081575675,
0.517704703379268,0.556469172550246,0.596325812279392,0.637245482255187,
0.679201257202018,0.722168159718701,0.766122936164398,0.811043867064428,
0.856910605486488,0.903704038295445,0.951406166283927,0.99956612747874),
 .UNSPECIFIED.);
#1876=B_SPLINE_CURVE_WITH_KNOTS('',3,(#4649,#4650,#4651,#4652,#4653,#4654,
#4655,#4656,#4657,#4658,#4659,#4660,#4661,#4662,#4663,#4664,#4665,#4666,
#4667,#4668,#4669,#4670,#4671,#4672,#4673,#4674,#4675,#4676,#4677,#4678,
#4679),.UNSPECIFIED.,.F.,.F.,(4,1,1,1,1,1,1,1,1,1,1,1,1,1,1,1,1,1,1,1,1,
1,1,1,1,1,1,1,4),(0.,0.0907306660296472,0.102079743994288,0.116731337750731,
0.1340673363298,0.153724510590635,0.175456334164872,0.19908131698572,0.224458619277306,
0.251474820536685,0.280036031816496,0.310062860642296,0.341487025056102,
0.374248981179566,0.408296204694688,0.443581911280201,0.480064081575675,
0.517704703379268,0.556469172550246,0.596325812279392,0.637245482255187,
0.679201257202018,0.722168159718701,0.766122936164398,0.811043867064428,
0.856910605486488,0.903704038295445,0.951406166283927,0.99956612747874),
 .UNSPECIFIED.);
#1877=B_SPLINE_CURVE_WITH_KNOTS('',3,(#4687,#4688,#4689,#4690,#4691,#4692,
#4693,#4694,#4695,#4696,#4697,#4698,#4699,#4700,#4701,#4702,#4703,#4704,
#4705,#4706,#4707,#4708,#4709,#4710,#4711,#4712,#4713,#4714,#4715,#4716,
#4717),.UNSPECIFIED.,.F.,.F.,(4,1,1,1,1,1,1,1,1,1,1,1,1,1,1,1,1,1,1,1,1,
1,1,1,1,1,1,1,4),(0.,0.0907306660296472,0.102079743994288,0.116731337750731,
0.1340673363298,0.153724510590635,0.175456334164872,0.19908131698572,0.224458619277306,
0.251474820536685,0.280036031816496,0.310062860642296,0.341487025056102,
0.374248981179566,0.408296204694688,0.443581911280201,0.480064081575675,
0.517704703379268,0.556469172550246,0.596325812279392,0.637245482255187,
0.679201257202018,0.722168159718701,0.766122936164398,0.811043867064428,
0.856910605486488,0.903704038295445,0.951406166283927,0.99956612747874),
 .UNSPECIFIED.);
#1878=B_SPLINE_CURVE_WITH_KNOTS('',3,(#4718,#4719,#4720,#4721,#4722,#4723,
#4724,#4725,#4726,#4727,#4728,#4729,#4730,#4731,#4732,#4733,#4734,#4735,
#4736,#4737,#4738,#4739,#4740,#4741,#4742,#4743,#4744,#4745,#4746,#4747,
#4748),.UNSPECIFIED.,.F.,.F.,(4,1,1,1,1,1,1,1,1,1,1,1,1,1,1,1,1,1,1,1,1,
1,1,1,1,1,1,1,4),(0.,0.0907306660296472,0.102079743994288,0.116731337750731,
0.1340673363298,0.153724510590635,0.175456334164872,0.19908131698572,0.224458619277306,
0.251474820536685,0.280036031816496,0.310062860642296,0.341487025056102,
0.374248981179566,0.408296204694688,0.443581911280201,0.480064081575675,
0.517704703379268,0.556469172550246,0.596325812279392,0.637245482255187,
0.679201257202018,0.722168159718701,0.766122936164398,0.811043867064428,
0.856910605486488,0.903704038295445,0.951406166283927,0.99956612747874),
 .UNSPECIFIED.);
#1879=B_SPLINE_CURVE_WITH_KNOTS('',3,(#4756,#4757,#4758,#4759,#4760,#4761,
#4762,#4763,#4764,#4765,#4766,#4767,#4768,#4769,#4770,#4771,#4772,#4773,
#4774,#4775,#4776,#4777,#4778,#4779,#4780,#4781,#4782,#4783,#4784,#4785,
#4786),.UNSPECIFIED.,.F.,.F.,(4,1,1,1,1,1,1,1,1,1,1,1,1,1,1,1,1,1,1,1,1,
1,1,1,1,1,1,1,4),(0.,0.0907306660296472,0.102079743994288,0.116731337750731,
0.1340673363298,0.153724510590635,0.175456334164872,0.19908131698572,0.224458619277306,
0.251474820536685,0.280036031816496,0.310062860642296,0.341487025056102,
0.374248981179566,0.408296204694688,0.443581911280201,0.480064081575675,
0.517704703379268,0.556469172550246,0.596325812279392,0.637245482255187,
0.679201257202018,0.722168159718701,0.766122936164398,0.811043867064428,
0.856910605486488,0.903704038295445,0.951406166283927,0.99956612747874),
 .UNSPECIFIED.);
#1880=B_SPLINE_CURVE_WITH_KNOTS('',3,(#4787,#4788,#4789,#4790,#4791,#4792,
#4793,#4794,#4795,#4796,#4797,#4798,#4799,#4800,#4801,#4802,#4803,#4804,
#4805,#4806,#4807,#4808,#4809,#4810,#4811,#4812,#4813,#4814,#4815,#4816,
#4817),.UNSPECIFIED.,.F.,.F.,(4,1,1,1,1,1,1,1,1,1,1,1,1,1,1,1,1,1,1,1,1,
1,1,1,1,1,1,1,4),(0.,0.0907306660296472,0.102079743994288,0.116731337750731,
0.1340673363298,0.153724510590635,0.175456334164872,0.19908131698572,0.224458619277306,
0.251474820536685,0.280036031816496,0.310062860642296,0.341487025056102,
0.374248981179566,0.408296204694688,0.443581911280201,0.480064081575675,
0.517704703379268,0.556469172550246,0.596325812279392,0.637245482255187,
0.679201257202018,0.722168159718701,0.766122936164398,0.811043867064428,
0.856910605486488,0.903704038295445,0.951406166283927,0.99956612747874),
 .UNSPECIFIED.);
#1881=B_SPLINE_CURVE_WITH_KNOTS('',3,(#4825,#4826,#4827,#4828,#4829,#4830,
#4831,#4832,#4833,#4834,#4835,#4836,#4837,#4838,#4839,#4840,#4841,#4842,
#4843,#4844,#4845,#4846,#4847,#4848,#4849,#4850,#4851,#4852,#4853,#4854,
#4855),.UNSPECIFIED.,.F.,.F.,(4,1,1,1,1,1,1,1,1,1,1,1,1,1,1,1,1,1,1,1,1,
1,1,1,1,1,1,1,4),(0.,0.0907306660296472,0.102079743994288,0.116731337750731,
0.1340673363298,0.153724510590635,0.175456334164872,0.19908131698572,0.224458619277306,
0.251474820536685,0.280036031816496,0.310062860642296,0.341487025056102,
0.374248981179566,0.408296204694688,0.443581911280201,0.480064081575675,
0.517704703379268,0.556469172550246,0.596325812279392,0.637245482255187,
0.679201257202018,0.722168159718701,0.766122936164398,0.811043867064428,
0.856910605486488,0.903704038295445,0.951406166283927,0.99956612747874),
 .UNSPECIFIED.);
#1882=B_SPLINE_CURVE_WITH_KNOTS('',3,(#4869,#4870,#4871,#4872,#4873,#4874,
#4875,#4876,#4877,#4878,#4879,#4880,#4881,#4882,#4883,#4884,#4885,#4886,
#4887,#4888,#4889,#4890,#4891,#4892,#4893,#4894,#4895,#4896,#4897,#4898,
#4899),.UNSPECIFIED.,.F.,.F.,(4,1,1,1,1,1,1,1,1,1,1,1,1,1,1,1,1,1,1,1,1,
1,1,1,1,1,1,1,4),(0.,0.0907306660296472,0.102079743994288,0.116731337750731,
0.1340673363298,0.153724510590635,0.175456334164872,0.19908131698572,0.224458619277306,
0.251474820536685,0.280036031816496,0.310062860642296,0.341487025056102,
0.374248981179566,0.408296204694688,0.443581911280201,0.480064081575675,
0.517704703379268,0.556469172550246,0.596325812279392,0.637245482255187,
0.679201257202018,0.722168159718701,0.766122936164398,0.811043867064428,
0.856910605486488,0.903704038295445,0.951406166283927,0.99956612747874),
 .UNSPECIFIED.);
#1883=B_SPLINE_CURVE_WITH_KNOTS('',3,(#4907,#4908,#4909,#4910,#4911,#4912,
#4913,#4914,#4915,#4916,#4917,#4918,#4919,#4920,#4921,#4922,#4923,#4924,
#4925,#4926,#4927,#4928,#4929,#4930,#4931,#4932,#4933,#4934,#4935,#4936,
#4937),.UNSPECIFIED.,.F.,.F.,(4,1,1,1,1,1,1,1,1,1,1,1,1,1,1,1,1,1,1,1,1,
1,1,1,1,1,1,1,4),(0.,0.0907306660296472,0.102079743994288,0.116731337750731,
0.1340673363298,0.153724510590635,0.175456334164872,0.19908131698572,0.224458619277306,
0.251474820536685,0.280036031816496,0.310062860642296,0.341487025056102,
0.374248981179566,0.408296204694688,0.443581911280201,0.480064081575675,
0.517704703379268,0.556469172550246,0.596325812279392,0.637245482255187,
0.679201257202018,0.722168159718701,0.766122936164398,0.811043867064428,
0.856910605486488,0.903704038295445,0.951406166283927,0.99956612747874),
 .UNSPECIFIED.);
#1884=B_SPLINE_CURVE_WITH_KNOTS('',3,(#4938,#4939,#4940,#4941,#4942,#4943,
#4944,#4945,#4946,#4947,#4948,#4949,#4950,#4951,#4952,#4953,#4954,#4955,
#4956,#4957,#4958,#4959,#4960,#4961,#4962,#4963,#4964,#4965,#4966,#4967,
#4968),.UNSPECIFIED.,.F.,.F.,(4,1,1,1,1,1,1,1,1,1,1,1,1,1,1,1,1,1,1,1,1,
1,1,1,1,1,1,1,4),(0.,0.0907306660296472,0.102079743994288,0.116731337750731,
0.1340673363298,0.153724510590635,0.175456334164872,0.19908131698572,0.224458619277306,
0.251474820536685,0.280036031816496,0.310062860642296,0.341487025056102,
0.374248981179566,0.408296204694688,0.443581911280201,0.480064081575675,
0.517704703379268,0.556469172550246,0.596325812279392,0.637245482255187,
0.679201257202018,0.722168159718701,0.766122936164398,0.811043867064428,
0.856910605486488,0.903704038295445,0.951406166283927,0.99956612747874),
 .UNSPECIFIED.);
#1885=B_SPLINE_CURVE_WITH_KNOTS('',3,(#4976,#4977,#4978,#4979,#4980,#4981,
#4982,#4983,#4984,#4985,#4986,#4987,#4988,#4989,#4990,#4991,#4992,#4993,
#4994,#4995,#4996,#4997,#4998,#4999,#5000,#5001,#5002,#5003,#5004,#5005,
#5006),.UNSPECIFIED.,.F.,.F.,(4,1,1,1,1,1,1,1,1,1,1,1,1,1,1,1,1,1,1,1,1,
1,1,1,1,1,1,1,4),(0.,0.0907306660296472,0.102079743994288,0.116731337750731,
0.1340673363298,0.153724510590635,0.175456334164872,0.19908131698572,0.224458619277306,
0.251474820536685,0.280036031816496,0.310062860642296,0.341487025056102,
0.374248981179566,0.408296204694688,0.443581911280201,0.480064081575675,
0.517704703379268,0.556469172550246,0.596325812279392,0.637245482255187,
0.679201257202018,0.722168159718701,0.766122936164398,0.811043867064428,
0.856910605486488,0.903704038295445,0.951406166283927,0.99956612747874),
 .UNSPECIFIED.);
#1886=B_SPLINE_CURVE_WITH_KNOTS('',3,(#5007,#5008,#5009,#5010,#5011,#5012,
#5013,#5014,#5015,#5016,#5017,#5018,#5019,#5020,#5021,#5022,#5023,#5024,
#5025,#5026,#5027,#5028,#5029,#5030,#5031,#5032,#5033,#5034,#5035,#5036,
#5037),.UNSPECIFIED.,.F.,.F.,(4,1,1,1,1,1,1,1,1,1,1,1,1,1,1,1,1,1,1,1,1,
1,1,1,1,1,1,1,4),(0.,0.0907306660296472,0.102079743994288,0.116731337750731,
0.1340673363298,0.153724510590635,0.175456334164872,0.19908131698572,0.224458619277306,
0.251474820536685,0.280036031816496,0.310062860642296,0.341487025056102,
0.374248981179566,0.408296204694688,0.443581911280201,0.480064081575675,
0.517704703379268,0.556469172550246,0.596325812279392,0.637245482255187,
0.679201257202018,0.722168159718701,0.766122936164398,0.811043867064428,
0.856910605486488,0.903704038295445,0.951406166283927,0.99956612747874),
 .UNSPECIFIED.);
#1887=B_SPLINE_CURVE_WITH_KNOTS('',3,(#5045,#5046,#5047,#5048,#5049,#5050,
#5051,#5052,#5053,#5054,#5055,#5056,#5057,#5058,#5059,#5060,#5061,#5062,
#5063,#5064,#5065,#5066,#5067,#5068,#5069,#5070,#5071,#5072,#5073,#5074,
#5075),.UNSPECIFIED.,.F.,.F.,(4,1,1,1,1,1,1,1,1,1,1,1,1,1,1,1,1,1,1,1,1,
1,1,1,1,1,1,1,4),(0.,0.0907306660296472,0.102079743994288,0.116731337750731,
0.1340673363298,0.153724510590635,0.175456334164872,0.19908131698572,0.224458619277306,
0.251474820536685,0.280036031816496,0.310062860642296,0.341487025056102,
0.374248981179566,0.408296204694688,0.443581911280201,0.480064081575675,
0.517704703379268,0.556469172550246,0.596325812279392,0.637245482255187,
0.679201257202018,0.722168159718701,0.766122936164398,0.811043867064428,
0.856910605486488,0.903704038295445,0.951406166283927,0.99956612747874),
 .UNSPECIFIED.);
#1888=B_SPLINE_CURVE_WITH_KNOTS('',3,(#5076,#5077,#5078,#5079,#5080,#5081,
#5082,#5083,#5084,#5085,#5086,#5087,#5088,#5089,#5090,#5091,#5092,#5093,
#5094,#5095,#5096,#5097,#5098,#5099,#5100,#5101,#5102,#5103,#5104,#5105,
#5106),.UNSPECIFIED.,.F.,.F.,(4,1,1,1,1,1,1,1,1,1,1,1,1,1,1,1,1,1,1,1,1,
1,1,1,1,1,1,1,4),(0.,0.0907306660296472,0.102079743994288,0.116731337750731,
0.1340673363298,0.153724510590635,0.175456334164872,0.19908131698572,0.224458619277306,
0.251474820536685,0.280036031816496,0.310062860642296,0.341487025056102,
0.374248981179566,0.408296204694688,0.443581911280201,0.480064081575675,
0.517704703379268,0.556469172550246,0.596325812279392,0.637245482255187,
0.679201257202018,0.722168159718701,0.766122936164398,0.811043867064428,
0.856910605486488,0.903704038295445,0.951406166283927,0.99956612747874),
 .UNSPECIFIED.);
#1889=B_SPLINE_CURVE_WITH_KNOTS('',3,(#5114,#5115,#5116,#5117,#5118,#5119,
#5120,#5121,#5122,#5123,#5124,#5125,#5126,#5127,#5128,#5129,#5130,#5131,
#5132,#5133,#5134,#5135,#5136,#5137,#5138,#5139,#5140,#5141,#5142,#5143,
#5144),.UNSPECIFIED.,.F.,.F.,(4,1,1,1,1,1,1,1,1,1,1,1,1,1,1,1,1,1,1,1,1,
1,1,1,1,1,1,1,4),(0.,0.0907306660296472,0.102079743994288,0.116731337750731,
0.1340673363298,0.153724510590635,0.175456334164872,0.19908131698572,0.224458619277306,
0.251474820536685,0.280036031816496,0.310062860642296,0.341487025056102,
0.374248981179566,0.408296204694688,0.443581911280201,0.480064081575675,
0.517704703379268,0.556469172550246,0.596325812279392,0.637245482255187,
0.679201257202018,0.722168159718701,0.766122936164398,0.811043867064428,
0.856910605486488,0.903704038295445,0.951406166283927,0.99956612747874),
 .UNSPECIFIED.);
#1890=B_SPLINE_CURVE_WITH_KNOTS('',3,(#5145,#5146,#5147,#5148,#5149,#5150,
#5151,#5152,#5153,#5154,#5155,#5156,#5157,#5158,#5159,#5160,#5161,#5162,
#5163,#5164,#5165,#5166,#5167,#5168,#5169,#5170,#5171,#5172,#5173,#5174,
#5175),.UNSPECIFIED.,.F.,.F.,(4,1,1,1,1,1,1,1,1,1,1,1,1,1,1,1,1,1,1,1,1,
1,1,1,1,1,1,1,4),(0.,0.0907306660296472,0.102079743994288,0.116731337750731,
0.1340673363298,0.153724510590635,0.175456334164872,0.19908131698572,0.224458619277306,
0.251474820536685,0.280036031816496,0.310062860642296,0.341487025056102,
0.374248981179566,0.408296204694688,0.443581911280201,0.480064081575675,
0.517704703379268,0.556469172550246,0.596325812279392,0.637245482255187,
0.679201257202018,0.722168159718701,0.766122936164398,0.811043867064428,
0.856910605486488,0.903704038295445,0.951406166283927,0.99956612747874),
 .UNSPECIFIED.);
#1891=B_SPLINE_CURVE_WITH_KNOTS('',3,(#5183,#5184,#5185,#5186,#5187,#5188,
#5189,#5190,#5191,#5192,#5193,#5194,#5195,#5196,#5197,#5198,#5199,#5200,
#5201,#5202,#5203,#5204,#5205,#5206,#5207,#5208,#5209,#5210,#5211,#5212,
#5213),.UNSPECIFIED.,.F.,.F.,(4,1,1,1,1,1,1,1,1,1,1,1,1,1,1,1,1,1,1,1,1,
1,1,1,1,1,1,1,4),(0.,0.0907306660296472,0.102079743994288,0.116731337750731,
0.1340673363298,0.153724510590635,0.175456334164872,0.19908131698572,0.224458619277306,
0.251474820536685,0.280036031816496,0.310062860642296,0.341487025056102,
0.374248981179566,0.408296204694688,0.443581911280201,0.480064081575675,
0.517704703379268,0.556469172550246,0.596325812279392,0.637245482255187,
0.679201257202018,0.722168159718701,0.766122936164398,0.811043867064428,
0.856910605486488,0.903704038295445,0.951406166283927,0.99956612747874),
 .UNSPECIFIED.);
#1892=B_SPLINE_CURVE_WITH_KNOTS('',3,(#5214,#5215,#5216,#5217,#5218,#5219,
#5220,#5221,#5222,#5223,#5224,#5225,#5226,#5227,#5228,#5229,#5230,#5231,
#5232,#5233,#5234,#5235,#5236,#5237,#5238,#5239,#5240,#5241,#5242,#5243,
#5244),.UNSPECIFIED.,.F.,.F.,(4,1,1,1,1,1,1,1,1,1,1,1,1,1,1,1,1,1,1,1,1,
1,1,1,1,1,1,1,4),(0.,0.0907306660296472,0.102079743994288,0.116731337750731,
0.1340673363298,0.153724510590635,0.175456334164872,0.19908131698572,0.224458619277306,
0.251474820536685,0.280036031816496,0.310062860642296,0.341487025056102,
0.374248981179566,0.408296204694688,0.443581911280201,0.480064081575675,
0.517704703379268,0.556469172550246,0.596325812279392,0.637245482255187,
0.679201257202018,0.722168159718701,0.766122936164398,0.811043867064428,
0.856910605486488,0.903704038295445,0.951406166283927,0.99956612747874),
 .UNSPECIFIED.);
#1893=B_SPLINE_CURVE_WITH_KNOTS('',3,(#5252,#5253,#5254,#5255,#5256,#5257,
#5258,#5259,#5260,#5261,#5262,#5263,#5264,#5265,#5266,#5267,#5268,#5269,
#5270,#5271,#5272,#5273,#5274,#5275,#5276,#5277,#5278,#5279,#5280,#5281,
#5282),.UNSPECIFIED.,.F.,.F.,(4,1,1,1,1,1,1,1,1,1,1,1,1,1,1,1,1,1,1,1,1,
1,1,1,1,1,1,1,4),(0.,0.0907306660296472,0.102079743994288,0.116731337750731,
0.1340673363298,0.153724510590635,0.175456334164872,0.19908131698572,0.224458619277306,
0.251474820536685,0.280036031816496,0.310062860642296,0.341487025056102,
0.374248981179566,0.408296204694688,0.443581911280201,0.480064081575675,
0.517704703379268,0.556469172550246,0.596325812279392,0.637245482255187,
0.679201257202018,0.722168159718701,0.766122936164398,0.811043867064428,
0.856910605486488,0.903704038295445,0.951406166283927,0.99956612747874),
 .UNSPECIFIED.);
#1894=B_SPLINE_CURVE_WITH_KNOTS('',3,(#5283,#5284,#5285,#5286,#5287,#5288,
#5289,#5290,#5291,#5292,#5293,#5294,#5295,#5296,#5297,#5298,#5299,#5300,
#5301,#5302,#5303,#5304,#5305,#5306,#5307,#5308,#5309,#5310,#5311,#5312,
#5313),.UNSPECIFIED.,.F.,.F.,(4,1,1,1,1,1,1,1,1,1,1,1,1,1,1,1,1,1,1,1,1,
1,1,1,1,1,1,1,4),(0.,0.0907306660296472,0.102079743994288,0.116731337750731,
0.1340673363298,0.153724510590635,0.175456334164872,0.19908131698572,0.224458619277306,
0.251474820536685,0.280036031816496,0.310062860642296,0.341487025056102,
0.374248981179566,0.408296204694688,0.443581911280201,0.480064081575675,
0.517704703379268,0.556469172550246,0.596325812279392,0.637245482255187,
0.679201257202018,0.722168159718701,0.766122936164398,0.811043867064428,
0.856910605486488,0.903704038295445,0.951406166283927,0.99956612747874),
 .UNSPECIFIED.);
#1895=B_SPLINE_CURVE_WITH_KNOTS('',3,(#5321,#5322,#5323,#5324,#5325,#5326,
#5327,#5328,#5329,#5330,#5331,#5332,#5333,#5334,#5335,#5336,#5337,#5338,
#5339,#5340,#5341,#5342,#5343,#5344,#5345,#5346,#5347,#5348,#5349,#5350,
#5351),.UNSPECIFIED.,.F.,.F.,(4,1,1,1,1,1,1,1,1,1,1,1,1,1,1,1,1,1,1,1,1,
1,1,1,1,1,1,1,4),(0.,0.0907306660296472,0.102079743994288,0.116731337750731,
0.1340673363298,0.153724510590635,0.175456334164872,0.19908131698572,0.224458619277306,
0.251474820536685,0.280036031816496,0.310062860642296,0.341487025056102,
0.374248981179566,0.408296204694688,0.443581911280201,0.480064081575675,
0.517704703379268,0.556469172550246,0.596325812279392,0.637245482255187,
0.679201257202018,0.722168159718701,0.766122936164398,0.811043867064428,
0.856910605486488,0.903704038295445,0.951406166283927,0.99956612747874),
 .UNSPECIFIED.);
#1896=B_SPLINE_CURVE_WITH_KNOTS('',3,(#5352,#5353,#5354,#5355,#5356,#5357,
#5358,#5359,#5360,#5361,#5362,#5363,#5364,#5365,#5366,#5367,#5368,#5369,
#5370,#5371,#5372,#5373,#5374,#5375,#5376,#5377,#5378,#5379,#5380,#5381,
#5382),.UNSPECIFIED.,.F.,.F.,(4,1,1,1,1,1,1,1,1,1,1,1,1,1,1,1,1,1,1,1,1,
1,1,1,1,1,1,1,4),(0.,0.0907306660296472,0.102079743994288,0.116731337750731,
0.1340673363298,0.153724510590635,0.175456334164872,0.19908131698572,0.224458619277306,
0.251474820536685,0.280036031816496,0.310062860642296,0.341487025056102,
0.374248981179566,0.408296204694688,0.443581911280201,0.480064081575675,
0.517704703379268,0.556469172550246,0.596325812279392,0.637245482255187,
0.679201257202018,0.722168159718701,0.766122936164398,0.811043867064428,
0.856910605486488,0.903704038295445,0.951406166283927,0.99956612747874),
 .UNSPECIFIED.);
#1897=B_SPLINE_CURVE_WITH_KNOTS('',3,(#5390,#5391,#5392,#5393,#5394,#5395,
#5396,#5397,#5398,#5399,#5400,#5401,#5402,#5403,#5404,#5405,#5406,#5407,
#5408,#5409,#5410,#5411,#5412,#5413,#5414,#5415,#5416,#5417,#5418,#5419,
#5420),.UNSPECIFIED.,.F.,.F.,(4,1,1,1,1,1,1,1,1,1,1,1,1,1,1,1,1,1,1,1,1,
1,1,1,1,1,1,1,4),(0.,0.0907306660296472,0.102079743994288,0.116731337750731,
0.1340673363298,0.153724510590635,0.175456334164872,0.19908131698572,0.224458619277306,
0.251474820536685,0.280036031816496,0.310062860642296,0.341487025056102,
0.374248981179566,0.408296204694688,0.443581911280201,0.480064081575675,
0.517704703379268,0.556469172550246,0.596325812279392,0.637245482255187,
0.679201257202018,0.722168159718701,0.766122936164398,0.811043867064428,
0.856910605486488,0.903704038295445,0.951406166283927,0.99956612747874),
 .UNSPECIFIED.);
#1898=B_SPLINE_CURVE_WITH_KNOTS('',3,(#5421,#5422,#5423,#5424,#5425,#5426,
#5427,#5428,#5429,#5430,#5431,#5432,#5433,#5434,#5435,#5436,#5437,#5438,
#5439,#5440,#5441,#5442,#5443,#5444,#5445,#5446,#5447,#5448,#5449,#5450,
#5451),.UNSPECIFIED.,.F.,.F.,(4,1,1,1,1,1,1,1,1,1,1,1,1,1,1,1,1,1,1,1,1,
1,1,1,1,1,1,1,4),(0.,0.0907306660296472,0.102079743994288,0.116731337750731,
0.1340673363298,0.153724510590635,0.175456334164872,0.19908131698572,0.224458619277306,
0.251474820536685,0.280036031816496,0.310062860642296,0.341487025056102,
0.374248981179566,0.408296204694688,0.443581911280201,0.480064081575675,
0.517704703379268,0.556469172550246,0.596325812279392,0.637245482255187,
0.679201257202018,0.722168159718701,0.766122936164398,0.811043867064428,
0.856910605486488,0.903704038295445,0.951406166283927,0.99956612747874),
 .UNSPECIFIED.);
#1899=B_SPLINE_CURVE_WITH_KNOTS('',3,(#5459,#5460,#5461,#5462,#5463,#5464,
#5465,#5466,#5467,#5468,#5469,#5470,#5471,#5472,#5473,#5474,#5475,#5476,
#5477,#5478,#5479,#5480,#5481,#5482,#5483,#5484,#5485,#5486,#5487,#5488,
#5489),.UNSPECIFIED.,.F.,.F.,(4,1,1,1,1,1,1,1,1,1,1,1,1,1,1,1,1,1,1,1,1,
1,1,1,1,1,1,1,4),(0.,0.0907306660296472,0.102079743994288,0.116731337750731,
0.1340673363298,0.153724510590635,0.175456334164872,0.19908131698572,0.224458619277306,
0.251474820536685,0.280036031816496,0.310062860642296,0.341487025056102,
0.374248981179566,0.408296204694688,0.443581911280201,0.480064081575675,
0.517704703379268,0.556469172550246,0.596325812279392,0.637245482255187,
0.679201257202018,0.722168159718701,0.766122936164398,0.811043867064428,
0.856910605486488,0.903704038295445,0.951406166283927,0.99956612747874),
 .UNSPECIFIED.);
#1900=B_SPLINE_CURVE_WITH_KNOTS('',3,(#5490,#5491,#5492,#5493,#5494,#5495,
#5496,#5497,#5498,#5499,#5500,#5501,#5502,#5503,#5504,#5505,#5506,#5507,
#5508,#5509,#5510,#5511,#5512,#5513,#5514,#5515,#5516,#5517,#5518,#5519,
#5520),.UNSPECIFIED.,.F.,.F.,(4,1,1,1,1,1,1,1,1,1,1,1,1,1,1,1,1,1,1,1,1,
1,1,1,1,1,1,1,4),(0.,0.0907306660296472,0.102079743994288,0.116731337750731,
0.1340673363298,0.153724510590635,0.175456334164872,0.19908131698572,0.224458619277306,
0.251474820536685,0.280036031816496,0.310062860642296,0.341487025056102,
0.374248981179566,0.408296204694688,0.443581911280201,0.480064081575675,
0.517704703379268,0.556469172550246,0.596325812279392,0.637245482255187,
0.679201257202018,0.722168159718701,0.766122936164398,0.811043867064428,
0.856910605486488,0.903704038295445,0.951406166283927,0.99956612747874),
 .UNSPECIFIED.);
#1901=B_SPLINE_CURVE_WITH_KNOTS('',3,(#5528,#5529,#5530,#5531,#5532,#5533,
#5534,#5535,#5536,#5537,#5538,#5539,#5540,#5541,#5542,#5543,#5544,#5545,
#5546,#5547,#5548,#5549,#5550,#5551,#5552,#5553,#5554,#5555,#5556,#5557,
#5558),.UNSPECIFIED.,.F.,.F.,(4,1,1,1,1,1,1,1,1,1,1,1,1,1,1,1,1,1,1,1,1,
1,1,1,1,1,1,1,4),(0.,0.0907306660296472,0.102079743994288,0.116731337750731,
0.1340673363298,0.153724510590635,0.175456334164872,0.19908131698572,0.224458619277306,
0.251474820536685,0.280036031816496,0.310062860642296,0.341487025056102,
0.374248981179566,0.408296204694688,0.443581911280201,0.480064081575675,
0.517704703379268,0.556469172550246,0.596325812279392,0.637245482255187,
0.679201257202018,0.722168159718701,0.766122936164398,0.811043867064428,
0.856910605486488,0.903704038295445,0.951406166283927,0.99956612747874),
 .UNSPECIFIED.);
#1902=B_SPLINE_CURVE_WITH_KNOTS('',3,(#5559,#5560,#5561,#5562,#5563,#5564,
#5565,#5566,#5567,#5568,#5569,#5570,#5571,#5572,#5573,#5574,#5575,#5576,
#5577,#5578,#5579,#5580,#5581,#5582,#5583,#5584,#5585,#5586,#5587,#5588,
#5589),.UNSPECIFIED.,.F.,.F.,(4,1,1,1,1,1,1,1,1,1,1,1,1,1,1,1,1,1,1,1,1,
1,1,1,1,1,1,1,4),(0.,0.0907306660296472,0.102079743994288,0.116731337750731,
0.1340673363298,0.153724510590635,0.175456334164872,0.19908131698572,0.224458619277306,
0.251474820536685,0.280036031816496,0.310062860642296,0.341487025056102,
0.374248981179566,0.408296204694688,0.443581911280201,0.480064081575675,
0.517704703379268,0.556469172550246,0.596325812279392,0.637245482255187,
0.679201257202018,0.722168159718701,0.766122936164398,0.811043867064428,
0.856910605486488,0.903704038295445,0.951406166283927,0.99956612747874),
 .UNSPECIFIED.);
#1903=B_SPLINE_CURVE_WITH_KNOTS('',3,(#5597,#5598,#5599,#5600,#5601,#5602,
#5603,#5604,#5605,#5606,#5607,#5608,#5609,#5610,#5611,#5612,#5613,#5614,
#5615,#5616,#5617,#5618,#5619,#5620,#5621,#5622,#5623,#5624,#5625,#5626,
#5627),.UNSPECIFIED.,.F.,.F.,(4,1,1,1,1,1,1,1,1,1,1,1,1,1,1,1,1,1,1,1,1,
1,1,1,1,1,1,1,4),(0.,0.0907306660296472,0.102079743994288,0.116731337750731,
0.1340673363298,0.153724510590635,0.175456334164872,0.19908131698572,0.224458619277306,
0.251474820536685,0.280036031816496,0.310062860642296,0.341487025056102,
0.374248981179566,0.408296204694688,0.443581911280201,0.480064081575675,
0.517704703379268,0.556469172550246,0.596325812279392,0.637245482255187,
0.679201257202018,0.722168159718701,0.766122936164398,0.811043867064428,
0.856910605486488,0.903704038295445,0.951406166283927,0.99956612747874),
 .UNSPECIFIED.);
#1904=B_SPLINE_CURVE_WITH_KNOTS('',3,(#5628,#5629,#5630,#5631,#5632,#5633,
#5634,#5635,#5636,#5637,#5638,#5639,#5640,#5641,#5642,#5643,#5644,#5645,
#5646,#5647,#5648,#5649,#5650,#5651,#5652,#5653,#5654,#5655,#5656,#5657,
#5658),.UNSPECIFIED.,.F.,.F.,(4,1,1,1,1,1,1,1,1,1,1,1,1,1,1,1,1,1,1,1,1,
1,1,1,1,1,1,1,4),(0.,0.0907306660296472,0.102079743994288,0.116731337750731,
0.1340673363298,0.153724510590635,0.175456334164872,0.19908131698572,0.224458619277306,
0.251474820536685,0.280036031816496,0.310062860642296,0.341487025056102,
0.374248981179566,0.408296204694688,0.443581911280201,0.480064081575675,
0.517704703379268,0.556469172550246,0.596325812279392,0.637245482255187,
0.679201257202018,0.722168159718701,0.766122936164398,0.811043867064428,
0.856910605486488,0.903704038295445,0.951406166283927,0.99956612747874),
 .UNSPECIFIED.);
#1905=B_SPLINE_CURVE_WITH_KNOTS('',3,(#5666,#5667,#5668,#5669,#5670,#5671,
#5672,#5673,#5674,#5675,#5676,#5677,#5678,#5679,#5680,#5681,#5682,#5683,
#5684,#5685,#5686,#5687,#5688,#5689,#5690,#5691,#5692,#5693,#5694,#5695,
#5696),.UNSPECIFIED.,.F.,.F.,(4,1,1,1,1,1,1,1,1,1,1,1,1,1,1,1,1,1,1,1,1,
1,1,1,1,1,1,1,4),(0.,0.0907306660296472,0.102079743994288,0.116731337750731,
0.1340673363298,0.153724510590635,0.175456334164872,0.19908131698572,0.224458619277306,
0.251474820536685,0.280036031816496,0.310062860642296,0.341487025056102,
0.374248981179566,0.408296204694688,0.443581911280201,0.480064081575675,
0.517704703379268,0.556469172550246,0.596325812279392,0.637245482255187,
0.679201257202018,0.722168159718701,0.766122936164398,0.811043867064428,
0.856910605486488,0.903704038295445,0.951406166283927,0.99956612747874),
 .UNSPECIFIED.);
#1906=B_SPLINE_CURVE_WITH_KNOTS('',3,(#5697,#5698,#5699,#5700,#5701,#5702,
#5703,#5704,#5705,#5706,#5707,#5708,#5709,#5710,#5711,#5712,#5713,#5714,
#5715,#5716,#5717,#5718,#5719,#5720,#5721,#5722,#5723,#5724,#5725,#5726,
#5727),.UNSPECIFIED.,.F.,.F.,(4,1,1,1,1,1,1,1,1,1,1,1,1,1,1,1,1,1,1,1,1,
1,1,1,1,1,1,1,4),(0.,0.0907306660296472,0.102079743994288,0.116731337750731,
0.1340673363298,0.153724510590635,0.175456334164872,0.19908131698572,0.224458619277306,
0.251474820536685,0.280036031816496,0.310062860642296,0.341487025056102,
0.374248981179566,0.408296204694688,0.443581911280201,0.480064081575675,
0.517704703379268,0.556469172550246,0.596325812279392,0.637245482255187,
0.679201257202018,0.722168159718701,0.766122936164398,0.811043867064428,
0.856910605486488,0.903704038295445,0.951406166283927,0.99956612747874),
 .UNSPECIFIED.);
#1907=B_SPLINE_CURVE_WITH_KNOTS('',3,(#5735,#5736,#5737,#5738,#5739,#5740,
#5741,#5742,#5743,#5744,#5745,#5746,#5747,#5748,#5749,#5750,#5751,#5752,
#5753,#5754,#5755,#5756,#5757,#5758,#5759,#5760,#5761,#5762,#5763,#5764,
#5765),.UNSPECIFIED.,.F.,.F.,(4,1,1,1,1,1,1,1,1,1,1,1,1,1,1,1,1,1,1,1,1,
1,1,1,1,1,1,1,4),(0.,0.0907306660296472,0.102079743994288,0.116731337750731,
0.1340673363298,0.153724510590635,0.175456334164872,0.19908131698572,0.224458619277306,
0.251474820536685,0.280036031816496,0.310062860642296,0.341487025056102,
0.374248981179566,0.408296204694688,0.443581911280201,0.480064081575675,
0.517704703379268,0.556469172550246,0.596325812279392,0.637245482255187,
0.679201257202018,0.722168159718701,0.766122936164398,0.811043867064428,
0.856910605486488,0.903704038295445,0.951406166283927,0.99956612747874),
 .UNSPECIFIED.);
#1908=B_SPLINE_CURVE_WITH_KNOTS('',3,(#5766,#5767,#5768,#5769,#5770,#5771,
#5772,#5773,#5774,#5775,#5776,#5777,#5778,#5779,#5780,#5781,#5782,#5783,
#5784,#5785,#5786,#5787,#5788,#5789,#5790,#5791,#5792,#5793,#5794,#5795,
#5796),.UNSPECIFIED.,.F.,.F.,(4,1,1,1,1,1,1,1,1,1,1,1,1,1,1,1,1,1,1,1,1,
1,1,1,1,1,1,1,4),(0.,0.0907306660296472,0.102079743994288,0.116731337750731,
0.1340673363298,0.153724510590635,0.175456334164872,0.19908131698572,0.224458619277306,
0.251474820536685,0.280036031816496,0.310062860642296,0.341487025056102,
0.374248981179566,0.408296204694688,0.443581911280201,0.480064081575675,
0.517704703379268,0.556469172550246,0.596325812279392,0.637245482255187,
0.679201257202018,0.722168159718701,0.766122936164398,0.811043867064428,
0.856910605486488,0.903704038295445,0.951406166283927,0.99956612747874),
 .UNSPECIFIED.);
#1909=B_SPLINE_CURVE_WITH_KNOTS('',3,(#5804,#5805,#5806,#5807,#5808,#5809,
#5810,#5811,#5812,#5813,#5814,#5815,#5816,#5817,#5818,#5819,#5820,#5821,
#5822,#5823,#5824,#5825,#5826,#5827,#5828,#5829,#5830,#5831,#5832,#5833,
#5834),.UNSPECIFIED.,.F.,.F.,(4,1,1,1,1,1,1,1,1,1,1,1,1,1,1,1,1,1,1,1,1,
1,1,1,1,1,1,1,4),(0.,0.0907306660296472,0.102079743994288,0.116731337750731,
0.1340673363298,0.153724510590635,0.175456334164872,0.19908131698572,0.224458619277306,
0.251474820536685,0.280036031816496,0.310062860642296,0.341487025056102,
0.374248981179566,0.408296204694688,0.443581911280201,0.480064081575675,
0.517704703379268,0.556469172550246,0.596325812279392,0.637245482255187,
0.679201257202018,0.722168159718701,0.766122936164398,0.811043867064428,
0.856910605486488,0.903704038295445,0.951406166283927,0.99956612747874),
 .UNSPECIFIED.);
#1910=B_SPLINE_CURVE_WITH_KNOTS('',3,(#5835,#5836,#5837,#5838,#5839,#5840,
#5841,#5842,#5843,#5844,#5845,#5846,#5847,#5848,#5849,#5850,#5851,#5852,
#5853,#5854,#5855,#5856,#5857,#5858,#5859,#5860,#5861,#5862,#5863,#5864,
#5865),.UNSPECIFIED.,.F.,.F.,(4,1,1,1,1,1,1,1,1,1,1,1,1,1,1,1,1,1,1,1,1,
1,1,1,1,1,1,1,4),(0.,0.0907306660296472,0.102079743994288,0.116731337750731,
0.1340673363298,0.153724510590635,0.175456334164872,0.19908131698572,0.224458619277306,
0.251474820536685,0.280036031816496,0.310062860642296,0.341487025056102,
0.374248981179566,0.408296204694688,0.443581911280201,0.480064081575675,
0.517704703379268,0.556469172550246,0.596325812279392,0.637245482255187,
0.679201257202018,0.722168159718701,0.766122936164398,0.811043867064428,
0.856910605486488,0.903704038295445,0.951406166283927,0.99956612747874),
 .UNSPECIFIED.);
#1911=B_SPLINE_CURVE_WITH_KNOTS('',3,(#5873,#5874,#5875,#5876,#5877,#5878,
#5879,#5880,#5881,#5882,#5883,#5884,#5885,#5886,#5887,#5888,#5889,#5890,
#5891,#5892,#5893,#5894,#5895,#5896,#5897,#5898,#5899,#5900,#5901,#5902,
#5903),.UNSPECIFIED.,.F.,.F.,(4,1,1,1,1,1,1,1,1,1,1,1,1,1,1,1,1,1,1,1,1,
1,1,1,1,1,1,1,4),(0.,0.0907306660296472,0.102079743994288,0.116731337750731,
0.1340673363298,0.153724510590635,0.175456334164872,0.19908131698572,0.224458619277306,
0.251474820536685,0.280036031816496,0.310062860642296,0.341487025056102,
0.374248981179566,0.408296204694688,0.443581911280201,0.480064081575675,
0.517704703379268,0.556469172550246,0.596325812279392,0.637245482255187,
0.679201257202018,0.722168159718701,0.766122936164398,0.811043867064428,
0.856910605486488,0.903704038295445,0.951406166283927,0.99956612747874),
 .UNSPECIFIED.);
#1912=B_SPLINE_CURVE_WITH_KNOTS('',3,(#5904,#5905,#5906,#5907,#5908,#5909,
#5910,#5911,#5912,#5913,#5914,#5915,#5916,#5917,#5918,#5919,#5920,#5921,
#5922,#5923,#5924,#5925,#5926,#5927,#5928,#5929,#5930,#5931,#5932,#5933,
#5934),.UNSPECIFIED.,.F.,.F.,(4,1,1,1,1,1,1,1,1,1,1,1,1,1,1,1,1,1,1,1,1,
1,1,1,1,1,1,1,4),(0.,0.0907306660296472,0.102079743994288,0.116731337750731,
0.1340673363298,0.153724510590635,0.175456334164872,0.19908131698572,0.224458619277306,
0.251474820536685,0.280036031816496,0.310062860642296,0.341487025056102,
0.374248981179566,0.408296204694688,0.443581911280201,0.480064081575675,
0.517704703379268,0.556469172550246,0.596325812279392,0.637245482255187,
0.679201257202018,0.722168159718701,0.766122936164398,0.811043867064428,
0.856910605486488,0.903704038295445,0.951406166283927,0.99956612747874),
 .UNSPECIFIED.);
#1913=B_SPLINE_CURVE_WITH_KNOTS('',3,(#5942,#5943,#5944,#5945,#5946,#5947,
#5948,#5949,#5950,#5951,#5952,#5953,#5954,#5955,#5956,#5957,#5958,#5959,
#5960,#5961,#5962,#5963,#5964,#5965,#5966,#5967,#5968,#5969,#5970,#5971,
#5972),.UNSPECIFIED.,.F.,.F.,(4,1,1,1,1,1,1,1,1,1,1,1,1,1,1,1,1,1,1,1,1,
1,1,1,1,1,1,1,4),(0.,0.0907306660296472,0.102079743994288,0.116731337750731,
0.1340673363298,0.153724510590635,0.175456334164872,0.19908131698572,0.224458619277306,
0.251474820536685,0.280036031816496,0.310062860642296,0.341487025056102,
0.374248981179566,0.408296204694688,0.443581911280201,0.480064081575675,
0.517704703379268,0.556469172550246,0.596325812279392,0.637245482255187,
0.679201257202018,0.722168159718701,0.766122936164398,0.811043867064428,
0.856910605486488,0.903704038295445,0.951406166283927,0.99956612747874),
 .UNSPECIFIED.);
#1914=B_SPLINE_CURVE_WITH_KNOTS('',3,(#5973,#5974,#5975,#5976,#5977,#5978,
#5979,#5980,#5981,#5982,#5983,#5984,#5985,#5986,#5987,#5988,#5989,#5990,
#5991,#5992,#5993,#5994,#5995,#5996,#5997,#5998,#5999,#6000,#6001,#6002,
#6003),.UNSPECIFIED.,.F.,.F.,(4,1,1,1,1,1,1,1,1,1,1,1,1,1,1,1,1,1,1,1,1,
1,1,1,1,1,1,1,4),(0.,0.0907306660296472,0.102079743994288,0.116731337750731,
0.1340673363298,0.153724510590635,0.175456334164872,0.19908131698572,0.224458619277306,
0.251474820536685,0.280036031816496,0.310062860642296,0.341487025056102,
0.374248981179566,0.408296204694688,0.443581911280201,0.480064081575675,
0.517704703379268,0.556469172550246,0.596325812279392,0.637245482255187,
0.679201257202018,0.722168159718701,0.766122936164398,0.811043867064428,
0.856910605486488,0.903704038295445,0.951406166283927,0.99956612747874),
 .UNSPECIFIED.);
#1915=B_SPLINE_CURVE_WITH_KNOTS('',3,(#6011,#6012,#6013,#6014,#6015,#6016,
#6017,#6018,#6019,#6020,#6021,#6022,#6023,#6024,#6025,#6026,#6027,#6028,
#6029,#6030,#6031,#6032,#6033,#6034,#6035,#6036,#6037,#6038,#6039,#6040,
#6041),.UNSPECIFIED.,.F.,.F.,(4,1,1,1,1,1,1,1,1,1,1,1,1,1,1,1,1,1,1,1,1,
1,1,1,1,1,1,1,4),(0.,0.0907306660296472,0.102079743994288,0.116731337750731,
0.1340673363298,0.153724510590635,0.175456334164872,0.19908131698572,0.224458619277306,
0.251474820536685,0.280036031816496,0.310062860642296,0.341487025056102,
0.374248981179566,0.408296204694688,0.443581911280201,0.480064081575675,
0.517704703379268,0.556469172550246,0.596325812279392,0.637245482255187,
0.679201257202018,0.722168159718701,0.766122936164398,0.811043867064428,
0.856910605486488,0.903704038295445,0.951406166283927,0.99956612747874),
 .UNSPECIFIED.);
#1916=B_SPLINE_CURVE_WITH_KNOTS('',3,(#6042,#6043,#6044,#6045,#6046,#6047,
#6048,#6049,#6050,#6051,#6052,#6053,#6054,#6055,#6056,#6057,#6058,#6059,
#6060,#6061,#6062,#6063,#6064,#6065,#6066,#6067,#6068,#6069,#6070,#6071,
#6072),.UNSPECIFIED.,.F.,.F.,(4,1,1,1,1,1,1,1,1,1,1,1,1,1,1,1,1,1,1,1,1,
1,1,1,1,1,1,1,4),(0.,0.0907306660296472,0.102079743994288,0.116731337750731,
0.1340673363298,0.153724510590635,0.175456334164872,0.19908131698572,0.224458619277306,
0.251474820536685,0.280036031816496,0.310062860642296,0.341487025056102,
0.374248981179566,0.408296204694688,0.443581911280201,0.480064081575675,
0.517704703379268,0.556469172550246,0.596325812279392,0.637245482255187,
0.679201257202018,0.722168159718701,0.766122936164398,0.811043867064428,
0.856910605486488,0.903704038295445,0.951406166283927,0.99956612747874),
 .UNSPECIFIED.);
#1917=B_SPLINE_CURVE_WITH_KNOTS('',3,(#6080,#6081,#6082,#6083,#6084,#6085,
#6086,#6087,#6088,#6089,#6090,#6091,#6092,#6093,#6094,#6095,#6096,#6097,
#6098,#6099,#6100,#6101,#6102,#6103,#6104,#6105,#6106,#6107,#6108,#6109,
#6110),.UNSPECIFIED.,.F.,.F.,(4,1,1,1,1,1,1,1,1,1,1,1,1,1,1,1,1,1,1,1,1,
1,1,1,1,1,1,1,4),(0.,0.0907306660296472,0.102079743994288,0.116731337750731,
0.1340673363298,0.153724510590635,0.175456334164872,0.19908131698572,0.224458619277306,
0.251474820536685,0.280036031816496,0.310062860642296,0.341487025056102,
0.374248981179566,0.408296204694688,0.443581911280201,0.480064081575675,
0.517704703379268,0.556469172550246,0.596325812279392,0.637245482255187,
0.679201257202018,0.722168159718701,0.766122936164398,0.811043867064428,
0.856910605486488,0.903704038295445,0.951406166283927,0.99956612747874),
 .UNSPECIFIED.);
#1918=B_SPLINE_CURVE_WITH_KNOTS('',3,(#6111,#6112,#6113,#6114,#6115,#6116,
#6117,#6118,#6119,#6120,#6121,#6122,#6123,#6124,#6125,#6126,#6127,#6128,
#6129,#6130,#6131,#6132,#6133,#6134,#6135,#6136,#6137,#6138,#6139,#6140,
#6141),.UNSPECIFIED.,.F.,.F.,(4,1,1,1,1,1,1,1,1,1,1,1,1,1,1,1,1,1,1,1,1,
1,1,1,1,1,1,1,4),(0.,0.0907306660296472,0.102079743994288,0.116731337750731,
0.1340673363298,0.153724510590635,0.175456334164872,0.19908131698572,0.224458619277306,
0.251474820536685,0.280036031816496,0.310062860642296,0.341487025056102,
0.374248981179566,0.408296204694688,0.443581911280201,0.480064081575675,
0.517704703379268,0.556469172550246,0.596325812279392,0.637245482255187,
0.679201257202018,0.722168159718701,0.766122936164398,0.811043867064428,
0.856910605486488,0.903704038295445,0.951406166283927,0.99956612747874),
 .UNSPECIFIED.);
#1919=B_SPLINE_CURVE_WITH_KNOTS('',3,(#6149,#6150,#6151,#6152,#6153,#6154,
#6155,#6156,#6157,#6158,#6159,#6160,#6161,#6162,#6163,#6164,#6165,#6166,
#6167,#6168,#6169,#6170,#6171,#6172,#6173,#6174,#6175,#6176,#6177,#6178,
#6179),.UNSPECIFIED.,.F.,.F.,(4,1,1,1,1,1,1,1,1,1,1,1,1,1,1,1,1,1,1,1,1,
1,1,1,1,1,1,1,4),(0.,0.0907306660296472,0.102079743994288,0.116731337750731,
0.1340673363298,0.153724510590635,0.175456334164872,0.19908131698572,0.224458619277306,
0.251474820536685,0.280036031816496,0.310062860642296,0.341487025056102,
0.374248981179566,0.408296204694688,0.443581911280201,0.480064081575675,
0.517704703379268,0.556469172550246,0.596325812279392,0.637245482255187,
0.679201257202018,0.722168159718701,0.766122936164398,0.811043867064428,
0.856910605486488,0.903704038295445,0.951406166283927,0.99956612747874),
 .UNSPECIFIED.);
#1920=EDGE_LOOP('',(#504,#505,#506,#507));
#1921=EDGE_LOOP('',(#508,#509,#510,#511));
#1922=EDGE_LOOP('',(#512,#513,#514,#515));
#1923=EDGE_LOOP('',(#516,#517,#518,#519));
#1924=EDGE_LOOP('',(#520,#521,#522,#523));
#1925=EDGE_LOOP('',(#524,#525,#526,#527));
#1926=EDGE_LOOP('',(#528,#529,#530,#531));
#1927=EDGE_LOOP('',(#532,#533,#534,#535));
#1928=EDGE_LOOP('',(#536,#537,#538,#539));
#1929=EDGE_LOOP('',(#540,#541,#542,#543));
#1930=EDGE_LOOP('',(#544,#545,#546,#547));
#1931=EDGE_LOOP('',(#548,#549,#550,#551));
#1932=EDGE_LOOP('',(#552,#553,#554,#555));
#1933=EDGE_LOOP('',(#556,#557,#558,#559));
#1934=EDGE_LOOP('',(#560,#561,#562,#563));
#1935=EDGE_LOOP('',(#564,#565,#566,#567));
#1936=EDGE_LOOP('',(#568,#569,#570,#571));
#1937=EDGE_LOOP('',(#572,#573,#574,#575));
#1938=EDGE_LOOP('',(#576,#577,#578,#579));
#1939=EDGE_LOOP('',(#580,#581,#582,#583));
#1940=EDGE_LOOP('',(#584,#585,#586,#587));
#1941=EDGE_LOOP('',(#588,#589,#590,#591));
#1942=EDGE_LOOP('',(#592,#593,#594,#595,#596,#597,#598,#599,#600,#601,#602,
#603,#604,#605,#606,#607,#608,#609,#610,#611,#612,#613,#614,#615,#616,#617,
#618,#619,#620,#621,#622,#623,#624,#625,#626,#627,#628,#629,#630,#631,#632,
#633,#634,#635,#636,#637,#638,#639,#640,#641,#642,#643,#644,#645,#646,#647,
#648,#649,#650,#651,#652,#653,#654,#655,#656,#657,#658,#659,#660,#661,#662,
#663,#664,#665,#666,#667,#668,#669,#670,#671,#672,#673,#674,#675,#676,#677,
#678,#679,#680,#681,#682,#683,#684,#685,#686,#687,#688,#689,#690,#691,#692,
#693,#694,#695,#696,#697,#698,#699,#700,#701,#702,#703,#704,#705,#706,#707,
#708,#709,#710,#711));
#1943=EDGE_LOOP('',(#712));
#1944=EDGE_LOOP('',(#713));
#1945=EDGE_LOOP('',(#714));
#1946=EDGE_LOOP('',(#715));
#1947=EDGE_LOOP('',(#716,#717,#718,#719,#720,#721,#722,#723,#724,#725,#726,
#727,#728,#729,#730,#731,#732,#733,#734,#735,#736,#737,#738,#739,#740,#741,
#742,#743,#744,#745,#746,#747,#748,#749,#750,#751,#752,#753,#754,#755,#756,
#757,#758,#759,#760,#761,#762,#763,#764,#765,#766,#767,#768,#769,#770,#771,
#772,#773,#774,#775,#776,#777,#778,#779,#780,#781,#782,#783,#784,#785,#786,
#787,#788,#789,#790,#791,#792,#793,#794,#795,#796,#797,#798,#799,#800,#801,
#802,#803,#804,#805,#806,#807,#808,#809,#810,#811,#812,#813,#814,#815,#816,
#817,#818,#819,#820,#821,#822,#823,#824,#825,#826,#827,#828,#829,#830,#831,
#832,#833,#834,#835));
#1948=EDGE_LOOP('',(#836));
#1949=EDGE_LOOP('',(#837));
#1950=EDGE_LOOP('',(#838,#839,#840,#841));
#1951=EDGE_LOOP('',(#842,#843,#844,#845));
#1952=EDGE_LOOP('',(#846,#847,#848,#849));
#1953=EDGE_LOOP('',(#850,#851,#852,#853));
#1954=EDGE_LOOP('',(#854,#855,#856,#857));
#1955=EDGE_LOOP('',(#858,#859,#860,#861));
#1956=EDGE_LOOP('',(#862,#863,#864,#865));
#1957=EDGE_LOOP('',(#866,#867,#868,#869));
#1958=EDGE_LOOP('',(#870,#871,#872,#873));
#1959=EDGE_LOOP('',(#874,#875,#876,#877));
#1960=EDGE_LOOP('',(#878,#879,#880,#881));
#1961=EDGE_LOOP('',(#882,#883,#884,#885));
#1962=EDGE_LOOP('',(#886,#887,#888,#889));
#1963=EDGE_LOOP('',(#890,#891,#892,#893));
#1964=EDGE_LOOP('',(#894,#895,#896,#897));
#1965=EDGE_LOOP('',(#898,#899,#900,#901));
#1966=EDGE_LOOP('',(#902,#903,#904,#905));
#1967=EDGE_LOOP('',(#906,#907,#908,#909));
#1968=EDGE_LOOP('',(#910,#911,#912,#913));
#1969=EDGE_LOOP('',(#914,#915,#916,#917));
#1970=EDGE_LOOP('',(#918,#919,#920,#921));
#1971=EDGE_LOOP('',(#922,#923,#924,#925));
#1972=EDGE_LOOP('',(#926,#927,#928,#929));
#1973=EDGE_LOOP('',(#930,#931,#932,#933));
#1974=EDGE_LOOP('',(#934,#935,#936,#937));
#1975=EDGE_LOOP('',(#938,#939,#940,#941));
#1976=EDGE_LOOP('',(#942,#943,#944,#945));
#1977=EDGE_LOOP('',(#946,#947,#948,#949));
#1978=EDGE_LOOP('',(#950,#951,#952,#953));
#1979=EDGE_LOOP('',(#954,#955,#956,#957));
#1980=EDGE_LOOP('',(#958,#959,#960,#961));
#1981=EDGE_LOOP('',(#962,#963,#964,#965));
#1982=EDGE_LOOP('',(#966,#967,#968,#969));
#1983=EDGE_LOOP('',(#970,#971,#972,#973));
#1984=EDGE_LOOP('',(#974,#975,#976,#977));
#1985=EDGE_LOOP('',(#978,#979,#980,#981));
#1986=EDGE_LOOP('',(#982,#983,#984,#985));
#1987=EDGE_LOOP('',(#986,#987,#988,#989));
#1988=EDGE_LOOP('',(#990,#991,#992,#993));
#1989=EDGE_LOOP('',(#994,#995,#996,#997));
#1990=EDGE_LOOP('',(#998,#999,#1000,#1001));
#1991=EDGE_LOOP('',(#1002,#1003,#1004,#1005));
#1992=EDGE_LOOP('',(#1006,#1007,#1008,#1009));
#1993=EDGE_LOOP('',(#1010,#1011,#1012,#1013));
#1994=EDGE_LOOP('',(#1014,#1015,#1016,#1017));
#1995=EDGE_LOOP('',(#1018,#1019,#1020,#1021));
#1996=EDGE_LOOP('',(#1022,#1023,#1024,#1025));
#1997=EDGE_LOOP('',(#1026,#1027,#1028,#1029));
#1998=EDGE_LOOP('',(#1030,#1031,#1032,#1033));
#1999=EDGE_LOOP('',(#1034,#1035,#1036,#1037));
#2000=EDGE_LOOP('',(#1038,#1039,#1040,#1041));
#2001=EDGE_LOOP('',(#1042,#1043,#1044,#1045));
#2002=EDGE_LOOP('',(#1046,#1047,#1048,#1049));
#2003=EDGE_LOOP('',(#1050,#1051,#1052,#1053));
#2004=EDGE_LOOP('',(#1054,#1055,#1056,#1057));
#2005=EDGE_LOOP('',(#1058,#1059,#1060,#1061));
#2006=EDGE_LOOP('',(#1062,#1063,#1064,#1065));
#2007=EDGE_LOOP('',(#1066,#1067,#1068,#1069));
#2008=EDGE_LOOP('',(#1070,#1071,#1072,#1073));
#2009=EDGE_LOOP('',(#1074,#1075,#1076,#1077));
#2010=EDGE_LOOP('',(#1078,#1079,#1080,#1081));
#2011=EDGE_LOOP('',(#1082,#1083,#1084,#1085));
#2012=EDGE_LOOP('',(#1086,#1087,#1088,#1089));
#2013=EDGE_LOOP('',(#1090,#1091,#1092,#1093));
#2014=EDGE_LOOP('',(#1094,#1095,#1096,#1097));
#2015=EDGE_LOOP('',(#1098,#1099,#1100,#1101));
#2016=EDGE_LOOP('',(#1102,#1103,#1104,#1105));
#2017=EDGE_LOOP('',(#1106,#1107,#1108,#1109));
#2018=EDGE_LOOP('',(#1110,#1111,#1112,#1113));
#2019=EDGE_LOOP('',(#1114,#1115,#1116,#1117));
#2020=EDGE_LOOP('',(#1118,#1119,#1120,#1121));
#2021=EDGE_LOOP('',(#1122,#1123,#1124,#1125));
#2022=EDGE_LOOP('',(#1126,#1127,#1128,#1129));
#2023=EDGE_LOOP('',(#1130,#1131,#1132,#1133));
#2024=EDGE_LOOP('',(#1134,#1135,#1136,#1137));
#2025=EDGE_LOOP('',(#1138,#1139,#1140,#1141));
#2026=EDGE_LOOP('',(#1142,#1143,#1144,#1145));
#2027=EDGE_LOOP('',(#1146,#1147,#1148,#1149));
#2028=EDGE_LOOP('',(#1150,#1151,#1152,#1153));
#2029=EDGE_LOOP('',(#1154,#1155,#1156,#1157));
#2030=EDGE_LOOP('',(#1158,#1159,#1160,#1161));
#2031=EDGE_LOOP('',(#1162,#1163,#1164,#1165));
#2032=EDGE_LOOP('',(#1166,#1167,#1168,#1169));
#2033=EDGE_LOOP('',(#1170,#1171,#1172,#1173));
#2034=EDGE_LOOP('',(#1174,#1175,#1176,#1177));
#2035=EDGE_LOOP('',(#1178,#1179,#1180,#1181));
#2036=EDGE_LOOP('',(#1182,#1183,#1184,#1185));
#2037=EDGE_LOOP('',(#1186,#1187,#1188,#1189));
#2038=EDGE_LOOP('',(#1190,#1191,#1192,#1193));
#2039=EDGE_LOOP('',(#1194,#1195,#1196,#1197));
#2040=EDGE_LOOP('',(#1198,#1199,#1200,#1201));
#2041=EDGE_LOOP('',(#1202,#1203,#1204,#1205));
#2042=EDGE_LOOP('',(#1206,#1207,#1208,#1209));
#2043=EDGE_LOOP('',(#1210,#1211,#1212,#1213));
#2044=EDGE_LOOP('',(#1214,#1215,#1216,#1217));
#2045=EDGE_LOOP('',(#1218,#1219,#1220,#1221));
#2046=EDGE_LOOP('',(#1222,#1223,#1224,#1225));
#2047=EDGE_LOOP('',(#1226,#1227,#1228,#1229));
#2048=EDGE_LOOP('',(#1230));
#2049=EDGE_LOOP('',(#1231));
#2050=FACE_BOUND('',#1920,.T.);
#2051=FACE_BOUND('',#1921,.T.);
#2052=FACE_BOUND('',#1922,.T.);
#2053=FACE_BOUND('',#1923,.T.);
#2054=FACE_BOUND('',#1924,.T.);
#2055=FACE_BOUND('',#1925,.T.);
#2056=FACE_BOUND('',#1926,.T.);
#2057=FACE_BOUND('',#1927,.T.);
#2058=FACE_BOUND('',#1928,.T.);
#2059=FACE_BOUND('',#1929,.T.);
#2060=FACE_BOUND('',#1930,.T.);
#2061=FACE_BOUND('',#1931,.T.);
#2062=FACE_BOUND('',#1932,.T.);
#2063=FACE_BOUND('',#1933,.T.);
#2064=FACE_BOUND('',#1934,.T.);
#2065=FACE_BOUND('',#1935,.T.);
#2066=FACE_BOUND('',#1936,.T.);
#2067=FACE_BOUND('',#1937,.T.);
#2068=FACE_BOUND('',#1938,.T.);
#2069=FACE_BOUND('',#1939,.T.);
#2070=FACE_BOUND('',#1940,.T.);
#2071=FACE_BOUND('',#1941,.T.);
#2072=FACE_BOUND('',#1942,.T.);
#2073=FACE_BOUND('',#1943,.T.);
#2074=FACE_BOUND('',#1944,.T.);
#2075=FACE_BOUND('',#1945,.T.);
#2076=FACE_BOUND('',#1946,.T.);
#2077=FACE_BOUND('',#1947,.T.);
#2078=FACE_BOUND('',#1948,.T.);
#2079=FACE_BOUND('',#1949,.T.);
#2080=FACE_BOUND('',#1950,.T.);
#2081=FACE_BOUND('',#1951,.T.);
#2082=FACE_BOUND('',#1952,.T.);
#2083=FACE_BOUND('',#1953,.T.);
#2084=FACE_BOUND('',#1954,.T.);
#2085=FACE_BOUND('',#1955,.T.);
#2086=FACE_BOUND('',#1956,.T.);
#2087=FACE_BOUND('',#1957,.T.);
#2088=FACE_BOUND('',#1958,.T.);
#2089=FACE_BOUND('',#1959,.T.);
#2090=FACE_BOUND('',#1960,.T.);
#2091=FACE_BOUND('',#1961,.T.);
#2092=FACE_BOUND('',#1962,.T.);
#2093=FACE_BOUND('',#1963,.T.);
#2094=FACE_BOUND('',#1964,.T.);
#2095=FACE_BOUND('',#1965,.T.);
#2096=FACE_BOUND('',#1966,.T.);
#2097=FACE_BOUND('',#1967,.T.);
#2098=FACE_BOUND('',#1968,.T.);
#2099=FACE_BOUND('',#1969,.T.);
#2100=FACE_BOUND('',#1970,.T.);
#2101=FACE_BOUND('',#1971,.T.);
#2102=FACE_BOUND('',#1972,.T.);
#2103=FACE_BOUND('',#1973,.T.);
#2104=FACE_BOUND('',#1974,.T.);
#2105=FACE_BOUND('',#1975,.T.);
#2106=FACE_BOUND('',#1976,.T.);
#2107=FACE_BOUND('',#1977,.T.);
#2108=FACE_BOUND('',#1978,.T.);
#2109=FACE_BOUND('',#1979,.T.);
#2110=FACE_BOUND('',#1980,.T.);
#2111=FACE_BOUND('',#1981,.T.);
#2112=FACE_BOUND('',#1982,.T.);
#2113=FACE_BOUND('',#1983,.T.);
#2114=FACE_BOUND('',#1984,.T.);
#2115=FACE_BOUND('',#1985,.T.);
#2116=FACE_BOUND('',#1986,.T.);
#2117=FACE_BOUND('',#1987,.T.);
#2118=FACE_BOUND('',#1988,.T.);
#2119=FACE_BOUND('',#1989,.T.);
#2120=FACE_BOUND('',#1990,.T.);
#2121=FACE_BOUND('',#1991,.T.);
#2122=FACE_BOUND('',#1992,.T.);
#2123=FACE_BOUND('',#1993,.T.);
#2124=FACE_BOUND('',#1994,.T.);
#2125=FACE_BOUND('',#1995,.T.);
#2126=FACE_BOUND('',#1996,.T.);
#2127=FACE_BOUND('',#1997,.T.);
#2128=FACE_BOUND('',#1998,.T.);
#2129=FACE_BOUND('',#1999,.T.);
#2130=FACE_BOUND('',#2000,.T.);
#2131=FACE_BOUND('',#2001,.T.);
#2132=FACE_BOUND('',#2002,.T.);
#2133=FACE_BOUND('',#2003,.T.);
#2134=FACE_BOUND('',#2004,.T.);
#2135=FACE_BOUND('',#2005,.T.);
#2136=FACE_BOUND('',#2006,.T.);
#2137=FACE_BOUND('',#2007,.T.);
#2138=FACE_BOUND('',#2008,.T.);
#2139=FACE_BOUND('',#2009,.T.);
#2140=FACE_BOUND('',#2010,.T.);
#2141=FACE_BOUND('',#2011,.T.);
#2142=FACE_BOUND('',#2012,.T.);
#2143=FACE_BOUND('',#2013,.T.);
#2144=FACE_BOUND('',#2014,.T.);
#2145=FACE_BOUND('',#2015,.T.);
#2146=FACE_BOUND('',#2016,.T.);
#2147=FACE_BOUND('',#2017,.T.);
#2148=FACE_BOUND('',#2018,.T.);
#2149=FACE_BOUND('',#2019,.T.);
#2150=FACE_BOUND('',#2020,.T.);
#2151=FACE_BOUND('',#2021,.T.);
#2152=FACE_BOUND('',#2022,.T.);
#2153=FACE_BOUND('',#2023,.T.);
#2154=FACE_BOUND('',#2024,.T.);
#2155=FACE_BOUND('',#2025,.T.);
#2156=FACE_BOUND('',#2026,.T.);
#2157=FACE_BOUND('',#2027,.T.);
#2158=FACE_BOUND('',#2028,.T.);
#2159=FACE_BOUND('',#2029,.T.);
#2160=FACE_BOUND('',#2030,.T.);
#2161=FACE_BOUND('',#2031,.T.);
#2162=FACE_BOUND('',#2032,.T.);
#2163=FACE_BOUND('',#2033,.T.);
#2164=FACE_BOUND('',#2034,.T.);
#2165=FACE_BOUND('',#2035,.T.);
#2166=FACE_BOUND('',#2036,.T.);
#2167=FACE_BOUND('',#2037,.T.);
#2168=FACE_BOUND('',#2038,.T.);
#2169=FACE_BOUND('',#2039,.T.);
#2170=FACE_BOUND('',#2040,.T.);
#2171=FACE_BOUND('',#2041,.T.);
#2172=FACE_BOUND('',#2042,.T.);
#2173=FACE_BOUND('',#2043,.T.);
#2174=FACE_BOUND('',#2044,.T.);
#2175=FACE_BOUND('',#2045,.T.);
#2176=FACE_BOUND('',#2046,.T.);
#2177=FACE_BOUND('',#2047,.T.);
#2178=FACE_BOUND('',#2048,.T.);
#2179=FACE_BOUND('',#2049,.T.);
#2180=B_SPLINE_SURFACE_WITH_KNOTS('',3,1,((#3216,#3217),(#3218,#3219),(#3220,
#3221),(#3222,#3223)),.SURF_OF_LINEAR_EXTRUSION.,.F.,.F.,.F.,(4,4),(2,2),
(0.623495626067744,0.99956612747874),(0.,1.),.PIECEWISE_BEZIER_KNOTS.);
#2181=B_SPLINE_SURFACE_WITH_KNOTS('',3,1,((#3292,#3293),(#3294,#3295),(#3296,
#3297),(#3298,#3299)),.SURF_OF_LINEAR_EXTRUSION.,.F.,.F.,.F.,(4,4),(2,2),
(0.623495395800747,0.99956612747874),(0.,1.),.PIECEWISE_BEZIER_KNOTS.);
#2182=B_SPLINE_SURFACE_WITH_KNOTS('',3,1,((#6185,#6186),(#6187,#6188),(#6189,
#6190),(#6191,#6192),(#6193,#6194),(#6195,#6196),(#6197,#6198),(#6199,#6200),
(#6201,#6202),(#6203,#6204),(#6205,#6206)),.SURF_OF_LINEAR_EXTRUSION.,.F.,
 .F.,.F.,(4,1,1,1,1,1,1,1,4),(2,2),(0.0580774441619839,0.116920486869281,
0.175763529576578,0.234606572283876,0.293449614991173,0.411135700405767,
0.528821785820362,0.764193956649551,0.99956612747874),(0.,1.),
 .UNSPECIFIED.);
#2183=B_SPLINE_SURFACE_WITH_KNOTS('',3,1,((#6208,#6209),(#6210,#6211),(#6212,
#6213),(#6214,#6215),(#6216,#6217),(#6218,#6219),(#6220,#6221),(#6222,#6223),
(#6224,#6225),(#6226,#6227),(#6228,#6229)),.SURF_OF_LINEAR_EXTRUSION.,.F.,
 .F.,.F.,(4,1,1,1,1,1,1,1,4),(2,2),(0.0580774441619874,0.116920486869284,
0.175763529576581,0.234606572283878,0.293449614991176,0.41113570040577,
0.528821785820364,0.764193956649552,0.99956612747874),(0.,1.),
 .UNSPECIFIED.);
#2184=B_SPLINE_SURFACE_WITH_KNOTS('',3,1,((#6236,#6237),(#6238,#6239),(#6240,
#6241),(#6242,#6243),(#6244,#6245),(#6246,#6247),(#6248,#6249),(#6250,#6251),
(#6252,#6253),(#6254,#6255),(#6256,#6257)),.SURF_OF_LINEAR_EXTRUSION.,.F.,
 .F.,.F.,(4,1,1,1,1,1,1,1,4),(2,2),(0.0580774441619842,0.116920486869281,
0.175763529576579,0.234606572283876,0.293449614991173,0.411135700405768,
0.528821785820362,0.764193956649551,0.99956612747874),(0.,1.),
 .UNSPECIFIED.);
#2185=B_SPLINE_SURFACE_WITH_KNOTS('',3,1,((#6259,#6260),(#6261,#6262),(#6263,
#6264),(#6265,#6266),(#6267,#6268),(#6269,#6270),(#6271,#6272),(#6273,#6274),
(#6275,#6276),(#6277,#6278),(#6279,#6280)),.SURF_OF_LINEAR_EXTRUSION.,.F.,
 .F.,.F.,(4,1,1,1,1,1,1,1,4),(2,2),(0.0580774441619862,0.116920486869283,
0.17576352957658,0.234606572283877,0.293449614991175,0.411135700405769,
0.528821785820363,0.764193956649552,0.99956612747874),(0.,1.),
 .UNSPECIFIED.);
#2186=B_SPLINE_SURFACE_WITH_KNOTS('',3,1,((#6287,#6288),(#6289,#6290),(#6291,
#6292),(#6293,#6294),(#6295,#6296),(#6297,#6298),(#6299,#6300),(#6301,#6302),
(#6303,#6304),(#6305,#6306),(#6307,#6308)),.SURF_OF_LINEAR_EXTRUSION.,.F.,
 .F.,.F.,(4,1,1,1,1,1,1,1,4),(2,2),(0.0580774441619832,0.11692048686928,
0.175763529576578,0.234606572283875,0.293449614991172,0.411135700405767,
0.528821785820362,0.764193956649551,0.99956612747874),(0.,1.),
 .UNSPECIFIED.);
#2187=B_SPLINE_SURFACE_WITH_KNOTS('',3,1,((#6310,#6311),(#6312,#6313),(#6314,
#6315),(#6316,#6317),(#6318,#6319),(#6320,#6321),(#6322,#6323),(#6324,#6325),
(#6326,#6327),(#6328,#6329),(#6330,#6331)),.SURF_OF_LINEAR_EXTRUSION.,.F.,
 .F.,.F.,(4,1,1,1,1,1,1,1,4),(2,2),(0.0580774441619835,0.116920486869281,
0.175763529576578,0.234606572283875,0.293449614991173,0.411135700405767,
0.528821785820362,0.764193956649551,0.99956612747874),(0.,1.),
 .UNSPECIFIED.);
#2188=B_SPLINE_SURFACE_WITH_KNOTS('',3,1,((#6338,#6339),(#6340,#6341),(#6342,
#6343),(#6344,#6345),(#6346,#6347),(#6348,#6349),(#6350,#6351),(#6352,#6353),
(#6354,#6355),(#6356,#6357),(#6358,#6359)),.SURF_OF_LINEAR_EXTRUSION.,.F.,
 .F.,.F.,(4,1,1,1,1,1,1,1,4),(2,2),(0.0580774441619834,0.116920486869281,
0.175763529576578,0.234606572283875,0.293449614991173,0.411135700405767,
0.528821785820362,0.764193956649551,0.99956612747874),(0.,1.),
 .UNSPECIFIED.);
#2189=B_SPLINE_SURFACE_WITH_KNOTS('',3,1,((#6361,#6362),(#6363,#6364),(#6365,
#6366),(#6367,#6368),(#6369,#6370),(#6371,#6372),(#6373,#6374),(#6375,#6376),
(#6377,#6378),(#6379,#6380),(#6381,#6382)),.SURF_OF_LINEAR_EXTRUSION.,.F.,
 .F.,.F.,(4,1,1,1,1,1,1,1,4),(2,2),(0.0580774441619832,0.11692048686928,
0.175763529576578,0.234606572283875,0.293449614991172,0.411135700405767,
0.528821785820362,0.764193956649551,0.99956612747874),(0.,1.),
 .UNSPECIFIED.);
#2190=B_SPLINE_SURFACE_WITH_KNOTS('',3,1,((#6389,#6390),(#6391,#6392),(#6393,
#6394),(#6395,#6396),(#6397,#6398),(#6399,#6400),(#6401,#6402),(#6403,#6404),
(#6405,#6406),(#6407,#6408),(#6409,#6410)),.SURF_OF_LINEAR_EXTRUSION.,.F.,
 .F.,.F.,(4,1,1,1,1,1,1,1,4),(2,2),(0.0580774441619833,0.116920486869281,
0.175763529576578,0.234606572283875,0.293449614991173,0.411135700405767,
0.528821785820362,0.764193956649551,0.99956612747874),(0.,1.),
 .UNSPECIFIED.);
#2191=B_SPLINE_SURFACE_WITH_KNOTS('',3,1,((#6412,#6413),(#6414,#6415),(#6416,
#6417),(#6418,#6419),(#6420,#6421),(#6422,#6423),(#6424,#6425),(#6426,#6427),
(#6428,#6429),(#6430,#6431),(#6432,#6433)),.SURF_OF_LINEAR_EXTRUSION.,.F.,
 .F.,.F.,(4,1,1,1,1,1,1,1,4),(2,2),(0.0580774441619839,0.116920486869281,
0.175763529576578,0.234606572283876,0.293449614991173,0.411135700405767,
0.528821785820362,0.764193956649551,0.99956612747874),(0.,1.),
 .UNSPECIFIED.);
#2192=B_SPLINE_SURFACE_WITH_KNOTS('',3,1,((#6440,#6441),(#6442,#6443),(#6444,
#6445),(#6446,#6447),(#6448,#6449),(#6450,#6451),(#6452,#6453),(#6454,#6455),
(#6456,#6457),(#6458,#6459),(#6460,#6461)),.SURF_OF_LINEAR_EXTRUSION.,.F.,
 .F.,.F.,(4,1,1,1,1,1,1,1,4),(2,2),(0.0580774441619853,0.116920486869282,
0.17576352957658,0.234606572283877,0.293449614991174,0.411135700405768,
0.528821785820363,0.764193956649551,0.99956612747874),(0.,1.),
 .UNSPECIFIED.);
#2193=B_SPLINE_SURFACE_WITH_KNOTS('',3,1,((#6463,#6464),(#6465,#6466),(#6467,
#6468),(#6469,#6470),(#6471,#6472),(#6473,#6474),(#6475,#6476),(#6477,#6478),
(#6479,#6480),(#6481,#6482),(#6483,#6484)),.SURF_OF_LINEAR_EXTRUSION.,.F.,
 .F.,.F.,(4,1,1,1,1,1,1,1,4),(2,2),(0.0580774441619846,0.116920486869282,
0.175763529576579,0.234606572283876,0.293449614991174,0.411135700405768,
0.528821785820362,0.764193956649551,0.99956612747874),(0.,1.),
 .UNSPECIFIED.);
#2194=B_SPLINE_SURFACE_WITH_KNOTS('',3,1,((#6491,#6492),(#6493,#6494),(#6495,
#6496),(#6497,#6498),(#6499,#6500),(#6501,#6502),(#6503,#6504),(#6505,#6506),
(#6507,#6508),(#6509,#6510),(#6511,#6512)),.SURF_OF_LINEAR_EXTRUSION.,.F.,
 .F.,.F.,(4,1,1,1,1,1,1,1,4),(2,2),(0.0580774441619873,0.116920486869284,
0.175763529576581,0.234606572283878,0.293449614991176,0.41113570040577,
0.528821785820364,0.764193956649552,0.99956612747874),(0.,1.),
 .UNSPECIFIED.);
#2195=B_SPLINE_SURFACE_WITH_KNOTS('',3,1,((#6514,#6515),(#6516,#6517),(#6518,
#6519),(#6520,#6521),(#6522,#6523),(#6524,#6525),(#6526,#6527),(#6528,#6529),
(#6530,#6531),(#6532,#6533),(#6534,#6535)),.SURF_OF_LINEAR_EXTRUSION.,.F.,
 .F.,.F.,(4,1,1,1,1,1,1,1,4),(2,2),(0.0580774441619828,0.11692048686928,
0.175763529576577,0.234606572283875,0.293449614991172,0.411135700405767,
0.528821785820361,0.764193956649551,0.99956612747874),(0.,1.),
 .UNSPECIFIED.);
#2196=B_SPLINE_SURFACE_WITH_KNOTS('',3,1,((#6542,#6543),(#6544,#6545),(#6546,
#6547),(#6548,#6549),(#6550,#6551),(#6552,#6553),(#6554,#6555),(#6556,#6557),
(#6558,#6559),(#6560,#6561),(#6562,#6563)),.SURF_OF_LINEAR_EXTRUSION.,.F.,
 .F.,.F.,(4,1,1,1,1,1,1,1,4),(2,2),(0.0580774441619858,0.116920486869283,
0.17576352957658,0.234606572283877,0.293449614991174,0.411135700405769,
0.528821785820363,0.764193956649551,0.99956612747874),(0.,1.),
 .UNSPECIFIED.);
#2197=B_SPLINE_SURFACE_WITH_KNOTS('',3,1,((#6565,#6566),(#6567,#6568),(#6569,
#6570),(#6571,#6572),(#6573,#6574),(#6575,#6576),(#6577,#6578),(#6579,#6580),
(#6581,#6582),(#6583,#6584),(#6585,#6586)),.SURF_OF_LINEAR_EXTRUSION.,.F.,
 .F.,.F.,(4,1,1,1,1,1,1,1,4),(2,2),(0.0580774441619856,0.116920486869283,
0.17576352957658,0.234606572283877,0.293449614991174,0.411135700405769,
0.528821785820363,0.764193956649551,0.99956612747874),(0.,1.),
 .UNSPECIFIED.);
#2198=B_SPLINE_SURFACE_WITH_KNOTS('',3,1,((#6593,#6594),(#6595,#6596),(#6597,
#6598),(#6599,#6600),(#6601,#6602),(#6603,#6604),(#6605,#6606),(#6607,#6608),
(#6609,#6610),(#6611,#6612),(#6613,#6614)),.SURF_OF_LINEAR_EXTRUSION.,.F.,
 .F.,.F.,(4,1,1,1,1,1,1,1,4),(2,2),(0.0580774441619837,0.116920486869281,
0.175763529576578,0.234606572283876,0.293449614991173,0.411135700405767,
0.528821785820362,0.764193956649551,0.99956612747874),(0.,1.),
 .UNSPECIFIED.);
#2199=B_SPLINE_SURFACE_WITH_KNOTS('',3,1,((#6616,#6617),(#6618,#6619),(#6620,
#6621),(#6622,#6623),(#6624,#6625),(#6626,#6627),(#6628,#6629),(#6630,#6631),
(#6632,#6633),(#6634,#6635),(#6636,#6637)),.SURF_OF_LINEAR_EXTRUSION.,.F.,
 .F.,.F.,(4,1,1,1,1,1,1,1,4),(2,2),(0.0580774441619869,0.116920486869284,
0.175763529576581,0.234606572283878,0.293449614991175,0.411135700405769,
0.528821785820363,0.764193956649552,0.99956612747874),(0.,1.),
 .UNSPECIFIED.);
#2200=B_SPLINE_SURFACE_WITH_KNOTS('',3,1,((#6644,#6645),(#6646,#6647),(#6648,
#6649),(#6650,#6651),(#6652,#6653),(#6654,#6655),(#6656,#6657),(#6658,#6659),
(#6660,#6661),(#6662,#6663),(#6664,#6665)),.SURF_OF_LINEAR_EXTRUSION.,.F.,
 .F.,.F.,(4,1,1,1,1,1,1,1,4),(2,2),(0.0580774441619835,0.116920486869281,
0.175763529576578,0.234606572283875,0.293449614991173,0.411135700405767,
0.528821785820362,0.764193956649551,0.99956612747874),(0.,1.),
 .UNSPECIFIED.);
#2201=B_SPLINE_SURFACE_WITH_KNOTS('',3,1,((#6667,#6668),(#6669,#6670),(#6671,
#6672),(#6673,#6674),(#6675,#6676),(#6677,#6678),(#6679,#6680),(#6681,#6682),
(#6683,#6684),(#6685,#6686),(#6687,#6688)),.SURF_OF_LINEAR_EXTRUSION.,.F.,
 .F.,.F.,(4,1,1,1,1,1,1,1,4),(2,2),(0.058077444161988,0.116920486869285,
0.175763529576582,0.234606572283879,0.293449614991176,0.41113570040577,
0.528821785820364,0.764193956649552,0.99956612747874),(0.,1.),
 .UNSPECIFIED.);
#2202=B_SPLINE_SURFACE_WITH_KNOTS('',3,1,((#6695,#6696),(#6697,#6698),(#6699,
#6700),(#6701,#6702),(#6703,#6704),(#6705,#6706),(#6707,#6708),(#6709,#6710),
(#6711,#6712),(#6713,#6714),(#6715,#6716)),.SURF_OF_LINEAR_EXTRUSION.,.F.,
 .F.,.F.,(4,1,1,1,1,1,1,1,4),(2,2),(0.0580774441619855,0.116920486869283,
0.17576352957658,0.234606572283877,0.293449614991174,0.411135700405768,
0.528821785820363,0.764193956649551,0.99956612747874),(0.,1.),
 .UNSPECIFIED.);
#2203=B_SPLINE_SURFACE_WITH_KNOTS('',3,1,((#6718,#6719),(#6720,#6721),(#6722,
#6723),(#6724,#6725),(#6726,#6727),(#6728,#6729),(#6730,#6731),(#6732,#6733),
(#6734,#6735),(#6736,#6737),(#6738,#6739)),.SURF_OF_LINEAR_EXTRUSION.,.F.,
 .F.,.F.,(4,1,1,1,1,1,1,1,4),(2,2),(0.0580774441619863,0.116920486869283,
0.175763529576581,0.234606572283878,0.293449614991175,0.411135700405769,
0.528821785820363,0.764193956649552,0.99956612747874),(0.,1.),
 .UNSPECIFIED.);
#2204=B_SPLINE_SURFACE_WITH_KNOTS('',3,1,((#6746,#6747),(#6748,#6749),(#6750,
#6751),(#6752,#6753),(#6754,#6755),(#6756,#6757),(#6758,#6759),(#6760,#6761),
(#6762,#6763),(#6764,#6765),(#6766,#6767)),.SURF_OF_LINEAR_EXTRUSION.,.F.,
 .F.,.F.,(4,1,1,1,1,1,1,1,4),(2,2),(0.0580774441619846,0.116920486869282,
0.175763529576579,0.234606572283876,0.293449614991174,0.411135700405768,
0.528821785820362,0.764193956649551,0.99956612747874),(0.,1.),
 .UNSPECIFIED.);
#2205=B_SPLINE_SURFACE_WITH_KNOTS('',3,1,((#6769,#6770),(#6771,#6772),(#6773,
#6774),(#6775,#6776),(#6777,#6778),(#6779,#6780),(#6781,#6782),(#6783,#6784),
(#6785,#6786),(#6787,#6788),(#6789,#6790)),.SURF_OF_LINEAR_EXTRUSION.,.F.,
 .F.,.F.,(4,1,1,1,1,1,1,1,4),(2,2),(0.0580774441619856,0.116920486869283,
0.17576352957658,0.234606572283877,0.293449614991174,0.411135700405769,
0.528821785820363,0.764193956649551,0.99956612747874),(0.,1.),
 .UNSPECIFIED.);
#2206=B_SPLINE_SURFACE_WITH_KNOTS('',3,1,((#6797,#6798),(#6799,#6800),(#6801,
#6802),(#6803,#6804),(#6805,#6806),(#6807,#6808),(#6809,#6810),(#6811,#6812),
(#6813,#6814),(#6815,#6816),(#6817,#6818)),.SURF_OF_LINEAR_EXTRUSION.,.F.,
 .F.,.F.,(4,1,1,1,1,1,1,1,4),(2,2),(0.0580774441619805,0.116920486869278,
0.175763529576575,0.234606572283873,0.29344961499117,0.411135700405765,
0.52882178582036,0.76419395664955,0.99956612747874),(0.,1.),
 .UNSPECIFIED.);
#2207=B_SPLINE_SURFACE_WITH_KNOTS('',3,1,((#6820,#6821),(#6822,#6823),(#6824,
#6825),(#6826,#6827),(#6828,#6829),(#6830,#6831),(#6832,#6833),(#6834,#6835),
(#6836,#6837),(#6838,#6839),(#6840,#6841)),.SURF_OF_LINEAR_EXTRUSION.,.F.,
 .F.,.F.,(4,1,1,1,1,1,1,1,4),(2,2),(0.0580774441619862,0.116920486869283,
0.17576352957658,0.234606572283877,0.293449614991175,0.411135700405769,
0.528821785820363,0.764193956649552,0.99956612747874),(0.,1.),
 .UNSPECIFIED.);
#2208=B_SPLINE_SURFACE_WITH_KNOTS('',3,1,((#6848,#6849),(#6850,#6851),(#6852,
#6853),(#6854,#6855),(#6856,#6857),(#6858,#6859),(#6860,#6861),(#6862,#6863),
(#6864,#6865),(#6866,#6867),(#6868,#6869)),.SURF_OF_LINEAR_EXTRUSION.,.F.,
 .F.,.F.,(4,1,1,1,1,1,1,1,4),(2,2),(0.0580774441619869,0.116920486869284,
0.175763529576581,0.234606572283878,0.293449614991175,0.411135700405769,
0.528821785820363,0.764193956649552,0.99956612747874),(0.,1.),
 .UNSPECIFIED.);
#2209=B_SPLINE_SURFACE_WITH_KNOTS('',3,1,((#6871,#6872),(#6873,#6874),(#6875,
#6876),(#6877,#6878),(#6879,#6880),(#6881,#6882),(#6883,#6884),(#6885,#6886),
(#6887,#6888),(#6889,#6890),(#6891,#6892)),.SURF_OF_LINEAR_EXTRUSION.,.F.,
 .F.,.F.,(4,1,1,1,1,1,1,1,4),(2,2),(0.0580774441619839,0.116920486869281,
0.175763529576578,0.234606572283876,0.293449614991173,0.411135700405767,
0.528821785820362,0.764193956649551,0.99956612747874),(0.,1.),
 .UNSPECIFIED.);
#2210=B_SPLINE_SURFACE_WITH_KNOTS('',3,1,((#6899,#6900),(#6901,#6902),(#6903,
#6904),(#6905,#6906),(#6907,#6908),(#6909,#6910),(#6911,#6912),(#6913,#6914),
(#6915,#6916),(#6917,#6918),(#6919,#6920)),.SURF_OF_LINEAR_EXTRUSION.,.F.,
 .F.,.F.,(4,1,1,1,1,1,1,1,4),(2,2),(0.0580774441619839,0.116920486869281,
0.175763529576578,0.234606572283876,0.293449614991173,0.411135700405767,
0.528821785820362,0.764193956649551,0.99956612747874),(0.,1.),
 .UNSPECIFIED.);
#2211=B_SPLINE_SURFACE_WITH_KNOTS('',3,1,((#6922,#6923),(#6924,#6925),(#6926,
#6927),(#6928,#6929),(#6930,#6931),(#6932,#6933),(#6934,#6935),(#6936,#6937),
(#6938,#6939),(#6940,#6941),(#6942,#6943)),.SURF_OF_LINEAR_EXTRUSION.,.F.,
 .F.,.F.,(4,1,1,1,1,1,1,1,4),(2,2),(0.0580774441619874,0.116920486869284,
0.175763529576581,0.234606572283878,0.293449614991176,0.41113570040577,
0.528821785820364,0.764193956649552,0.99956612747874),(0.,1.),
 .UNSPECIFIED.);
#2212=B_SPLINE_SURFACE_WITH_KNOTS('',3,1,((#6950,#6951),(#6952,#6953),(#6954,
#6955),(#6956,#6957),(#6958,#6959),(#6960,#6961),(#6962,#6963),(#6964,#6965),
(#6966,#6967),(#6968,#6969),(#6970,#6971)),.SURF_OF_LINEAR_EXTRUSION.,.F.,
 .F.,.F.,(4,1,1,1,1,1,1,1,4),(2,2),(0.0580774441619832,0.11692048686928,
0.175763529576578,0.234606572283875,0.293449614991172,0.411135700405767,
0.528821785820362,0.764193956649551,0.99956612747874),(0.,1.),
 .UNSPECIFIED.);
#2213=B_SPLINE_SURFACE_WITH_KNOTS('',3,1,((#6973,#6974),(#6975,#6976),(#6977,
#6978),(#6979,#6980),(#6981,#6982),(#6983,#6984),(#6985,#6986),(#6987,#6988),
(#6989,#6990),(#6991,#6992),(#6993,#6994)),.SURF_OF_LINEAR_EXTRUSION.,.F.,
 .F.,.F.,(4,1,1,1,1,1,1,1,4),(2,2),(0.0580774441619853,0.116920486869282,
0.17576352957658,0.234606572283877,0.293449614991174,0.411135700405768,
0.528821785820363,0.764193956649551,0.99956612747874),(0.,1.),
 .UNSPECIFIED.);
#2214=B_SPLINE_SURFACE_WITH_KNOTS('',3,1,((#7001,#7002),(#7003,#7004),(#7005,
#7006),(#7007,#7008),(#7009,#7010),(#7011,#7012),(#7013,#7014),(#7015,#7016),
(#7017,#7018),(#7019,#7020),(#7021,#7022)),.SURF_OF_LINEAR_EXTRUSION.,.F.,
 .F.,.F.,(4,1,1,1,1,1,1,1,4),(2,2),(0.0580774441619854,0.116920486869283,
0.17576352957658,0.234606572283877,0.293449614991174,0.411135700405768,
0.528821785820363,0.764193956649551,0.99956612747874),(0.,1.),
 .UNSPECIFIED.);
#2215=B_SPLINE_SURFACE_WITH_KNOTS('',3,1,((#7024,#7025),(#7026,#7027),(#7028,
#7029),(#7030,#7031),(#7032,#7033),(#7034,#7035),(#7036,#7037),(#7038,#7039),
(#7040,#7041),(#7042,#7043),(#7044,#7045)),.SURF_OF_LINEAR_EXTRUSION.,.F.,
 .F.,.F.,(4,1,1,1,1,1,1,1,4),(2,2),(0.0580774441619832,0.11692048686928,
0.175763529576578,0.234606572283875,0.293449614991172,0.411135700405767,
0.528821785820362,0.764193956649551,0.99956612747874),(0.,1.),
 .UNSPECIFIED.);
#2216=B_SPLINE_SURFACE_WITH_KNOTS('',3,1,((#7052,#7053),(#7054,#7055),(#7056,
#7057),(#7058,#7059),(#7060,#7061),(#7062,#7063),(#7064,#7065),(#7066,#7067),
(#7068,#7069),(#7070,#7071),(#7072,#7073)),.SURF_OF_LINEAR_EXTRUSION.,.F.,
 .F.,.F.,(4,1,1,1,1,1,1,1,4),(2,2),(0.0580774441619833,0.116920486869281,
0.175763529576578,0.234606572283875,0.293449614991173,0.411135700405767,
0.528821785820362,0.764193956649551,0.99956612747874),(0.,1.),
 .UNSPECIFIED.);
#2217=B_SPLINE_SURFACE_WITH_KNOTS('',3,1,((#7075,#7076),(#7077,#7078),(#7079,
#7080),(#7081,#7082),(#7083,#7084),(#7085,#7086),(#7087,#7088),(#7089,#7090),
(#7091,#7092),(#7093,#7094),(#7095,#7096)),.SURF_OF_LINEAR_EXTRUSION.,.F.,
 .F.,.F.,(4,1,1,1,1,1,1,1,4),(2,2),(0.058077444161984,0.116920486869281,
0.175763529576578,0.234606572283876,0.293449614991173,0.411135700405767,
0.528821785820362,0.764193956649551,0.99956612747874),(0.,1.),
 .UNSPECIFIED.);
#2218=B_SPLINE_SURFACE_WITH_KNOTS('',3,1,((#7103,#7104),(#7105,#7106),(#7107,
#7108),(#7109,#7110),(#7111,#7112),(#7113,#7114),(#7115,#7116),(#7117,#7118),
(#7119,#7120),(#7121,#7122),(#7123,#7124)),.SURF_OF_LINEAR_EXTRUSION.,.F.,
 .F.,.F.,(4,1,1,1,1,1,1,1,4),(2,2),(0.0580774441619836,0.116920486869281,
0.175763529576578,0.234606572283875,0.293449614991173,0.411135700405767,
0.528821785820362,0.764193956649551,0.99956612747874),(0.,1.),
 .UNSPECIFIED.);
#2219=B_SPLINE_SURFACE_WITH_KNOTS('',3,1,((#7126,#7127),(#7128,#7129),(#7130,
#7131),(#7132,#7133),(#7134,#7135),(#7136,#7137),(#7138,#7139),(#7140,#7141),
(#7142,#7143),(#7144,#7145),(#7146,#7147)),.SURF_OF_LINEAR_EXTRUSION.,.F.,
 .F.,.F.,(4,1,1,1,1,1,1,1,4),(2,2),(0.0580774441619846,0.116920486869282,
0.175763529576579,0.234606572283876,0.293449614991174,0.411135700405768,
0.528821785820362,0.764193956649551,0.99956612747874),(0.,1.),
 .UNSPECIFIED.);
#2220=ADVANCED_FACE('',(#2050),#2180,.T.);
#2221=ADVANCED_FACE('',(#2051),#2181,.F.);
#2222=ADVANCED_FACE('',(#2052),#176,.T.);
#2223=ADVANCED_FACE('',(#2053),#177,.T.);
#2224=ADVANCED_FACE('',(#2054),#178,.T.);
#2225=ADVANCED_FACE('',(#2055),#179,.T.);
#2226=ADVANCED_FACE('',(#2056),#180,.T.);
#2227=ADVANCED_FACE('',(#2057),#181,.T.);
#2228=ADVANCED_FACE('',(#2058),#182,.T.);
#2229=ADVANCED_FACE('',(#2059),#183,.T.);
#2230=ADVANCED_FACE('',(#2060),#184,.T.);
#2231=ADVANCED_FACE('',(#2061),#185,.T.);
#2232=ADVANCED_FACE('',(#2062),#186,.T.);
#2233=ADVANCED_FACE('',(#2063),#187,.T.);
#2234=ADVANCED_FACE('',(#2064),#188,.T.);
#2235=ADVANCED_FACE('',(#2065),#189,.T.);
#2236=ADVANCED_FACE('',(#2066),#190,.T.);
#2237=ADVANCED_FACE('',(#2067),#191,.T.);
#2238=ADVANCED_FACE('',(#2068),#192,.T.);
#2239=ADVANCED_FACE('',(#2069),#193,.T.);
#2240=ADVANCED_FACE('',(#2070),#194,.T.);
#2241=ADVANCED_FACE('',(#2071),#195,.T.);
#2242=ADVANCED_FACE('',(#2072,#2073,#2074),#12,.T.);
#2243=ADVANCED_FACE('',(#2075,#2076),#196,.F.);
#2244=ADVANCED_FACE('',(#2077,#2078,#2079),#13,.F.);
#2245=ADVANCED_FACE('',(#2080),#2182,.T.);
#2246=ADVANCED_FACE('',(#2081),#2183,.F.);
#2247=ADVANCED_FACE('',(#2082),#197,.T.);
#2248=ADVANCED_FACE('',(#2083),#198,.F.);
#2249=ADVANCED_FACE('',(#2084),#199,.F.);
#2250=ADVANCED_FACE('',(#2085),#2184,.T.);
#2251=ADVANCED_FACE('',(#2086),#2185,.F.);
#2252=ADVANCED_FACE('',(#2087),#200,.T.);
#2253=ADVANCED_FACE('',(#2088),#201,.F.);
#2254=ADVANCED_FACE('',(#2089),#202,.F.);
#2255=ADVANCED_FACE('',(#2090),#2186,.T.);
#2256=ADVANCED_FACE('',(#2091),#2187,.F.);
#2257=ADVANCED_FACE('',(#2092),#203,.T.);
#2258=ADVANCED_FACE('',(#2093),#204,.F.);
#2259=ADVANCED_FACE('',(#2094),#205,.F.);
#2260=ADVANCED_FACE('',(#2095),#2188,.T.);
#2261=ADVANCED_FACE('',(#2096),#2189,.F.);
#2262=ADVANCED_FACE('',(#2097),#206,.T.);
#2263=ADVANCED_FACE('',(#2098),#207,.F.);
#2264=ADVANCED_FACE('',(#2099),#208,.F.);
#2265=ADVANCED_FACE('',(#2100),#2190,.T.);
#2266=ADVANCED_FACE('',(#2101),#2191,.F.);
#2267=ADVANCED_FACE('',(#2102),#209,.T.);
#2268=ADVANCED_FACE('',(#2103),#210,.F.);
#2269=ADVANCED_FACE('',(#2104),#211,.F.);
#2270=ADVANCED_FACE('',(#2105),#2192,.T.);
#2271=ADVANCED_FACE('',(#2106),#2193,.F.);
#2272=ADVANCED_FACE('',(#2107),#212,.T.);
#2273=ADVANCED_FACE('',(#2108),#213,.F.);
#2274=ADVANCED_FACE('',(#2109),#214,.F.);
#2275=ADVANCED_FACE('',(#2110),#2194,.T.);
#2276=ADVANCED_FACE('',(#2111),#2195,.F.);
#2277=ADVANCED_FACE('',(#2112),#215,.T.);
#2278=ADVANCED_FACE('',(#2113),#216,.F.);
#2279=ADVANCED_FACE('',(#2114),#217,.F.);
#2280=ADVANCED_FACE('',(#2115),#2196,.T.);
#2281=ADVANCED_FACE('',(#2116),#2197,.F.);
#2282=ADVANCED_FACE('',(#2117),#218,.T.);
#2283=ADVANCED_FACE('',(#2118),#219,.F.);
#2284=ADVANCED_FACE('',(#2119),#220,.F.);
#2285=ADVANCED_FACE('',(#2120),#2198,.T.);
#2286=ADVANCED_FACE('',(#2121),#2199,.F.);
#2287=ADVANCED_FACE('',(#2122),#221,.T.);
#2288=ADVANCED_FACE('',(#2123),#222,.F.);
#2289=ADVANCED_FACE('',(#2124),#223,.F.);
#2290=ADVANCED_FACE('',(#2125),#2200,.T.);
#2291=ADVANCED_FACE('',(#2126),#2201,.F.);
#2292=ADVANCED_FACE('',(#2127),#224,.T.);
#2293=ADVANCED_FACE('',(#2128),#225,.F.);
#2294=ADVANCED_FACE('',(#2129),#226,.F.);
#2295=ADVANCED_FACE('',(#2130),#2202,.T.);
#2296=ADVANCED_FACE('',(#2131),#2203,.F.);
#2297=ADVANCED_FACE('',(#2132),#227,.T.);
#2298=ADVANCED_FACE('',(#2133),#228,.F.);
#2299=ADVANCED_FACE('',(#2134),#229,.F.);
#2300=ADVANCED_FACE('',(#2135),#2204,.T.);
#2301=ADVANCED_FACE('',(#2136),#2205,.F.);
#2302=ADVANCED_FACE('',(#2137),#230,.T.);
#2303=ADVANCED_FACE('',(#2138),#231,.F.);
#2304=ADVANCED_FACE('',(#2139),#232,.F.);
#2305=ADVANCED_FACE('',(#2140),#2206,.T.);
#2306=ADVANCED_FACE('',(#2141),#2207,.F.);
#2307=ADVANCED_FACE('',(#2142),#233,.T.);
#2308=ADVANCED_FACE('',(#2143),#234,.F.);
#2309=ADVANCED_FACE('',(#2144),#235,.F.);
#2310=ADVANCED_FACE('',(#2145),#2208,.T.);
#2311=ADVANCED_FACE('',(#2146),#2209,.F.);
#2312=ADVANCED_FACE('',(#2147),#236,.T.);
#2313=ADVANCED_FACE('',(#2148),#237,.F.);
#2314=ADVANCED_FACE('',(#2149),#238,.F.);
#2315=ADVANCED_FACE('',(#2150),#2210,.T.);
#2316=ADVANCED_FACE('',(#2151),#2211,.F.);
#2317=ADVANCED_FACE('',(#2152),#239,.T.);
#2318=ADVANCED_FACE('',(#2153),#240,.F.);
#2319=ADVANCED_FACE('',(#2154),#241,.F.);
#2320=ADVANCED_FACE('',(#2155),#2212,.T.);
#2321=ADVANCED_FACE('',(#2156),#2213,.F.);
#2322=ADVANCED_FACE('',(#2157),#242,.T.);
#2323=ADVANCED_FACE('',(#2158),#243,.F.);
#2324=ADVANCED_FACE('',(#2159),#244,.F.);
#2325=ADVANCED_FACE('',(#2160),#2214,.T.);
#2326=ADVANCED_FACE('',(#2161),#2215,.F.);
#2327=ADVANCED_FACE('',(#2162),#245,.T.);
#2328=ADVANCED_FACE('',(#2163),#246,.F.);
#2329=ADVANCED_FACE('',(#2164),#247,.F.);
#2330=ADVANCED_FACE('',(#2165),#2216,.T.);
#2331=ADVANCED_FACE('',(#2166),#2217,.F.);
#2332=ADVANCED_FACE('',(#2167),#248,.T.);
#2333=ADVANCED_FACE('',(#2168),#249,.F.);
#2334=ADVANCED_FACE('',(#2169),#250,.F.);
#2335=ADVANCED_FACE('',(#2170),#2218,.T.);
#2336=ADVANCED_FACE('',(#2171),#2219,.F.);
#2337=ADVANCED_FACE('',(#2172),#251,.T.);
#2338=ADVANCED_FACE('',(#2173),#252,.F.);
#2339=ADVANCED_FACE('',(#2174),#253,.F.);
#2340=ADVANCED_FACE('',(#2175),#14,.F.);
#2341=ADVANCED_FACE('',(#2176),#15,.T.);
#2342=ADVANCED_FACE('',(#2177),#254,.T.);
#2343=ADVANCED_FACE('',(#2178,#2179),#255,.F.);
#2344=CLOSED_SHELL('',(#2220,#2221,#2222,#2223,#2224,#2225,#2226,#2227,
#2228,#2229,#2230,#2231,#2232,#2233,#2234,#2235,#2236,#2237,#2238,#2239,
#2240,#2241,#2242,#2243,#2244,#2245,#2246,#2247,#2248,#2249,#2250,#2251,
#2252,#2253,#2254,#2255,#2256,#2257,#2258,#2259,#2260,#2261,#2262,#2263,
#2264,#2265,#2266,#2267,#2268,#2269,#2270,#2271,#2272,#2273,#2274,#2275,
#2276,#2277,#2278,#2279,#2280,#2281,#2282,#2283,#2284,#2285,#2286,#2287,
#2288,#2289,#2290,#2291,#2292,#2293,#2294,#2295,#2296,#2297,#2298,#2299,
#2300,#2301,#2302,#2303,#2304,#2305,#2306,#2307,#2308,#2309,#2310,#2311,
#2312,#2313,#2314,#2315,#2316,#2317,#2318,#2319,#2320,#2321,#2322,#2323,
#2324,#2325,#2326,#2327,#2328,#2329,#2330,#2331,#2332,#2333,#2334,#2335,
#2336,#2337,#2338,#2339,#2340,#2341,#2342,#2343));
#2345=STYLED_ITEM('',(#2346),#2353);
#2346=PRESENTATION_STYLE_ASSIGNMENT((#2347));
#2347=SURFACE_STYLE_USAGE(.BOTH.,#2348);
#2348=SURFACE_SIDE_STYLE('',(#2349));
#2349=SURFACE_STYLE_FILL_AREA(#2350);
#2350=FILL_AREA_STYLE('',(#2351));
#2351=FILL_AREA_STYLE_COLOUR('',#2352);
#2352=COLOUR_RGB('',0.615686274509804,0.811764705882353,0.929411764705882);
#2353=MANIFOLD_SOLID_BREP('Spur gear (26 teeth)',#2344);
#2354=SHAPE_DEFINITION_REPRESENTATION(#7166,#2355);
#2355=SHAPE_REPRESENTATION('Spur gear (26 teeth)',(#2356),#7161);
#2356=AXIS2_PLACEMENT_3D('',#3215,#2601,#2602);
#2357=AXIS2_PLACEMENT_3D('',#3368,#2607,#2608);
#2358=AXIS2_PLACEMENT_3D('',#3369,#2609,#2610);
#2359=AXIS2_PLACEMENT_3D('',#3371,#2611,#2612);
#2360=AXIS2_PLACEMENT_3D('',#3374,#2614,#2615);
#2361=AXIS2_PLACEMENT_3D('',#3375,#2616,#2617);
#2362=AXIS2_PLACEMENT_3D('',#3380,#2619,#2620);
#2363=AXIS2_PLACEMENT_3D('',#3383,#2622,#2623);
#2364=AXIS2_PLACEMENT_3D('',#3384,#2624,#2625);
#2365=AXIS2_PLACEMENT_3D('',#3389,#2627,#2628);
#2366=AXIS2_PLACEMENT_3D('',#3392,#2630,#2631);
#2367=AXIS2_PLACEMENT_3D('',#3393,#2632,#2633);
#2368=AXIS2_PLACEMENT_3D('',#3398,#2635,#2636);
#2369=AXIS2_PLACEMENT_3D('',#3401,#2638,#2639);
#2370=AXIS2_PLACEMENT_3D('',#3402,#2640,#2641);
#2371=AXIS2_PLACEMENT_3D('',#3407,#2643,#2644);
#2372=AXIS2_PLACEMENT_3D('',#3410,#2646,#2647);
#2373=AXIS2_PLACEMENT_3D('',#3414,#2649,#2650);
#2374=AXIS2_PLACEMENT_3D('',#3418,#2652,#2653);
#2375=AXIS2_PLACEMENT_3D('',#3419,#2654,#2655);
#2376=AXIS2_PLACEMENT_3D('',#3423,#2657,#2658);
#2377=AXIS2_PLACEMENT_3D('',#3427,#2660,#2661);
#2378=AXIS2_PLACEMENT_3D('',#3428,#2662,#2663);
#2379=AXIS2_PLACEMENT_3D('',#3429,#2664,#2665);
#2380=AXIS2_PLACEMENT_3D('',#3434,#2667,#2668);
#2381=AXIS2_PLACEMENT_3D('',#3437,#2670,#2671);
#2382=AXIS2_PLACEMENT_3D('',#3438,#2672,#2673);
#2383=AXIS2_PLACEMENT_3D('',#3443,#2675,#2676);
#2384=AXIS2_PLACEMENT_3D('',#3446,#2678,#2679);
#2385=AXIS2_PLACEMENT_3D('',#3447,#2680,#2681);
#2386=AXIS2_PLACEMENT_3D('',#3452,#2683,#2684);
#2387=AXIS2_PLACEMENT_3D('',#3455,#2686,#2687);
#2388=AXIS2_PLACEMENT_3D('',#3456,#2688,#2689);
#2389=AXIS2_PLACEMENT_3D('',#3461,#2691,#2692);
#2390=AXIS2_PLACEMENT_3D('',#3464,#2694,#2695);
#2391=AXIS2_PLACEMENT_3D('',#3468,#2697,#2698);
#2392=AXIS2_PLACEMENT_3D('',#3472,#2700,#2701);
#2393=AXIS2_PLACEMENT_3D('',#3473,#2702,#2703);
#2394=AXIS2_PLACEMENT_3D('',#3474,#2704,#2705);
#2395=AXIS2_PLACEMENT_3D('',#3479,#2707,#2708);
#2396=AXIS2_PLACEMENT_3D('',#3482,#2710,#2711);
#2397=AXIS2_PLACEMENT_3D('',#3483,#2712,#2713);
#2398=AXIS2_PLACEMENT_3D('',#3488,#2715,#2716);
#2399=AXIS2_PLACEMENT_3D('',#3491,#2718,#2719);
#2400=AXIS2_PLACEMENT_3D('',#3492,#2720,#2721);
#2401=AXIS2_PLACEMENT_3D('',#3497,#2723,#2724);
#2402=AXIS2_PLACEMENT_3D('',#3500,#2726,#2727);
#2403=AXIS2_PLACEMENT_3D('',#3501,#2728,#2729);
#2404=AXIS2_PLACEMENT_3D('',#3506,#2731,#2732);
#2405=AXIS2_PLACEMENT_3D('',#3509,#2734,#2735);
#2406=AXIS2_PLACEMENT_3D('',#3510,#2736,#2737);
#2407=AXIS2_PLACEMENT_3D('',#3515,#2739,#2740);
#2408=AXIS2_PLACEMENT_3D('',#3518,#2742,#2743);
#2409=AXIS2_PLACEMENT_3D('',#3519,#2744,#2745);
#2410=AXIS2_PLACEMENT_3D('',#3523,#2747,#2748);
#2411=AXIS2_PLACEMENT_3D('',#3524,#2749,#2750);
#2412=AXIS2_PLACEMENT_3D('',#3528,#2752,#2753);
#2413=AXIS2_PLACEMENT_3D('',#3532,#2755,#2756);
#2414=AXIS2_PLACEMENT_3D('',#3533,#2757,#2758);
#2415=AXIS2_PLACEMENT_3D('',#3534,#2759,#2760);
#2416=AXIS2_PLACEMENT_3D('',#3539,#2762,#2763);
#2417=AXIS2_PLACEMENT_3D('',#3542,#2765,#2766);
#2418=AXIS2_PLACEMENT_3D('',#3577,#2768,#2769);
#2419=AXIS2_PLACEMENT_3D('',#3579,#2770,#2771);
#2420=AXIS2_PLACEMENT_3D('',#3581,#2772,#2773);
#2421=AXIS2_PLACEMENT_3D('',#3646,#2774,#2775);
#2422=AXIS2_PLACEMENT_3D('',#3648,#2776,#2777);
#2423=AXIS2_PLACEMENT_3D('',#3650,#2778,#2779);
#2424=AXIS2_PLACEMENT_3D('',#3715,#2780,#2781);
#2425=AXIS2_PLACEMENT_3D('',#3717,#2782,#2783);
#2426=AXIS2_PLACEMENT_3D('',#3719,#2784,#2785);
#2427=AXIS2_PLACEMENT_3D('',#3784,#2786,#2787);
#2428=AXIS2_PLACEMENT_3D('',#3786,#2788,#2789);
#2429=AXIS2_PLACEMENT_3D('',#3788,#2790,#2791);
#2430=AXIS2_PLACEMENT_3D('',#3853,#2792,#2793);
#2431=AXIS2_PLACEMENT_3D('',#3855,#2794,#2795);
#2432=AXIS2_PLACEMENT_3D('',#3857,#2796,#2797);
#2433=AXIS2_PLACEMENT_3D('',#3922,#2798,#2799);
#2434=AXIS2_PLACEMENT_3D('',#3924,#2800,#2801);
#2435=AXIS2_PLACEMENT_3D('',#3926,#2802,#2803);
#2436=AXIS2_PLACEMENT_3D('',#3991,#2804,#2805);
#2437=AXIS2_PLACEMENT_3D('',#3993,#2806,#2807);
#2438=AXIS2_PLACEMENT_3D('',#3995,#2808,#2809);
#2439=AXIS2_PLACEMENT_3D('',#4060,#2810,#2811);
#2440=AXIS2_PLACEMENT_3D('',#4062,#2812,#2813);
#2441=AXIS2_PLACEMENT_3D('',#4064,#2814,#2815);
#2442=AXIS2_PLACEMENT_3D('',#4129,#2816,#2817);
#2443=AXIS2_PLACEMENT_3D('',#4131,#2818,#2819);
#2444=AXIS2_PLACEMENT_3D('',#4133,#2820,#2821);
#2445=AXIS2_PLACEMENT_3D('',#4198,#2822,#2823);
#2446=AXIS2_PLACEMENT_3D('',#4200,#2824,#2825);
#2447=AXIS2_PLACEMENT_3D('',#4202,#2826,#2827);
#2448=AXIS2_PLACEMENT_3D('',#4267,#2828,#2829);
#2449=AXIS2_PLACEMENT_3D('',#4269,#2830,#2831);
#2450=AXIS2_PLACEMENT_3D('',#4271,#2832,#2833);
#2451=AXIS2_PLACEMENT_3D('',#4336,#2834,#2835);
#2452=AXIS2_PLACEMENT_3D('',#4338,#2836,#2837);
#2453=AXIS2_PLACEMENT_3D('',#4340,#2838,#2839);
#2454=AXIS2_PLACEMENT_3D('',#4405,#2840,#2841);
#2455=AXIS2_PLACEMENT_3D('',#4407,#2842,#2843);
#2456=AXIS2_PLACEMENT_3D('',#4409,#2844,#2845);
#2457=AXIS2_PLACEMENT_3D('',#4474,#2846,#2847);
#2458=AXIS2_PLACEMENT_3D('',#4476,#2848,#2849);
#2459=AXIS2_PLACEMENT_3D('',#4478,#2850,#2851);
#2460=AXIS2_PLACEMENT_3D('',#4543,#2852,#2853);
#2461=AXIS2_PLACEMENT_3D('',#4545,#2854,#2855);
#2462=AXIS2_PLACEMENT_3D('',#4547,#2856,#2857);
#2463=AXIS2_PLACEMENT_3D('',#4612,#2858,#2859);
#2464=AXIS2_PLACEMENT_3D('',#4614,#2860,#2861);
#2465=AXIS2_PLACEMENT_3D('',#4616,#2862,#2863);
#2466=AXIS2_PLACEMENT_3D('',#4681,#2864,#2865);
#2467=AXIS2_PLACEMENT_3D('',#4683,#2866,#2867);
#2468=AXIS2_PLACEMENT_3D('',#4685,#2868,#2869);
#2469=AXIS2_PLACEMENT_3D('',#4750,#2870,#2871);
#2470=AXIS2_PLACEMENT_3D('',#4752,#2872,#2873);
#2471=AXIS2_PLACEMENT_3D('',#4754,#2874,#2875);
#2472=AXIS2_PLACEMENT_3D('',#4819,#2876,#2877);
#2473=AXIS2_PLACEMENT_3D('',#4821,#2878,#2879);
#2474=AXIS2_PLACEMENT_3D('',#4823,#2880,#2881);
#2475=AXIS2_PLACEMENT_3D('',#4858,#2883,#2884);
#2476=AXIS2_PLACEMENT_3D('',#4859,#2885,#2886);
#2477=AXIS2_PLACEMENT_3D('',#4861,#2887,#2888);
#2478=AXIS2_PLACEMENT_3D('',#4863,#2889,#2890);
#2479=AXIS2_PLACEMENT_3D('',#4864,#2891,#2892);
#2480=AXIS2_PLACEMENT_3D('',#4866,#2893,#2894);
#2481=AXIS2_PLACEMENT_3D('',#4901,#2896,#2897);
#2482=AXIS2_PLACEMENT_3D('',#4903,#2898,#2899);
#2483=AXIS2_PLACEMENT_3D('',#4905,#2900,#2901);
#2484=AXIS2_PLACEMENT_3D('',#4970,#2902,#2903);
#2485=AXIS2_PLACEMENT_3D('',#4972,#2904,#2905);
#2486=AXIS2_PLACEMENT_3D('',#4974,#2906,#2907);
#2487=AXIS2_PLACEMENT_3D('',#5039,#2908,#2909);
#2488=AXIS2_PLACEMENT_3D('',#5041,#2910,#2911);
#2489=AXIS2_PLACEMENT_3D('',#5043,#2912,#2913);
#2490=AXIS2_PLACEMENT_3D('',#5108,#2914,#2915);
#2491=AXIS2_PLACEMENT_3D('',#5110,#2916,#2917);
#2492=AXIS2_PLACEMENT_3D('',#5112,#2918,#2919);
#2493=AXIS2_PLACEMENT_3D('',#5177,#2920,#2921);
#2494=AXIS2_PLACEMENT_3D('',#5179,#2922,#2923);
#2495=AXIS2_PLACEMENT_3D('',#5181,#2924,#2925);
#2496=AXIS2_PLACEMENT_3D('',#5246,#2926,#2927);
#2497=AXIS2_PLACEMENT_3D('',#5248,#2928,#2929);
#2498=AXIS2_PLACEMENT_3D('',#5250,#2930,#2931);
#2499=AXIS2_PLACEMENT_3D('',#5315,#2932,#2933);
#2500=AXIS2_PLACEMENT_3D('',#5317,#2934,#2935);
#2501=AXIS2_PLACEMENT_3D('',#5319,#2936,#2937);
#2502=AXIS2_PLACEMENT_3D('',#5384,#2938,#2939);
#2503=AXIS2_PLACEMENT_3D('',#5386,#2940,#2941);
#2504=AXIS2_PLACEMENT_3D('',#5388,#2942,#2943);
#2505=AXIS2_PLACEMENT_3D('',#5453,#2944,#2945);
#2506=AXIS2_PLACEMENT_3D('',#5455,#2946,#2947);
#2507=AXIS2_PLACEMENT_3D('',#5457,#2948,#2949);
#2508=AXIS2_PLACEMENT_3D('',#5522,#2950,#2951);
#2509=AXIS2_PLACEMENT_3D('',#5524,#2952,#2953);
#2510=AXIS2_PLACEMENT_3D('',#5526,#2954,#2955);
#2511=AXIS2_PLACEMENT_3D('',#5591,#2956,#2957);
#2512=AXIS2_PLACEMENT_3D('',#5593,#2958,#2959);
#2513=AXIS2_PLACEMENT_3D('',#5595,#2960,#2961);
#2514=AXIS2_PLACEMENT_3D('',#5660,#2962,#2963);
#2515=AXIS2_PLACEMENT_3D('',#5662,#2964,#2965);
#2516=AXIS2_PLACEMENT_3D('',#5664,#2966,#2967);
#2517=AXIS2_PLACEMENT_3D('',#5729,#2968,#2969);
#2518=AXIS2_PLACEMENT_3D('',#5731,#2970,#2971);
#2519=AXIS2_PLACEMENT_3D('',#5733,#2972,#2973);
#2520=AXIS2_PLACEMENT_3D('',#5798,#2974,#2975);
#2521=AXIS2_PLACEMENT_3D('',#5800,#2976,#2977);
#2522=AXIS2_PLACEMENT_3D('',#5802,#2978,#2979);
#2523=AXIS2_PLACEMENT_3D('',#5867,#2980,#2981);
#2524=AXIS2_PLACEMENT_3D('',#5869,#2982,#2983);
#2525=AXIS2_PLACEMENT_3D('',#5871,#2984,#2985);
#2526=AXIS2_PLACEMENT_3D('',#5936,#2986,#2987);
#2527=AXIS2_PLACEMENT_3D('',#5938,#2988,#2989);
#2528=AXIS2_PLACEMENT_3D('',#5940,#2990,#2991);
#2529=AXIS2_PLACEMENT_3D('',#6005,#2992,#2993);
#2530=AXIS2_PLACEMENT_3D('',#6007,#2994,#2995);
#2531=AXIS2_PLACEMENT_3D('',#6009,#2996,#2997);
#2532=AXIS2_PLACEMENT_3D('',#6074,#2998,#2999);
#2533=AXIS2_PLACEMENT_3D('',#6076,#3000,#3001);
#2534=AXIS2_PLACEMENT_3D('',#6078,#3002,#3003);
#2535=AXIS2_PLACEMENT_3D('',#6143,#3004,#3005);
#2536=AXIS2_PLACEMENT_3D('',#6145,#3006,#3007);
#2537=AXIS2_PLACEMENT_3D('',#6147,#3008,#3009);
#2538=AXIS2_PLACEMENT_3D('',#6182,#3011,#3012);
#2539=AXIS2_PLACEMENT_3D('',#6183,#3013,#3014);
#2540=AXIS2_PLACEMENT_3D('',#6231,#3017,#3018);
#2541=AXIS2_PLACEMENT_3D('',#6234,#3021,#3022);
#2542=AXIS2_PLACEMENT_3D('',#6235,#3023,#3024);
#2543=AXIS2_PLACEMENT_3D('',#6282,#3027,#3028);
#2544=AXIS2_PLACEMENT_3D('',#6285,#3031,#3032);
#2545=AXIS2_PLACEMENT_3D('',#6286,#3033,#3034);
#2546=AXIS2_PLACEMENT_3D('',#6333,#3037,#3038);
#2547=AXIS2_PLACEMENT_3D('',#6336,#3041,#3042);
#2548=AXIS2_PLACEMENT_3D('',#6337,#3043,#3044);
#2549=AXIS2_PLACEMENT_3D('',#6384,#3047,#3048);
#2550=AXIS2_PLACEMENT_3D('',#6387,#3051,#3052);
#2551=AXIS2_PLACEMENT_3D('',#6388,#3053,#3054);
#2552=AXIS2_PLACEMENT_3D('',#6435,#3057,#3058);
#2553=AXIS2_PLACEMENT_3D('',#6438,#3061,#3062);
#2554=AXIS2_PLACEMENT_3D('',#6439,#3063,#3064);
#2555=AXIS2_PLACEMENT_3D('',#6486,#3067,#3068);
#2556=AXIS2_PLACEMENT_3D('',#6489,#3071,#3072);
#2557=AXIS2_PLACEMENT_3D('',#6490,#3073,#3074);
#2558=AXIS2_PLACEMENT_3D('',#6537,#3077,#3078);
#2559=AXIS2_PLACEMENT_3D('',#6540,#3081,#3082);
#2560=AXIS2_PLACEMENT_3D('',#6541,#3083,#3084);
#2561=AXIS2_PLACEMENT_3D('',#6588,#3087,#3088);
#2562=AXIS2_PLACEMENT_3D('',#6591,#3091,#3092);
#2563=AXIS2_PLACEMENT_3D('',#6592,#3093,#3094);
#2564=AXIS2_PLACEMENT_3D('',#6639,#3097,#3098);
#2565=AXIS2_PLACEMENT_3D('',#6642,#3101,#3102);
#2566=AXIS2_PLACEMENT_3D('',#6643,#3103,#3104);
#2567=AXIS2_PLACEMENT_3D('',#6690,#3107,#3108);
#2568=AXIS2_PLACEMENT_3D('',#6693,#3111,#3112);
#2569=AXIS2_PLACEMENT_3D('',#6694,#3113,#3114);
#2570=AXIS2_PLACEMENT_3D('',#6741,#3117,#3118);
#2571=AXIS2_PLACEMENT_3D('',#6744,#3121,#3122);
#2572=AXIS2_PLACEMENT_3D('',#6745,#3123,#3124);
#2573=AXIS2_PLACEMENT_3D('',#6792,#3127,#3128);
#2574=AXIS2_PLACEMENT_3D('',#6795,#3131,#3132);
#2575=AXIS2_PLACEMENT_3D('',#6796,#3133,#3134);
#2576=AXIS2_PLACEMENT_3D('',#6843,#3137,#3138);
#2577=AXIS2_PLACEMENT_3D('',#6846,#3141,#3142);
#2578=AXIS2_PLACEMENT_3D('',#6847,#3143,#3144);
#2579=AXIS2_PLACEMENT_3D('',#6894,#3147,#3148);
#2580=AXIS2_PLACEMENT_3D('',#6897,#3151,#3152);
#2581=AXIS2_PLACEMENT_3D('',#6898,#3153,#3154);
#2582=AXIS2_PLACEMENT_3D('',#6945,#3157,#3158);
#2583=AXIS2_PLACEMENT_3D('',#6948,#3161,#3162);
#2584=AXIS2_PLACEMENT_3D('',#6949,#3163,#3164);
#2585=AXIS2_PLACEMENT_3D('',#6996,#3167,#3168);
#2586=AXIS2_PLACEMENT_3D('',#6999,#3171,#3172);
#2587=AXIS2_PLACEMENT_3D('',#7000,#3173,#3174);
#2588=AXIS2_PLACEMENT_3D('',#7047,#3177,#3178);
#2589=AXIS2_PLACEMENT_3D('',#7050,#3181,#3182);
#2590=AXIS2_PLACEMENT_3D('',#7051,#3183,#3184);
#2591=AXIS2_PLACEMENT_3D('',#7098,#3187,#3188);
#2592=AXIS2_PLACEMENT_3D('',#7101,#3191,#3192);
#2593=AXIS2_PLACEMENT_3D('',#7102,#3193,#3194);
#2594=AXIS2_PLACEMENT_3D('',#7149,#3197,#3198);
#2595=AXIS2_PLACEMENT_3D('',#7152,#3201,#3202);
#2596=AXIS2_PLACEMENT_3D('',#7153,#3203,#3204);
#2597=AXIS2_PLACEMENT_3D('',#7154,#3205,#3206);
#2598=AXIS2_PLACEMENT_3D('',#7156,#3208,#3209);
#2599=AXIS2_PLACEMENT_3D('',#7158,#3211,#3212);
#2600=AXIS2_PLACEMENT_3D('',#7159,#3213,#3214);
#2601=DIRECTION('',(0.,0.,1.));
#2602=DIRECTION('',(1.,0.,0.));
#2603=DIRECTION('',(0.,-1.,0.));
#2604=DIRECTION('',(0.,1.,0.));
#2605=DIRECTION('',(0.,-1.,0.));
#2606=DIRECTION('',(0.,1.,0.));
#2607=DIRECTION('',(0.,1.,0.));
#2608=DIRECTION('',(0.,0.,1.));
#2609=DIRECTION('',(0.,-1.,0.));
#2610=DIRECTION('',(0.,0.,-1.));
#2611=DIRECTION('',(0.,-1.,0.));
#2612=DIRECTION('',(0.,0.,-1.));
#2613=DIRECTION('',(0.,1.,0.));
#2614=DIRECTION('',(0.,1.,0.));
#2615=DIRECTION('',(0.,0.,1.));
#2616=DIRECTION('',(0.,-1.,0.));
#2617=DIRECTION('',(0.,0.,-1.));
#2618=DIRECTION('',(0.,1.,0.));
#2619=DIRECTION('',(0.,-1.,0.));
#2620=DIRECTION('',(0.,0.,-1.));
#2621=DIRECTION('',(0.,1.,0.));
#2622=DIRECTION('',(0.,1.,0.));
#2623=DIRECTION('',(0.,0.,1.));
#2624=DIRECTION('',(0.,-1.,0.));
#2625=DIRECTION('',(0.,0.,-1.));
#2626=DIRECTION('',(0.,1.,0.));
#2627=DIRECTION('',(0.,-1.,0.));
#2628=DIRECTION('',(0.,0.,-1.));
#2629=DIRECTION('',(0.,1.,0.));
#2630=DIRECTION('',(0.,1.,0.));
#2631=DIRECTION('',(0.,0.,1.));
#2632=DIRECTION('',(0.,-1.,0.));
#2633=DIRECTION('',(0.,0.,-1.));
#2634=DIRECTION('',(0.,1.,0.));
#2635=DIRECTION('',(0.,-1.,0.));
#2636=DIRECTION('',(0.,0.,-1.));
#2637=DIRECTION('',(0.,1.,0.));
#2638=DIRECTION('',(0.,1.,0.));
#2639=DIRECTION('',(0.,0.,1.));
#2640=DIRECTION('',(0.,-1.,0.));
#2641=DIRECTION('',(0.,0.,-1.));
#2642=DIRECTION('',(0.,1.,0.));
#2643=DIRECTION('',(0.,-1.,0.));
#2644=DIRECTION('',(0.,0.,-1.));
#2645=DIRECTION('',(0.,1.,0.));
#2646=DIRECTION('',(0.,1.,0.));
#2647=DIRECTION('',(0.,0.,1.));
#2648=DIRECTION('',(0.,1.,0.));
#2649=DIRECTION('',(0.,-1.,0.));
#2650=DIRECTION('',(0.,0.,-1.));
#2651=DIRECTION('',(0.,1.,0.));
#2652=DIRECTION('',(0.,-1.,0.));
#2653=DIRECTION('',(0.,0.,-1.));
#2654=DIRECTION('',(0.,1.,0.));
#2655=DIRECTION('',(0.,0.,1.));
#2656=DIRECTION('',(0.,1.,0.));
#2657=DIRECTION('',(0.,-1.,0.));
#2658=DIRECTION('',(0.,0.,-1.));
#2659=DIRECTION('',(0.,1.,0.));
#2660=DIRECTION('',(0.,-1.,0.));
#2661=DIRECTION('',(0.,0.,-1.));
#2662=DIRECTION('',(0.,1.,0.));
#2663=DIRECTION('',(0.,0.,1.));
#2664=DIRECTION('',(0.,-1.,0.));
#2665=DIRECTION('',(0.,0.,-1.));
#2666=DIRECTION('',(0.,1.,0.));
#2667=DIRECTION('',(0.,-1.,0.));
#2668=DIRECTION('',(0.,0.,-1.));
#2669=DIRECTION('',(0.,1.,0.));
#2670=DIRECTION('',(0.,1.,0.));
#2671=DIRECTION('',(0.,0.,1.));
#2672=DIRECTION('',(0.,-1.,0.));
#2673=DIRECTION('',(0.,0.,-1.));
#2674=DIRECTION('',(0.,1.,0.));
#2675=DIRECTION('',(0.,-1.,0.));
#2676=DIRECTION('',(0.,0.,-1.));
#2677=DIRECTION('',(0.,1.,0.));
#2678=DIRECTION('',(0.,1.,0.));
#2679=DIRECTION('',(0.,0.,1.));
#2680=DIRECTION('',(0.,-1.,0.));
#2681=DIRECTION('',(0.,0.,-1.));
#2682=DIRECTION('',(0.,1.,0.));
#2683=DIRECTION('',(0.,-1.,0.));
#2684=DIRECTION('',(0.,0.,-1.));
#2685=DIRECTION('',(0.,1.,0.));
#2686=DIRECTION('',(0.,1.,0.));
#2687=DIRECTION('',(0.,0.,1.));
#2688=DIRECTION('',(0.,-1.,0.));
#2689=DIRECTION('',(0.,0.,-1.));
#2690=DIRECTION('',(0.,1.,0.));
#2691=DIRECTION('',(0.,-1.,0.));
#2692=DIRECTION('',(0.,0.,-1.));
#2693=DIRECTION('',(0.,1.,0.));
#2694=DIRECTION('',(0.,1.,0.));
#2695=DIRECTION('',(0.,0.,1.));
#2696=DIRECTION('',(0.,1.,0.));
#2697=DIRECTION('',(0.,-1.,0.));
#2698=DIRECTION('',(0.,0.,-1.));
#2699=DIRECTION('',(0.,1.,0.));
#2700=DIRECTION('',(0.,-1.,0.));
#2701=DIRECTION('',(0.,0.,-1.));
#2702=DIRECTION('',(0.,1.,0.));
#2703=DIRECTION('',(0.,0.,1.));
#2704=DIRECTION('',(0.,-1.,0.));
#2705=DIRECTION('',(0.,0.,-1.));
#2706=DIRECTION('',(0.,1.,0.));
#2707=DIRECTION('',(0.,-1.,0.));
#2708=DIRECTION('',(0.,0.,-1.));
#2709=DIRECTION('',(0.,1.,0.));
#2710=DIRECTION('',(0.,1.,0.));
#2711=DIRECTION('',(0.,0.,1.));
#2712=DIRECTION('',(0.,-1.,0.));
#2713=DIRECTION('',(0.,0.,-1.));
#2714=DIRECTION('',(0.,1.,0.));
#2715=DIRECTION('',(0.,-1.,0.));
#2716=DIRECTION('',(0.,0.,-1.));
#2717=DIRECTION('',(0.,1.,0.));
#2718=DIRECTION('',(0.,1.,0.));
#2719=DIRECTION('',(0.,0.,1.));
#2720=DIRECTION('',(0.,-1.,0.));
#2721=DIRECTION('',(0.,0.,-1.));
#2722=DIRECTION('',(0.,1.,0.));
#2723=DIRECTION('',(0.,-1.,0.));
#2724=DIRECTION('',(0.,0.,-1.));
#2725=DIRECTION('',(0.,1.,0.));
#2726=DIRECTION('',(0.,1.,0.));
#2727=DIRECTION('',(0.,0.,1.));
#2728=DIRECTION('',(0.,-1.,0.));
#2729=DIRECTION('',(0.,0.,-1.));
#2730=DIRECTION('',(0.,1.,0.));
#2731=DIRECTION('',(0.,-1.,0.));
#2732=DIRECTION('',(0.,0.,-1.));
#2733=DIRECTION('',(0.,1.,0.));
#2734=DIRECTION('',(0.,1.,0.));
#2735=DIRECTION('',(0.,0.,1.));
#2736=DIRECTION('',(0.,-1.,0.));
#2737=DIRECTION('',(0.,0.,-1.));
#2738=DIRECTION('',(0.,1.,0.));
#2739=DIRECTION('',(0.,-1.,0.));
#2740=DIRECTION('',(0.,0.,-1.));
#2741=DIRECTION('',(0.,1.,0.));
#2742=DIRECTION('',(0.,1.,0.));
#2743=DIRECTION('',(0.,0.,1.));
#2744=DIRECTION('',(0.,-1.,0.));
#2745=DIRECTION('',(0.,0.,-1.));
#2746=DIRECTION('',(0.,1.,0.));
#2747=DIRECTION('',(0.,-1.,0.));
#2748=DIRECTION('',(0.,0.,-1.));
#2749=DIRECTION('',(0.,1.,0.));
#2750=DIRECTION('',(0.,0.,1.));
#2751=DIRECTION('',(0.,1.,0.));
#2752=DIRECTION('',(0.,-1.,0.));
#2753=DIRECTION('',(0.,0.,-1.));
#2754=DIRECTION('',(0.,1.,0.));
#2755=DIRECTION('',(0.,-1.,0.));
#2756=DIRECTION('',(0.,0.,-1.));
#2757=DIRECTION('',(0.,1.,0.));
#2758=DIRECTION('',(0.,0.,1.));
#2759=DIRECTION('',(0.,-1.,0.));
#2760=DIRECTION('',(0.,0.,-1.));
#2761=DIRECTION('',(0.,1.,0.));
#2762=DIRECTION('',(0.,-1.,0.));
#2763=DIRECTION('',(0.,0.,-1.));
#2764=DIRECTION('',(0.,1.,0.));
#2765=DIRECTION('',(0.,-1.,0.));
#2766=DIRECTION('',(1.,0.,0.));
#2767=DIRECTION('',(0.994507898170041,0.,-0.104661552049485));
#2768=DIRECTION('',(0.,-1.,0.));
#2769=DIRECTION('',(0.822983865893657,0.,-0.568064746731156));
#2770=DIRECTION('',(0.,-1.,0.));
#2771=DIRECTION('',(0.822983865893657,0.,-0.568064746731156));
#2772=DIRECTION('',(0.,-1.,0.));
#2773=DIRECTION('',(0.822983865893657,0.,-0.568064746731156));
#2774=DIRECTION('',(0.,-1.,0.));
#2775=DIRECTION('',(0.935016242685415,0.,-0.354604887042536));
#2776=DIRECTION('',(0.,-1.,0.));
#2777=DIRECTION('',(0.935016242685415,0.,-0.354604887042536));
#2778=DIRECTION('',(0.,-1.,0.));
#2779=DIRECTION('',(0.935016242685415,0.,-0.354604887042536));
#2780=DIRECTION('',(0.,-1.,0.));
#2781=DIRECTION('',(0.992708874098054,0.,-0.120536680255323));
#2782=DIRECTION('',(0.,-1.,0.));
#2783=DIRECTION('',(0.992708874098054,0.,-0.120536680255323));
#2784=DIRECTION('',(0.,-1.,0.));
#2785=DIRECTION('',(0.992708874098054,0.,-0.120536680255323));
#2786=DIRECTION('',(0.,-1.,0.));
#2787=DIRECTION('',(0.992708874098054,0.,0.120536680255323));
#2788=DIRECTION('',(0.,-1.,0.));
#2789=DIRECTION('',(0.992708874098054,0.,0.120536680255323));
#2790=DIRECTION('',(0.,-1.,0.));
#2791=DIRECTION('',(0.992708874098054,0.,0.120536680255323));
#2792=DIRECTION('',(0.,-1.,0.));
#2793=DIRECTION('',(0.935016242685415,0.,0.354604887042535));
#2794=DIRECTION('',(0.,-1.,0.));
#2795=DIRECTION('',(0.935016242685415,0.,0.354604887042535));
#2796=DIRECTION('',(0.,-1.,0.));
#2797=DIRECTION('',(0.935016242685415,0.,0.354604887042535));
#2798=DIRECTION('',(0.,-1.,0.));
#2799=DIRECTION('',(0.822983865893657,0.,0.568064746731156));
#2800=DIRECTION('',(0.,-1.,0.));
#2801=DIRECTION('',(0.822983865893657,0.,0.568064746731156));
#2802=DIRECTION('',(0.,-1.,0.));
#2803=DIRECTION('',(0.822983865893657,0.,0.568064746731156));
#2804=DIRECTION('',(0.,-1.,0.));
#2805=DIRECTION('',(0.663122658240796,0.,0.748510748171101));
#2806=DIRECTION('',(0.,-1.,0.));
#2807=DIRECTION('',(0.663122658240796,0.,0.748510748171101));
#2808=DIRECTION('',(0.,-1.,0.));
#2809=DIRECTION('',(0.663122658240796,0.,0.748510748171101));
#2810=DIRECTION('',(0.,-1.,0.));
#2811=DIRECTION('',(0.464723172043768,0.,0.88545602565321));
#2812=DIRECTION('',(0.,-1.,0.));
#2813=DIRECTION('',(0.464723172043768,0.,0.88545602565321));
#2814=DIRECTION('',(0.,-1.,0.));
#2815=DIRECTION('',(0.464723172043768,0.,0.88545602565321));
#2816=DIRECTION('',(0.,-1.,0.));
#2817=DIRECTION('',(0.239315664287558,0.,0.970941817426052));
#2818=DIRECTION('',(0.,-1.,0.));
#2819=DIRECTION('',(0.239315664287558,0.,0.970941817426052));
#2820=DIRECTION('',(0.,-1.,0.));
#2821=DIRECTION('',(0.239315664287558,0.,0.970941817426052));
#2822=DIRECTION('',(0.,-1.,0.));
#2823=DIRECTION('',(1.22464679914735E-16,0.,1.));
#2824=DIRECTION('',(0.,-1.,0.));
#2825=DIRECTION('',(1.22464679914735E-16,0.,1.));
#2826=DIRECTION('',(0.,-1.,0.));
#2827=DIRECTION('',(1.22464679914735E-16,0.,1.));
#2828=DIRECTION('',(0.,-1.,0.));
#2829=DIRECTION('',(-0.239315664287558,0.,0.970941817426052));
#2830=DIRECTION('',(0.,-1.,0.));
#2831=DIRECTION('',(-0.239315664287558,0.,0.970941817426052));
#2832=DIRECTION('',(0.,-1.,0.));
#2833=DIRECTION('',(-0.239315664287558,0.,0.970941817426052));
#2834=DIRECTION('',(0.,-1.,0.));
#2835=DIRECTION('',(-0.464723172043769,0.,0.88545602565321));
#2836=DIRECTION('',(0.,-1.,0.));
#2837=DIRECTION('',(-0.464723172043769,0.,0.88545602565321));
#2838=DIRECTION('',(0.,-1.,0.));
#2839=DIRECTION('',(-0.464723172043769,0.,0.88545602565321));
#2840=DIRECTION('',(0.,-1.,0.));
#2841=DIRECTION('',(-0.663122658240795,0.,0.748510748171101));
#2842=DIRECTION('',(0.,-1.,0.));
#2843=DIRECTION('',(-0.663122658240795,0.,0.748510748171101));
#2844=DIRECTION('',(0.,-1.,0.));
#2845=DIRECTION('',(-0.663122658240795,0.,0.748510748171101));
#2846=DIRECTION('',(0.,-1.,0.));
#2847=DIRECTION('',(-0.822983865893656,0.,0.568064746731156));
#2848=DIRECTION('',(0.,-1.,0.));
#2849=DIRECTION('',(-0.822983865893656,0.,0.568064746731156));
#2850=DIRECTION('',(0.,-1.,0.));
#2851=DIRECTION('',(-0.822983865893656,0.,0.568064746731156));
#2852=DIRECTION('',(0.,-1.,0.));
#2853=DIRECTION('',(-0.935016242685415,0.,0.354604887042536));
#2854=DIRECTION('',(0.,-1.,0.));
#2855=DIRECTION('',(-0.935016242685415,0.,0.354604887042536));
#2856=DIRECTION('',(0.,-1.,0.));
#2857=DIRECTION('',(-0.935016242685415,0.,0.354604887042536));
#2858=DIRECTION('',(0.,-1.,0.));
#2859=DIRECTION('',(-0.992708874098054,0.,0.120536680255323));
#2860=DIRECTION('',(0.,-1.,0.));
#2861=DIRECTION('',(-0.992708874098054,0.,0.120536680255323));
#2862=DIRECTION('',(0.,-1.,0.));
#2863=DIRECTION('',(-0.992708874098054,0.,0.120536680255323));
#2864=DIRECTION('',(0.,-1.,0.));
#2865=DIRECTION('',(-0.992708874098054,0.,-0.120536680255322));
#2866=DIRECTION('',(0.,-1.,0.));
#2867=DIRECTION('',(-0.992708874098054,0.,-0.120536680255322));
#2868=DIRECTION('',(0.,-1.,0.));
#2869=DIRECTION('',(-0.992708874098054,0.,-0.120536680255322));
#2870=DIRECTION('',(0.,-1.,0.));
#2871=DIRECTION('',(-0.935016242685415,0.,-0.354604887042535));
#2872=DIRECTION('',(0.,-1.,0.));
#2873=DIRECTION('',(-0.935016242685415,0.,-0.354604887042535));
#2874=DIRECTION('',(0.,-1.,0.));
#2875=DIRECTION('',(-0.935016242685415,0.,-0.354604887042535));
#2876=DIRECTION('',(0.,-1.,0.));
#2877=DIRECTION('',(-0.822983865893656,0.,-0.568064746731156));
#2878=DIRECTION('',(0.,-1.,0.));
#2879=DIRECTION('',(-0.822983865893656,0.,-0.568064746731156));
#2880=DIRECTION('',(0.,-1.,0.));
#2881=DIRECTION('',(-0.822983865893656,0.,-0.568064746731156));
#2882=DIRECTION('',(0.994507920153577,0.,0.104661343158815));
#2883=DIRECTION('',(0.,-1.,0.));
#2884=DIRECTION('',(0.,0.,-1.));
#2885=DIRECTION('',(0.,-1.,0.));
#2886=DIRECTION('',(0.,0.,-1.));
#2887=DIRECTION('',(0.,-1.,0.));
#2888=DIRECTION('',(0.,0.,-1.));
#2889=DIRECTION('',(0.,1.,0.));
#2890=DIRECTION('',(0.,0.,1.));
#2891=DIRECTION('',(0.,-1.,0.));
#2892=DIRECTION('',(0.,0.,-1.));
#2893=DIRECTION('',(0.,-1.,0.));
#2894=DIRECTION('',(1.,0.,0.));
#2895=DIRECTION('',(0.994507920153577,0.,0.104661343158815));
#2896=DIRECTION('',(0.,-1.,0.));
#2897=DIRECTION('',(-0.822983865893656,0.,-0.568064746731156));
#2898=DIRECTION('',(0.,-1.,0.));
#2899=DIRECTION('',(-0.822983865893656,0.,-0.568064746731156));
#2900=DIRECTION('',(0.,-1.,0.));
#2901=DIRECTION('',(-0.822983865893656,0.,-0.568064746731156));
#2902=DIRECTION('',(0.,-1.,0.));
#2903=DIRECTION('',(-0.935016242685415,0.,-0.354604887042535));
#2904=DIRECTION('',(0.,-1.,0.));
#2905=DIRECTION('',(-0.935016242685415,0.,-0.354604887042535));
#2906=DIRECTION('',(0.,-1.,0.));
#2907=DIRECTION('',(-0.935016242685415,0.,-0.354604887042535));
#2908=DIRECTION('',(0.,-1.,0.));
#2909=DIRECTION('',(-0.992708874098054,0.,-0.120536680255322));
#2910=DIRECTION('',(0.,-1.,0.));
#2911=DIRECTION('',(-0.992708874098054,0.,-0.120536680255322));
#2912=DIRECTION('',(0.,-1.,0.));
#2913=DIRECTION('',(-0.992708874098054,0.,-0.120536680255322));
#2914=DIRECTION('',(0.,-1.,0.));
#2915=DIRECTION('',(-0.992708874098054,0.,0.120536680255323));
#2916=DIRECTION('',(0.,-1.,0.));
#2917=DIRECTION('',(-0.992708874098054,0.,0.120536680255323));
#2918=DIRECTION('',(0.,-1.,0.));
#2919=DIRECTION('',(-0.992708874098054,0.,0.120536680255323));
#2920=DIRECTION('',(0.,-1.,0.));
#2921=DIRECTION('',(-0.935016242685415,0.,0.354604887042536));
#2922=DIRECTION('',(0.,-1.,0.));
#2923=DIRECTION('',(-0.935016242685415,0.,0.354604887042536));
#2924=DIRECTION('',(0.,-1.,0.));
#2925=DIRECTION('',(-0.935016242685415,0.,0.354604887042536));
#2926=DIRECTION('',(0.,-1.,0.));
#2927=DIRECTION('',(-0.822983865893656,0.,0.568064746731156));
#2928=DIRECTION('',(0.,-1.,0.));
#2929=DIRECTION('',(-0.822983865893656,0.,0.568064746731156));
#2930=DIRECTION('',(0.,-1.,0.));
#2931=DIRECTION('',(-0.822983865893656,0.,0.568064746731156));
#2932=DIRECTION('',(0.,-1.,0.));
#2933=DIRECTION('',(-0.663122658240795,0.,0.748510748171101));
#2934=DIRECTION('',(0.,-1.,0.));
#2935=DIRECTION('',(-0.663122658240795,0.,0.748510748171101));
#2936=DIRECTION('',(0.,-1.,0.));
#2937=DIRECTION('',(-0.663122658240795,0.,0.748510748171101));
#2938=DIRECTION('',(0.,-1.,0.));
#2939=DIRECTION('',(-0.464723172043769,0.,0.88545602565321));
#2940=DIRECTION('',(0.,-1.,0.));
#2941=DIRECTION('',(-0.464723172043769,0.,0.88545602565321));
#2942=DIRECTION('',(0.,-1.,0.));
#2943=DIRECTION('',(-0.464723172043769,0.,0.88545602565321));
#2944=DIRECTION('',(0.,-1.,0.));
#2945=DIRECTION('',(-0.239315664287558,0.,0.970941817426052));
#2946=DIRECTION('',(0.,-1.,0.));
#2947=DIRECTION('',(-0.239315664287558,0.,0.970941817426052));
#2948=DIRECTION('',(0.,-1.,0.));
#2949=DIRECTION('',(-0.239315664287558,0.,0.970941817426052));
#2950=DIRECTION('',(0.,-1.,0.));
#2951=DIRECTION('',(1.22464679914735E-16,0.,1.));
#2952=DIRECTION('',(0.,-1.,0.));
#2953=DIRECTION('',(1.22464679914735E-16,0.,1.));
#2954=DIRECTION('',(0.,-1.,0.));
#2955=DIRECTION('',(1.22464679914735E-16,0.,1.));
#2956=DIRECTION('',(0.,-1.,0.));
#2957=DIRECTION('',(0.239315664287558,0.,0.970941817426052));
#2958=DIRECTION('',(0.,-1.,0.));
#2959=DIRECTION('',(0.239315664287558,0.,0.970941817426052));
#2960=DIRECTION('',(0.,-1.,0.));
#2961=DIRECTION('',(0.239315664287558,0.,0.970941817426052));
#2962=DIRECTION('',(0.,-1.,0.));
#2963=DIRECTION('',(0.464723172043768,0.,0.88545602565321));
#2964=DIRECTION('',(0.,-1.,0.));
#2965=DIRECTION('',(0.464723172043768,0.,0.88545602565321));
#2966=DIRECTION('',(0.,-1.,0.));
#2967=DIRECTION('',(0.464723172043768,0.,0.88545602565321));
#2968=DIRECTION('',(0.,-1.,0.));
#2969=DIRECTION('',(0.663122658240796,0.,0.748510748171101));
#2970=DIRECTION('',(0.,-1.,0.));
#2971=DIRECTION('',(0.663122658240796,0.,0.748510748171101));
#2972=DIRECTION('',(0.,-1.,0.));
#2973=DIRECTION('',(0.663122658240796,0.,0.748510748171101));
#2974=DIRECTION('',(0.,-1.,0.));
#2975=DIRECTION('',(0.822983865893657,0.,0.568064746731156));
#2976=DIRECTION('',(0.,-1.,0.));
#2977=DIRECTION('',(0.822983865893657,0.,0.568064746731156));
#2978=DIRECTION('',(0.,-1.,0.));
#2979=DIRECTION('',(0.822983865893657,0.,0.568064746731156));
#2980=DIRECTION('',(0.,-1.,0.));
#2981=DIRECTION('',(0.935016242685415,0.,0.354604887042535));
#2982=DIRECTION('',(0.,-1.,0.));
#2983=DIRECTION('',(0.935016242685415,0.,0.354604887042535));
#2984=DIRECTION('',(0.,-1.,0.));
#2985=DIRECTION('',(0.935016242685415,0.,0.354604887042535));
#2986=DIRECTION('',(0.,-1.,0.));
#2987=DIRECTION('',(0.992708874098054,0.,0.120536680255323));
#2988=DIRECTION('',(0.,-1.,0.));
#2989=DIRECTION('',(0.992708874098054,0.,0.120536680255323));
#2990=DIRECTION('',(0.,-1.,0.));
#2991=DIRECTION('',(0.992708874098054,0.,0.120536680255323));
#2992=DIRECTION('',(0.,-1.,0.));
#2993=DIRECTION('',(0.992708874098054,0.,-0.120536680255323));
#2994=DIRECTION('',(0.,-1.,0.));
#2995=DIRECTION('',(0.992708874098054,0.,-0.120536680255323));
#2996=DIRECTION('',(0.,-1.,0.));
#2997=DIRECTION('',(0.992708874098054,0.,-0.120536680255323));
#2998=DIRECTION('',(0.,-1.,0.));
#2999=DIRECTION('',(0.935016242685415,0.,-0.354604887042536));
#3000=DIRECTION('',(0.,-1.,0.));
#3001=DIRECTION('',(0.935016242685415,0.,-0.354604887042536));
#3002=DIRECTION('',(0.,-1.,0.));
#3003=DIRECTION('',(0.935016242685415,0.,-0.354604887042536));
#3004=DIRECTION('',(0.,-1.,0.));
#3005=DIRECTION('',(0.822983865893657,0.,-0.568064746731156));
#3006=DIRECTION('',(0.,-1.,0.));
#3007=DIRECTION('',(0.822983865893657,0.,-0.568064746731156));
#3008=DIRECTION('',(0.,-1.,0.));
#3009=DIRECTION('',(0.822983865893657,0.,-0.568064746731156));
#3010=DIRECTION('',(0.994507898170041,0.,-0.104661552049485));
#3011=DIRECTION('',(0.,-1.,0.));
#3012=DIRECTION('',(0.,0.,-1.));
#3013=DIRECTION('',(0.,-1.,0.));
#3014=DIRECTION('',(0.,0.,-1.));
#3015=DIRECTION('',(0.,1.,0.));
#3016=DIRECTION('',(0.,1.,0.));
#3017=DIRECTION('',(0.,1.,0.));
#3018=DIRECTION('',(0.935016242685415,0.,0.354604887042535));
#3019=DIRECTION('',(0.,1.,0.));
#3020=DIRECTION('',(0.,1.,0.));
#3021=DIRECTION('',(0.,1.,0.));
#3022=DIRECTION('',(0.935016242685415,0.,0.354604887042535));
#3023=DIRECTION('',(0.,1.,0.));
#3024=DIRECTION('',(0.935016242685415,0.,0.354604887042535));
#3025=DIRECTION('',(0.,1.,0.));
#3026=DIRECTION('',(0.,1.,0.));
#3027=DIRECTION('',(0.,1.,0.));
#3028=DIRECTION('',(0.822983865893656,0.,0.568064746731156));
#3029=DIRECTION('',(0.,1.,0.));
#3030=DIRECTION('',(0.,1.,0.));
#3031=DIRECTION('',(0.,1.,0.));
#3032=DIRECTION('',(0.822983865893656,0.,0.568064746731156));
#3033=DIRECTION('',(0.,1.,0.));
#3034=DIRECTION('',(0.822983865893656,0.,0.568064746731156));
#3035=DIRECTION('',(0.,1.,0.));
#3036=DIRECTION('',(0.,1.,0.));
#3037=DIRECTION('',(0.,1.,0.));
#3038=DIRECTION('',(0.992708874098054,0.,0.120536680255322));
#3039=DIRECTION('',(0.,1.,0.));
#3040=DIRECTION('',(0.,1.,0.));
#3041=DIRECTION('',(0.,1.,0.));
#3042=DIRECTION('',(0.992708874098054,0.,0.120536680255322));
#3043=DIRECTION('',(0.,1.,0.));
#3044=DIRECTION('',(0.992708874098054,0.,0.120536680255322));
#3045=DIRECTION('',(0.,1.,0.));
#3046=DIRECTION('',(0.,1.,0.));
#3047=DIRECTION('',(0.,1.,0.));
#3048=DIRECTION('',(0.992708874098054,0.,-0.120536680255323));
#3049=DIRECTION('',(0.,1.,0.));
#3050=DIRECTION('',(0.,1.,0.));
#3051=DIRECTION('',(0.,1.,0.));
#3052=DIRECTION('',(0.992708874098054,0.,-0.120536680255323));
#3053=DIRECTION('',(0.,1.,0.));
#3054=DIRECTION('',(0.992708874098054,0.,-0.120536680255323));
#3055=DIRECTION('',(0.,1.,0.));
#3056=DIRECTION('',(0.,1.,0.));
#3057=DIRECTION('',(0.,1.,0.));
#3058=DIRECTION('',(0.935016242685415,0.,-0.354604887042536));
#3059=DIRECTION('',(0.,1.,0.));
#3060=DIRECTION('',(0.,1.,0.));
#3061=DIRECTION('',(0.,1.,0.));
#3062=DIRECTION('',(0.935016242685415,0.,-0.354604887042536));
#3063=DIRECTION('',(0.,1.,0.));
#3064=DIRECTION('',(0.935016242685415,0.,-0.354604887042536));
#3065=DIRECTION('',(0.,1.,0.));
#3066=DIRECTION('',(0.,1.,0.));
#3067=DIRECTION('',(0.,1.,0.));
#3068=DIRECTION('',(0.822983865893656,0.,-0.568064746731156));
#3069=DIRECTION('',(0.,1.,0.));
#3070=DIRECTION('',(0.,1.,0.));
#3071=DIRECTION('',(0.,1.,0.));
#3072=DIRECTION('',(0.822983865893656,0.,-0.568064746731156));
#3073=DIRECTION('',(0.,1.,0.));
#3074=DIRECTION('',(0.822983865893656,0.,-0.568064746731156));
#3075=DIRECTION('',(0.,1.,0.));
#3076=DIRECTION('',(0.,1.,0.));
#3077=DIRECTION('',(0.,1.,0.));
#3078=DIRECTION('',(0.464723172043769,0.,-0.88545602565321));
#3079=DIRECTION('',(0.,1.,0.));
#3080=DIRECTION('',(0.,1.,0.));
#3081=DIRECTION('',(0.,1.,0.));
#3082=DIRECTION('',(0.464723172043769,0.,-0.88545602565321));
#3083=DIRECTION('',(0.,1.,0.));
#3084=DIRECTION('',(0.464723172043769,0.,-0.88545602565321));
#3085=DIRECTION('',(0.,1.,0.));
#3086=DIRECTION('',(0.,1.,0.));
#3087=DIRECTION('',(0.,1.,0.));
#3088=DIRECTION('',(0.663122658240795,0.,-0.748510748171101));
#3089=DIRECTION('',(0.,1.,0.));
#3090=DIRECTION('',(0.,1.,0.));
#3091=DIRECTION('',(0.,1.,0.));
#3092=DIRECTION('',(0.663122658240795,0.,-0.748510748171101));
#3093=DIRECTION('',(0.,1.,0.));
#3094=DIRECTION('',(0.663122658240795,0.,-0.748510748171101));
#3095=DIRECTION('',(0.,1.,0.));
#3096=DIRECTION('',(0.,1.,0.));
#3097=DIRECTION('',(0.,1.,0.));
#3098=DIRECTION('',(0.239315664287558,0.,-0.970941817426052));
#3099=DIRECTION('',(0.,1.,0.));
#3100=DIRECTION('',(0.,1.,0.));
#3101=DIRECTION('',(0.,1.,0.));
#3102=DIRECTION('',(0.239315664287558,0.,-0.970941817426052));
#3103=DIRECTION('',(0.,1.,0.));
#3104=DIRECTION('',(0.239315664287558,0.,-0.970941817426052));
#3105=DIRECTION('',(0.,1.,0.));
#3106=DIRECTION('',(0.,1.,0.));
#3107=DIRECTION('',(0.,1.,0.));
#3108=DIRECTION('',(-1.22464679914735E-16,0.,-1.));
#3109=DIRECTION('',(0.,1.,0.));
#3110=DIRECTION('',(0.,1.,0.));
#3111=DIRECTION('',(0.,1.,0.));
#3112=DIRECTION('',(-1.22464679914735E-16,0.,-1.));
#3113=DIRECTION('',(0.,1.,0.));
#3114=DIRECTION('',(-1.22464679914735E-16,0.,-1.));
#3115=DIRECTION('',(0.,1.,0.));
#3116=DIRECTION('',(0.,1.,0.));
#3117=DIRECTION('',(0.,1.,0.));
#3118=DIRECTION('',(-0.663122658240796,0.,-0.748510748171101));
#3119=DIRECTION('',(0.,1.,0.));
#3120=DIRECTION('',(0.,1.,0.));
#3121=DIRECTION('',(0.,1.,0.));
#3122=DIRECTION('',(-0.663122658240796,0.,-0.748510748171101));
#3123=DIRECTION('',(0.,1.,0.));
#3124=DIRECTION('',(-0.663122658240796,0.,-0.748510748171101));
#3125=DIRECTION('',(0.,1.,0.));
#3126=DIRECTION('',(0.,1.,0.));
#3127=DIRECTION('',(0.,1.,0.));
#3128=DIRECTION('',(-0.822983865893657,0.,-0.568064746731156));
#3129=DIRECTION('',(0.,1.,0.));
#3130=DIRECTION('',(0.,1.,0.));
#3131=DIRECTION('',(0.,1.,0.));
#3132=DIRECTION('',(-0.822983865893657,0.,-0.568064746731156));
#3133=DIRECTION('',(0.,1.,0.));
#3134=DIRECTION('',(-0.822983865893657,0.,-0.568064746731156));
#3135=DIRECTION('',(0.,1.,0.));
#3136=DIRECTION('',(0.,1.,0.));
#3137=DIRECTION('',(0.,1.,0.));
#3138=DIRECTION('',(-0.464723172043768,0.,-0.88545602565321));
#3139=DIRECTION('',(0.,1.,0.));
#3140=DIRECTION('',(0.,1.,0.));
#3141=DIRECTION('',(0.,1.,0.));
#3142=DIRECTION('',(-0.464723172043768,0.,-0.88545602565321));
#3143=DIRECTION('',(0.,1.,0.));
#3144=DIRECTION('',(-0.464723172043768,0.,-0.88545602565321));
#3145=DIRECTION('',(0.,1.,0.));
#3146=DIRECTION('',(0.,1.,0.));
#3147=DIRECTION('',(0.,1.,0.));
#3148=DIRECTION('',(-0.239315664287558,0.,-0.970941817426052));
#3149=DIRECTION('',(0.,1.,0.));
#3150=DIRECTION('',(0.,1.,0.));
#3151=DIRECTION('',(0.,1.,0.));
#3152=DIRECTION('',(-0.239315664287558,0.,-0.970941817426052));
#3153=DIRECTION('',(0.,1.,0.));
#3154=DIRECTION('',(-0.239315664287558,0.,-0.970941817426052));
#3155=DIRECTION('',(0.,1.,0.));
#3156=DIRECTION('',(0.,1.,0.));
#3157=DIRECTION('',(0.,1.,0.));
#3158=DIRECTION('',(-0.935016242685415,0.,-0.354604887042535));
#3159=DIRECTION('',(0.,1.,0.));
#3160=DIRECTION('',(0.,1.,0.));
#3161=DIRECTION('',(0.,1.,0.));
#3162=DIRECTION('',(-0.935016242685415,0.,-0.354604887042535));
#3163=DIRECTION('',(0.,1.,0.));
#3164=DIRECTION('',(-0.935016242685415,0.,-0.354604887042535));
#3165=DIRECTION('',(0.,1.,0.));
#3166=DIRECTION('',(0.,1.,0.));
#3167=DIRECTION('',(0.,1.,0.));
#3168=DIRECTION('',(-0.992708874098054,0.,-0.120536680255323));
#3169=DIRECTION('',(0.,1.,0.));
#3170=DIRECTION('',(0.,1.,0.));
#3171=DIRECTION('',(0.,1.,0.));
#3172=DIRECTION('',(-0.992708874098054,0.,-0.120536680255323));
#3173=DIRECTION('',(0.,1.,0.));
#3174=DIRECTION('',(-0.992708874098054,0.,-0.120536680255323));
#3175=DIRECTION('',(0.,1.,0.));
#3176=DIRECTION('',(0.,1.,0.));
#3177=DIRECTION('',(0.,1.,0.));
#3178=DIRECTION('',(-0.992708874098054,0.,0.120536680255323));
#3179=DIRECTION('',(0.,1.,0.));
#3180=DIRECTION('',(0.,1.,0.));
#3181=DIRECTION('',(0.,1.,0.));
#3182=DIRECTION('',(-0.992708874098054,0.,0.120536680255323));
#3183=DIRECTION('',(0.,1.,0.));
#3184=DIRECTION('',(-0.992708874098054,0.,0.120536680255323));
#3185=DIRECTION('',(0.,1.,0.));
#3186=DIRECTION('',(0.,1.,0.));
#3187=DIRECTION('',(0.,1.,0.));
#3188=DIRECTION('',(-0.935016242685415,0.,0.354604887042536));
#3189=DIRECTION('',(0.,1.,0.));
#3190=DIRECTION('',(0.,1.,0.));
#3191=DIRECTION('',(0.,1.,0.));
#3192=DIRECTION('',(-0.935016242685415,0.,0.354604887042536));
#3193=DIRECTION('',(0.,1.,0.));
#3194=DIRECTION('',(-0.935016242685415,0.,0.354604887042536));
#3195=DIRECTION('',(0.,1.,0.));
#3196=DIRECTION('',(0.,1.,0.));
#3197=DIRECTION('',(0.,1.,0.));
#3198=DIRECTION('',(-0.822983865893657,0.,0.568064746731156));
#3199=DIRECTION('',(0.,1.,0.));
#3200=DIRECTION('',(0.,1.,0.));
#3201=DIRECTION('',(0.,1.,0.));
#3202=DIRECTION('',(-0.822983865893657,0.,0.568064746731156));
#3203=DIRECTION('',(0.,1.,0.));
#3204=DIRECTION('',(-0.822983865893657,0.,0.568064746731156));
#3205=DIRECTION('',(-0.104661552049485,0.,-0.994507898170041));
#3206=DIRECTION('',(-0.994507898170041,0.,0.104661552049485));
#3207=DIRECTION('',(0.,-1.,0.));
#3208=DIRECTION('',(0.104661343158815,0.,-0.994507920153577));
#3209=DIRECTION('',(-0.994507920153577,0.,-0.104661343158815));
#3210=DIRECTION('',(0.,-1.,0.));
#3211=DIRECTION('',(0.,-1.,0.));
#3212=DIRECTION('',(0.,0.,-1.));
#3213=DIRECTION('',(0.,-1.,0.));
#3214=DIRECTION('',(0.,0.,-1.));
#3215=CARTESIAN_POINT('',(0.,0.,0.));
#3216=CARTESIAN_POINT('',(0.00924795618875637,-0.008,-0.00931633430946614));
#3217=CARTESIAN_POINT('',(0.00924795618875637,0.,-0.00931633430946614));
#3218=CARTESIAN_POINT('',(0.0093639892900294,-0.008,-0.0095855342565194));
#3219=CARTESIAN_POINT('',(0.0093639892900294,0.,-0.0095855342565194));
#3220=CARTESIAN_POINT('',(0.00946670332441398,-0.008,-0.00989817523139167));
#3221=CARTESIAN_POINT('',(0.00946670332441398,0.,-0.00989817523139167));
#3222=CARTESIAN_POINT('',(0.00955146689626361,-0.008,-0.0102356963675942));
#3223=CARTESIAN_POINT('',(0.00955146689626361,0.,-0.0102356963675942));
#3224=CARTESIAN_POINT('',(0.00843141042609493,0.,-0.00818375330925472));
#3225=CARTESIAN_POINT('',(0.00858810314292293,0.,-0.00833555960716617));
#3226=CARTESIAN_POINT('',(0.00876439582454335,0.,-0.0085063546504039));
#3227=CARTESIAN_POINT('',(0.00877208648963368,0.,-0.00851475258315439));
#3228=CARTESIAN_POINT('',(0.00878158103074554,0.,-0.00852483593951116));
#3229=CARTESIAN_POINT('',(0.00879257601973777,0.,-0.00853716850066222));
#3230=CARTESIAN_POINT('',(0.00880704583143284,0.,-0.00855396937115874));
#3231=CARTESIAN_POINT('',(0.00882411728725809,0.,-0.00857465035407511));
#3232=CARTESIAN_POINT('',(0.00884386126970169,0.,-0.00859955273787101));
#3233=CARTESIAN_POINT('',(0.00886604586017874,0.,-0.00862871812827986));
#3234=CARTESIAN_POINT('',(0.00889052782846403,0.,-0.00866227408296211));
#3235=CARTESIAN_POINT('',(0.00891713310558119,0.,-0.00870031608425189));
#3236=CARTESIAN_POINT('',(0.00894569270403819,0.,-0.00874294272620876));
#3237=CARTESIAN_POINT('',(0.00897603226645881,0.,-0.00879024519882169));
#3238=CARTESIAN_POINT('',(0.00900797528073846,0.,-0.00884231024377395));
#3239=CARTESIAN_POINT('',(0.00904134232059706,0.,-0.00889921919434891));
#3240=CARTESIAN_POINT('',(0.00907595143895888,0.,-0.00896104815312024));
#3241=CARTESIAN_POINT('',(0.00911161823389721,0.,-0.00902786784890758));
#3242=CARTESIAN_POINT('',(0.00914815601125582,0.,-0.00909974358967543));
#3243=CARTESIAN_POINT('',(0.00918537592059934,0.,-0.0091767351955457));
#3244=CARTESIAN_POINT('',(0.00922308710758625,0.,-0.00925889693253629));
#3245=CARTESIAN_POINT('',(0.0092610968379084,0.,-0.00934627748849597));
#3246=CARTESIAN_POINT('',(0.00929921073152809,0.,-0.0094389197957368));
#3247=CARTESIAN_POINT('',(0.00933723257867652,0.,-0.00953686146789968));
#3248=CARTESIAN_POINT('',(0.00937496577946263,0.,-0.00964013287856022));
#3249=CARTESIAN_POINT('',(0.00941220851986057,0.,-0.00974876436496652));
#3250=CARTESIAN_POINT('',(0.00944877310507928,0.,-0.00986275826445424));
#3251=CARTESIAN_POINT('',(0.00948441227643977,0.,-0.00998219638626507));
#3252=CARTESIAN_POINT('',(0.00951899806874076,0.,-0.0101064487399354));
#3253=CARTESIAN_POINT('',(0.0095406119892297,0.,-0.0101924730763204));
#3254=CARTESIAN_POINT('',(0.00955146689626361,0.,-0.0102356963675942));
#3255=CARTESIAN_POINT('',(0.00924795618875385,0.,-0.00931633430946031));
#3256=CARTESIAN_POINT('',(0.00955146689626361,0.,-0.0102356963675942));
#3257=CARTESIAN_POINT('',(0.00924795618874976,0.,-0.00931633430945272));
#3258=CARTESIAN_POINT('',(0.00924795618875385,-0.008,-0.00931633430946031));
#3259=CARTESIAN_POINT('',(0.00843141042609493,-0.008,-0.00818375330925472));
#3260=CARTESIAN_POINT('',(0.00858810314292293,-0.008,-0.00833555960716617));
#3261=CARTESIAN_POINT('',(0.00876439582454335,-0.008,-0.0085063546504039));
#3262=CARTESIAN_POINT('',(0.00877208648963368,-0.008,-0.00851475258315439));
#3263=CARTESIAN_POINT('',(0.00878158103074554,-0.008,-0.00852483593951116));
#3264=CARTESIAN_POINT('',(0.00879257601973777,-0.008,-0.00853716850066222));
#3265=CARTESIAN_POINT('',(0.00880704583143284,-0.008,-0.00855396937115874));
#3266=CARTESIAN_POINT('',(0.00882411728725809,-0.008,-0.00857465035407511));
#3267=CARTESIAN_POINT('',(0.00884386126970169,-0.008,-0.00859955273787101));
#3268=CARTESIAN_POINT('',(0.00886604586017874,-0.008,-0.00862871812827986));
#3269=CARTESIAN_POINT('',(0.00889052782846403,-0.008,-0.00866227408296211));
#3270=CARTESIAN_POINT('',(0.00891713310558119,-0.008,-0.00870031608425189));
#3271=CARTESIAN_POINT('',(0.00894569270403819,-0.008,-0.00874294272620876));
#3272=CARTESIAN_POINT('',(0.00897603226645881,-0.008,-0.00879024519882169));
#3273=CARTESIAN_POINT('',(0.00900797528073846,-0.008,-0.00884231024377395));
#3274=CARTESIAN_POINT('',(0.00904134232059706,-0.008,-0.00889921919434891));
#3275=CARTESIAN_POINT('',(0.00907595143895888,-0.008,-0.00896104815312024));
#3276=CARTESIAN_POINT('',(0.00911161823389721,-0.008,-0.00902786784890758));
#3277=CARTESIAN_POINT('',(0.00914815601125582,-0.008,-0.00909974358967543));
#3278=CARTESIAN_POINT('',(0.00918537592059934,-0.008,-0.0091767351955457));
#3279=CARTESIAN_POINT('',(0.00922308710758625,-0.008,-0.00925889693253629));
#3280=CARTESIAN_POINT('',(0.0092610968379084,-0.008,-0.00934627748849597));
#3281=CARTESIAN_POINT('',(0.00929921073152809,-0.008,-0.0094389197957368));
#3282=CARTESIAN_POINT('',(0.00933723257867652,-0.008,-0.00953686146789968));
#3283=CARTESIAN_POINT('',(0.00937496577946263,-0.008,-0.00964013287856022));
#3284=CARTESIAN_POINT('',(0.00941220851986057,-0.008,-0.00974876436496652));
#3285=CARTESIAN_POINT('',(0.00944877310507928,-0.008,-0.00986275826445424));
#3286=CARTESIAN_POINT('',(0.00948441227643977,-0.008,-0.00998219638626507));
#3287=CARTESIAN_POINT('',(0.00951899806874076,-0.008,-0.0101064487399354));
#3288=CARTESIAN_POINT('',(0.0095406119892297,-0.008,-0.0101924730763204));
#3289=CARTESIAN_POINT('',(0.00955146689626361,-0.008,-0.0102356963675942));
#3290=CARTESIAN_POINT('',(0.00955146689626361,-0.008,-0.0102356963675942));
#3291=CARTESIAN_POINT('',(0.00955146689626361,-0.008,-0.0102356963675942));
#3292=CARTESIAN_POINT('',(0.00924795597561605,-0.008,0.00931633381497489));
#3293=CARTESIAN_POINT('',(0.00924795597561605,0.,0.00931633381497489));
#3294=CARTESIAN_POINT('',(0.00936398916156569,-0.008,0.00958553387549744));
#3295=CARTESIAN_POINT('',(0.00936398916156569,0.,0.00958553387549744));
#3296=CARTESIAN_POINT('',(0.00946670327251346,-0.008,0.00989817502472819));
#3297=CARTESIAN_POINT('',(0.00946670327251346,0.,0.00989817502472819));
#3298=CARTESIAN_POINT('',(0.00955146689626361,-0.008,0.0102356963675942));
#3299=CARTESIAN_POINT('',(0.00955146689626361,0.,0.0102356963675942));
#3300=CARTESIAN_POINT('',(0.00924795597561441,0.,0.00931633381497298));
#3301=CARTESIAN_POINT('',(0.00924795597562021,0.,0.00931633381498453));
#3302=CARTESIAN_POINT('',(0.00924795597561441,-0.008,0.00931633381497298));
#3303=CARTESIAN_POINT('',(0.00843141042609494,0.,0.00818375330925472));
#3304=CARTESIAN_POINT('',(0.00858810314292294,0.,0.00833555960716616));
#3305=CARTESIAN_POINT('',(0.00876439582454335,0.,0.0085063546504039));
#3306=CARTESIAN_POINT('',(0.00877208648963369,0.,0.00851475258315439));
#3307=CARTESIAN_POINT('',(0.00878158103074554,0.,0.00852483593951115));
#3308=CARTESIAN_POINT('',(0.00879257601973778,0.,0.00853716850066221));
#3309=CARTESIAN_POINT('',(0.00880704583143284,0.,0.00855396937115874));
#3310=CARTESIAN_POINT('',(0.0088241172872581,0.,0.0085746503540751));
#3311=CARTESIAN_POINT('',(0.0088438612697017,0.,0.00859955273787101));
#3312=CARTESIAN_POINT('',(0.00886604586017875,0.,0.00862871812827985));
#3313=CARTESIAN_POINT('',(0.00889052782846403,0.,0.0086622740829621));
#3314=CARTESIAN_POINT('',(0.00891713310558119,0.,0.00870031608425188));
#3315=CARTESIAN_POINT('',(0.00894569270403819,0.,0.00874294272620876));
#3316=CARTESIAN_POINT('',(0.00897603226645881,0.,0.00879024519882169));
#3317=CARTESIAN_POINT('',(0.00900797528073847,0.,0.00884231024377395));
#3318=CARTESIAN_POINT('',(0.00904134232059707,0.,0.0088992191943489));
#3319=CARTESIAN_POINT('',(0.00907595143895889,0.,0.00896104815312024));
#3320=CARTESIAN_POINT('',(0.00911161823389721,0.,0.00902786784890757));
#3321=CARTESIAN_POINT('',(0.00914815601125583,0.,0.00909974358967542));
#3322=CARTESIAN_POINT('',(0.00918537592059934,0.,0.0091767351955457));
#3323=CARTESIAN_POINT('',(0.00922308710758625,0.,0.00925889693253628));
#3324=CARTESIAN_POINT('',(0.0092610968379084,0.,0.00934627748849597));
#3325=CARTESIAN_POINT('',(0.0092992107315281,0.,0.00943891979573679));
#3326=CARTESIAN_POINT('',(0.00933723257867652,0.,0.00953686146789968));
#3327=CARTESIAN_POINT('',(0.00937496577946263,0.,0.00964013287856021));
#3328=CARTESIAN_POINT('',(0.00941220851986057,0.,0.00974876436496652));
#3329=CARTESIAN_POINT('',(0.00944877310507929,0.,0.00986275826445423));
#3330=CARTESIAN_POINT('',(0.00948441227643978,0.,0.00998219638626506));
#3331=CARTESIAN_POINT('',(0.00951899806874077,0.,0.0101064487399354));
#3332=CARTESIAN_POINT('',(0.0095406119892297,0.,0.0101924730763204));
#3333=CARTESIAN_POINT('',(0.00955146689626361,0.,0.0102356963675942));
#3334=CARTESIAN_POINT('',(0.00955146689626361,0.,0.0102356963675942));
#3335=CARTESIAN_POINT('',(0.00955146689626361,-0.008,0.0102356963675942));
#3336=CARTESIAN_POINT('',(0.00955146689626361,-0.008,0.0102356963675942));
#3337=CARTESIAN_POINT('',(0.00843141042609494,-0.008,0.00818375330925472));
#3338=CARTESIAN_POINT('',(0.00858810314292294,-0.008,0.00833555960716616));
#3339=CARTESIAN_POINT('',(0.00876439582454335,-0.008,0.0085063546504039));
#3340=CARTESIAN_POINT('',(0.00877208648963369,-0.008,0.00851475258315439));
#3341=CARTESIAN_POINT('',(0.00878158103074554,-0.008,0.00852483593951115));
#3342=CARTESIAN_POINT('',(0.00879257601973778,-0.008,0.00853716850066221));
#3343=CARTESIAN_POINT('',(0.00880704583143284,-0.008,0.00855396937115874));
#3344=CARTESIAN_POINT('',(0.0088241172872581,-0.008,0.0085746503540751));
#3345=CARTESIAN_POINT('',(0.0088438612697017,-0.008,0.00859955273787101));
#3346=CARTESIAN_POINT('',(0.00886604586017875,-0.008,0.00862871812827985));
#3347=CARTESIAN_POINT('',(0.00889052782846403,-0.008,0.0086622740829621));
#3348=CARTESIAN_POINT('',(0.00891713310558119,-0.008,0.00870031608425188));
#3349=CARTESIAN_POINT('',(0.00894569270403819,-0.008,0.00874294272620876));
#3350=CARTESIAN_POINT('',(0.00897603226645881,-0.008,0.00879024519882169));
#3351=CARTESIAN_POINT('',(0.00900797528073847,-0.008,0.00884231024377395));
#3352=CARTESIAN_POINT('',(0.00904134232059707,-0.008,0.0088992191943489));
#3353=CARTESIAN_POINT('',(0.00907595143895889,-0.008,0.00896104815312024));
#3354=CARTESIAN_POINT('',(0.00911161823389721,-0.008,0.00902786784890757));
#3355=CARTESIAN_POINT('',(0.00914815601125583,-0.008,0.00909974358967542));
#3356=CARTESIAN_POINT('',(0.00918537592059934,-0.008,0.0091767351955457));
#3357=CARTESIAN_POINT('',(0.00922308710758625,-0.008,0.00925889693253628));
#3358=CARTESIAN_POINT('',(0.0092610968379084,-0.008,0.00934627748849597));
#3359=CARTESIAN_POINT('',(0.0092992107315281,-0.008,0.00943891979573679));
#3360=CARTESIAN_POINT('',(0.00933723257867652,-0.008,0.00953686146789968));
#3361=CARTESIAN_POINT('',(0.00937496577946263,-0.008,0.00964013287856021));
#3362=CARTESIAN_POINT('',(0.00941220851986057,-0.008,0.00974876436496652));
#3363=CARTESIAN_POINT('',(0.00944877310507929,-0.008,0.00986275826445423));
#3364=CARTESIAN_POINT('',(0.00948441227643978,-0.008,0.00998219638626506));
#3365=CARTESIAN_POINT('',(0.00951899806874077,-0.008,0.0101064487399354));
#3366=CARTESIAN_POINT('',(0.0095406119892297,-0.008,0.0101924730763204));
#3367=CARTESIAN_POINT('',(0.00955146689626361,-0.008,0.0102356963675942));
#3368=CARTESIAN_POINT('',(0.,-0.008,8.57252759403147E-19));
#3369=CARTESIAN_POINT('',(0.,-0.008,8.57252759403147E-19));
#3370=CARTESIAN_POINT('',(0.00900976450543972,-0.008,0.010715602808826));
#3371=CARTESIAN_POINT('',(0.,0.,8.57252759403147E-19));
#3372=CARTESIAN_POINT('',(0.00900976450543972,0.,0.010715602808826));
#3373=CARTESIAN_POINT('',(0.00900976450543972,-0.008,0.010715602808826));
#3374=CARTESIAN_POINT('',(0.,-0.008,8.57252759403147E-19));
#3375=CARTESIAN_POINT('',(0.,-0.008,8.57252759403147E-19));
#3376=CARTESIAN_POINT('',(0.00682435615168642,-0.008,0.0122240812789731));
#3377=CARTESIAN_POINT('',(0.00618354551905658,-0.008,0.0125604046437109));
#3378=CARTESIAN_POINT('',(0.00682435615168642,-0.008,0.0122240812789731));
#3379=CARTESIAN_POINT('',(0.00682435615168642,0.,0.0122240812789731));
#3380=CARTESIAN_POINT('',(0.,0.,8.57252759403147E-19));
#3381=CARTESIAN_POINT('',(0.00618354551905658,0.,0.0125604046437109));
#3382=CARTESIAN_POINT('',(0.00618354551905658,-0.008,0.0125604046437109));
#3383=CARTESIAN_POINT('',(0.,-0.008,8.57252759403147E-19));
#3384=CARTESIAN_POINT('',(0.,-0.008,8.57252759403147E-19));
#3385=CARTESIAN_POINT('',(0.00370063863309853,-0.008,0.0135020470191456));
#3386=CARTESIAN_POINT('',(0.0029979613433793,-0.008,0.0136752414159167));
#3387=CARTESIAN_POINT('',(0.00370063863309853,-0.008,0.0135020470191456));
#3388=CARTESIAN_POINT('',(0.00370063863309853,0.,0.0135020470191456));
#3389=CARTESIAN_POINT('',(0.,0.,8.57252759403147E-19));
#3390=CARTESIAN_POINT('',(0.0029979613433793,0.,0.0136752414159167));
#3391=CARTESIAN_POINT('',(0.0029979613433793,-0.008,0.0136752414159167));
#3392=CARTESIAN_POINT('',(0.,-0.008,8.57252759403147E-19));
#3393=CARTESIAN_POINT('',(0.,-0.008,8.57252759403147E-19));
#3394=CARTESIAN_POINT('',(0.000361853448429082,-0.008,0.0139953228645094));
#3395=CARTESIAN_POINT('',(-0.000361853448429084,-0.008,0.0139953228645094));
#3396=CARTESIAN_POINT('',(0.000361853448429082,-0.008,0.0139953228645094));
#3397=CARTESIAN_POINT('',(0.000361853448429082,0.,0.0139953228645094));
#3398=CARTESIAN_POINT('',(0.,0.,8.57252759403147E-19));
#3399=CARTESIAN_POINT('',(-0.000361853448429084,0.,0.0139953228645094));
#3400=CARTESIAN_POINT('',(-0.000361853448429084,-0.008,0.0139953228645094));
#3401=CARTESIAN_POINT('',(0.,-0.008,8.57252759403147E-19));
#3402=CARTESIAN_POINT('',(0.,-0.008,8.57252759403147E-19));
#3403=CARTESIAN_POINT('',(-0.0029979613433793,-0.008,0.0136752414159167));
#3404=CARTESIAN_POINT('',(-0.00370063863309853,-0.008,0.0135020470191456));
#3405=CARTESIAN_POINT('',(-0.0029979613433793,-0.008,0.0136752414159167));
#3406=CARTESIAN_POINT('',(-0.0029979613433793,0.,0.0136752414159167));
#3407=CARTESIAN_POINT('',(0.,0.,8.57252759403147E-19));
#3408=CARTESIAN_POINT('',(-0.00370063863309853,0.,0.0135020470191456));
#3409=CARTESIAN_POINT('',(-0.00370063863309853,-0.008,0.0135020470191456));
#3410=CARTESIAN_POINT('',(0.,-0.008,8.57252759403147E-19));
#3411=CARTESIAN_POINT('',(-0.013214169201149,-0.008,0.00462447103174026));
#3412=CARTESIAN_POINT('',(-0.013214169201149,-0.008,0.00462447103174026));
#3413=CARTESIAN_POINT('',(-0.013214169201149,0.,0.00462447103174026));
#3414=CARTESIAN_POINT('',(0.,-0.008,8.57252759403147E-19));
#3415=CARTESIAN_POINT('',(-0.0129575391987367,-0.008,0.0053011487352461));
#3416=CARTESIAN_POINT('',(-0.0129575391987367,-0.008,0.0053011487352461));
#3417=CARTESIAN_POINT('',(-0.0129575391987367,0.,0.0053011487352461));
#3418=CARTESIAN_POINT('',(0.,0.,8.57252759403147E-19));
#3419=CARTESIAN_POINT('',(0.,-0.008,8.57252759403147E-19));
#3420=CARTESIAN_POINT('',(-0.0117234811029995,-0.008,0.00765244998857318));
#3421=CARTESIAN_POINT('',(-0.0117234811029995,-0.008,0.00765244998857318));
#3422=CARTESIAN_POINT('',(-0.0117234811029995,0.,0.00765244998857318));
#3423=CARTESIAN_POINT('',(0.,-0.008,8.57252759403147E-19));
#3424=CARTESIAN_POINT('',(-0.0113123687279282,-0.008,0.00824804908832342));
#3425=CARTESIAN_POINT('',(-0.0113123687279282,-0.008,0.00824804908832342));
#3426=CARTESIAN_POINT('',(-0.0113123687279282,0.,0.00824804908832342));
#3427=CARTESIAN_POINT('',(0.,0.,8.57252759403147E-19));
#3428=CARTESIAN_POINT('',(0.,-0.008,8.57252759403147E-19));
#3429=CARTESIAN_POINT('',(0.,-0.008,8.57252759403147E-19));
#3430=CARTESIAN_POINT('',(-0.00618354551905657,-0.008,0.0125604046437109));
#3431=CARTESIAN_POINT('',(-0.00682435615168642,-0.008,0.0122240812789731));
#3432=CARTESIAN_POINT('',(-0.00618354551905657,-0.008,0.0125604046437109));
#3433=CARTESIAN_POINT('',(-0.00618354551905657,0.,0.0125604046437109));
#3434=CARTESIAN_POINT('',(0.,0.,8.57252759403147E-19));
#3435=CARTESIAN_POINT('',(-0.00682435615168642,0.,0.0122240812789731));
#3436=CARTESIAN_POINT('',(-0.00682435615168642,-0.008,0.0122240812789731));
#3437=CARTESIAN_POINT('',(0.,-0.008,8.57252759403147E-19));
#3438=CARTESIAN_POINT('',(0.,-0.008,8.57252759403147E-19));
#3439=CARTESIAN_POINT('',(-0.00900976450543972,-0.008,0.010715602808826));
#3440=CARTESIAN_POINT('',(-0.00955146689626361,-0.008,0.0102356963675942));
#3441=CARTESIAN_POINT('',(-0.00900976450543972,-0.008,0.010715602808826));
#3442=CARTESIAN_POINT('',(-0.00900976450543972,0.,0.010715602808826));
#3443=CARTESIAN_POINT('',(0.,0.,8.57252759403147E-19));
#3444=CARTESIAN_POINT('',(-0.00955146689626361,0.,0.0102356963675942));
#3445=CARTESIAN_POINT('',(-0.00955146689626361,-0.008,0.0102356963675942));
#3446=CARTESIAN_POINT('',(0.,-0.008,8.57252759403147E-19));
#3447=CARTESIAN_POINT('',(0.,-0.008,8.57252759403147E-19));
#3448=CARTESIAN_POINT('',(-0.0138496645900533,-0.008,0.00204616488656792));
#3449=CARTESIAN_POINT('',(-0.0139368978168785,-0.008,0.00132773462781085));
#3450=CARTESIAN_POINT('',(-0.0138496645900533,-0.008,0.00204616488656792));
#3451=CARTESIAN_POINT('',(-0.0138496645900533,0.,0.00204616488656792));
#3452=CARTESIAN_POINT('',(0.,0.,8.57252759403147E-19));
#3453=CARTESIAN_POINT('',(-0.0139368978168785,0.,0.00132773462781085));
#3454=CARTESIAN_POINT('',(-0.0139368978168785,-0.008,0.00132773462781085));
#3455=CARTESIAN_POINT('',(0.,-0.008,8.57252759403147E-19));
#3456=CARTESIAN_POINT('',(0.,-0.008,8.57252759403147E-19));
#3457=CARTESIAN_POINT('',(-0.0139368978168785,-0.008,-0.00132773462781085));
#3458=CARTESIAN_POINT('',(-0.0138496645900533,-0.008,-0.00204616488656792));
#3459=CARTESIAN_POINT('',(-0.0139368978168785,-0.008,-0.00132773462781085));
#3460=CARTESIAN_POINT('',(-0.0139368978168785,0.,-0.00132773462781085));
#3461=CARTESIAN_POINT('',(0.,0.,8.57252759403147E-19));
#3462=CARTESIAN_POINT('',(-0.0138496645900533,0.,-0.00204616488656792));
#3463=CARTESIAN_POINT('',(-0.0138496645900533,-0.008,-0.00204616488656792));
#3464=CARTESIAN_POINT('',(0.,-0.008,8.57252759403147E-19));
#3465=CARTESIAN_POINT('',(-0.0113123687279282,-0.008,-0.00824804908832342));
#3466=CARTESIAN_POINT('',(-0.0113123687279282,-0.008,-0.00824804908832342));
#3467=CARTESIAN_POINT('',(-0.0113123687279282,0.,-0.00824804908832342));
#3468=CARTESIAN_POINT('',(0.,-0.008,8.57252759403147E-19));
#3469=CARTESIAN_POINT('',(-0.0117234811029995,-0.008,-0.00765244998857318));
#3470=CARTESIAN_POINT('',(-0.0117234811029995,-0.008,-0.00765244998857318));
#3471=CARTESIAN_POINT('',(-0.0117234811029995,0.,-0.00765244998857318));
#3472=CARTESIAN_POINT('',(0.,0.,8.57252759403147E-19));
#3473=CARTESIAN_POINT('',(0.,-0.008,8.57252759403147E-19));
#3474=CARTESIAN_POINT('',(0.,-0.008,8.57252759403147E-19));
#3475=CARTESIAN_POINT('',(-0.013214169201149,-0.008,-0.00462447103174026));
#3476=CARTESIAN_POINT('',(-0.0129575391987367,-0.008,-0.0053011487352461));
#3477=CARTESIAN_POINT('',(-0.013214169201149,-0.008,-0.00462447103174026));
#3478=CARTESIAN_POINT('',(-0.013214169201149,0.,-0.00462447103174026));
#3479=CARTESIAN_POINT('',(0.,0.,8.57252759403147E-19));
#3480=CARTESIAN_POINT('',(-0.0129575391987367,0.,-0.0053011487352461));
#3481=CARTESIAN_POINT('',(-0.0129575391987367,-0.008,-0.0053011487352461));
#3482=CARTESIAN_POINT('',(0.,-0.008,8.57252759403147E-19));
#3483=CARTESIAN_POINT('',(0.,-0.008,8.57252759403147E-19));
#3484=CARTESIAN_POINT('',(-0.00955146689626361,-0.008,-0.0102356963675942));
#3485=CARTESIAN_POINT('',(-0.00900976450543972,-0.008,-0.0107156028088259));
#3486=CARTESIAN_POINT('',(-0.00955146689626361,-0.008,-0.0102356963675942));
#3487=CARTESIAN_POINT('',(-0.00955146689626361,0.,-0.0102356963675942));
#3488=CARTESIAN_POINT('',(0.,0.,8.57252759403147E-19));
#3489=CARTESIAN_POINT('',(-0.00900976450543972,0.,-0.0107156028088259));
#3490=CARTESIAN_POINT('',(-0.00900976450543972,-0.008,-0.0107156028088259));
#3491=CARTESIAN_POINT('',(0.,-0.008,8.57252759403147E-19));
#3492=CARTESIAN_POINT('',(0.,-0.008,8.57252759403147E-19));
#3493=CARTESIAN_POINT('',(-0.00682435615168642,-0.008,-0.0122240812789731));
#3494=CARTESIAN_POINT('',(-0.00618354551905658,-0.008,-0.0125604046437109));
#3495=CARTESIAN_POINT('',(-0.00682435615168642,-0.008,-0.0122240812789731));
#3496=CARTESIAN_POINT('',(-0.00682435615168642,0.,-0.0122240812789731));
#3497=CARTESIAN_POINT('',(0.,0.,8.57252759403147E-19));
#3498=CARTESIAN_POINT('',(-0.00618354551905658,0.,-0.0125604046437109));
#3499=CARTESIAN_POINT('',(-0.00618354551905658,-0.008,-0.0125604046437109));
#3500=CARTESIAN_POINT('',(0.,-0.008,8.57252759403147E-19));
#3501=CARTESIAN_POINT('',(0.,-0.008,8.57252759403147E-19));
#3502=CARTESIAN_POINT('',(-0.00370063863309854,-0.008,-0.0135020470191456));
#3503=CARTESIAN_POINT('',(-0.00299796134337929,-0.008,-0.0136752414159167));
#3504=CARTESIAN_POINT('',(-0.00370063863309854,-0.008,-0.0135020470191456));
#3505=CARTESIAN_POINT('',(-0.00370063863309854,0.,-0.0135020470191456));
#3506=CARTESIAN_POINT('',(0.,0.,8.57252759403147E-19));
#3507=CARTESIAN_POINT('',(-0.00299796134337929,0.,-0.0136752414159167));
#3508=CARTESIAN_POINT('',(-0.00299796134337929,-0.008,-0.0136752414159167));
#3509=CARTESIAN_POINT('',(0.,-0.008,8.57252759403147E-19));
#3510=CARTESIAN_POINT('',(0.,-0.008,8.57252759403147E-19));
#3511=CARTESIAN_POINT('',(-0.000361853448429077,-0.008,-0.0139953228645094));
#3512=CARTESIAN_POINT('',(0.000361853448429073,-0.008,-0.0139953228645094));
#3513=CARTESIAN_POINT('',(-0.000361853448429077,-0.008,-0.0139953228645094));
#3514=CARTESIAN_POINT('',(-0.000361853448429077,0.,-0.0139953228645094));
#3515=CARTESIAN_POINT('',(0.,0.,8.57252759403147E-19));
#3516=CARTESIAN_POINT('',(0.000361853448429073,0.,-0.0139953228645094));
#3517=CARTESIAN_POINT('',(0.000361853448429073,-0.008,-0.0139953228645094));
#3518=CARTESIAN_POINT('',(0.,-0.008,8.57252759403147E-19));
#3519=CARTESIAN_POINT('',(0.,-0.008,8.57252759403147E-19));
#3520=CARTESIAN_POINT('',(0.00900976450543973,-0.008,-0.0107156028088259));
#3521=CARTESIAN_POINT('',(0.00900976450543973,-0.008,-0.0107156028088259));
#3522=CARTESIAN_POINT('',(0.00900976450543973,0.,-0.0107156028088259));
#3523=CARTESIAN_POINT('',(0.,0.,8.57252759403147E-19));
#3524=CARTESIAN_POINT('',(0.,-0.008,8.57252759403147E-19));
#3525=CARTESIAN_POINT('',(0.00682435615168643,-0.008,-0.0122240812789731));
#3526=CARTESIAN_POINT('',(0.00682435615168643,-0.008,-0.0122240812789731));
#3527=CARTESIAN_POINT('',(0.00682435615168643,0.,-0.0122240812789731));
#3528=CARTESIAN_POINT('',(0.,-0.008,8.57252759403147E-19));
#3529=CARTESIAN_POINT('',(0.00618354551905657,-0.008,-0.0125604046437109));
#3530=CARTESIAN_POINT('',(0.00618354551905657,-0.008,-0.0125604046437109));
#3531=CARTESIAN_POINT('',(0.00618354551905657,0.,-0.0125604046437109));
#3532=CARTESIAN_POINT('',(0.,0.,8.57252759403147E-19));
#3533=CARTESIAN_POINT('',(0.,-0.008,8.57252759403147E-19));
#3534=CARTESIAN_POINT('',(0.,-0.008,8.57252759403147E-19));
#3535=CARTESIAN_POINT('',(0.00299796134337929,-0.008,-0.0136752414159167));
#3536=CARTESIAN_POINT('',(0.00370063863309853,-0.008,-0.0135020470191456));
#3537=CARTESIAN_POINT('',(0.00299796134337929,-0.008,-0.0136752414159167));
#3538=CARTESIAN_POINT('',(0.00299796134337929,0.,-0.0136752414159167));
#3539=CARTESIAN_POINT('',(0.,0.,8.57252759403147E-19));
#3540=CARTESIAN_POINT('',(0.00370063863309853,0.,-0.0135020470191456));
#3541=CARTESIAN_POINT('',(0.00370063863309853,-0.008,-0.0135020470191456));
#3542=CARTESIAN_POINT('',(0.,-0.008,0.));
#3543=CARTESIAN_POINT('',(0.029885631867931,-0.008,0.00714443433226796));
#3544=CARTESIAN_POINT('',(0.0505233077602474,-0.008,0.00497253484956043));
#3545=CARTESIAN_POINT('',(0.00710779031089488,-0.008,0.00935637840707338));
#3546=CARTESIAN_POINT('',(0.0072396025500689,-0.008,0.00953022688476716));
#3547=CARTESIAN_POINT('',(0.00738790257054713,-0.008,0.00972582126176623));
#3548=CARTESIAN_POINT('',(0.00739531226567368,-0.008,0.00973446811218388));
#3549=CARTESIAN_POINT('',(0.00740417766254356,-0.008,0.00974510884170218));
#3550=CARTESIAN_POINT('',(0.007415095005966,-0.008,0.00975751019082558));
#3551=CARTESIAN_POINT('',(0.00743002923613483,-0.008,0.00977389962245685));
#3552=CARTESIAN_POINT('',(0.00744850169478868,-0.008,0.0097933394251735));
#3553=CARTESIAN_POINT('',(0.0074708426380703,-0.008,0.0098159411024285));
#3554=CARTESIAN_POINT('',(0.00749712132305676,-0.008,0.00984147944160154));
#3555=CARTESIAN_POINT('',(0.00752748164186544,-0.008,0.00986982763215392));
#3556=CARTESIAN_POINT('',(0.00756203936235328,-0.008,0.0099008243833917));
#3557=CARTESIAN_POINT('',(0.00760091272890944,-0.008,0.00993431382413255));
#3558=CARTESIAN_POINT('',(0.00764421328310449,-0.008,0.00997013386000039));
#3559=CARTESIAN_POINT('',(0.0076920484103603,-0.008,0.0100081197214171));
#3560=CARTESIAN_POINT('',(0.00774452047839716,-0.008,0.0100481030939663));
#3561=CARTESIAN_POINT('',(0.00780172696621182,-0.008,0.0100899125303227));
#3562=CARTESIAN_POINT('',(0.00786376031412722,-0.008,0.0101333734984745));
#3563=CARTESIAN_POINT('',(0.00793070785743312,-0.008,0.0101783085374812));
#3564=CARTESIAN_POINT('',(0.00800265174349993,-0.008,0.0102245373843588));
#3565=CARTESIAN_POINT('',(0.0080796688476339,-0.008,0.0102718771173543));
#3566=CARTESIAN_POINT('',(0.00816183073424827,-0.008,0.0103201422760815));
#3567=CARTESIAN_POINT('',(0.00824920345255464,-0.008,0.0103691450726702));
#3568=CARTESIAN_POINT('',(0.00834184799242229,-0.008,0.0104186952617652));
#3569=CARTESIAN_POINT('',(0.00843981820346746,-0.008,0.01046860133804));
#3570=CARTESIAN_POINT('',(0.00854316852773828,-0.008,0.0105186666156714));
#3571=CARTESIAN_POINT('',(0.0086519239096356,-0.008,0.0105687050501093));
#3572=CARTESIAN_POINT('',(0.00876619536565997,-0.008,0.0106184810464834));
#3573=CARTESIAN_POINT('',(0.00888537292318811,-0.008,0.0106677916356436));
#3574=CARTESIAN_POINT('',(0.0089681647750829,-0.008,0.010699617054246));
#3575=CARTESIAN_POINT('',(0.00900976450543972,-0.008,0.010715602808826));
#3576=CARTESIAN_POINT('',(0.00733152745581335,-0.008,0.00965126356052672));
#3577=CARTESIAN_POINT('',(0.00703209400225212,-0.008,0.0098789349565824));
#3578=CARTESIAN_POINT('',(0.00681395592787092,-0.008,0.00957248685624759));
#3579=CARTESIAN_POINT('',(9.1864622395386E-17,-0.008,1.30512286797561E-16));
#3580=CARTESIAN_POINT('',(0.00653416862136866,-0.008,0.00976561008987771));
#3581=CARTESIAN_POINT('',(0.00674334974549618,-0.008,0.0100782407265759));
#3582=CARTESIAN_POINT('',(0.00642429272621241,-0.008,0.0102774824795779));
#3583=CARTESIAN_POINT('',(0.00622790860300779,-0.008,0.0099637168984562));
#3584=CARTESIAN_POINT('',(0.00634371848923448,-0.008,0.0101486110028638));
#3585=CARTESIAN_POINT('',(0.00647401449669646,-0.008,0.0103566326527634));
#3586=CARTESIAN_POINT('',(0.00647947192818166,-0.008,0.0103666270534757));
#3587=CARTESIAN_POINT('',(0.00648627747005966,-0.008,0.0103786895982358));
#3588=CARTESIAN_POINT('',(0.00649400158959013,-0.008,0.0103932950706678));
#3589=CARTESIAN_POINT('',(0.00650403022337166,-0.008,0.010413070591));
#3590=CARTESIAN_POINT('',(0.006515656330552,-0.008,0.0104372360889301));
#3591=CARTESIAN_POINT('',(0.00652886705822855,-0.008,0.0104661398989853));
#3592=CARTESIAN_POINT('',(0.00654342727004529,-0.008,0.0104997669161618));
#3593=CARTESIAN_POINT('',(0.00655916737124079,-0.008,0.0105382067142897));
#3594=CARTESIAN_POINT('',(0.00657589550054856,-0.008,0.0105815103437274));
#3595=CARTESIAN_POINT('',(0.00659342398584309,-0.008,0.0106297330922163));
#3596=CARTESIAN_POINT('',(0.00661156171306388,-0.008,0.0106829217734787));
#3597=CARTESIAN_POINT('',(0.00663011654058372,-0.008,0.0107411183665307));
#3598=CARTESIAN_POINT('',(0.0066488947915954,-0.008,0.0108043589017388));
#3599=CARTESIAN_POINT('',(0.00666770159353657,-0.008,0.010872673727489));
#3600=CARTESIAN_POINT('',(0.00668634097635091,-0.008,0.0109460873870803));
#3601=CARTESIAN_POINT('',(0.00670461604165618,-0.008,0.0110246186119104));
#3602=CARTESIAN_POINT('',(0.00672232911077519,-0.008,0.0111082802889699));
#3603=CARTESIAN_POINT('',(0.00673928188853863,-0.008,0.0111970794329713));
#3604=CARTESIAN_POINT('',(0.00675527558938219,-0.008,0.0112910171926439));
#3605=CARTESIAN_POINT('',(0.00677011120722401,-0.008,0.0113900887345771));
#3606=CARTESIAN_POINT('',(0.0067835892322611,-0.008,0.0114942836233564));
#3607=CARTESIAN_POINT('',(0.00679551150856553,-0.008,0.0116035843005231));
#3608=CARTESIAN_POINT('',(0.00680567482628156,-0.008,0.0117179719245224));
#3609=CARTESIAN_POINT('',(0.00681389638532662,-0.008,0.0118374038464675));
#3610=CARTESIAN_POINT('',(0.00681991653367652,-0.008,0.0119619003254972));
#3611=CARTESIAN_POINT('',(0.00682376179115245,-0.008,0.0120908190534488));
#3612=CARTESIAN_POINT('',(0.0068241606791868,-0.008,0.012179516228701));
#3613=CARTESIAN_POINT('',(0.00682435615168642,-0.008,0.0122240812789731));
#3614=CARTESIAN_POINT('',(0.00466212292852903,-0.008,0.0107855046149582));
#3615=CARTESIAN_POINT('',(0.00474850027966699,-0.008,0.0109858461054261));
#3616=CARTESIAN_POINT('',(0.00484568217281199,-0.008,0.0112112473832225));
#3617=CARTESIAN_POINT('',(0.00485080722891304,-0.008,0.0112214162279934));
#3618=CARTESIAN_POINT('',(0.00485686852020891,-0.008,0.0112338693855917));
#3619=CARTESIAN_POINT('',(0.00486450078836944,-0.008,0.0112485230653415));
#3620=CARTESIAN_POINT('',(0.00487507880923329,-0.008,0.0112680102450896));
#3621=CARTESIAN_POINT('',(0.00488836224251022,-0.008,0.0112913059111835));
#3622=CARTESIAN_POINT('',(0.0049046450631768,-0.008,0.0113185973624566));
#3623=CARTESIAN_POINT('',(0.00492404841273313,-0.008,0.0113496825048615));
#3624=CARTESIAN_POINT('',(0.00494674234980147,-0.008,0.0113844726483808));
#3625=CARTESIAN_POINT('',(0.0049728778776248,-0.008,0.0114228388941967));
#3626=CARTESIAN_POINT('',(0.00500260710704079,-0.008,0.0114646581981947));
#3627=CARTESIAN_POINT('',(0.00503607713014798,-0.008,0.0115097998698117));
#3628=CARTESIAN_POINT('',(0.00507343164388406,-0.008,0.0115581296263877));
#3629=CARTESIAN_POINT('',(0.00511481032162582,-0.008,0.0116095085426162));
#3630=CARTESIAN_POINT('',(0.00516034883983801,-0.008,0.0116637934813705));
#3631=CARTESIAN_POINT('',(0.00521017872094019,-0.008,0.0117208371046393));
#3632=CARTESIAN_POINT('',(0.00526442723160014,-0.008,0.0117804880088773));
#3633=CARTESIAN_POINT('',(0.00532321727189079,-0.008,0.0118425908283676));
#3634=CARTESIAN_POINT('',(0.0053866672593025,-0.008,0.0119069863541961));
#3635=CARTESIAN_POINT('',(0.00545489106229228,-0.008,0.0119735116416032));
#3636=CARTESIAN_POINT('',(0.00552799775138055,-0.008,0.0120420001661041));
#3637=CARTESIAN_POINT('',(0.0056060920728754,-0.008,0.0121122818063588));
#3638=CARTESIAN_POINT('',(0.00568927214184552,-0.008,0.0121841835088944));
#3639=CARTESIAN_POINT('',(0.00577763788835051,-0.008,0.0122575273320549));
#3640=CARTESIAN_POINT('',(0.00587125805532733,-0.008,0.0123321386069929));
#3641=CARTESIAN_POINT('',(0.00597029681488172,-0.008,0.0124078151527841));
#3642=CARTESIAN_POINT('',(0.0060742104927832,-0.008,0.0124842139221897));
#3643=CARTESIAN_POINT('',(0.00614698024273592,-0.008,0.0125349279390017));
#3644=CARTESIAN_POINT('',(0.00618354551905658,-0.008,0.0125604046437109));
#3645=CARTESIAN_POINT('',(0.00480878804225467,-0.008,0.0111253647452461));
#3646=CARTESIAN_POINT('',(0.00446357024926942,-0.008,0.0112747613084594));
#3647=CARTESIAN_POINT('',(0.0043251087015812,-0.008,0.0109250141747966));
#3648=CARTESIAN_POINT('',(5.79615688130876E-17,-0.008,1.48704480072731E-16));
#3649=CARTESIAN_POINT('',(0.0040072340907676,-0.008,0.0110455681131298));
#3650=CARTESIAN_POINT('',(0.00413551938310114,-0.008,0.0113991745913856));
#3651=CARTESIAN_POINT('',(0.00377805190846173,-0.008,0.011516271398637));
#3652=CARTESIAN_POINT('',(0.00366246336944052,-0.008,0.0111646254781567));
#3653=CARTESIAN_POINT('',(0.00373065997543022,-0.008,0.011371862015775));
#3654=CARTESIAN_POINT('',(0.00380738697838679,-0.008,0.0116050208101723));
#3655=CARTESIAN_POINT('',(0.00381029401018589,-0.008,0.0116160308406051));
#3656=CARTESIAN_POINT('',(0.00381401503947323,-0.008,0.0116293715425126));
#3657=CARTESIAN_POINT('',(0.00381801939179085,-0.008,0.0116454011092566));
#3658=CARTESIAN_POINT('',(0.00382302401991607,-0.008,0.0116670019980638));
#3659=CARTESIAN_POINT('',(0.00382852911136134,-0.008,0.0116932476001061));
#3660=CARTESIAN_POINT('',(0.00383443882479733,-0.008,0.0117244730520412));
#3661=CARTESIAN_POINT('',(0.00384052847136719,-0.008,0.0117606074159763));
#3662=CARTESIAN_POINT('',(0.00384661194800435,-0.008,0.0118016970762056));
#3663=CARTESIAN_POINT('',(0.00385249075143164,-0.008,0.0118477456842506));
#3664=CARTESIAN_POINT('',(0.00385796943171185,-0.008,0.0118987620084119));
#3665=CARTESIAN_POINT('',(0.00386285122495468,-0.008,0.0119547457655018));
#3666=CARTESIAN_POINT('',(0.0038669395265833,-0.008,0.0120156917322014));
#3667=CARTESIAN_POINT('',(0.00387003766505544,-0.008,0.0120815885420064));
#3668=CARTESIAN_POINT('',(0.00387194916760708,-0.008,0.0121524190253771));
#3669=CARTESIAN_POINT('',(0.00387247788511967,-0.008,0.0122281601137246));
#3670=CARTESIAN_POINT('',(0.0038714281580032,-0.008,0.0123087828732793));
#3671=CARTESIAN_POINT('',(0.0038686049677049,-0.008,0.0123942525089552));
#3672=CARTESIAN_POINT('',(0.00386381410242211,-0.008,0.0124845283764897));
#3673=CARTESIAN_POINT('',(0.00385686227802878,-0.008,0.012579564018733));
#3674=CARTESIAN_POINT('',(0.00384755742790903,-0.008,0.0126793071174517));
#3675=CARTESIAN_POINT('',(0.00383570833701026,-0.008,0.0127836997946447));
#3676=CARTESIAN_POINT('',(0.0038211268094699,-0.008,0.0128926775802524));
#3677=CARTESIAN_POINT('',(0.00380362004942053,-0.008,0.0130061735489199));
#3678=CARTESIAN_POINT('',(0.00378302077516439,-0.008,0.0131241025441363));
#3679=CARTESIAN_POINT('',(0.00375907203136393,-0.008,0.01324642209755));
#3680=CARTESIAN_POINT('',(0.00373195328162727,-0.008,0.0133725149119148));
#3681=CARTESIAN_POINT('',(0.00371111395528436,-0.008,0.0134587301686097));
#3682=CARTESIAN_POINT('',(0.00370063863309853,-0.008,0.0135020470191456));
#3683=CARTESIAN_POINT('',(0.00194550990768441,-0.008,0.0115878164983357));
#3684=CARTESIAN_POINT('',(0.00198143243310705,-0.008,0.0118030078823635));
#3685=CARTESIAN_POINT('',(0.00202184834053106,-0.008,0.012045116557992));
#3686=CARTESIAN_POINT('',(0.00202439090797484,-0.008,0.0120562164208203));
#3687=CARTESIAN_POINT('',(0.00202729583347848,-0.008,0.0120697582742444));
#3688=CARTESIAN_POINT('',(0.00203119946669376,-0.008,0.0120858126660175));
#3689=CARTESIAN_POINT('',(0.00203680652212957,-0.008,0.0121072650698286));
#3690=CARTESIAN_POINT('',(0.00204412894517085,-0.008,0.0121330627398626));
#3691=CARTESIAN_POINT('',(0.00205340734487089,-0.008,0.0121634578852062));
#3692=CARTESIAN_POINT('',(0.00206480770684917,-0.008,0.0121982832753562));
#3693=CARTESIAN_POINT('',(0.00207851637304387,-0.008,0.0122374934951582));
#3694=CARTESIAN_POINT('',(0.00209471080632438,-0.008,0.0122809995288011));
#3695=CARTESIAN_POINT('',(0.00211356814384791,-0.008,0.0123287183101148));
#3696=CARTESIAN_POINT('',(0.00213526247978281,-0.008,0.0123805581476099));
#3697=CARTESIAN_POINT('',(0.00215996547143895,-0.008,0.0124364230495644));
#3698=CARTESIAN_POINT('',(0.00218784598054063,-0.008,0.0124962115536157));
#3699=CARTESIAN_POINT('',(0.00221906999599766,-0.008,0.0125598171514454));
#3700=CARTESIAN_POINT('',(0.00225380047872121,-0.008,0.0126271282617919));
#3701=CARTESIAN_POINT('',(0.00229219723048096,-0.008,0.012698028337529));
#3702=CARTESIAN_POINT('',(0.00233441676154686,-0.008,0.0127723959394979));
#3703=CARTESIAN_POINT('',(0.00238061214959926,-0.008,0.0128501048242664));
#3704=CARTESIAN_POINT('',(0.00243093294951812,-0.008,0.0129310240324589));
#3705=CARTESIAN_POINT('',(0.00248552491435047,-0.008,0.0130150179807737));
#3706=CARTESIAN_POINT('',(0.00254453045936855,-0.008,0.0131019465587199));
#3707=CARTESIAN_POINT('',(0.00260808626300233,-0.008,0.0131916652219169));
#3708=CARTESIAN_POINT('',(0.00267633193575104,-0.008,0.0132840251141985));
#3709=CARTESIAN_POINT('',(0.00274937602399813,-0.008,0.013378873093538));
#3710=CARTESIAN_POINT('',(0.00282742631436848,-0.008,0.013476052142978));
#3711=CARTESIAN_POINT('',(0.00291003702739451,-0.008,0.0135750990738493));
#3712=CARTESIAN_POINT('',(0.00296855556204519,-0.008,0.0136417543745517));
#3713=CARTESIAN_POINT('',(0.0029979613433793,-0.008,0.0136752414159167));
#3714=CARTESIAN_POINT('',(0.00200657934691347,-0.008,0.0119529001700272));
#3715=CARTESIAN_POINT('',(0.00163564001781689,-0.008,0.0120153395151786));
#3716=CARTESIAN_POINT('',(0.00158490187868605,-0.008,0.0116426193803172));
#3717=CARTESIAN_POINT('',(2.06899995331028E-17,-0.008,1.58254509484866E-16));
#3718=CARTESIAN_POINT('',(0.0012474136805144,-0.008,0.0116835978666533));
#3719=CARTESIAN_POINT('',(0.00128734766616159,-0.008,0.0120576298632577));
#3720=CARTESIAN_POINT('',(0.000912244446451175,-0.008,0.0120857764839507));
#3721=CARTESIAN_POINT('',(0.000884169077354049,-0.008,0.0117166866068292));
#3722=CARTESIAN_POINT('',(0.000900789064251206,-0.008,0.0119342217433659));
#3723=CARTESIAN_POINT('',(0.000919487968181836,-0.008,0.0121789673406283));
#3724=CARTESIAN_POINT('',(0.000919675654173303,-0.008,0.0121903531378328));
#3725=CARTESIAN_POINT('',(0.000920095918173192,-0.008,0.0122041966837843));
#3726=CARTESIAN_POINT('',(0.000920147784876496,-0.008,0.0122207187646862));
#3727=CARTESIAN_POINT('',(0.000919837556549849,-0.008,0.012242889656827));
#3728=CARTESIAN_POINT('',(0.000918901696355446,-0.008,0.0122696900639895));
#3729=CARTESIAN_POINT('',(0.000917166944486912,-0.008,0.0123014224480381));
#3730=CARTESIAN_POINT('',(0.000914432117686212,-0.008,0.0123379641608428));
#3731=CARTESIAN_POINT('',(0.00091050542021543,-0.008,0.0123793157014759));
#3732=CARTESIAN_POINT('',(0.000905193243075618,-0.008,0.0124254331104084));
#3733=CARTESIAN_POINT('',(0.000898303717357809,-0.008,0.0124762781269187));
#3734=CARTESIAN_POINT('',(0.000889645864544004,-0.008,0.0125318033873668));
#3735=CARTESIAN_POINT('',(0.000879030043051138,-0.008,0.0125919567696589));
#3736=CARTESIAN_POINT('',(0.000866268016436998,-0.008,0.012656680171));
#3737=CARTESIAN_POINT('',(0.000851173130018834,-0.008,0.0127259099017561));
#3738=CARTESIAN_POINT('',(0.000833560455089648,-0.008,0.0127995766221129));
#3739=CARTESIAN_POINT('',(0.000813246941875854,-0.008,0.0128776054146586));
#3740=CARTESIAN_POINT('',(0.000790051565718503,-0.008,0.0129599158243948));
#3741=CARTESIAN_POINT('',(0.000763795485065618,-0.008,0.0130464219101808));
#3742=CARTESIAN_POINT('',(0.000734302150200287,-0.008,0.0131370323089081));
#3743=CARTESIAN_POINT('',(0.000701397596186182,-0.008,0.0132316502580662));
#3744=CARTESIAN_POINT('',(0.000664910015444897,-0.008,0.0133301738007263));
#3745=CARTESIAN_POINT('',(0.000624672109438709,-0.008,0.0134324953019937));
#3746=CARTESIAN_POINT('',(0.000580512700883511,-0.008,0.0135385036421715));
#3747=CARTESIAN_POINT('',(0.000532289748270614,-0.008,0.0136480761061117));
#3748=CARTESIAN_POINT('',(0.000479763926259365,-0.008,0.0137611099660785));
#3749=CARTESIAN_POINT('',(0.000423257212472129,-0.008,0.0138770488108143));
#3750=CARTESIAN_POINT('',(0.000382390777651163,-0.008,0.0139557716316124));
#3751=CARTESIAN_POINT('',(0.000361853448429082,-0.008,0.0139953228645094));
#3752=CARTESIAN_POINT('',(-0.00088416907735405,-0.008,0.0117166866068292));
#3753=CARTESIAN_POINT('',(-0.000900789064251207,-0.008,0.0119342217433659));
#3754=CARTESIAN_POINT('',(-0.000919487968181837,-0.008,0.0121789673406283));
#3755=CARTESIAN_POINT('',(-0.000919675654173304,-0.008,0.0121903531378328));
#3756=CARTESIAN_POINT('',(-0.000920095918173193,-0.008,0.0122041966837843));
#3757=CARTESIAN_POINT('',(-0.000920147784876497,-0.008,0.0122207187646862));
#3758=CARTESIAN_POINT('',(-0.00091983755654985,-0.008,0.012242889656827));
#3759=CARTESIAN_POINT('',(-0.000918901696355447,-0.008,0.0122696900639895));
#3760=CARTESIAN_POINT('',(-0.000917166944486913,-0.008,0.0123014224480381));
#3761=CARTESIAN_POINT('',(-0.000914432117686213,-0.008,0.0123379641608428));
#3762=CARTESIAN_POINT('',(-0.000910505420215431,-0.008,0.0123793157014759));
#3763=CARTESIAN_POINT('',(-0.00090519324307562,-0.008,0.0124254331104084));
#3764=CARTESIAN_POINT('',(-0.000898303717357811,-0.008,0.0124762781269187));
#3765=CARTESIAN_POINT('',(-0.000889645864544005,-0.008,0.0125318033873668));
#3766=CARTESIAN_POINT('',(-0.000879030043051139,-0.008,0.0125919567696589));
#3767=CARTESIAN_POINT('',(-0.000866268016436999,-0.008,0.012656680171));
#3768=CARTESIAN_POINT('',(-0.000851173130018835,-0.008,0.0127259099017561));
#3769=CARTESIAN_POINT('',(-0.000833560455089649,-0.008,0.0127995766221129));
#3770=CARTESIAN_POINT('',(-0.000813246941875855,-0.008,0.0128776054146586));
#3771=CARTESIAN_POINT('',(-0.000790051565718504,-0.008,0.0129599158243948));
#3772=CARTESIAN_POINT('',(-0.000763795485065619,-0.008,0.0130464219101808));
#3773=CARTESIAN_POINT('',(-0.000734302150200288,-0.008,0.0131370323089081));
#3774=CARTESIAN_POINT('',(-0.000701397596186183,-0.008,0.0132316502580662));
#3775=CARTESIAN_POINT('',(-0.000664910015444898,-0.008,0.0133301738007263));
#3776=CARTESIAN_POINT('',(-0.00062467210943871,-0.008,0.0134324953019937));
#3777=CARTESIAN_POINT('',(-0.000580512700883513,-0.008,0.0135385036421715));
#3778=CARTESIAN_POINT('',(-0.000532289748270615,-0.008,0.0136480761061117));
#3779=CARTESIAN_POINT('',(-0.000479763926259366,-0.008,0.0137611099660785));
#3780=CARTESIAN_POINT('',(-0.00042325721247213,-0.008,0.0138770488108143));
#3781=CARTESIAN_POINT('',(-0.000382390777651165,-0.008,0.0139557716316124));
#3782=CARTESIAN_POINT('',(-0.000361853448429084,-0.008,0.0139953228645094));
#3783=CARTESIAN_POINT('',(-0.000912244446451176,-0.008,0.0120857764839507));
#3784=CARTESIAN_POINT('',(-0.00128734766616159,-0.008,0.0120576298632577));
#3785=CARTESIAN_POINT('',(-0.0012474136805144,-0.008,0.0116835978666533));
#3786=CARTESIAN_POINT('',(-1.77839973146574E-17,-0.008,1.58607362037478E-16));
#3787=CARTESIAN_POINT('',(-0.00158490187868606,-0.008,0.0116426193803172));
#3788=CARTESIAN_POINT('',(-0.00163564001781689,-0.008,0.0120153395151786));
#3789=CARTESIAN_POINT('',(-0.00200657934691347,-0.008,0.0119529001700272));
#3790=CARTESIAN_POINT('',(-0.00194550990768441,-0.008,0.0115878164983357));
#3791=CARTESIAN_POINT('',(-0.00198143243310705,-0.008,0.0118030078823635));
#3792=CARTESIAN_POINT('',(-0.00202184834053106,-0.008,0.012045116557992));
#3793=CARTESIAN_POINT('',(-0.00202439090797485,-0.008,0.0120562164208203));
#3794=CARTESIAN_POINT('',(-0.00202729583347848,-0.008,0.0120697582742444));
#3795=CARTESIAN_POINT('',(-0.00203119946669376,-0.008,0.0120858126660175));
#3796=CARTESIAN_POINT('',(-0.00203680652212957,-0.008,0.0121072650698286));
#3797=CARTESIAN_POINT('',(-0.00204412894517085,-0.008,0.0121330627398626));
#3798=CARTESIAN_POINT('',(-0.00205340734487089,-0.008,0.0121634578852062));
#3799=CARTESIAN_POINT('',(-0.00206480770684917,-0.008,0.0121982832753562));
#3800=CARTESIAN_POINT('',(-0.00207851637304387,-0.008,0.0122374934951582));
#3801=CARTESIAN_POINT('',(-0.00209471080632439,-0.008,0.0122809995288011));
#3802=CARTESIAN_POINT('',(-0.00211356814384791,-0.008,0.0123287183101148));
#3803=CARTESIAN_POINT('',(-0.00213526247978282,-0.008,0.0123805581476099));
#3804=CARTESIAN_POINT('',(-0.00215996547143895,-0.008,0.0124364230495644));
#3805=CARTESIAN_POINT('',(-0.00218784598054063,-0.008,0.0124962115536157));
#3806=CARTESIAN_POINT('',(-0.00221906999599766,-0.008,0.0125598171514454));
#3807=CARTESIAN_POINT('',(-0.00225380047872121,-0.008,0.0126271282617919));
#3808=CARTESIAN_POINT('',(-0.00229219723048096,-0.008,0.012698028337529));
#3809=CARTESIAN_POINT('',(-0.00233441676154686,-0.008,0.0127723959394979));
#3810=CARTESIAN_POINT('',(-0.00238061214959926,-0.008,0.0128501048242664));
#3811=CARTESIAN_POINT('',(-0.00243093294951812,-0.008,0.0129310240324589));
#3812=CARTESIAN_POINT('',(-0.00248552491435047,-0.008,0.0130150179807737));
#3813=CARTESIAN_POINT('',(-0.00254453045936856,-0.008,0.0131019465587199));
#3814=CARTESIAN_POINT('',(-0.00260808626300234,-0.008,0.0131916652219169));
#3815=CARTESIAN_POINT('',(-0.00267633193575104,-0.008,0.0132840251141985));
#3816=CARTESIAN_POINT('',(-0.00274937602399813,-0.008,0.013378873093538));
#3817=CARTESIAN_POINT('',(-0.00282742631436849,-0.008,0.013476052142978));
#3818=CARTESIAN_POINT('',(-0.00291003702739451,-0.008,0.0135750990738493));
#3819=CARTESIAN_POINT('',(-0.00296855556204519,-0.008,0.0136417543745517));
#3820=CARTESIAN_POINT('',(-0.0029979613433793,-0.008,0.0136752414159167));
#3821=CARTESIAN_POINT('',(-0.00366246336944052,-0.008,0.0111646254781567));
#3822=CARTESIAN_POINT('',(-0.00373065997543021,-0.008,0.011371862015775));
#3823=CARTESIAN_POINT('',(-0.00380738697838678,-0.008,0.0116050208101723));
#3824=CARTESIAN_POINT('',(-0.00381029401018589,-0.008,0.0116160308406051));
#3825=CARTESIAN_POINT('',(-0.00381401503947323,-0.008,0.0116293715425126));
#3826=CARTESIAN_POINT('',(-0.00381801939179084,-0.008,0.0116454011092566));
#3827=CARTESIAN_POINT('',(-0.00382302401991607,-0.008,0.0116670019980638));
#3828=CARTESIAN_POINT('',(-0.00382852911136134,-0.008,0.0116932476001061));
#3829=CARTESIAN_POINT('',(-0.00383443882479733,-0.008,0.0117244730520412));
#3830=CARTESIAN_POINT('',(-0.00384052847136719,-0.008,0.0117606074159763));
#3831=CARTESIAN_POINT('',(-0.00384661194800435,-0.008,0.0118016970762056));
#3832=CARTESIAN_POINT('',(-0.00385249075143164,-0.008,0.0118477456842506));
#3833=CARTESIAN_POINT('',(-0.00385796943171185,-0.008,0.0118987620084119));
#3834=CARTESIAN_POINT('',(-0.00386285122495467,-0.008,0.0119547457655018));
#3835=CARTESIAN_POINT('',(-0.0038669395265833,-0.008,0.0120156917322014));
#3836=CARTESIAN_POINT('',(-0.00387003766505544,-0.008,0.0120815885420064));
#3837=CARTESIAN_POINT('',(-0.00387194916760708,-0.008,0.0121524190253771));
#3838=CARTESIAN_POINT('',(-0.00387247788511967,-0.008,0.0122281601137246));
#3839=CARTESIAN_POINT('',(-0.00387142815800319,-0.008,0.0123087828732793));
#3840=CARTESIAN_POINT('',(-0.0038686049677049,-0.008,0.0123942525089552));
#3841=CARTESIAN_POINT('',(-0.00386381410242211,-0.008,0.0124845283764897));
#3842=CARTESIAN_POINT('',(-0.00385686227802877,-0.008,0.012579564018733));
#3843=CARTESIAN_POINT('',(-0.00384755742790903,-0.008,0.0126793071174517));
#3844=CARTESIAN_POINT('',(-0.00383570833701026,-0.008,0.0127836997946447));
#3845=CARTESIAN_POINT('',(-0.0038211268094699,-0.008,0.0128926775802524));
#3846=CARTESIAN_POINT('',(-0.00380362004942053,-0.008,0.0130061735489199));
#3847=CARTESIAN_POINT('',(-0.00378302077516438,-0.008,0.0131241025441363));
#3848=CARTESIAN_POINT('',(-0.00375907203136393,-0.008,0.01324642209755));
#3849=CARTESIAN_POINT('',(-0.00373195328162726,-0.008,0.0133725149119148));
#3850=CARTESIAN_POINT('',(-0.00371111395528436,-0.008,0.0134587301686097));
#3851=CARTESIAN_POINT('',(-0.00370063863309853,-0.008,0.0135020470191456));
#3852=CARTESIAN_POINT('',(-0.00377805190846172,-0.008,0.011516271398637));
#3853=CARTESIAN_POINT('',(-0.00413551938310114,-0.008,0.0113991745913856));
#3854=CARTESIAN_POINT('',(-0.0040072340907676,-0.008,0.0110455681131298));
#3855=CARTESIAN_POINT('',(-5.52244528806899E-17,-0.008,1.49742531222776E-16));
#3856=CARTESIAN_POINT('',(-0.0043251087015812,-0.008,0.0109250141747966));
#3857=CARTESIAN_POINT('',(-0.00446357024926942,-0.008,0.0112747613084594));
#3858=CARTESIAN_POINT('',(-0.00480878804225467,-0.008,0.0111253647452461));
#3859=CARTESIAN_POINT('',(-0.00466212292852903,-0.008,0.0107855046149582));
#3860=CARTESIAN_POINT('',(-0.00474850027966699,-0.008,0.0109858461054261));
#3861=CARTESIAN_POINT('',(-0.00484568217281199,-0.008,0.0112112473832225));
#3862=CARTESIAN_POINT('',(-0.00485080722891304,-0.008,0.0112214162279934));
#3863=CARTESIAN_POINT('',(-0.00485686852020891,-0.008,0.0112338693855917));
#3864=CARTESIAN_POINT('',(-0.00486450078836944,-0.008,0.0112485230653415));
#3865=CARTESIAN_POINT('',(-0.00487507880923329,-0.008,0.0112680102450896));
#3866=CARTESIAN_POINT('',(-0.00488836224251022,-0.008,0.0112913059111835));
#3867=CARTESIAN_POINT('',(-0.00490464506317679,-0.008,0.0113185973624566));
#3868=CARTESIAN_POINT('',(-0.00492404841273313,-0.008,0.0113496825048615));
#3869=CARTESIAN_POINT('',(-0.00494674234980147,-0.008,0.0113844726483808));
#3870=CARTESIAN_POINT('',(-0.0049728778776248,-0.008,0.0114228388941967));
#3871=CARTESIAN_POINT('',(-0.00500260710704079,-0.008,0.0114646581981947));
#3872=CARTESIAN_POINT('',(-0.00503607713014798,-0.008,0.0115097998698117));
#3873=CARTESIAN_POINT('',(-0.00507343164388406,-0.008,0.0115581296263877));
#3874=CARTESIAN_POINT('',(-0.00511481032162582,-0.008,0.0116095085426162));
#3875=CARTESIAN_POINT('',(-0.00516034883983801,-0.008,0.0116637934813705));
#3876=CARTESIAN_POINT('',(-0.00521017872094019,-0.008,0.0117208371046393));
#3877=CARTESIAN_POINT('',(-0.00526442723160014,-0.008,0.0117804880088773));
#3878=CARTESIAN_POINT('',(-0.00532321727189079,-0.008,0.0118425908283676));
#3879=CARTESIAN_POINT('',(-0.0053866672593025,-0.008,0.0119069863541961));
#3880=CARTESIAN_POINT('',(-0.00545489106229228,-0.008,0.0119735116416032));
#3881=CARTESIAN_POINT('',(-0.00552799775138055,-0.008,0.0120420001661041));
#3882=CARTESIAN_POINT('',(-0.0056060920728754,-0.008,0.0121122818063588));
#3883=CARTESIAN_POINT('',(-0.00568927214184552,-0.008,0.0121841835088944));
#3884=CARTESIAN_POINT('',(-0.00577763788835051,-0.008,0.0122575273320549));
#3885=CARTESIAN_POINT('',(-0.00587125805532733,-0.008,0.0123321386069929));
#3886=CARTESIAN_POINT('',(-0.00597029681488172,-0.008,0.0124078151527841));
#3887=CARTESIAN_POINT('',(-0.0060742104927832,-0.008,0.0124842139221897));
#3888=CARTESIAN_POINT('',(-0.00614698024273592,-0.008,0.0125349279390017));
#3889=CARTESIAN_POINT('',(-0.00618354551905657,-0.008,0.0125604046437109));
#3890=CARTESIAN_POINT('',(-0.00622790860300779,-0.008,0.0099637168984562));
#3891=CARTESIAN_POINT('',(-0.00634371848923448,-0.008,0.0101486110028638));
#3892=CARTESIAN_POINT('',(-0.00647401449669646,-0.008,0.0103566326527634));
#3893=CARTESIAN_POINT('',(-0.00647947192818166,-0.008,0.0103666270534757));
#3894=CARTESIAN_POINT('',(-0.00648627747005966,-0.008,0.0103786895982358));
#3895=CARTESIAN_POINT('',(-0.00649400158959013,-0.008,0.0103932950706678));
#3896=CARTESIAN_POINT('',(-0.00650403022337166,-0.008,0.010413070591));
#3897=CARTESIAN_POINT('',(-0.00651565633055199,-0.008,0.0104372360889301));
#3898=CARTESIAN_POINT('',(-0.00652886705822855,-0.008,0.0104661398989853));
#3899=CARTESIAN_POINT('',(-0.00654342727004529,-0.008,0.0104997669161618));
#3900=CARTESIAN_POINT('',(-0.00655916737124079,-0.008,0.0105382067142897));
#3901=CARTESIAN_POINT('',(-0.00657589550054856,-0.008,0.0105815103437274));
#3902=CARTESIAN_POINT('',(-0.00659342398584309,-0.008,0.0106297330922163));
#3903=CARTESIAN_POINT('',(-0.00661156171306387,-0.008,0.0106829217734787));
#3904=CARTESIAN_POINT('',(-0.00663011654058372,-0.008,0.0107411183665307));
#3905=CARTESIAN_POINT('',(-0.0066488947915954,-0.008,0.0108043589017388));
#3906=CARTESIAN_POINT('',(-0.00666770159353657,-0.008,0.010872673727489));
#3907=CARTESIAN_POINT('',(-0.00668634097635091,-0.008,0.0109460873870803));
#3908=CARTESIAN_POINT('',(-0.00670461604165618,-0.008,0.0110246186119104));
#3909=CARTESIAN_POINT('',(-0.00672232911077519,-0.008,0.0111082802889699));
#3910=CARTESIAN_POINT('',(-0.00673928188853863,-0.008,0.0111970794329713));
#3911=CARTESIAN_POINT('',(-0.00675527558938219,-0.008,0.0112910171926439));
#3912=CARTESIAN_POINT('',(-0.00677011120722401,-0.008,0.0113900887345771));
#3913=CARTESIAN_POINT('',(-0.0067835892322611,-0.008,0.0114942836233564));
#3914=CARTESIAN_POINT('',(-0.00679551150856553,-0.008,0.0116035843005231));
#3915=CARTESIAN_POINT('',(-0.00680567482628156,-0.008,0.0117179719245224));
#3916=CARTESIAN_POINT('',(-0.00681389638532662,-0.008,0.0118374038464675));
#3917=CARTESIAN_POINT('',(-0.00681991653367651,-0.008,0.0119619003254972));
#3918=CARTESIAN_POINT('',(-0.00682376179115245,-0.008,0.0120908190534488));
#3919=CARTESIAN_POINT('',(-0.0068241606791868,-0.008,0.012179516228701));
#3920=CARTESIAN_POINT('',(-0.00682435615168642,-0.008,0.0122240812789731));
#3921=CARTESIAN_POINT('',(-0.00642429272621241,-0.008,0.0102774824795779));
#3922=CARTESIAN_POINT('',(-0.00674334974549617,-0.008,0.0100782407265759));
#3923=CARTESIAN_POINT('',(-0.00653416862136865,-0.008,0.00976561008987771));
#3924=CARTESIAN_POINT('',(-8.94554639780154E-17,-0.008,1.3217520878536E-16));
#3925=CARTESIAN_POINT('',(-0.00681395592787092,-0.008,0.00957248685624759));
#3926=CARTESIAN_POINT('',(-0.00703209400225212,-0.008,0.00987893495658241));
#3927=CARTESIAN_POINT('',(-0.00733152745581336,-0.008,0.00965126356052672));
#3928=CARTESIAN_POINT('',(-0.00710779031089487,-0.008,0.00935637840707338));
#3929=CARTESIAN_POINT('',(-0.0072396025500689,-0.008,0.00953022688476716));
#3930=CARTESIAN_POINT('',(-0.00738790257054712,-0.008,0.00972582126176623));
#3931=CARTESIAN_POINT('',(-0.00739531226567368,-0.008,0.00973446811218388));
#3932=CARTESIAN_POINT('',(-0.00740417766254356,-0.008,0.00974510884170218));
#3933=CARTESIAN_POINT('',(-0.007415095005966,-0.008,0.00975751019082558));
#3934=CARTESIAN_POINT('',(-0.00743002923613483,-0.008,0.00977389962245685));
#3935=CARTESIAN_POINT('',(-0.00744850169478868,-0.008,0.0097933394251735));
#3936=CARTESIAN_POINT('',(-0.00747084263807029,-0.008,0.0098159411024285));
#3937=CARTESIAN_POINT('',(-0.00749712132305676,-0.008,0.00984147944160154));
#3938=CARTESIAN_POINT('',(-0.00752748164186544,-0.008,0.00986982763215392));
#3939=CARTESIAN_POINT('',(-0.00756203936235328,-0.008,0.0099008243833917));
#3940=CARTESIAN_POINT('',(-0.00760091272890944,-0.008,0.00993431382413255));
#3941=CARTESIAN_POINT('',(-0.00764421328310449,-0.008,0.00997013386000039));
#3942=CARTESIAN_POINT('',(-0.0076920484103603,-0.008,0.0100081197214171));
#3943=CARTESIAN_POINT('',(-0.00774452047839716,-0.008,0.0100481030939663));
#3944=CARTESIAN_POINT('',(-0.00780172696621181,-0.008,0.0100899125303227));
#3945=CARTESIAN_POINT('',(-0.00786376031412722,-0.008,0.0101333734984745));
#3946=CARTESIAN_POINT('',(-0.00793070785743312,-0.008,0.0101783085374812));
#3947=CARTESIAN_POINT('',(-0.00800265174349992,-0.008,0.0102245373843588));
#3948=CARTESIAN_POINT('',(-0.0080796688476339,-0.008,0.0102718771173543));
#3949=CARTESIAN_POINT('',(-0.00816183073424827,-0.008,0.0103201422760815));
#3950=CARTESIAN_POINT('',(-0.00824920345255464,-0.008,0.0103691450726702));
#3951=CARTESIAN_POINT('',(-0.00834184799242229,-0.008,0.0104186952617652));
#3952=CARTESIAN_POINT('',(-0.00843981820346746,-0.008,0.01046860133804));
#3953=CARTESIAN_POINT('',(-0.00854316852773828,-0.008,0.0105186666156714));
#3954=CARTESIAN_POINT('',(-0.0086519239096356,-0.008,0.0105687050501093));
#3955=CARTESIAN_POINT('',(-0.00876619536565997,-0.008,0.0106184810464834));
#3956=CARTESIAN_POINT('',(-0.00888537292318811,-0.008,0.0106677916356436));
#3957=CARTESIAN_POINT('',(-0.0089681647750829,-0.008,0.010699617054246));
#3958=CARTESIAN_POINT('',(-0.00900976450543972,-0.008,0.010715602808826));
#3959=CARTESIAN_POINT('',(-0.00843141042609493,-0.008,0.00818375330925472));
#3960=CARTESIAN_POINT('',(-0.00858810314292293,-0.008,0.00833555960716617));
#3961=CARTESIAN_POINT('',(-0.00876439582454335,-0.008,0.0085063546504039));
#3962=CARTESIAN_POINT('',(-0.00877208648963368,-0.008,0.00851475258315439));
#3963=CARTESIAN_POINT('',(-0.00878158103074554,-0.008,0.00852483593951116));
#3964=CARTESIAN_POINT('',(-0.00879257601973778,-0.008,0.00853716850066222));
#3965=CARTESIAN_POINT('',(-0.00880704583143284,-0.008,0.00855396937115874));
#3966=CARTESIAN_POINT('',(-0.00882411728725809,-0.008,0.00857465035407511));
#3967=CARTESIAN_POINT('',(-0.0088438612697017,-0.008,0.00859955273787101));
#3968=CARTESIAN_POINT('',(-0.00886604586017874,-0.008,0.00862871812827986));
#3969=CARTESIAN_POINT('',(-0.00889052782846403,-0.008,0.00866227408296211));
#3970=CARTESIAN_POINT('',(-0.00891713310558119,-0.008,0.00870031608425189));
#3971=CARTESIAN_POINT('',(-0.00894569270403819,-0.008,0.00874294272620876));
#3972=CARTESIAN_POINT('',(-0.00897603226645881,-0.008,0.00879024519882169));
#3973=CARTESIAN_POINT('',(-0.00900797528073846,-0.008,0.00884231024377395));
#3974=CARTESIAN_POINT('',(-0.00904134232059707,-0.008,0.00889921919434891));
#3975=CARTESIAN_POINT('',(-0.00907595143895888,-0.008,0.00896104815312025));
#3976=CARTESIAN_POINT('',(-0.00911161823389721,-0.008,0.00902786784890758));
#3977=CARTESIAN_POINT('',(-0.00914815601125583,-0.008,0.00909974358967543));
#3978=CARTESIAN_POINT('',(-0.00918537592059934,-0.008,0.0091767351955457));
#3979=CARTESIAN_POINT('',(-0.00922308710758625,-0.008,0.00925889693253629));
#3980=CARTESIAN_POINT('',(-0.0092610968379084,-0.008,0.00934627748849597));
#3981=CARTESIAN_POINT('',(-0.0092992107315281,-0.008,0.0094389197957368));
#3982=CARTESIAN_POINT('',(-0.00933723257867652,-0.008,0.00953686146789968));
#3983=CARTESIAN_POINT('',(-0.00937496577946263,-0.008,0.00964013287856022));
#3984=CARTESIAN_POINT('',(-0.00941220851986057,-0.008,0.00974876436496652));
#3985=CARTESIAN_POINT('',(-0.00944877310507928,-0.008,0.00986275826445424));
#3986=CARTESIAN_POINT('',(-0.00948441227643977,-0.008,0.00998219638626507));
#3987=CARTESIAN_POINT('',(-0.00951899806874077,-0.008,0.0101064487399354));
#3988=CARTESIAN_POINT('',(-0.0095406119892297,-0.008,0.0101924730763204));
#3989=CARTESIAN_POINT('',(-0.00955146689626361,-0.008,0.0102356963675942));
#3990=CARTESIAN_POINT('',(-0.00869717700206956,-0.008,0.00844140363593451));
#3991=CARTESIAN_POINT('',(-0.00895928113176198,-0.008,0.00817159614365209));
#3992=CARTESIAN_POINT('',(-0.00868136102243232,-0.008,0.0079181103047503));
#3993=CARTESIAN_POINT('',(-1.1848764866632E-16,-0.008,1.06926343650675E-16));
#3994=CARTESIAN_POINT('',(-0.00890680080335481,-0.008,0.00766364139618746));
#3995=CARTESIAN_POINT('',(-0.0091919380124456,-0.008,0.00790898081349636));
#3996=CARTESIAN_POINT('',(-0.00942818514265817,-0.008,0.00761626601858521));
#3997=CARTESIAN_POINT('',(-0.00914037875615808,-0.008,0.00738349349522123));
#3998=CARTESIAN_POINT('',(-0.00930996543514537,-0.008,0.00752074551853082));
#3999=CARTESIAN_POINT('',(-0.00950076492481526,-0.008,0.007675165760498));
#4000=CARTESIAN_POINT('',(-0.0095100286344197,-0.008,0.00768178809304615));
#4001=CARTESIAN_POINT('',(-0.00952118291222193,-0.008,0.0076899979939623));
#4002=CARTESIAN_POINT('',(-0.00953475085458951,-0.008,0.00769942629112531));
#4003=CARTESIAN_POINT('',(-0.00955317337088962,-0.008,0.00771176548044648));
#4004=CARTESIAN_POINT('',(-0.00957576130276807,-0.008,0.00772621964911282));
#4005=CARTESIAN_POINT('',(-0.00960286199424723,-0.008,0.00774281802502142));
#4006=CARTESIAN_POINT('',(-0.00963448879301156,-0.008,0.00776132536551798));
#4007=CARTESIAN_POINT('',(-0.00967075106218668,-0.008,0.00778158410930998));
#4008=CARTESIAN_POINT('',(-0.00971172260623647,-0.008,0.00780340994745628));
#4009=CARTESIAN_POINT('',(-0.00975748093116749,-0.008,0.0078266232403733));
#4010=CARTESIAN_POINT('',(-0.00980809554563171,-0.008,0.00785103991020788));
#4011=CARTESIAN_POINT('',(-0.00986363128268475,-0.008,0.00787647427627284));
#4012=CARTESIAN_POINT('',(-0.00992414725515062,-0.008,0.00790273841686374));
#4013=CARTESIAN_POINT('',(-0.00998969707943306,-0.008,0.00792964253835228));
#4014=CARTESIAN_POINT('',(-0.0100603287414629,-0.008,0.00795699505789232));
#4015=CARTESIAN_POINT('',(-0.0101360845695422,-0.008,0.00798460277053299));
#4016=CARTESIAN_POINT('',(-0.0102170011842324,-0.008,0.00801227099225229));
#4017=CARTESIAN_POINT('',(-0.0103031094509421,-0.008,0.00803980371920611));
#4018=CARTESIAN_POINT('',(-0.0103944344709774,-0.008,0.00806700375366474));
#4019=CARTESIAN_POINT('',(-0.0104909954337008,-0.008,0.00809367295792144));
#4020=CARTESIAN_POINT('',(-0.0105928060280333,-0.008,0.00811961201897411));
#4021=CARTESIAN_POINT('',(-0.0106998727085948,-0.008,0.0081446221092363));
#4022=CARTESIAN_POINT('',(-0.010812201265448,-0.008,0.00816849922938245));
#4023=CARTESIAN_POINT('',(-0.0109297713947797,-0.008,0.00819105677139317));
#4024=CARTESIAN_POINT('',(-0.0110526345056097,-0.008,0.00821203941836923));
#4025=CARTESIAN_POINT('',(-0.0111801497763138,-0.008,0.0082313960750788));
#4026=CARTESIAN_POINT('',(-0.0112681521686547,-0.008,0.0082424833178232));
#4027=CARTESIAN_POINT('',(-0.0113123687279282,-0.008,0.00824804908832342));
#4028=CARTESIAN_POINT('',(-0.0101449093221474,-0.008,0.00592817972445229));
#4029=CARTESIAN_POINT('',(-0.0103333784584295,-0.008,0.00603807578562644));
#4030=CARTESIAN_POINT('',(-0.0105454223243504,-0.008,0.00616171823510401));
#4031=CARTESIAN_POINT('',(-0.0105548992695452,-0.008,0.00616803164256649));
#4032=CARTESIAN_POINT('',(-0.0105665310216728,-0.008,0.0061755498025));
#4033=CARTESIAN_POINT('',(-0.0105801578913317,-0.008,0.00618489272874301));
#4034=CARTESIAN_POINT('',(-0.0105982279480802,-0.008,0.00619774254387933));
#4035=CARTESIAN_POINT('',(-0.01061975262159,-0.008,0.00621373710822712));
#4036=CARTESIAN_POINT('',(-0.0106448824103075,-0.008,0.00623319082973399));
#4037=CARTESIAN_POINT('',(-0.0106734020916841,-0.008,0.00625619960689653));
#4038=CARTESIAN_POINT('',(-0.0107052031240507,-0.008,0.00628292156801792));
#4039=CARTESIAN_POINT('',(-0.0107401393469775,-0.008,0.0063134910783219));
#4040=CARTESIAN_POINT('',(-0.0107780702785445,-0.008,0.00634804430825775));
#4041=CARTESIAN_POINT('',(-0.0108188484510769,-0.008,0.00638671152445041));
#4042=CARTESIAN_POINT('',(-0.0108623232402346,-0.008,0.00642961919013905));
#4043=CARTESIAN_POINT('',(-0.0109083398978678,-0.008,0.00647688921472903));
#4044=CARTESIAN_POINT('',(-0.0109567399764901,-0.008,0.00652863903217687));
#4045=CARTESIAN_POINT('',(-0.0110073613590741,-0.008,0.00658498144632081));
#4046=CARTESIAN_POINT('',(-0.0110600384056754,-0.008,0.00664602454623061));
#4047=CARTESIAN_POINT('',(-0.0111146020694012,-0.008,0.00671187160863158));
#4048=CARTESIAN_POINT('',(-0.0111708800284985,-0.008,0.00678262099710326));
#4049=CARTESIAN_POINT('',(-0.0112286968009327,-0.008,0.00685836610905302));
#4050=CARTESIAN_POINT('',(-0.0112878739293715,-0.008,0.00693919514744579));
#4051=CARTESIAN_POINT('',(-0.0113482299070787,-0.008,0.0070251915890096));
#4052=CARTESIAN_POINT('',(-0.0114095811158715,-0.008,0.00711643197415267));
#4053=CARTESIAN_POINT('',(-0.0114717388662512,-0.008,0.00721299405583548));
#4054=CARTESIAN_POINT('',(-0.0115345214768575,-0.008,0.00731492502177854));
#4055=CARTESIAN_POINT('',(-0.0115977084521323,-0.008,0.00742236347687071));
#4056=CARTESIAN_POINT('',(-0.011661024778724,-0.008,0.00753472836110342));
#4057=CARTESIAN_POINT('',(-0.0117025976091721,-0.008,0.00761308043687631));
#4058=CARTESIAN_POINT('',(-0.0117234811029995,-0.008,0.00765244998857318));
#4059=CARTESIAN_POINT('',(-0.0104646129635185,-0.008,0.00611474109622438));
#4060=CARTESIAN_POINT('',(-0.0106545316643117,-0.008,0.00579004809540267));
#4061=CARTESIAN_POINT('',(-0.0103240242763356,-0.008,0.0056104387298707));
#4062=CARTESIAN_POINT('',(-1.40633761899217E-16,-0.008,7.54633080844578E-17));
#4063=CARTESIAN_POINT('',(-0.0104820147910514,-0.008,0.00530941295438396));
#4064=CARTESIAN_POINT('',(-0.010817579996691,-0.008,0.00547938545350546));
#4065=CARTESIAN_POINT('',(-0.0109769109790703,-0.008,0.00513863877964407));
#4066=CARTESIAN_POINT('',(-0.0106417616120383,-0.008,0.00498150677933367));
#4067=CARTESIAN_POINT('',(-0.0108392669694786,-0.008,0.00507418575955512));
#4068=CARTESIAN_POINT('',(-0.0110614773555285,-0.008,0.00517845752332204));
#4069=CARTESIAN_POINT('',(-0.0110720567064809,-0.008,0.00518267047210418));
#4070=CARTESIAN_POINT('',(-0.0110848516191337,-0.008,0.00518797241481871));
#4071=CARTESIAN_POINT('',(-0.0111002816409535,-0.008,0.00519387972166068));
#4072=CARTESIAN_POINT('',(-0.0111211217937006,-0.008,0.00520145155983953));
#4073=CARTESIAN_POINT('',(-0.0111465124703067,-0.008,0.00521008007071144));
#4074=CARTESIAN_POINT('',(-0.0111767979163016,-0.008,0.00521971050799847));
#4075=CARTESIAN_POINT('',(-0.0112119347942584,-0.008,0.00523011127046035));
#4076=CARTESIAN_POINT('',(-0.0112519915825235,-0.008,0.0052411032029403));
#4077=CARTESIAN_POINT('',(-0.0112969958329205,-0.008,0.00525248968961575));
#4078=CARTESIAN_POINT('',(-0.0113469798087062,-0.008,0.0052640777625015));
#4079=CARTESIAN_POINT('',(-0.0114019669460235,-0.008,0.00527567205820301));
#4080=CARTESIAN_POINT('',(-0.0114619757577005,-0.008,0.00528707677601066));
#4081=CARTESIAN_POINT('',(-0.0115270186662423,-0.008,0.00529809530825844));
#4082=CARTESIAN_POINT('',(-0.0115971023094691,-0.008,0.00530853054513069));
#4083=CARTESIAN_POINT('',(-0.0116722274301518,-0.008,0.00531818498704567));
#4084=CARTESIAN_POINT('',(-0.0117523888896379,-0.008,0.00532686091341152));
#4085=CARTESIAN_POINT('',(-0.0118375756534255,-0.008,0.00533436053349613));
#4086=CARTESIAN_POINT('',(-0.0119277707832407,-0.008,0.00534048615239508));
#4087=CARTESIAN_POINT('',(-0.0120229514584853,-0.008,0.00534504029545058));
#4088=CARTESIAN_POINT('',(-0.0121230888934571,-0.008,0.00534782599016249));
#4089=CARTESIAN_POINT('',(-0.0122281486805783,-0.008,0.00534864643922909));
#4090=CARTESIAN_POINT('',(-0.0123380895043535,-0.008,0.00534730704794061));
#4091=CARTESIAN_POINT('',(-0.0124528681663624,-0.008,0.00534360835916843));
#4092=CARTESIAN_POINT('',(-0.0125724202945617,-0.008,0.00533737404640361));
#4093=CARTESIAN_POINT('',(-0.0126967347027852,-0.008,0.00532834390880821));
#4094=CARTESIAN_POINT('',(-0.0128251769626311,-0.008,0.00531662169453775));
#4095=CARTESIAN_POINT('',(-0.0129132755162508,-0.008,0.00530632641117628));
#4096=CARTESIAN_POINT('',(-0.0129575391987367,-0.008,0.0053011487352461));
#4097=CARTESIAN_POINT('',(-0.0112688229636416,-0.008,0.00332808188212125));
#4098=CARTESIAN_POINT('',(-0.0114781153782345,-0.008,0.00338968094693858));
#4099=CARTESIAN_POINT('',(-0.0117135872097167,-0.008,0.00345898515291439));
#4100=CARTESIAN_POINT('',(-0.0117242996694086,-0.008,0.00346284712279544));
#4101=CARTESIAN_POINT('',(-0.0117373926373979,-0.008,0.00346736315817774));
#4102=CARTESIAN_POINT('',(-0.0117528594435906,-0.008,0.00347317347259962));
#4103=CARTESIAN_POINT('',(-0.0117734795793763,-0.008,0.00348132544782718));
#4104=CARTESIAN_POINT('',(-0.0117982065347853,-0.008,0.00349170404766439));
#4105=CARTESIAN_POINT('',(-0.0118272616777995,-0.008,0.00350457852729963));
#4106=CARTESIAN_POINT('',(-0.0118604589898587,-0.008,0.00352009350472069));
#4107=CARTESIAN_POINT('',(-0.0118977309258977,-0.008,0.00353842848903122));
#4108=CARTESIAN_POINT('',(-0.0119389677283455,-0.008,0.00355974891952617));
#4109=CARTESIAN_POINT('',(-0.0119840655851533,-0.008,0.00358422062931302));
#4110=CARTESIAN_POINT('',(-0.0120329124886325,-0.008,0.0036120053910299));
#4111=CARTESIAN_POINT('',(-0.0120853924559468,-0.008,0.00364326203988811));
#4112=CARTESIAN_POINT('',(-0.0121413844104767,-0.008,0.00367814597648351));
#4113=CARTESIAN_POINT('',(-0.0122007626127171,-0.008,0.0037168091413207));
#4114=CARTESIAN_POINT('',(-0.0122633966521922,-0.008,0.00375939985750754));
#4115=CARTESIAN_POINT('',(-0.012329151569561,-0.008,0.00380606271347519));
#4116=CARTESIAN_POINT('',(-0.0123978879458643,-0.008,0.00385693844048444));
#4117=CARTESIAN_POINT('',(-0.0124694620066513,-0.008,0.0039121637831428));
#4118=CARTESIAN_POINT('',(-0.012543725720539,-0.008,0.00397187142049839));
#4119=CARTESIAN_POINT('',(-0.0126205269241921,-0.008,0.00403618970013332));
#4120=CARTESIAN_POINT('',(-0.0126997093624189,-0.008,0.00410524311049871));
#4121=CARTESIAN_POINT('',(-0.0127811130699658,-0.008,0.0041791499105851));
#4122=CARTESIAN_POINT('',(-0.0128645734478095,-0.008,0.0042580307503459));
#4123=CARTESIAN_POINT('',(-0.0129499253866805,-0.008,0.00434197492550769));
#4124=CARTESIAN_POINT('',(-0.0130369879685418,-0.008,0.00443116978139415));
#4125=CARTESIAN_POINT('',(-0.0131253551146683,-0.008,0.00452511695754736));
#4126=CARTESIAN_POINT('',(-0.013184470793281,-0.008,0.0045912432348624));
#4127=CARTESIAN_POINT('',(-0.013214169201149,-0.008,0.00462447103174026));
#4128=CARTESIAN_POINT('',(-0.0116238836568483,-0.008,0.00343271203018125));
#4129=CARTESIAN_POINT('',(-0.0117305795441784,-0.008,0.00307200349781695));
#4130=CARTESIAN_POINT('',(-0.0113666927655996,-0.008,0.00297670884912604));
#4131=CARTESIAN_POINT('',(-1.54606752073457E-16,-0.008,3.96146193503361E-17));
#4132=CARTESIAN_POINT('',(-0.0114480521796655,-0.008,0.00264662073060252));
#4133=CARTESIAN_POINT('',(-0.0118145435518321,-0.008,0.00273134812771256));
#4134=CARTESIAN_POINT('',(-0.0118876986488268,-0.008,0.00236237253302201));
#4135=CARTESIAN_POINT('',(-0.0115246839642565,-0.008,0.00229001299647165));
#4136=CARTESIAN_POINT('',(-0.0117386297066782,-0.008,0.00233273276814888));
#4137=CARTESIAN_POINT('',(-0.0119793369291727,-0.008,0.00238079615781782));
#4138=CARTESIAN_POINT('',(-0.0119906170880499,-0.008,0.00238235488156419));
#4139=CARTESIAN_POINT('',(-0.0120043090417377,-0.008,0.00238444073643831));
#4140=CARTESIAN_POINT('',(-0.0120207044062273,-0.008,0.00238648374175778));
#4141=CARTESIAN_POINT('',(-0.0120427510414947,-0.008,0.00238884818108186));
#4142=CARTESIAN_POINT('',(-0.0120694688489954,-0.008,0.00239114957647083));
#4143=CARTESIAN_POINT('',(-0.012101178969468,-0.008,0.00239325238912638));
#4144=CARTESIAN_POINT('',(-0.0121377838989877,-0.008,0.00239494211904453));
#4145=CARTESIAN_POINT('',(-0.0121793072514093,-0.008,0.00239602842905074));
#4146=CARTESIAN_POINT('',(-0.0122257287247044,-0.008,0.00239631382303797));
#4147=CARTESIAN_POINT('',(-0.0122770334643563,-0.008,0.00239560321921725));
#4148=CARTESIAN_POINT('',(-0.012333197471976,-0.008,0.00239370132246307));
#4149=CARTESIAN_POINT('',(-0.0123941918642654,-0.008,0.00239041359126889));
#4150=CARTESIAN_POINT('',(-0.0124599816514599,-0.008,0.00238554615813004));
#4151=CARTESIAN_POINT('',(-0.0125305261070306,-0.008,0.00237890605234953));
#4152=CARTESIAN_POINT('',(-0.0126057786874208,-0.008,0.00237030133556783));
#4153=CARTESIAN_POINT('',(-0.0126856870856632,-0.008,0.00235954126235418));
#4154=CARTESIAN_POINT('',(-0.0127701932534783,-0.008,0.0023464364301448));
#4155=CARTESIAN_POINT('',(-0.0128592334333,-0.008,0.00233079894228417));
#4156=CARTESIAN_POINT('',(-0.0129527382088764,-0.008,0.00231244252369581));
#4157=CARTESIAN_POINT('',(-0.0130506324923608,-0.008,0.00229118281441185));
#4158=CARTESIAN_POINT('',(-0.0131528357793201,-0.008,0.00226683696997485));
#4159=CARTESIAN_POINT('',(-0.0132592613852497,-0.008,0.0022392259376889));
#4160=CARTESIAN_POINT('',(-0.0133698196337819,-0.008,0.00220816639434564));
#4161=CARTESIAN_POINT('',(-0.0134844058257122,-0.008,0.00217350254240235));
#4162=CARTESIAN_POINT('',(-0.0136029468297877,-0.008,0.00213498441900934));
#4163=CARTESIAN_POINT('',(-0.0137248514815017,-0.008,0.00209286458624372));
#4164=CARTESIAN_POINT('',(-0.0138079262286892,-0.008,0.00206178510122354));
#4165=CARTESIAN_POINT('',(-0.0138496645900533,-0.008,0.00204616488656792));
#4166=CARTESIAN_POINT('',(-0.0117378335749938,-0.008,0.000534568017886746));
#4167=CARTESIAN_POINT('',(-0.0119557859535085,-0.008,0.000544290172603571));
#4168=CARTESIAN_POINT('',(-0.0122010009836114,-0.008,0.000555228426536834));
#4169=CARTESIAN_POINT('',(-0.0122123263885813,-0.008,0.000556414515184653));
#4170=CARTESIAN_POINT('',(-0.0122261196567238,-0.008,0.00055766597045446));
#4171=CARTESIAN_POINT('',(-0.0122425275248939,-0.008,0.000559605998700645));
#4172=CARTESIAN_POINT('',(-0.0122644993723761,-0.008,0.00056258637085045));
#4173=CARTESIAN_POINT('',(-0.0122909915689148,-0.008,0.00056674583967921));
#4174=CARTESIAN_POINT('',(-0.0123222834869248,-0.008,0.000572292859483264));
#4175=CARTESIAN_POINT('',(-0.0123582291225572,-0.008,0.000579412363069769));
#4176=CARTESIAN_POINT('',(-0.0123988058528238,-0.008,0.000588294807926271));
#4177=CARTESIAN_POINT('',(-0.0124439467017241,-0.008,0.000599127092688444));
#4178=CARTESIAN_POINT('',(-0.012493590560259,-0.008,0.000612095075504513));
#4179=CARTESIAN_POINT('',(-0.012547667390206,-0.008,0.000627382633388135));
#4180=CARTESIAN_POINT('',(-0.0126061025907335,-0.008,0.000645171742597567));
#4181=CARTESIAN_POINT('',(-0.0126688157932853,-0.008,0.000665642263601395));
#4182=CARTESIAN_POINT('',(-0.0127357212738606,-0.008,0.00068897181322251));
#4183=CARTESIAN_POINT('',(-0.012806727907518,-0.008,0.000715335613838421));
#4184=CARTESIAN_POINT('',(-0.0128817392588663,-0.008,0.000744906350287658));
#4185=CARTESIAN_POINT('',(-0.0129606536394028,-0.008,0.00077785402957716));
#4186=CARTESIAN_POINT('',(-0.0130433641776276,-0.008,0.000814345830242845));
#4187=CARTESIAN_POINT('',(-0.0131297588958554,-0.008,0.000854546002149595));
#4188=CARTESIAN_POINT('',(-0.0132197207679275,-0.008,0.000898615578401724));
#4189=CARTESIAN_POINT('',(-0.0133131278711806,-0.008,0.000946712824357204));
#4190=CARTESIAN_POINT('',(-0.0134098531898894,-0.008,0.000998990844806186));
#4191=CARTESIAN_POINT('',(-0.013509765781403,-0.008,0.00105560617495826));
#4192=CARTESIAN_POINT('',(-0.0136127267040931,-0.008,0.00111668502900304));
#4193=CARTESIAN_POINT('',(-0.0137186051317429,-0.008,0.00118245260486975));
#4194=CARTESIAN_POINT('',(-0.0138268875200727,-0.008,0.00125252220454955));
#4195=CARTESIAN_POINT('',(-0.0139001104584858,-0.008,0.00130257966452841));
#4196=CARTESIAN_POINT('',(-0.0139368978168785,-0.008,0.00132773462781085));
#4197=CARTESIAN_POINT('',(-0.01210761648314,-0.008,0.000551186218344516));
#4198=CARTESIAN_POINT('',(-0.0121248887798592,-0.008,0.000175425223216499));
#4199=CARTESIAN_POINT('',(-0.0117487703875741,-0.008,0.000169983469966602));
#4200=CARTESIAN_POINT('',(-1.59594559789866E-16,-0.008,1.46367293285545E-18));
#4201=CARTESIAN_POINT('',(-0.0117487703875741,-0.008,-0.000169983469966599));
#4202=CARTESIAN_POINT('',(-0.0121248887798592,-0.008,-0.000175425223216496));
#4203=CARTESIAN_POINT('',(-0.01210761648314,-0.008,-0.000551186218344514));
#4204=CARTESIAN_POINT('',(-0.0117378335749938,-0.008,-0.000534568017886743));
#4205=CARTESIAN_POINT('',(-0.0119557859535085,-0.008,-0.000544290172603568));
#4206=CARTESIAN_POINT('',(-0.0122010009836114,-0.008,-0.000555228426536831));
#4207=CARTESIAN_POINT('',(-0.0122123263885813,-0.008,-0.00055641451518465));
#4208=CARTESIAN_POINT('',(-0.0122261196567238,-0.008,-0.000557665970454457));
#4209=CARTESIAN_POINT('',(-0.0122425275248939,-0.008,-0.000559605998700642));
#4210=CARTESIAN_POINT('',(-0.0122644993723761,-0.008,-0.000562586370850447));
#4211=CARTESIAN_POINT('',(-0.0122909915689148,-0.008,-0.000566745839679207));
#4212=CARTESIAN_POINT('',(-0.0123222834869248,-0.008,-0.000572292859483261));
#4213=CARTESIAN_POINT('',(-0.0123582291225572,-0.008,-0.000579412363069766));
#4214=CARTESIAN_POINT('',(-0.0123988058528238,-0.008,-0.000588294807926268));
#4215=CARTESIAN_POINT('',(-0.0124439467017241,-0.008,-0.000599127092688441));
#4216=CARTESIAN_POINT('',(-0.012493590560259,-0.008,-0.00061209507550451));
#4217=CARTESIAN_POINT('',(-0.012547667390206,-0.008,-0.000627382633388132));
#4218=CARTESIAN_POINT('',(-0.0126061025907335,-0.008,-0.000645171742597564));
#4219=CARTESIAN_POINT('',(-0.0126688157932853,-0.008,-0.000665642263601392));
#4220=CARTESIAN_POINT('',(-0.0127357212738606,-0.008,-0.000688971813222507));
#4221=CARTESIAN_POINT('',(-0.012806727907518,-0.008,-0.000715335613838418));
#4222=CARTESIAN_POINT('',(-0.0128817392588663,-0.008,-0.000744906350287655));
#4223=CARTESIAN_POINT('',(-0.0129606536394028,-0.008,-0.000777854029577157));
#4224=CARTESIAN_POINT('',(-0.0130433641776276,-0.008,-0.000814345830242842));
#4225=CARTESIAN_POINT('',(-0.0131297588958554,-0.008,-0.000854546002149592));
#4226=CARTESIAN_POINT('',(-0.0132197207679275,-0.008,-0.000898615578401721));
#4227=CARTESIAN_POINT('',(-0.0133131278711806,-0.008,-0.000946712824357201));
#4228=CARTESIAN_POINT('',(-0.0134098531898894,-0.008,-0.000998990844806183));
#4229=CARTESIAN_POINT('',(-0.013509765781403,-0.008,-0.00105560617495825));
#4230=CARTESIAN_POINT('',(-0.0136127267040931,-0.008,-0.00111668502900303));
#4231=CARTESIAN_POINT('',(-0.0137186051317429,-0.008,-0.00118245260486975));
#4232=CARTESIAN_POINT('',(-0.0138268875200727,-0.008,-0.00125252220454954));
#4233=CARTESIAN_POINT('',(-0.0139001104584858,-0.008,-0.0013025796645284));
#4234=CARTESIAN_POINT('',(-0.0139368978168785,-0.008,-0.00132773462781085));
#4235=CARTESIAN_POINT('',(-0.0115246839642565,-0.008,-0.00229001299647165));
#4236=CARTESIAN_POINT('',(-0.0117386297066782,-0.008,-0.00233273276814888));
#4237=CARTESIAN_POINT('',(-0.0119793369291727,-0.008,-0.00238079615781783));
#4238=CARTESIAN_POINT('',(-0.0119906170880499,-0.008,-0.0023823548815642));
#4239=CARTESIAN_POINT('',(-0.0120043090417377,-0.008,-0.00238444073643831));
#4240=CARTESIAN_POINT('',(-0.0120207044062273,-0.008,-0.00238648374175778));
#4241=CARTESIAN_POINT('',(-0.0120427510414947,-0.008,-0.00238884818108186));
#4242=CARTESIAN_POINT('',(-0.0120694688489954,-0.008,-0.00239114957647083));
#4243=CARTESIAN_POINT('',(-0.012101178969468,-0.008,-0.00239325238912638));
#4244=CARTESIAN_POINT('',(-0.0121377838989877,-0.008,-0.00239494211904453));
#4245=CARTESIAN_POINT('',(-0.0121793072514093,-0.008,-0.00239602842905074));
#4246=CARTESIAN_POINT('',(-0.0122257287247044,-0.008,-0.00239631382303797));
#4247=CARTESIAN_POINT('',(-0.0122770334643563,-0.008,-0.00239560321921725));
#4248=CARTESIAN_POINT('',(-0.012333197471976,-0.008,-0.00239370132246307));
#4249=CARTESIAN_POINT('',(-0.0123941918642654,-0.008,-0.00239041359126889));
#4250=CARTESIAN_POINT('',(-0.0124599816514599,-0.008,-0.00238554615813005));
#4251=CARTESIAN_POINT('',(-0.0125305261070306,-0.008,-0.00237890605234954));
#4252=CARTESIAN_POINT('',(-0.0126057786874208,-0.008,-0.00237030133556783));
#4253=CARTESIAN_POINT('',(-0.0126856870856632,-0.008,-0.00235954126235419));
#4254=CARTESIAN_POINT('',(-0.0127701932534783,-0.008,-0.0023464364301448));
#4255=CARTESIAN_POINT('',(-0.0128592334333,-0.008,-0.00233079894228418));
#4256=CARTESIAN_POINT('',(-0.0129527382088764,-0.008,-0.00231244252369581));
#4257=CARTESIAN_POINT('',(-0.0130506324923608,-0.008,-0.00229118281441185));
#4258=CARTESIAN_POINT('',(-0.0131528357793201,-0.008,-0.00226683696997485));
#4259=CARTESIAN_POINT('',(-0.0132592613852497,-0.008,-0.0022392259376889));
#4260=CARTESIAN_POINT('',(-0.0133698196337819,-0.008,-0.00220816639434564));
#4261=CARTESIAN_POINT('',(-0.0134844058257122,-0.008,-0.00217350254240235));
#4262=CARTESIAN_POINT('',(-0.0136029468297877,-0.008,-0.00213498441900934));
#4263=CARTESIAN_POINT('',(-0.0137248514815017,-0.008,-0.00209286458624373));
#4264=CARTESIAN_POINT('',(-0.0138079262286892,-0.008,-0.00206178510122354));
#4265=CARTESIAN_POINT('',(-0.0138496645900533,-0.008,-0.00204616488656792));
#4266=CARTESIAN_POINT('',(-0.0118876986488268,-0.008,-0.00236237253302201));
#4267=CARTESIAN_POINT('',(-0.0118145435518321,-0.008,-0.00273134812771257));
#4268=CARTESIAN_POINT('',(-0.0114480521796655,-0.008,-0.00264662073060253));
#4269=CARTESIAN_POINT('',(-1.55307311793909E-16,-0.008,-3.67723368352482E-17));
#4270=CARTESIAN_POINT('',(-0.0113666927655996,-0.008,-0.00297670884912604));
#4271=CARTESIAN_POINT('',(-0.0117305795441784,-0.008,-0.00307200349781696));
#4272=CARTESIAN_POINT('',(-0.0116238836568483,-0.008,-0.00343271203018125));
#4273=CARTESIAN_POINT('',(-0.0112688229636416,-0.008,-0.00332808188212125));
#4274=CARTESIAN_POINT('',(-0.0114781153782345,-0.008,-0.00338968094693858));
#4275=CARTESIAN_POINT('',(-0.0117135872097167,-0.008,-0.00345898515291439));
#4276=CARTESIAN_POINT('',(-0.0117242996694086,-0.008,-0.00346284712279544));
#4277=CARTESIAN_POINT('',(-0.0117373926373979,-0.008,-0.00346736315817774));
#4278=CARTESIAN_POINT('',(-0.0117528594435906,-0.008,-0.00347317347259962));
#4279=CARTESIAN_POINT('',(-0.0117734795793763,-0.008,-0.00348132544782719));
#4280=CARTESIAN_POINT('',(-0.0117982065347853,-0.008,-0.00349170404766439));
#4281=CARTESIAN_POINT('',(-0.0118272616777995,-0.008,-0.00350457852729964));
#4282=CARTESIAN_POINT('',(-0.0118604589898587,-0.008,-0.0035200935047207));
#4283=CARTESIAN_POINT('',(-0.0118977309258977,-0.008,-0.00353842848903122));
#4284=CARTESIAN_POINT('',(-0.0119389677283455,-0.008,-0.00355974891952618));
#4285=CARTESIAN_POINT('',(-0.0119840655851533,-0.008,-0.00358422062931302));
#4286=CARTESIAN_POINT('',(-0.0120329124886325,-0.008,-0.0036120053910299));
#4287=CARTESIAN_POINT('',(-0.0120853924559468,-0.008,-0.00364326203988811));
#4288=CARTESIAN_POINT('',(-0.0121413844104767,-0.008,-0.00367814597648351));
#4289=CARTESIAN_POINT('',(-0.0122007626127171,-0.008,-0.00371680914132071));
#4290=CARTESIAN_POINT('',(-0.0122633966521922,-0.008,-0.00375939985750755));
#4291=CARTESIAN_POINT('',(-0.012329151569561,-0.008,-0.00380606271347519));
#4292=CARTESIAN_POINT('',(-0.0123978879458643,-0.008,-0.00385693844048445));
#4293=CARTESIAN_POINT('',(-0.0124694620066513,-0.008,-0.0039121637831428));
#4294=CARTESIAN_POINT('',(-0.012543725720539,-0.008,-0.0039718714204984));
#4295=CARTESIAN_POINT('',(-0.0126205269241921,-0.008,-0.00403618970013332));
#4296=CARTESIAN_POINT('',(-0.0126997093624189,-0.008,-0.00410524311049872));
#4297=CARTESIAN_POINT('',(-0.0127811130699658,-0.008,-0.00417914991058511));
#4298=CARTESIAN_POINT('',(-0.0128645734478095,-0.008,-0.0042580307503459));
#4299=CARTESIAN_POINT('',(-0.0129499253866805,-0.008,-0.0043419749255077));
#4300=CARTESIAN_POINT('',(-0.0130369879685418,-0.008,-0.00443116978139415));
#4301=CARTESIAN_POINT('',(-0.0131253551146683,-0.008,-0.00452511695754737));
#4302=CARTESIAN_POINT('',(-0.013184470793281,-0.008,-0.0045912432348624));
#4303=CARTESIAN_POINT('',(-0.013214169201149,-0.008,-0.00462447103174026));
#4304=CARTESIAN_POINT('',(-0.0106417616120383,-0.008,-0.00498150677933368));
#4305=CARTESIAN_POINT('',(-0.0108392669694786,-0.008,-0.00507418575955513));
#4306=CARTESIAN_POINT('',(-0.0110614773555285,-0.008,-0.00517845752332204));
#4307=CARTESIAN_POINT('',(-0.0110720567064808,-0.008,-0.00518267047210418));
#4308=CARTESIAN_POINT('',(-0.0110848516191337,-0.008,-0.00518797241481871));
#4309=CARTESIAN_POINT('',(-0.0111002816409535,-0.008,-0.00519387972166068));
#4310=CARTESIAN_POINT('',(-0.0111211217937006,-0.008,-0.00520145155983953));
#4311=CARTESIAN_POINT('',(-0.0111465124703067,-0.008,-0.00521008007071144));
#4312=CARTESIAN_POINT('',(-0.0111767979163016,-0.008,-0.00521971050799847));
#4313=CARTESIAN_POINT('',(-0.0112119347942584,-0.008,-0.00523011127046036));
#4314=CARTESIAN_POINT('',(-0.0112519915825235,-0.008,-0.0052411032029403));
#4315=CARTESIAN_POINT('',(-0.0112969958329205,-0.008,-0.00525248968961576));
#4316=CARTESIAN_POINT('',(-0.0113469798087062,-0.008,-0.00526407776250151));
#4317=CARTESIAN_POINT('',(-0.0114019669460235,-0.008,-0.00527567205820301));
#4318=CARTESIAN_POINT('',(-0.0114619757577005,-0.008,-0.00528707677601066));
#4319=CARTESIAN_POINT('',(-0.0115270186662423,-0.008,-0.00529809530825845));
#4320=CARTESIAN_POINT('',(-0.0115971023094691,-0.008,-0.0053085305451307));
#4321=CARTESIAN_POINT('',(-0.0116722274301518,-0.008,-0.00531818498704568));
#4322=CARTESIAN_POINT('',(-0.0117523888896379,-0.008,-0.00532686091341153));
#4323=CARTESIAN_POINT('',(-0.0118375756534255,-0.008,-0.00533436053349614));
#4324=CARTESIAN_POINT('',(-0.0119277707832407,-0.008,-0.00534048615239508));
#4325=CARTESIAN_POINT('',(-0.0120229514584853,-0.008,-0.00534504029545059));
#4326=CARTESIAN_POINT('',(-0.0121230888934571,-0.008,-0.0053478259901625));
#4327=CARTESIAN_POINT('',(-0.0122281486805783,-0.008,-0.0053486464392291));
#4328=CARTESIAN_POINT('',(-0.0123380895043535,-0.008,-0.00534730704794062));
#4329=CARTESIAN_POINT('',(-0.0124528681663624,-0.008,-0.00534360835916844));
#4330=CARTESIAN_POINT('',(-0.0125724202945617,-0.008,-0.00533737404640361));
#4331=CARTESIAN_POINT('',(-0.0126967347027852,-0.008,-0.00532834390880822));
#4332=CARTESIAN_POINT('',(-0.0128251769626311,-0.008,-0.00531662169453775));
#4333=CARTESIAN_POINT('',(-0.0129132755162508,-0.008,-0.00530632641117629));
#4334=CARTESIAN_POINT('',(-0.0129575391987367,-0.008,-0.0053011487352461));
#4335=CARTESIAN_POINT('',(-0.0109769109790703,-0.008,-0.00513863877964408));
#4336=CARTESIAN_POINT('',(-0.010817579996691,-0.008,-0.00547938545350546));
#4337=CARTESIAN_POINT('',(-0.0104820147910514,-0.008,-0.00530941295438397));
#4338=CARTESIAN_POINT('',(-1.419941673556E-16,-0.008,-7.28712720484932E-17));
#4339=CARTESIAN_POINT('',(-0.0103240242763356,-0.008,-0.00561043872987071));
#4340=CARTESIAN_POINT('',(-0.0106545316643117,-0.008,-0.00579004809540268));
#4341=CARTESIAN_POINT('',(-0.0104646129635185,-0.008,-0.00611474109622439));
#4342=CARTESIAN_POINT('',(-0.0101449093221474,-0.008,-0.0059281797244523));
#4343=CARTESIAN_POINT('',(-0.0103333784584295,-0.008,-0.00603807578562644));
#4344=CARTESIAN_POINT('',(-0.0105454223243504,-0.008,-0.00616171823510402));
#4345=CARTESIAN_POINT('',(-0.0105548992695452,-0.008,-0.0061680316425665));
#4346=CARTESIAN_POINT('',(-0.0105665310216728,-0.008,-0.0061755498025));
#4347=CARTESIAN_POINT('',(-0.0105801578913317,-0.008,-0.00618489272874302));
#4348=CARTESIAN_POINT('',(-0.0105982279480802,-0.008,-0.00619774254387933));
#4349=CARTESIAN_POINT('',(-0.01061975262159,-0.008,-0.00621373710822713));
#4350=CARTESIAN_POINT('',(-0.0106448824103075,-0.008,-0.00623319082973399));
#4351=CARTESIAN_POINT('',(-0.0106734020916841,-0.008,-0.00625619960689654));
#4352=CARTESIAN_POINT('',(-0.0107052031240507,-0.008,-0.00628292156801793));
#4353=CARTESIAN_POINT('',(-0.0107401393469775,-0.008,-0.0063134910783219));
#4354=CARTESIAN_POINT('',(-0.0107780702785445,-0.008,-0.00634804430825776));
#4355=CARTESIAN_POINT('',(-0.0108188484510769,-0.008,-0.00638671152445042));
#4356=CARTESIAN_POINT('',(-0.0108623232402346,-0.008,-0.00642961919013905));
#4357=CARTESIAN_POINT('',(-0.0109083398978678,-0.008,-0.00647688921472904));
#4358=CARTESIAN_POINT('',(-0.0109567399764901,-0.008,-0.00652863903217688));
#4359=CARTESIAN_POINT('',(-0.0110073613590741,-0.008,-0.00658498144632081));
#4360=CARTESIAN_POINT('',(-0.0110600384056754,-0.008,-0.00664602454623062));
#4361=CARTESIAN_POINT('',(-0.0111146020694012,-0.008,-0.00671187160863159));
#4362=CARTESIAN_POINT('',(-0.0111708800284985,-0.008,-0.00678262099710327));
#4363=CARTESIAN_POINT('',(-0.0112286968009327,-0.008,-0.00685836610905303));
#4364=CARTESIAN_POINT('',(-0.0112878739293715,-0.008,-0.0069391951474458));
#4365=CARTESIAN_POINT('',(-0.0113482299070787,-0.008,-0.00702519158900961));
#4366=CARTESIAN_POINT('',(-0.0114095811158715,-0.008,-0.00711643197415267));
#4367=CARTESIAN_POINT('',(-0.0114717388662512,-0.008,-0.00721299405583549));
#4368=CARTESIAN_POINT('',(-0.0115345214768575,-0.008,-0.00731492502177855));
#4369=CARTESIAN_POINT('',(-0.0115977084521323,-0.008,-0.00742236347687072));
#4370=CARTESIAN_POINT('',(-0.011661024778724,-0.008,-0.00753472836110343));
#4371=CARTESIAN_POINT('',(-0.0117025976091721,-0.008,-0.00761308043687632));
#4372=CARTESIAN_POINT('',(-0.0117234811029995,-0.008,-0.00765244998857318));
#4373=CARTESIAN_POINT('',(-0.00914037875615808,-0.008,-0.00738349349522122));
#4374=CARTESIAN_POINT('',(-0.00930996543514537,-0.008,-0.00752074551853081));
#4375=CARTESIAN_POINT('',(-0.00950076492481526,-0.008,-0.007675165760498));
#4376=CARTESIAN_POINT('',(-0.0095100286344197,-0.008,-0.00768178809304614));
#4377=CARTESIAN_POINT('',(-0.00952118291222193,-0.008,-0.0076899979939623));
#4378=CARTESIAN_POINT('',(-0.00953475085458951,-0.008,-0.0076994262911253));
#4379=CARTESIAN_POINT('',(-0.00955317337088962,-0.008,-0.00771176548044647));
#4380=CARTESIAN_POINT('',(-0.00957576130276807,-0.008,-0.00772621964911282));
#4381=CARTESIAN_POINT('',(-0.00960286199424723,-0.008,-0.00774281802502142));
#4382=CARTESIAN_POINT('',(-0.00963448879301155,-0.008,-0.00776132536551798));
#4383=CARTESIAN_POINT('',(-0.00967075106218668,-0.008,-0.00778158410930997));
#4384=CARTESIAN_POINT('',(-0.00971172260623647,-0.008,-0.00780340994745628));
#4385=CARTESIAN_POINT('',(-0.00975748093116749,-0.008,-0.0078266232403733));
#4386=CARTESIAN_POINT('',(-0.00980809554563171,-0.008,-0.00785103991020787));
#4387=CARTESIAN_POINT('',(-0.00986363128268475,-0.008,-0.00787647427627284));
#4388=CARTESIAN_POINT('',(-0.00992414725515062,-0.008,-0.00790273841686374));
#4389=CARTESIAN_POINT('',(-0.00998969707943306,-0.008,-0.00792964253835228));
#4390=CARTESIAN_POINT('',(-0.0100603287414629,-0.008,-0.00795699505789232));
#4391=CARTESIAN_POINT('',(-0.0101360845695422,-0.008,-0.00798460277053299));
#4392=CARTESIAN_POINT('',(-0.0102170011842324,-0.008,-0.00801227099225229));
#4393=CARTESIAN_POINT('',(-0.0103031094509421,-0.008,-0.00803980371920611));
#4394=CARTESIAN_POINT('',(-0.0103944344709774,-0.008,-0.00806700375366474));
#4395=CARTESIAN_POINT('',(-0.0104909954337008,-0.008,-0.00809367295792144));
#4396=CARTESIAN_POINT('',(-0.0105928060280333,-0.008,-0.00811961201897411));
#4397=CARTESIAN_POINT('',(-0.0106998727085948,-0.008,-0.0081446221092363));
#4398=CARTESIAN_POINT('',(-0.010812201265448,-0.008,-0.00816849922938245));
#4399=CARTESIAN_POINT('',(-0.0109297713947797,-0.008,-0.00819105677139317));
#4400=CARTESIAN_POINT('',(-0.0110526345056097,-0.008,-0.00821203941836922));
#4401=CARTESIAN_POINT('',(-0.0111801497763138,-0.008,-0.0082313960750788));
#4402=CARTESIAN_POINT('',(-0.0112681521686547,-0.008,-0.00824248331782319));
#4403=CARTESIAN_POINT('',(-0.0113123687279282,-0.008,-0.00824804908832342));
#4404=CARTESIAN_POINT('',(-0.00942818514265817,-0.008,-0.0076162660185852));
#4405=CARTESIAN_POINT('',(-0.0091919380124456,-0.008,-0.00790898081349636));
#4406=CARTESIAN_POINT('',(-0.00890680080335482,-0.008,-0.00766364139618746));
#4407=CARTESIAN_POINT('',(-1.2042883803838E-16,-0.008,-1.04735193806576E-16));
#4408=CARTESIAN_POINT('',(-0.00868136102243232,-0.008,-0.0079181103047503));
#4409=CARTESIAN_POINT('',(-0.00895928113176199,-0.008,-0.00817159614365209));
#4410=CARTESIAN_POINT('',(-0.00869717700206956,-0.008,-0.00844140363593451));
#4411=CARTESIAN_POINT('',(-0.00843141042609494,-0.008,-0.00818375330925472));
#4412=CARTESIAN_POINT('',(-0.00858810314292293,-0.008,-0.00833555960716616));
#4413=CARTESIAN_POINT('',(-0.00876439582454335,-0.008,-0.0085063546504039));
#4414=CARTESIAN_POINT('',(-0.00877208648963369,-0.008,-0.00851475258315439));
#4415=CARTESIAN_POINT('',(-0.00878158103074554,-0.008,-0.00852483593951116));
#4416=CARTESIAN_POINT('',(-0.00879257601973778,-0.008,-0.00853716850066221));
#4417=CARTESIAN_POINT('',(-0.00880704583143284,-0.008,-0.00855396937115874));
#4418=CARTESIAN_POINT('',(-0.00882411728725809,-0.008,-0.0085746503540751));
#4419=CARTESIAN_POINT('',(-0.0088438612697017,-0.008,-0.00859955273787101));
#4420=CARTESIAN_POINT('',(-0.00886604586017875,-0.008,-0.00862871812827985));
#4421=CARTESIAN_POINT('',(-0.00889052782846403,-0.008,-0.0086622740829621));
#4422=CARTESIAN_POINT('',(-0.00891713310558119,-0.008,-0.00870031608425188));
#4423=CARTESIAN_POINT('',(-0.00894569270403819,-0.008,-0.00874294272620876));
#4424=CARTESIAN_POINT('',(-0.00897603226645881,-0.008,-0.00879024519882169));
#4425=CARTESIAN_POINT('',(-0.00900797528073847,-0.008,-0.00884231024377395));
#4426=CARTESIAN_POINT('',(-0.00904134232059707,-0.008,-0.00889921919434891));
#4427=CARTESIAN_POINT('',(-0.00907595143895888,-0.008,-0.00896104815312024));
#4428=CARTESIAN_POINT('',(-0.00911161823389721,-0.008,-0.00902786784890757));
#4429=CARTESIAN_POINT('',(-0.00914815601125583,-0.008,-0.00909974358967542));
#4430=CARTESIAN_POINT('',(-0.00918537592059934,-0.008,-0.0091767351955457));
#4431=CARTESIAN_POINT('',(-0.00922308710758625,-0.008,-0.00925889693253629));
#4432=CARTESIAN_POINT('',(-0.0092610968379084,-0.008,-0.00934627748849597));
#4433=CARTESIAN_POINT('',(-0.0092992107315281,-0.008,-0.0094389197957368));
#4434=CARTESIAN_POINT('',(-0.00933723257867652,-0.008,-0.00953686146789968));
#4435=CARTESIAN_POINT('',(-0.00937496577946263,-0.008,-0.00964013287856021));
#4436=CARTESIAN_POINT('',(-0.00941220851986057,-0.008,-0.00974876436496652));
#4437=CARTESIAN_POINT('',(-0.00944877310507929,-0.008,-0.00986275826445423));
#4438=CARTESIAN_POINT('',(-0.00948441227643978,-0.008,-0.00998219638626507));
#4439=CARTESIAN_POINT('',(-0.00951899806874077,-0.008,-0.0101064487399354));
#4440=CARTESIAN_POINT('',(-0.0095406119892297,-0.008,-0.0101924730763204));
#4441=CARTESIAN_POINT('',(-0.00955146689626361,-0.008,-0.0102356963675942));
#4442=CARTESIAN_POINT('',(-0.00710779031089488,-0.008,-0.00935637840707338));
#4443=CARTESIAN_POINT('',(-0.0072396025500689,-0.008,-0.00953022688476716));
#4444=CARTESIAN_POINT('',(-0.00738790257054713,-0.008,-0.00972582126176623));
#4445=CARTESIAN_POINT('',(-0.00739531226567368,-0.008,-0.00973446811218387));
#4446=CARTESIAN_POINT('',(-0.00740417766254356,-0.008,-0.00974510884170218));
#4447=CARTESIAN_POINT('',(-0.007415095005966,-0.008,-0.00975751019082557));
#4448=CARTESIAN_POINT('',(-0.00743002923613484,-0.008,-0.00977389962245685));
#4449=CARTESIAN_POINT('',(-0.00744850169478868,-0.008,-0.0097933394251735));
#4450=CARTESIAN_POINT('',(-0.0074708426380703,-0.008,-0.0098159411024285));
#4451=CARTESIAN_POINT('',(-0.00749712132305677,-0.008,-0.00984147944160153));
#4452=CARTESIAN_POINT('',(-0.00752748164186544,-0.008,-0.00986982763215392));
#4453=CARTESIAN_POINT('',(-0.00756203936235328,-0.008,-0.0099008243833917));
#4454=CARTESIAN_POINT('',(-0.00760091272890944,-0.008,-0.00993431382413255));
#4455=CARTESIAN_POINT('',(-0.00764421328310449,-0.008,-0.00997013386000039));
#4456=CARTESIAN_POINT('',(-0.0076920484103603,-0.008,-0.0100081197214171));
#4457=CARTESIAN_POINT('',(-0.00774452047839716,-0.008,-0.0100481030939663));
#4458=CARTESIAN_POINT('',(-0.00780172696621182,-0.008,-0.0100899125303227));
#4459=CARTESIAN_POINT('',(-0.00786376031412722,-0.008,-0.0101333734984745));
#4460=CARTESIAN_POINT('',(-0.00793070785743312,-0.008,-0.0101783085374812));
#4461=CARTESIAN_POINT('',(-0.00800265174349993,-0.008,-0.0102245373843588));
#4462=CARTESIAN_POINT('',(-0.0080796688476339,-0.008,-0.0102718771173543));
#4463=CARTESIAN_POINT('',(-0.00816183073424827,-0.008,-0.0103201422760815));
#4464=CARTESIAN_POINT('',(-0.00824920345255464,-0.008,-0.0103691450726702));
#4465=CARTESIAN_POINT('',(-0.00834184799242229,-0.008,-0.0104186952617652));
#4466=CARTESIAN_POINT('',(-0.00843981820346746,-0.008,-0.01046860133804));
#4467=CARTESIAN_POINT('',(-0.00854316852773829,-0.008,-0.0105186666156714));
#4468=CARTESIAN_POINT('',(-0.0086519239096356,-0.008,-0.0105687050501093));
#4469=CARTESIAN_POINT('',(-0.00876619536565997,-0.008,-0.0106184810464834));
#4470=CARTESIAN_POINT('',(-0.00888537292318811,-0.008,-0.0106677916356436));
#4471=CARTESIAN_POINT('',(-0.0089681647750829,-0.008,-0.010699617054246));
#4472=CARTESIAN_POINT('',(-0.00900976450543972,-0.008,-0.0107156028088259));
#4473=CARTESIAN_POINT('',(-0.00733152745581336,-0.008,-0.00965126356052672));
#4474=CARTESIAN_POINT('',(-0.00703209400225212,-0.008,-0.0098789349565824));
#4475=CARTESIAN_POINT('',(-0.00681395592787092,-0.008,-0.00957248685624759));
#4476=CARTESIAN_POINT('',(-9.1864622395386E-17,-0.008,-1.30512286797561E-16));
#4477=CARTESIAN_POINT('',(-0.00653416862136866,-0.008,-0.00976561008987771));
#4478=CARTESIAN_POINT('',(-0.00674334974549618,-0.008,-0.0100782407265759));
#4479=CARTESIAN_POINT('',(-0.00642429272621241,-0.008,-0.0102774824795779));
#4480=CARTESIAN_POINT('',(-0.00622790860300779,-0.008,-0.0099637168984562));
#4481=CARTESIAN_POINT('',(-0.00634371848923448,-0.008,-0.0101486110028638));
#4482=CARTESIAN_POINT('',(-0.00647401449669646,-0.008,-0.0103566326527634));
#4483=CARTESIAN_POINT('',(-0.00647947192818166,-0.008,-0.0103666270534757));
#4484=CARTESIAN_POINT('',(-0.00648627747005967,-0.008,-0.0103786895982358));
#4485=CARTESIAN_POINT('',(-0.00649400158959013,-0.008,-0.0103932950706678));
#4486=CARTESIAN_POINT('',(-0.00650403022337167,-0.008,-0.010413070591));
#4487=CARTESIAN_POINT('',(-0.006515656330552,-0.008,-0.0104372360889301));
#4488=CARTESIAN_POINT('',(-0.00652886705822855,-0.008,-0.0104661398989853));
#4489=CARTESIAN_POINT('',(-0.00654342727004529,-0.008,-0.0104997669161618));
#4490=CARTESIAN_POINT('',(-0.00655916737124079,-0.008,-0.0105382067142897));
#4491=CARTESIAN_POINT('',(-0.00657589550054856,-0.008,-0.0105815103437274));
#4492=CARTESIAN_POINT('',(-0.0065934239858431,-0.008,-0.0106297330922163));
#4493=CARTESIAN_POINT('',(-0.00661156171306388,-0.008,-0.0106829217734787));
#4494=CARTESIAN_POINT('',(-0.00663011654058372,-0.008,-0.0107411183665307));
#4495=CARTESIAN_POINT('',(-0.00664889479159541,-0.008,-0.0108043589017388));
#4496=CARTESIAN_POINT('',(-0.00666770159353657,-0.008,-0.010872673727489));
#4497=CARTESIAN_POINT('',(-0.00668634097635091,-0.008,-0.0109460873870803));
#4498=CARTESIAN_POINT('',(-0.00670461604165618,-0.008,-0.0110246186119104));
#4499=CARTESIAN_POINT('',(-0.00672232911077519,-0.008,-0.0111082802889699));
#4500=CARTESIAN_POINT('',(-0.00673928188853864,-0.008,-0.0111970794329713));
#4501=CARTESIAN_POINT('',(-0.00675527558938219,-0.008,-0.0112910171926439));
#4502=CARTESIAN_POINT('',(-0.00677011120722401,-0.008,-0.0113900887345771));
#4503=CARTESIAN_POINT('',(-0.0067835892322611,-0.008,-0.0114942836233564));
#4504=CARTESIAN_POINT('',(-0.00679551150856553,-0.008,-0.0116035843005231));
#4505=CARTESIAN_POINT('',(-0.00680567482628156,-0.008,-0.0117179719245224));
#4506=CARTESIAN_POINT('',(-0.00681389638532662,-0.008,-0.0118374038464675));
#4507=CARTESIAN_POINT('',(-0.00681991653367652,-0.008,-0.0119619003254972));
#4508=CARTESIAN_POINT('',(-0.00682376179115246,-0.008,-0.0120908190534488));
#4509=CARTESIAN_POINT('',(-0.0068241606791868,-0.008,-0.012179516228701));
#4510=CARTESIAN_POINT('',(-0.00682435615168642,-0.008,-0.0122240812789731));
#4511=CARTESIAN_POINT('',(-0.00466212292852903,-0.008,-0.0107855046149582));
#4512=CARTESIAN_POINT('',(-0.00474850027966699,-0.008,-0.0109858461054261));
#4513=CARTESIAN_POINT('',(-0.00484568217281199,-0.008,-0.0112112473832225));
#4514=CARTESIAN_POINT('',(-0.00485080722891304,-0.008,-0.0112214162279934));
#4515=CARTESIAN_POINT('',(-0.00485686852020891,-0.008,-0.0112338693855917));
#4516=CARTESIAN_POINT('',(-0.00486450078836944,-0.008,-0.0112485230653415));
#4517=CARTESIAN_POINT('',(-0.00487507880923329,-0.008,-0.0112680102450896));
#4518=CARTESIAN_POINT('',(-0.00488836224251022,-0.008,-0.0112913059111835));
#4519=CARTESIAN_POINT('',(-0.0049046450631768,-0.008,-0.0113185973624566));
#4520=CARTESIAN_POINT('',(-0.00492404841273313,-0.008,-0.0113496825048615));
#4521=CARTESIAN_POINT('',(-0.00494674234980147,-0.008,-0.0113844726483808));
#4522=CARTESIAN_POINT('',(-0.00497287787762481,-0.008,-0.0114228388941967));
#4523=CARTESIAN_POINT('',(-0.00500260710704079,-0.008,-0.0114646581981947));
#4524=CARTESIAN_POINT('',(-0.00503607713014798,-0.008,-0.0115097998698117));
#4525=CARTESIAN_POINT('',(-0.00507343164388406,-0.008,-0.0115581296263877));
#4526=CARTESIAN_POINT('',(-0.00511481032162582,-0.008,-0.0116095085426162));
#4527=CARTESIAN_POINT('',(-0.00516034883983801,-0.008,-0.0116637934813705));
#4528=CARTESIAN_POINT('',(-0.00521017872094019,-0.008,-0.0117208371046393));
#4529=CARTESIAN_POINT('',(-0.00526442723160014,-0.008,-0.0117804880088773));
#4530=CARTESIAN_POINT('',(-0.00532321727189079,-0.008,-0.0118425908283676));
#4531=CARTESIAN_POINT('',(-0.0053866672593025,-0.008,-0.0119069863541961));
#4532=CARTESIAN_POINT('',(-0.00545489106229228,-0.008,-0.0119735116416032));
#4533=CARTESIAN_POINT('',(-0.00552799775138055,-0.008,-0.0120420001661041));
#4534=CARTESIAN_POINT('',(-0.0056060920728754,-0.008,-0.0121122818063588));
#4535=CARTESIAN_POINT('',(-0.00568927214184552,-0.008,-0.0121841835088944));
#4536=CARTESIAN_POINT('',(-0.00577763788835051,-0.008,-0.0122575273320549));
#4537=CARTESIAN_POINT('',(-0.00587125805532733,-0.008,-0.0123321386069929));
#4538=CARTESIAN_POINT('',(-0.00597029681488172,-0.008,-0.0124078151527841));
#4539=CARTESIAN_POINT('',(-0.0060742104927832,-0.008,-0.0124842139221897));
#4540=CARTESIAN_POINT('',(-0.00614698024273592,-0.008,-0.0125349279390017));
#4541=CARTESIAN_POINT('',(-0.00618354551905658,-0.008,-0.0125604046437109));
#4542=CARTESIAN_POINT('',(-0.00480878804225467,-0.008,-0.0111253647452461));
#4543=CARTESIAN_POINT('',(-0.00446357024926942,-0.008,-0.0112747613084594));
#4544=CARTESIAN_POINT('',(-0.0043251087015812,-0.008,-0.0109250141747966));
#4545=CARTESIAN_POINT('',(-5.79615688130876E-17,-0.008,-1.48704480072731E-16));
#4546=CARTESIAN_POINT('',(-0.0040072340907676,-0.008,-0.0110455681131298));
#4547=CARTESIAN_POINT('',(-0.00413551938310115,-0.008,-0.0113991745913856));
#4548=CARTESIAN_POINT('',(-0.00377805190846173,-0.008,-0.011516271398637));
#4549=CARTESIAN_POINT('',(-0.00366246336944053,-0.008,-0.0111646254781567));
#4550=CARTESIAN_POINT('',(-0.00373065997543022,-0.008,-0.011371862015775));
#4551=CARTESIAN_POINT('',(-0.00380738697838679,-0.008,-0.0116050208101723));
#4552=CARTESIAN_POINT('',(-0.00381029401018589,-0.008,-0.0116160308406051));
#4553=CARTESIAN_POINT('',(-0.00381401503947323,-0.008,-0.0116293715425126));
#4554=CARTESIAN_POINT('',(-0.00381801939179085,-0.008,-0.0116454011092566));
#4555=CARTESIAN_POINT('',(-0.00382302401991607,-0.008,-0.0116670019980638));
#4556=CARTESIAN_POINT('',(-0.00382852911136134,-0.008,-0.0116932476001061));
#4557=CARTESIAN_POINT('',(-0.00383443882479733,-0.008,-0.0117244730520412));
#4558=CARTESIAN_POINT('',(-0.00384052847136719,-0.008,-0.0117606074159763));
#4559=CARTESIAN_POINT('',(-0.00384661194800435,-0.008,-0.0118016970762056));
#4560=CARTESIAN_POINT('',(-0.00385249075143164,-0.008,-0.0118477456842506));
#4561=CARTESIAN_POINT('',(-0.00385796943171185,-0.008,-0.0118987620084119));
#4562=CARTESIAN_POINT('',(-0.00386285122495468,-0.008,-0.0119547457655018));
#4563=CARTESIAN_POINT('',(-0.0038669395265833,-0.008,-0.0120156917322014));
#4564=CARTESIAN_POINT('',(-0.00387003766505544,-0.008,-0.0120815885420064));
#4565=CARTESIAN_POINT('',(-0.00387194916760708,-0.008,-0.0121524190253771));
#4566=CARTESIAN_POINT('',(-0.00387247788511967,-0.008,-0.0122281601137246));
#4567=CARTESIAN_POINT('',(-0.0038714281580032,-0.008,-0.0123087828732793));
#4568=CARTESIAN_POINT('',(-0.0038686049677049,-0.008,-0.0123942525089552));
#4569=CARTESIAN_POINT('',(-0.00386381410242211,-0.008,-0.0124845283764897));
#4570=CARTESIAN_POINT('',(-0.00385686227802878,-0.008,-0.012579564018733));
#4571=CARTESIAN_POINT('',(-0.00384755742790903,-0.008,-0.0126793071174517));
#4572=CARTESIAN_POINT('',(-0.00383570833701026,-0.008,-0.0127836997946447));
#4573=CARTESIAN_POINT('',(-0.00382112680946991,-0.008,-0.0128926775802524));
#4574=CARTESIAN_POINT('',(-0.00380362004942053,-0.008,-0.0130061735489199));
#4575=CARTESIAN_POINT('',(-0.00378302077516439,-0.008,-0.0131241025441363));
#4576=CARTESIAN_POINT('',(-0.00375907203136394,-0.008,-0.01324642209755));
#4577=CARTESIAN_POINT('',(-0.00373195328162727,-0.008,-0.0133725149119148));
#4578=CARTESIAN_POINT('',(-0.00371111395528436,-0.008,-0.0134587301686097));
#4579=CARTESIAN_POINT('',(-0.00370063863309854,-0.008,-0.0135020470191456));
#4580=CARTESIAN_POINT('',(-0.00194550990768441,-0.008,-0.0115878164983357));
#4581=CARTESIAN_POINT('',(-0.00198143243310705,-0.008,-0.0118030078823635));
#4582=CARTESIAN_POINT('',(-0.00202184834053106,-0.008,-0.012045116557992));
#4583=CARTESIAN_POINT('',(-0.00202439090797484,-0.008,-0.0120562164208203));
#4584=CARTESIAN_POINT('',(-0.00202729583347847,-0.008,-0.0120697582742444));
#4585=CARTESIAN_POINT('',(-0.00203119946669376,-0.008,-0.0120858126660175));
#4586=CARTESIAN_POINT('',(-0.00203680652212957,-0.008,-0.0121072650698286));
#4587=CARTESIAN_POINT('',(-0.00204412894517085,-0.008,-0.0121330627398626));
#4588=CARTESIAN_POINT('',(-0.00205340734487088,-0.008,-0.0121634578852062));
#4589=CARTESIAN_POINT('',(-0.00206480770684917,-0.008,-0.0121982832753562));
#4590=CARTESIAN_POINT('',(-0.00207851637304386,-0.008,-0.0122374934951582));
#4591=CARTESIAN_POINT('',(-0.00209471080632438,-0.008,-0.0122809995288011));
#4592=CARTESIAN_POINT('',(-0.0021135681438479,-0.008,-0.0123287183101148));
#4593=CARTESIAN_POINT('',(-0.00213526247978281,-0.008,-0.0123805581476099));
#4594=CARTESIAN_POINT('',(-0.00215996547143895,-0.008,-0.0124364230495644));
#4595=CARTESIAN_POINT('',(-0.00218784598054063,-0.008,-0.0124962115536157));
#4596=CARTESIAN_POINT('',(-0.00221906999599765,-0.008,-0.0125598171514454));
#4597=CARTESIAN_POINT('',(-0.0022538004787212,-0.008,-0.0126271282617919));
#4598=CARTESIAN_POINT('',(-0.00229219723048095,-0.008,-0.012698028337529));
#4599=CARTESIAN_POINT('',(-0.00233441676154685,-0.008,-0.0127723959394979));
#4600=CARTESIAN_POINT('',(-0.00238061214959925,-0.008,-0.0128501048242664));
#4601=CARTESIAN_POINT('',(-0.00243093294951811,-0.008,-0.0129310240324589));
#4602=CARTESIAN_POINT('',(-0.00248552491435047,-0.008,-0.0130150179807737));
#4603=CARTESIAN_POINT('',(-0.00254453045936855,-0.008,-0.0131019465587199));
#4604=CARTESIAN_POINT('',(-0.00260808626300233,-0.008,-0.0131916652219169));
#4605=CARTESIAN_POINT('',(-0.00267633193575103,-0.008,-0.0132840251141985));
#4606=CARTESIAN_POINT('',(-0.00274937602399813,-0.008,-0.013378873093538));
#4607=CARTESIAN_POINT('',(-0.00282742631436848,-0.008,-0.013476052142978));
#4608=CARTESIAN_POINT('',(-0.00291003702739451,-0.008,-0.0135750990738493));
#4609=CARTESIAN_POINT('',(-0.00296855556204519,-0.008,-0.0136417543745517));
#4610=CARTESIAN_POINT('',(-0.00299796134337929,-0.008,-0.0136752414159167));
#4611=CARTESIAN_POINT('',(-0.00200657934691347,-0.008,-0.0119529001700272));
#4612=CARTESIAN_POINT('',(-0.00163564001781688,-0.008,-0.0120153395151786));
#4613=CARTESIAN_POINT('',(-0.00158490187868605,-0.008,-0.0116426193803172));
#4614=CARTESIAN_POINT('',(-2.06899995331028E-17,-0.008,-1.58254509484866E-16));
#4615=CARTESIAN_POINT('',(-0.0012474136805144,-0.008,-0.0116835978666533));
#4616=CARTESIAN_POINT('',(-0.00128734766616159,-0.008,-0.0120576298632577));
#4617=CARTESIAN_POINT('',(-0.000912244446451171,-0.008,-0.0120857764839507));
#4618=CARTESIAN_POINT('',(-0.000884169077354045,-0.008,-0.0117166866068292));
#4619=CARTESIAN_POINT('',(-0.000900789064251202,-0.008,-0.0119342217433659));
#4620=CARTESIAN_POINT('',(-0.000919487968181832,-0.008,-0.0121789673406283));
#4621=CARTESIAN_POINT('',(-0.000919675654173299,-0.008,-0.0121903531378328));
#4622=CARTESIAN_POINT('',(-0.000920095918173188,-0.008,-0.0122041966837843));
#4623=CARTESIAN_POINT('',(-0.000920147784876492,-0.008,-0.0122207187646862));
#4624=CARTESIAN_POINT('',(-0.000919837556549845,-0.008,-0.012242889656827));
#4625=CARTESIAN_POINT('',(-0.000918901696355442,-0.008,-0.0122696900639895));
#4626=CARTESIAN_POINT('',(-0.000917166944486908,-0.008,-0.0123014224480381));
#4627=CARTESIAN_POINT('',(-0.000914432117686208,-0.008,-0.0123379641608428));
#4628=CARTESIAN_POINT('',(-0.000910505420215426,-0.008,-0.0123793157014759));
#4629=CARTESIAN_POINT('',(-0.000905193243075614,-0.008,-0.0124254331104084));
#4630=CARTESIAN_POINT('',(-0.000898303717357805,-0.008,-0.0124762781269187));
#4631=CARTESIAN_POINT('',(-0.000889645864544,-0.008,-0.0125318033873668));
#4632=CARTESIAN_POINT('',(-0.000879030043051134,-0.008,-0.0125919567696589));
#4633=CARTESIAN_POINT('',(-0.000866268016436994,-0.008,-0.012656680171));
#4634=CARTESIAN_POINT('',(-0.00085117313001883,-0.008,-0.0127259099017561));
#4635=CARTESIAN_POINT('',(-0.000833560455089643,-0.008,-0.0127995766221129));
#4636=CARTESIAN_POINT('',(-0.000813246941875849,-0.008,-0.0128776054146586));
#4637=CARTESIAN_POINT('',(-0.000790051565718499,-0.008,-0.0129599158243948));
#4638=CARTESIAN_POINT('',(-0.000763795485065613,-0.008,-0.0130464219101808));
#4639=CARTESIAN_POINT('',(-0.000734302150200283,-0.008,-0.0131370323089081));
#4640=CARTESIAN_POINT('',(-0.000701397596186177,-0.008,-0.0132316502580662));
#4641=CARTESIAN_POINT('',(-0.000664910015444893,-0.008,-0.0133301738007263));
#4642=CARTESIAN_POINT('',(-0.000624672109438704,-0.008,-0.0134324953019937));
#4643=CARTESIAN_POINT('',(-0.000580512700883507,-0.008,-0.0135385036421715));
#4644=CARTESIAN_POINT('',(-0.000532289748270609,-0.008,-0.0136480761061117));
#4645=CARTESIAN_POINT('',(-0.00047976392625936,-0.008,-0.0137611099660785));
#4646=CARTESIAN_POINT('',(-0.000423257212472124,-0.008,-0.0138770488108143));
#4647=CARTESIAN_POINT('',(-0.000382390777651159,-0.008,-0.0139557716316124));
#4648=CARTESIAN_POINT('',(-0.000361853448429077,-0.008,-0.0139953228645094));
#4649=CARTESIAN_POINT('',(0.000884169077354041,-0.008,-0.0117166866068292));
#4650=CARTESIAN_POINT('',(0.000900789064251198,-0.008,-0.0119342217433659));
#4651=CARTESIAN_POINT('',(0.000919487968181827,-0.008,-0.0121789673406283));
#4652=CARTESIAN_POINT('',(0.000919675654173294,-0.008,-0.0121903531378328));
#4653=CARTESIAN_POINT('',(0.000920095918173184,-0.008,-0.0122041966837843));
#4654=CARTESIAN_POINT('',(0.000920147784876487,-0.008,-0.0122207187646862));
#4655=CARTESIAN_POINT('',(0.00091983755654984,-0.008,-0.012242889656827));
#4656=CARTESIAN_POINT('',(0.000918901696355438,-0.008,-0.0122696900639895));
#4657=CARTESIAN_POINT('',(0.000917166944486904,-0.008,-0.0123014224480381));
#4658=CARTESIAN_POINT('',(0.000914432117686203,-0.008,-0.0123379641608428));
#4659=CARTESIAN_POINT('',(0.000910505420215422,-0.008,-0.0123793157014759));
#4660=CARTESIAN_POINT('',(0.00090519324307561,-0.008,-0.0124254331104084));
#4661=CARTESIAN_POINT('',(0.000898303717357801,-0.008,-0.0124762781269187));
#4662=CARTESIAN_POINT('',(0.000889645864543995,-0.008,-0.0125318033873668));
#4663=CARTESIAN_POINT('',(0.000879030043051129,-0.008,-0.0125919567696589));
#4664=CARTESIAN_POINT('',(0.000866268016436989,-0.008,-0.012656680171));
#4665=CARTESIAN_POINT('',(0.000851173130018825,-0.008,-0.0127259099017561));
#4666=CARTESIAN_POINT('',(0.000833560455089639,-0.008,-0.0127995766221129));
#4667=CARTESIAN_POINT('',(0.000813246941875845,-0.008,-0.0128776054146586));
#4668=CARTESIAN_POINT('',(0.000790051565718494,-0.008,-0.0129599158243948));
#4669=CARTESIAN_POINT('',(0.000763795485065609,-0.008,-0.0130464219101808));
#4670=CARTESIAN_POINT('',(0.000734302150200278,-0.008,-0.0131370323089081));
#4671=CARTESIAN_POINT('',(0.000701397596186173,-0.008,-0.0132316502580662));
#4672=CARTESIAN_POINT('',(0.000664910015444888,-0.008,-0.0133301738007263));
#4673=CARTESIAN_POINT('',(0.000624672109438699,-0.008,-0.0134324953019937));
#4674=CARTESIAN_POINT('',(0.000580512700883502,-0.008,-0.0135385036421715));
#4675=CARTESIAN_POINT('',(0.000532289748270604,-0.008,-0.0136480761061117));
#4676=CARTESIAN_POINT('',(0.000479763926259355,-0.008,-0.0137611099660785));
#4677=CARTESIAN_POINT('',(0.00042325721247212,-0.008,-0.0138770488108143));
#4678=CARTESIAN_POINT('',(0.000382390777651154,-0.008,-0.0139557716316124));
#4679=CARTESIAN_POINT('',(0.000361853448429073,-0.008,-0.0139953228645094));
#4680=CARTESIAN_POINT('',(0.000912244446451167,-0.008,-0.0120857764839507));
#4681=CARTESIAN_POINT('',(0.00128734766616158,-0.008,-0.0120576298632577));
#4682=CARTESIAN_POINT('',(0.00124741368051439,-0.008,-0.0116835978666533));
#4683=CARTESIAN_POINT('',(1.77839973146573E-17,-0.008,-1.58607362037478E-16));
#4684=CARTESIAN_POINT('',(0.00158490187868605,-0.008,-0.0116426193803172));
#4685=CARTESIAN_POINT('',(0.00163564001781688,-0.008,-0.0120153395151786));
#4686=CARTESIAN_POINT('',(0.00200657934691347,-0.008,-0.0119529001700272));
#4687=CARTESIAN_POINT('',(0.0019455099076844,-0.008,-0.0115878164983357));
#4688=CARTESIAN_POINT('',(0.00198143243310705,-0.008,-0.0118030078823635));
#4689=CARTESIAN_POINT('',(0.00202184834053105,-0.008,-0.012045116557992));
#4690=CARTESIAN_POINT('',(0.00202439090797483,-0.008,-0.0120562164208203));
#4691=CARTESIAN_POINT('',(0.00202729583347847,-0.008,-0.0120697582742444));
#4692=CARTESIAN_POINT('',(0.00203119946669375,-0.008,-0.0120858126660175));
#4693=CARTESIAN_POINT('',(0.00203680652212956,-0.008,-0.0121072650698286));
#4694=CARTESIAN_POINT('',(0.00204412894517084,-0.008,-0.0121330627398626));
#4695=CARTESIAN_POINT('',(0.00205340734487088,-0.008,-0.0121634578852062));
#4696=CARTESIAN_POINT('',(0.00206480770684916,-0.008,-0.0121982832753562));
#4697=CARTESIAN_POINT('',(0.00207851637304386,-0.008,-0.0122374934951582));
#4698=CARTESIAN_POINT('',(0.00209471080632438,-0.008,-0.0122809995288011));
#4699=CARTESIAN_POINT('',(0.0021135681438479,-0.008,-0.0123287183101148));
#4700=CARTESIAN_POINT('',(0.00213526247978281,-0.008,-0.0123805581476099));
#4701=CARTESIAN_POINT('',(0.00215996547143894,-0.008,-0.0124364230495644));
#4702=CARTESIAN_POINT('',(0.00218784598054062,-0.008,-0.0124962115536157));
#4703=CARTESIAN_POINT('',(0.00221906999599765,-0.008,-0.0125598171514454));
#4704=CARTESIAN_POINT('',(0.0022538004787212,-0.008,-0.0126271282617919));
#4705=CARTESIAN_POINT('',(0.00229219723048095,-0.008,-0.012698028337529));
#4706=CARTESIAN_POINT('',(0.00233441676154685,-0.008,-0.0127723959394979));
#4707=CARTESIAN_POINT('',(0.00238061214959925,-0.008,-0.0128501048242664));
#4708=CARTESIAN_POINT('',(0.00243093294951811,-0.008,-0.0129310240324589));
#4709=CARTESIAN_POINT('',(0.00248552491435046,-0.008,-0.0130150179807737));
#4710=CARTESIAN_POINT('',(0.00254453045936854,-0.008,-0.0131019465587199));
#4711=CARTESIAN_POINT('',(0.00260808626300232,-0.008,-0.0131916652219169));
#4712=CARTESIAN_POINT('',(0.00267633193575103,-0.008,-0.0132840251141985));
#4713=CARTESIAN_POINT('',(0.00274937602399812,-0.008,-0.013378873093538));
#4714=CARTESIAN_POINT('',(0.00282742631436847,-0.008,-0.013476052142978));
#4715=CARTESIAN_POINT('',(0.0029100370273945,-0.008,-0.0135750990738493));
#4716=CARTESIAN_POINT('',(0.00296855556204519,-0.008,-0.0136417543745517));
#4717=CARTESIAN_POINT('',(0.00299796134337929,-0.008,-0.0136752414159167));
#4718=CARTESIAN_POINT('',(0.00366246336944052,-0.008,-0.0111646254781567));
#4719=CARTESIAN_POINT('',(0.00373065997543021,-0.008,-0.011371862015775));
#4720=CARTESIAN_POINT('',(0.00380738697838678,-0.008,-0.0116050208101723));
#4721=CARTESIAN_POINT('',(0.00381029401018588,-0.008,-0.0116160308406051));
#4722=CARTESIAN_POINT('',(0.00381401503947323,-0.008,-0.0116293715425126));
#4723=CARTESIAN_POINT('',(0.00381801939179084,-0.008,-0.0116454011092566));
#4724=CARTESIAN_POINT('',(0.00382302401991606,-0.008,-0.0116670019980638));
#4725=CARTESIAN_POINT('',(0.00382852911136134,-0.008,-0.0116932476001061));
#4726=CARTESIAN_POINT('',(0.00383443882479733,-0.008,-0.0117244730520412));
#4727=CARTESIAN_POINT('',(0.00384052847136719,-0.008,-0.0117606074159763));
#4728=CARTESIAN_POINT('',(0.00384661194800435,-0.008,-0.0118016970762056));
#4729=CARTESIAN_POINT('',(0.00385249075143164,-0.008,-0.0118477456842506));
#4730=CARTESIAN_POINT('',(0.00385796943171185,-0.008,-0.0118987620084119));
#4731=CARTESIAN_POINT('',(0.00386285122495467,-0.008,-0.0119547457655018));
#4732=CARTESIAN_POINT('',(0.0038669395265833,-0.008,-0.0120156917322014));
#4733=CARTESIAN_POINT('',(0.00387003766505543,-0.008,-0.0120815885420064));
#4734=CARTESIAN_POINT('',(0.00387194916760708,-0.008,-0.0121524190253771));
#4735=CARTESIAN_POINT('',(0.00387247788511967,-0.008,-0.0122281601137246));
#4736=CARTESIAN_POINT('',(0.00387142815800319,-0.008,-0.0123087828732793));
#4737=CARTESIAN_POINT('',(0.00386860496770489,-0.008,-0.0123942525089552));
#4738=CARTESIAN_POINT('',(0.0038638141024221,-0.008,-0.0124845283764897));
#4739=CARTESIAN_POINT('',(0.00385686227802877,-0.008,-0.012579564018733));
#4740=CARTESIAN_POINT('',(0.00384755742790903,-0.008,-0.0126793071174517));
#4741=CARTESIAN_POINT('',(0.00383570833701026,-0.008,-0.0127836997946447));
#4742=CARTESIAN_POINT('',(0.0038211268094699,-0.008,-0.0128926775802524));
#4743=CARTESIAN_POINT('',(0.00380362004942053,-0.008,-0.0130061735489199));
#4744=CARTESIAN_POINT('',(0.00378302077516438,-0.008,-0.0131241025441363));
#4745=CARTESIAN_POINT('',(0.00375907203136393,-0.008,-0.01324642209755));
#4746=CARTESIAN_POINT('',(0.00373195328162726,-0.008,-0.0133725149119148));
#4747=CARTESIAN_POINT('',(0.00371111395528436,-0.008,-0.0134587301686097));
#4748=CARTESIAN_POINT('',(0.00370063863309853,-0.008,-0.0135020470191456));
#4749=CARTESIAN_POINT('',(0.00377805190846172,-0.008,-0.011516271398637));
#4750=CARTESIAN_POINT('',(0.00413551938310113,-0.008,-0.0113991745913856));
#4751=CARTESIAN_POINT('',(0.0040072340907676,-0.008,-0.0110455681131298));
#4752=CARTESIAN_POINT('',(5.52244528806899E-17,-0.008,-1.49742531222776E-16));
#4753=CARTESIAN_POINT('',(0.0043251087015812,-0.008,-0.0109250141747966));
#4754=CARTESIAN_POINT('',(0.00446357024926942,-0.008,-0.0112747613084594));
#4755=CARTESIAN_POINT('',(0.00480878804225467,-0.008,-0.0111253647452461));
#4756=CARTESIAN_POINT('',(0.00466212292852903,-0.008,-0.0107855046149582));
#4757=CARTESIAN_POINT('',(0.00474850027966699,-0.008,-0.0109858461054261));
#4758=CARTESIAN_POINT('',(0.00484568217281199,-0.008,-0.0112112473832225));
#4759=CARTESIAN_POINT('',(0.00485080722891304,-0.008,-0.0112214162279934));
#4760=CARTESIAN_POINT('',(0.00485686852020891,-0.008,-0.0112338693855917));
#4761=CARTESIAN_POINT('',(0.00486450078836944,-0.008,-0.0112485230653415));
#4762=CARTESIAN_POINT('',(0.00487507880923329,-0.008,-0.0112680102450896));
#4763=CARTESIAN_POINT('',(0.00488836224251022,-0.008,-0.0112913059111835));
#4764=CARTESIAN_POINT('',(0.00490464506317679,-0.008,-0.0113185973624566));
#4765=CARTESIAN_POINT('',(0.00492404841273313,-0.008,-0.0113496825048615));
#4766=CARTESIAN_POINT('',(0.00494674234980146,-0.008,-0.0113844726483808));
#4767=CARTESIAN_POINT('',(0.0049728778776248,-0.008,-0.0114228388941967));
#4768=CARTESIAN_POINT('',(0.00500260710704079,-0.008,-0.0114646581981947));
#4769=CARTESIAN_POINT('',(0.00503607713014798,-0.008,-0.0115097998698117));
#4770=CARTESIAN_POINT('',(0.00507343164388406,-0.008,-0.0115581296263877));
#4771=CARTESIAN_POINT('',(0.00511481032162582,-0.008,-0.0116095085426162));
#4772=CARTESIAN_POINT('',(0.00516034883983801,-0.008,-0.0116637934813705));
#4773=CARTESIAN_POINT('',(0.00521017872094019,-0.008,-0.0117208371046393));
#4774=CARTESIAN_POINT('',(0.00526442723160014,-0.008,-0.0117804880088773));
#4775=CARTESIAN_POINT('',(0.00532321727189079,-0.008,-0.0118425908283676));
#4776=CARTESIAN_POINT('',(0.0053866672593025,-0.008,-0.0119069863541961));
#4777=CARTESIAN_POINT('',(0.00545489106229228,-0.008,-0.0119735116416032));
#4778=CARTESIAN_POINT('',(0.00552799775138054,-0.008,-0.0120420001661041));
#4779=CARTESIAN_POINT('',(0.00560609207287539,-0.008,-0.0121122818063588));
#4780=CARTESIAN_POINT('',(0.00568927214184552,-0.008,-0.0121841835088944));
#4781=CARTESIAN_POINT('',(0.00577763788835051,-0.008,-0.0122575273320549));
#4782=CARTESIAN_POINT('',(0.00587125805532733,-0.008,-0.0123321386069929));
#4783=CARTESIAN_POINT('',(0.00597029681488172,-0.008,-0.0124078151527841));
#4784=CARTESIAN_POINT('',(0.0060742104927832,-0.008,-0.0124842139221897));
#4785=CARTESIAN_POINT('',(0.00614698024273592,-0.008,-0.0125349279390017));
#4786=CARTESIAN_POINT('',(0.00618354551905657,-0.008,-0.0125604046437109));
#4787=CARTESIAN_POINT('',(0.0062279086030078,-0.008,-0.00996371689845619));
#4788=CARTESIAN_POINT('',(0.00634371848923449,-0.008,-0.0101486110028638));
#4789=CARTESIAN_POINT('',(0.00647401449669646,-0.008,-0.0103566326527634));
#4790=CARTESIAN_POINT('',(0.00647947192818167,-0.008,-0.0103666270534757));
#4791=CARTESIAN_POINT('',(0.00648627747005967,-0.008,-0.0103786895982358));
#4792=CARTESIAN_POINT('',(0.00649400158959014,-0.008,-0.0103932950706678));
#4793=CARTESIAN_POINT('',(0.00650403022337167,-0.008,-0.010413070591));
#4794=CARTESIAN_POINT('',(0.006515656330552,-0.008,-0.0104372360889301));
#4795=CARTESIAN_POINT('',(0.00652886705822856,-0.008,-0.0104661398989853));
#4796=CARTESIAN_POINT('',(0.0065434272700453,-0.008,-0.0104997669161618));
#4797=CARTESIAN_POINT('',(0.00655916737124079,-0.008,-0.0105382067142897));
#4798=CARTESIAN_POINT('',(0.00657589550054856,-0.008,-0.0105815103437274));
#4799=CARTESIAN_POINT('',(0.0065934239858431,-0.008,-0.0106297330922163));
#4800=CARTESIAN_POINT('',(0.00661156171306388,-0.008,-0.0106829217734787));
#4801=CARTESIAN_POINT('',(0.00663011654058372,-0.008,-0.0107411183665307));
#4802=CARTESIAN_POINT('',(0.00664889479159541,-0.008,-0.0108043589017388));
#4803=CARTESIAN_POINT('',(0.00666770159353658,-0.008,-0.010872673727489));
#4804=CARTESIAN_POINT('',(0.00668634097635092,-0.008,-0.0109460873870803));
#4805=CARTESIAN_POINT('',(0.00670461604165618,-0.008,-0.0110246186119104));
#4806=CARTESIAN_POINT('',(0.0067223291107752,-0.008,-0.0111082802889699));
#4807=CARTESIAN_POINT('',(0.00673928188853864,-0.008,-0.0111970794329713));
#4808=CARTESIAN_POINT('',(0.00675527558938219,-0.008,-0.0112910171926439));
#4809=CARTESIAN_POINT('',(0.00677011120722402,-0.008,-0.011390088734577));
#4810=CARTESIAN_POINT('',(0.00678358923226111,-0.008,-0.0114942836233564));
#4811=CARTESIAN_POINT('',(0.00679551150856554,-0.008,-0.0116035843005231));
#4812=CARTESIAN_POINT('',(0.00680567482628157,-0.008,-0.0117179719245224));
#4813=CARTESIAN_POINT('',(0.00681389638532663,-0.008,-0.0118374038464675));
#4814=CARTESIAN_POINT('',(0.00681991653367652,-0.008,-0.0119619003254972));
#4815=CARTESIAN_POINT('',(0.00682376179115246,-0.008,-0.0120908190534488));
#4816=CARTESIAN_POINT('',(0.00682416067918681,-0.008,-0.012179516228701));
#4817=CARTESIAN_POINT('',(0.00682435615168643,-0.008,-0.0122240812789731));
#4818=CARTESIAN_POINT('',(0.00642429272621241,-0.008,-0.0102774824795779));
#4819=CARTESIAN_POINT('',(0.00674334974549618,-0.008,-0.0100782407265759));
#4820=CARTESIAN_POINT('',(0.00653416862136866,-0.008,-0.0097656100898777));
#4821=CARTESIAN_POINT('',(8.94554639780155E-17,-0.008,-1.3217520878536E-16));
#4822=CARTESIAN_POINT('',(0.00681395592787092,-0.008,-0.00957248685624758));
#4823=CARTESIAN_POINT('',(0.00703209400225213,-0.008,-0.0098789349565824));
#4824=CARTESIAN_POINT('',(0.00733152745581336,-0.008,-0.00965126356052672));
#4825=CARTESIAN_POINT('',(0.00710779031089488,-0.008,-0.00935637840707337));
#4826=CARTESIAN_POINT('',(0.00723960255006891,-0.008,-0.00953022688476715));
#4827=CARTESIAN_POINT('',(0.00738790257054713,-0.008,-0.00972582126176622));
#4828=CARTESIAN_POINT('',(0.00739531226567368,-0.008,-0.00973446811218387));
#4829=CARTESIAN_POINT('',(0.00740417766254356,-0.008,-0.00974510884170218));
#4830=CARTESIAN_POINT('',(0.00741509500596601,-0.008,-0.00975751019082557));
#4831=CARTESIAN_POINT('',(0.00743002923613484,-0.008,-0.00977389962245684));
#4832=CARTESIAN_POINT('',(0.00744850169478868,-0.008,-0.0097933394251735));
#4833=CARTESIAN_POINT('',(0.0074708426380703,-0.008,-0.0098159411024285));
#4834=CARTESIAN_POINT('',(0.00749712132305677,-0.008,-0.00984147944160153));
#4835=CARTESIAN_POINT('',(0.00752748164186545,-0.008,-0.00986982763215392));
#4836=CARTESIAN_POINT('',(0.00756203936235328,-0.008,-0.0099008243833917));
#4837=CARTESIAN_POINT('',(0.00760091272890944,-0.008,-0.00993431382413255));
#4838=CARTESIAN_POINT('',(0.0076442132831045,-0.008,-0.00997013386000038));
#4839=CARTESIAN_POINT('',(0.00769204841036031,-0.008,-0.0100081197214171));
#4840=CARTESIAN_POINT('',(0.00774452047839717,-0.008,-0.0100481030939663));
#4841=CARTESIAN_POINT('',(0.00780172696621182,-0.008,-0.0100899125303227));
#4842=CARTESIAN_POINT('',(0.00786376031412723,-0.008,-0.0101333734984745));
#4843=CARTESIAN_POINT('',(0.00793070785743312,-0.008,-0.0101783085374812));
#4844=CARTESIAN_POINT('',(0.00800265174349993,-0.008,-0.0102245373843588));
#4845=CARTESIAN_POINT('',(0.00807966884763391,-0.008,-0.0102718771173543));
#4846=CARTESIAN_POINT('',(0.00816183073424828,-0.008,-0.0103201422760814));
#4847=CARTESIAN_POINT('',(0.00824920345255464,-0.008,-0.0103691450726702));
#4848=CARTESIAN_POINT('',(0.00834184799242229,-0.008,-0.0104186952617652));
#4849=CARTESIAN_POINT('',(0.00843981820346746,-0.008,-0.01046860133804));
#4850=CARTESIAN_POINT('',(0.00854316852773829,-0.008,-0.0105186666156713));
#4851=CARTESIAN_POINT('',(0.0086519239096356,-0.008,-0.0105687050501093));
#4852=CARTESIAN_POINT('',(0.00876619536565998,-0.008,-0.0106184810464834));
#4853=CARTESIAN_POINT('',(0.00888537292318812,-0.008,-0.0106677916356436));
#4854=CARTESIAN_POINT('',(0.00896816477508291,-0.008,-0.010699617054246));
#4855=CARTESIAN_POINT('',(0.00900976450543973,-0.008,-0.0107156028088259));
#4856=CARTESIAN_POINT('',(0.0298856314537795,-0.008,-0.0071444392755978));
#4857=CARTESIAN_POINT('',(0.0505233067157941,-0.008,-0.00497254424205766));
#4858=CARTESIAN_POINT('',(0.05,-0.008,-4.64128988497334E-9));
#4859=CARTESIAN_POINT('',(0.,-0.008,1.53080849893419E-19));
#4860=CARTESIAN_POINT('',(0.,-0.008,-0.0025));
#4861=CARTESIAN_POINT('',(0.05,-0.008,-4.64128977251834E-9));
#4862=CARTESIAN_POINT('',(0.05,-0.008,-0.00215000464128977));
#4863=CARTESIAN_POINT('',(0.,-0.008,1.53080849893419E-19));
#4864=CARTESIAN_POINT('',(0.,0.,1.53080849893419E-19));
#4865=CARTESIAN_POINT('',(0.,0.,-0.0025));
#4866=CARTESIAN_POINT('',(0.,0.,0.));
#4867=CARTESIAN_POINT('',(0.0298856314537795,0.,-0.0071444392755978));
#4868=CARTESIAN_POINT('',(0.0505233067157941,0.,-0.00497254424205766));
#4869=CARTESIAN_POINT('',(0.00710779031089488,0.,-0.00935637840707337));
#4870=CARTESIAN_POINT('',(0.00723960255006891,0.,-0.00953022688476715));
#4871=CARTESIAN_POINT('',(0.00738790257054713,0.,-0.00972582126176622));
#4872=CARTESIAN_POINT('',(0.00739531226567368,0.,-0.00973446811218387));
#4873=CARTESIAN_POINT('',(0.00740417766254356,0.,-0.00974510884170218));
#4874=CARTESIAN_POINT('',(0.00741509500596601,0.,-0.00975751019082557));
#4875=CARTESIAN_POINT('',(0.00743002923613484,0.,-0.00977389962245684));
#4876=CARTESIAN_POINT('',(0.00744850169478868,0.,-0.0097933394251735));
#4877=CARTESIAN_POINT('',(0.0074708426380703,0.,-0.0098159411024285));
#4878=CARTESIAN_POINT('',(0.00749712132305677,0.,-0.00984147944160153));
#4879=CARTESIAN_POINT('',(0.00752748164186545,0.,-0.00986982763215392));
#4880=CARTESIAN_POINT('',(0.00756203936235328,0.,-0.0099008243833917));
#4881=CARTESIAN_POINT('',(0.00760091272890944,0.,-0.00993431382413255));
#4882=CARTESIAN_POINT('',(0.0076442132831045,0.,-0.00997013386000038));
#4883=CARTESIAN_POINT('',(0.00769204841036031,0.,-0.0100081197214171));
#4884=CARTESIAN_POINT('',(0.00774452047839717,0.,-0.0100481030939663));
#4885=CARTESIAN_POINT('',(0.00780172696621182,0.,-0.0100899125303227));
#4886=CARTESIAN_POINT('',(0.00786376031412723,0.,-0.0101333734984745));
#4887=CARTESIAN_POINT('',(0.00793070785743312,0.,-0.0101783085374812));
#4888=CARTESIAN_POINT('',(0.00800265174349993,0.,-0.0102245373843588));
#4889=CARTESIAN_POINT('',(0.00807966884763391,0.,-0.0102718771173543));
#4890=CARTESIAN_POINT('',(0.00816183073424828,0.,-0.0103201422760814));
#4891=CARTESIAN_POINT('',(0.00824920345255464,0.,-0.0103691450726702));
#4892=CARTESIAN_POINT('',(0.00834184799242229,0.,-0.0104186952617652));
#4893=CARTESIAN_POINT('',(0.00843981820346746,0.,-0.01046860133804));
#4894=CARTESIAN_POINT('',(0.00854316852773829,0.,-0.0105186666156713));
#4895=CARTESIAN_POINT('',(0.0086519239096356,0.,-0.0105687050501093));
#4896=CARTESIAN_POINT('',(0.00876619536565998,0.,-0.0106184810464834));
#4897=CARTESIAN_POINT('',(0.00888537292318812,0.,-0.0106677916356436));
#4898=CARTESIAN_POINT('',(0.00896816477508291,0.,-0.010699617054246));
#4899=CARTESIAN_POINT('',(0.00900976450543973,0.,-0.0107156028088259));
#4900=CARTESIAN_POINT('',(0.00733152745581336,0.,-0.00965126356052672));
#4901=CARTESIAN_POINT('',(0.00703209400225213,0.,-0.0098789349565824));
#4902=CARTESIAN_POINT('',(0.00681395592787093,0.,-0.00957248685624759));
#4903=CARTESIAN_POINT('',(8.94554639780155E-17,0.,-1.3217520878536E-16));
#4904=CARTESIAN_POINT('',(0.00653416862136866,0.,-0.0097656100898777));
#4905=CARTESIAN_POINT('',(0.00674334974549618,0.,-0.0100782407265759));
#4906=CARTESIAN_POINT('',(0.00642429272621241,0.,-0.0102774824795779));
#4907=CARTESIAN_POINT('',(0.0062279086030078,0.,-0.00996371689845619));
#4908=CARTESIAN_POINT('',(0.00634371848923449,0.,-0.0101486110028638));
#4909=CARTESIAN_POINT('',(0.00647401449669646,0.,-0.0103566326527634));
#4910=CARTESIAN_POINT('',(0.00647947192818167,0.,-0.0103666270534757));
#4911=CARTESIAN_POINT('',(0.00648627747005967,0.,-0.0103786895982358));
#4912=CARTESIAN_POINT('',(0.00649400158959014,0.,-0.0103932950706678));
#4913=CARTESIAN_POINT('',(0.00650403022337167,0.,-0.010413070591));
#4914=CARTESIAN_POINT('',(0.006515656330552,0.,-0.0104372360889301));
#4915=CARTESIAN_POINT('',(0.00652886705822856,0.,-0.0104661398989853));
#4916=CARTESIAN_POINT('',(0.0065434272700453,0.,-0.0104997669161618));
#4917=CARTESIAN_POINT('',(0.00655916737124079,0.,-0.0105382067142897));
#4918=CARTESIAN_POINT('',(0.00657589550054856,0.,-0.0105815103437274));
#4919=CARTESIAN_POINT('',(0.0065934239858431,0.,-0.0106297330922163));
#4920=CARTESIAN_POINT('',(0.00661156171306388,0.,-0.0106829217734787));
#4921=CARTESIAN_POINT('',(0.00663011654058372,0.,-0.0107411183665307));
#4922=CARTESIAN_POINT('',(0.00664889479159541,0.,-0.0108043589017388));
#4923=CARTESIAN_POINT('',(0.00666770159353658,0.,-0.010872673727489));
#4924=CARTESIAN_POINT('',(0.00668634097635092,0.,-0.0109460873870803));
#4925=CARTESIAN_POINT('',(0.00670461604165618,0.,-0.0110246186119104));
#4926=CARTESIAN_POINT('',(0.0067223291107752,0.,-0.0111082802889699));
#4927=CARTESIAN_POINT('',(0.00673928188853864,0.,-0.0111970794329713));
#4928=CARTESIAN_POINT('',(0.00675527558938219,0.,-0.0112910171926439));
#4929=CARTESIAN_POINT('',(0.00677011120722402,0.,-0.011390088734577));
#4930=CARTESIAN_POINT('',(0.00678358923226111,0.,-0.0114942836233564));
#4931=CARTESIAN_POINT('',(0.00679551150856554,0.,-0.0116035843005231));
#4932=CARTESIAN_POINT('',(0.00680567482628157,0.,-0.0117179719245224));
#4933=CARTESIAN_POINT('',(0.00681389638532663,0.,-0.0118374038464675));
#4934=CARTESIAN_POINT('',(0.00681991653367652,0.,-0.0119619003254972));
#4935=CARTESIAN_POINT('',(0.00682376179115246,0.,-0.0120908190534488));
#4936=CARTESIAN_POINT('',(0.00682416067918681,0.,-0.012179516228701));
#4937=CARTESIAN_POINT('',(0.00682435615168643,0.,-0.0122240812789731));
#4938=CARTESIAN_POINT('',(0.00466212292852903,0.,-0.0107855046149582));
#4939=CARTESIAN_POINT('',(0.00474850027966699,0.,-0.0109858461054261));
#4940=CARTESIAN_POINT('',(0.00484568217281199,0.,-0.0112112473832225));
#4941=CARTESIAN_POINT('',(0.00485080722891304,0.,-0.0112214162279934));
#4942=CARTESIAN_POINT('',(0.00485686852020891,0.,-0.0112338693855917));
#4943=CARTESIAN_POINT('',(0.00486450078836944,0.,-0.0112485230653415));
#4944=CARTESIAN_POINT('',(0.00487507880923329,0.,-0.0112680102450896));
#4945=CARTESIAN_POINT('',(0.00488836224251022,0.,-0.0112913059111835));
#4946=CARTESIAN_POINT('',(0.00490464506317679,0.,-0.0113185973624566));
#4947=CARTESIAN_POINT('',(0.00492404841273313,0.,-0.0113496825048615));
#4948=CARTESIAN_POINT('',(0.00494674234980146,0.,-0.0113844726483808));
#4949=CARTESIAN_POINT('',(0.0049728778776248,0.,-0.0114228388941967));
#4950=CARTESIAN_POINT('',(0.00500260710704079,0.,-0.0114646581981947));
#4951=CARTESIAN_POINT('',(0.00503607713014798,0.,-0.0115097998698117));
#4952=CARTESIAN_POINT('',(0.00507343164388406,0.,-0.0115581296263877));
#4953=CARTESIAN_POINT('',(0.00511481032162582,0.,-0.0116095085426162));
#4954=CARTESIAN_POINT('',(0.00516034883983801,0.,-0.0116637934813705));
#4955=CARTESIAN_POINT('',(0.00521017872094019,0.,-0.0117208371046393));
#4956=CARTESIAN_POINT('',(0.00526442723160014,0.,-0.0117804880088773));
#4957=CARTESIAN_POINT('',(0.00532321727189079,0.,-0.0118425908283676));
#4958=CARTESIAN_POINT('',(0.0053866672593025,0.,-0.0119069863541961));
#4959=CARTESIAN_POINT('',(0.00545489106229228,0.,-0.0119735116416032));
#4960=CARTESIAN_POINT('',(0.00552799775138054,0.,-0.0120420001661041));
#4961=CARTESIAN_POINT('',(0.00560609207287539,0.,-0.0121122818063588));
#4962=CARTESIAN_POINT('',(0.00568927214184552,0.,-0.0121841835088944));
#4963=CARTESIAN_POINT('',(0.00577763788835051,0.,-0.0122575273320549));
#4964=CARTESIAN_POINT('',(0.00587125805532733,0.,-0.0123321386069929));
#4965=CARTESIAN_POINT('',(0.00597029681488172,0.,-0.0124078151527841));
#4966=CARTESIAN_POINT('',(0.0060742104927832,0.,-0.0124842139221897));
#4967=CARTESIAN_POINT('',(0.00614698024273592,0.,-0.0125349279390017));
#4968=CARTESIAN_POINT('',(0.00618354551905657,0.,-0.0125604046437109));
#4969=CARTESIAN_POINT('',(0.00480878804225467,0.,-0.0111253647452461));
#4970=CARTESIAN_POINT('',(0.00446357024926942,0.,-0.0112747613084594));
#4971=CARTESIAN_POINT('',(0.0043251087015812,0.,-0.0109250141747966));
#4972=CARTESIAN_POINT('',(5.52244528806899E-17,0.,-1.49742531222776E-16));
#4973=CARTESIAN_POINT('',(0.0040072340907676,0.,-0.0110455681131298));
#4974=CARTESIAN_POINT('',(0.00413551938310113,0.,-0.0113991745913856));
#4975=CARTESIAN_POINT('',(0.00377805190846172,0.,-0.011516271398637));
#4976=CARTESIAN_POINT('',(0.00366246336944052,0.,-0.0111646254781567));
#4977=CARTESIAN_POINT('',(0.00373065997543021,0.,-0.011371862015775));
#4978=CARTESIAN_POINT('',(0.00380738697838678,0.,-0.0116050208101723));
#4979=CARTESIAN_POINT('',(0.00381029401018588,0.,-0.0116160308406051));
#4980=CARTESIAN_POINT('',(0.00381401503947323,0.,-0.0116293715425126));
#4981=CARTESIAN_POINT('',(0.00381801939179084,0.,-0.0116454011092566));
#4982=CARTESIAN_POINT('',(0.00382302401991606,0.,-0.0116670019980638));
#4983=CARTESIAN_POINT('',(0.00382852911136134,0.,-0.0116932476001061));
#4984=CARTESIAN_POINT('',(0.00383443882479733,0.,-0.0117244730520412));
#4985=CARTESIAN_POINT('',(0.00384052847136719,0.,-0.0117606074159763));
#4986=CARTESIAN_POINT('',(0.00384661194800435,0.,-0.0118016970762056));
#4987=CARTESIAN_POINT('',(0.00385249075143164,0.,-0.0118477456842506));
#4988=CARTESIAN_POINT('',(0.00385796943171185,0.,-0.0118987620084119));
#4989=CARTESIAN_POINT('',(0.00386285122495467,0.,-0.0119547457655018));
#4990=CARTESIAN_POINT('',(0.0038669395265833,0.,-0.0120156917322014));
#4991=CARTESIAN_POINT('',(0.00387003766505543,0.,-0.0120815885420064));
#4992=CARTESIAN_POINT('',(0.00387194916760708,0.,-0.0121524190253771));
#4993=CARTESIAN_POINT('',(0.00387247788511967,0.,-0.0122281601137246));
#4994=CARTESIAN_POINT('',(0.00387142815800319,0.,-0.0123087828732793));
#4995=CARTESIAN_POINT('',(0.00386860496770489,0.,-0.0123942525089552));
#4996=CARTESIAN_POINT('',(0.0038638141024221,0.,-0.0124845283764897));
#4997=CARTESIAN_POINT('',(0.00385686227802877,0.,-0.012579564018733));
#4998=CARTESIAN_POINT('',(0.00384755742790903,0.,-0.0126793071174517));
#4999=CARTESIAN_POINT('',(0.00383570833701026,0.,-0.0127836997946447));
#5000=CARTESIAN_POINT('',(0.0038211268094699,0.,-0.0128926775802524));
#5001=CARTESIAN_POINT('',(0.00380362004942053,0.,-0.0130061735489199));
#5002=CARTESIAN_POINT('',(0.00378302077516438,0.,-0.0131241025441363));
#5003=CARTESIAN_POINT('',(0.00375907203136393,0.,-0.01324642209755));
#5004=CARTESIAN_POINT('',(0.00373195328162726,0.,-0.0133725149119148));
#5005=CARTESIAN_POINT('',(0.00371111395528436,0.,-0.0134587301686097));
#5006=CARTESIAN_POINT('',(0.00370063863309853,0.,-0.0135020470191456));
#5007=CARTESIAN_POINT('',(0.0019455099076844,0.,-0.0115878164983357));
#5008=CARTESIAN_POINT('',(0.00198143243310705,0.,-0.0118030078823635));
#5009=CARTESIAN_POINT('',(0.00202184834053105,0.,-0.012045116557992));
#5010=CARTESIAN_POINT('',(0.00202439090797483,0.,-0.0120562164208203));
#5011=CARTESIAN_POINT('',(0.00202729583347847,0.,-0.0120697582742444));
#5012=CARTESIAN_POINT('',(0.00203119946669375,0.,-0.0120858126660175));
#5013=CARTESIAN_POINT('',(0.00203680652212956,0.,-0.0121072650698286));
#5014=CARTESIAN_POINT('',(0.00204412894517084,0.,-0.0121330627398626));
#5015=CARTESIAN_POINT('',(0.00205340734487088,0.,-0.0121634578852062));
#5016=CARTESIAN_POINT('',(0.00206480770684916,0.,-0.0121982832753562));
#5017=CARTESIAN_POINT('',(0.00207851637304386,0.,-0.0122374934951582));
#5018=CARTESIAN_POINT('',(0.00209471080632438,0.,-0.0122809995288011));
#5019=CARTESIAN_POINT('',(0.0021135681438479,0.,-0.0123287183101148));
#5020=CARTESIAN_POINT('',(0.00213526247978281,0.,-0.0123805581476099));
#5021=CARTESIAN_POINT('',(0.00215996547143894,0.,-0.0124364230495644));
#5022=CARTESIAN_POINT('',(0.00218784598054062,0.,-0.0124962115536157));
#5023=CARTESIAN_POINT('',(0.00221906999599765,0.,-0.0125598171514454));
#5024=CARTESIAN_POINT('',(0.0022538004787212,0.,-0.0126271282617919));
#5025=CARTESIAN_POINT('',(0.00229219723048095,0.,-0.012698028337529));
#5026=CARTESIAN_POINT('',(0.00233441676154685,0.,-0.0127723959394979));
#5027=CARTESIAN_POINT('',(0.00238061214959925,0.,-0.0128501048242664));
#5028=CARTESIAN_POINT('',(0.00243093294951811,0.,-0.0129310240324589));
#5029=CARTESIAN_POINT('',(0.00248552491435046,0.,-0.0130150179807737));
#5030=CARTESIAN_POINT('',(0.00254453045936854,0.,-0.0131019465587199));
#5031=CARTESIAN_POINT('',(0.00260808626300232,0.,-0.0131916652219169));
#5032=CARTESIAN_POINT('',(0.00267633193575103,0.,-0.0132840251141985));
#5033=CARTESIAN_POINT('',(0.00274937602399812,0.,-0.013378873093538));
#5034=CARTESIAN_POINT('',(0.00282742631436847,0.,-0.013476052142978));
#5035=CARTESIAN_POINT('',(0.0029100370273945,0.,-0.0135750990738493));
#5036=CARTESIAN_POINT('',(0.00296855556204519,0.,-0.0136417543745517));
#5037=CARTESIAN_POINT('',(0.00299796134337929,0.,-0.0136752414159167));
#5038=CARTESIAN_POINT('',(0.00200657934691347,0.,-0.0119529001700272));
#5039=CARTESIAN_POINT('',(0.00163564001781688,0.,-0.0120153395151786));
#5040=CARTESIAN_POINT('',(0.00158490187868605,0.,-0.0116426193803172));
#5041=CARTESIAN_POINT('',(1.77839973146573E-17,0.,-1.58607362037478E-16));
#5042=CARTESIAN_POINT('',(0.00124741368051439,0.,-0.0116835978666533));
#5043=CARTESIAN_POINT('',(0.00128734766616158,0.,-0.0120576298632577));
#5044=CARTESIAN_POINT('',(0.000912244446451167,0.,-0.0120857764839507));
#5045=CARTESIAN_POINT('',(0.000884169077354041,0.,-0.0117166866068292));
#5046=CARTESIAN_POINT('',(0.000900789064251198,0.,-0.0119342217433659));
#5047=CARTESIAN_POINT('',(0.000919487968181827,0.,-0.0121789673406283));
#5048=CARTESIAN_POINT('',(0.000919675654173294,0.,-0.0121903531378328));
#5049=CARTESIAN_POINT('',(0.000920095918173184,0.,-0.0122041966837843));
#5050=CARTESIAN_POINT('',(0.000920147784876487,0.,-0.0122207187646862));
#5051=CARTESIAN_POINT('',(0.00091983755654984,0.,-0.012242889656827));
#5052=CARTESIAN_POINT('',(0.000918901696355438,0.,-0.0122696900639895));
#5053=CARTESIAN_POINT('',(0.000917166944486904,0.,-0.0123014224480381));
#5054=CARTESIAN_POINT('',(0.000914432117686203,0.,-0.0123379641608428));
#5055=CARTESIAN_POINT('',(0.000910505420215422,0.,-0.0123793157014759));
#5056=CARTESIAN_POINT('',(0.00090519324307561,0.,-0.0124254331104084));
#5057=CARTESIAN_POINT('',(0.000898303717357801,0.,-0.0124762781269187));
#5058=CARTESIAN_POINT('',(0.000889645864543995,0.,-0.0125318033873668));
#5059=CARTESIAN_POINT('',(0.000879030043051129,0.,-0.0125919567696589));
#5060=CARTESIAN_POINT('',(0.000866268016436989,0.,-0.012656680171));
#5061=CARTESIAN_POINT('',(0.000851173130018825,0.,-0.0127259099017561));
#5062=CARTESIAN_POINT('',(0.000833560455089639,0.,-0.0127995766221129));
#5063=CARTESIAN_POINT('',(0.000813246941875845,0.,-0.0128776054146586));
#5064=CARTESIAN_POINT('',(0.000790051565718494,0.,-0.0129599158243948));
#5065=CARTESIAN_POINT('',(0.000763795485065609,0.,-0.0130464219101808));
#5066=CARTESIAN_POINT('',(0.000734302150200278,0.,-0.0131370323089081));
#5067=CARTESIAN_POINT('',(0.000701397596186173,0.,-0.0132316502580662));
#5068=CARTESIAN_POINT('',(0.000664910015444888,0.,-0.0133301738007263));
#5069=CARTESIAN_POINT('',(0.000624672109438699,0.,-0.0134324953019937));
#5070=CARTESIAN_POINT('',(0.000580512700883502,0.,-0.0135385036421715));
#5071=CARTESIAN_POINT('',(0.000532289748270604,0.,-0.0136480761061117));
#5072=CARTESIAN_POINT('',(0.000479763926259355,0.,-0.0137611099660785));
#5073=CARTESIAN_POINT('',(0.00042325721247212,0.,-0.0138770488108143));
#5074=CARTESIAN_POINT('',(0.000382390777651154,0.,-0.0139557716316124));
#5075=CARTESIAN_POINT('',(0.000361853448429073,0.,-0.0139953228645094));
#5076=CARTESIAN_POINT('',(-0.000884169077354045,0.,-0.0117166866068292));
#5077=CARTESIAN_POINT('',(-0.000900789064251202,0.,-0.0119342217433659));
#5078=CARTESIAN_POINT('',(-0.000919487968181832,0.,-0.0121789673406283));
#5079=CARTESIAN_POINT('',(-0.000919675654173299,0.,-0.0121903531378328));
#5080=CARTESIAN_POINT('',(-0.000920095918173188,0.,-0.0122041966837843));
#5081=CARTESIAN_POINT('',(-0.000920147784876492,0.,-0.0122207187646862));
#5082=CARTESIAN_POINT('',(-0.000919837556549845,0.,-0.012242889656827));
#5083=CARTESIAN_POINT('',(-0.000918901696355442,0.,-0.0122696900639895));
#5084=CARTESIAN_POINT('',(-0.000917166944486908,0.,-0.0123014224480381));
#5085=CARTESIAN_POINT('',(-0.000914432117686208,0.,-0.0123379641608428));
#5086=CARTESIAN_POINT('',(-0.000910505420215426,0.,-0.0123793157014759));
#5087=CARTESIAN_POINT('',(-0.000905193243075614,0.,-0.0124254331104084));
#5088=CARTESIAN_POINT('',(-0.000898303717357805,0.,-0.0124762781269187));
#5089=CARTESIAN_POINT('',(-0.000889645864544,0.,-0.0125318033873668));
#5090=CARTESIAN_POINT('',(-0.000879030043051134,0.,-0.0125919567696589));
#5091=CARTESIAN_POINT('',(-0.000866268016436994,0.,-0.012656680171));
#5092=CARTESIAN_POINT('',(-0.00085117313001883,0.,-0.0127259099017561));
#5093=CARTESIAN_POINT('',(-0.000833560455089643,0.,-0.0127995766221129));
#5094=CARTESIAN_POINT('',(-0.000813246941875849,0.,-0.0128776054146586));
#5095=CARTESIAN_POINT('',(-0.000790051565718499,0.,-0.0129599158243948));
#5096=CARTESIAN_POINT('',(-0.000763795485065613,0.,-0.0130464219101808));
#5097=CARTESIAN_POINT('',(-0.000734302150200283,0.,-0.0131370323089081));
#5098=CARTESIAN_POINT('',(-0.000701397596186177,0.,-0.0132316502580662));
#5099=CARTESIAN_POINT('',(-0.000664910015444893,0.,-0.0133301738007263));
#5100=CARTESIAN_POINT('',(-0.000624672109438704,0.,-0.0134324953019937));
#5101=CARTESIAN_POINT('',(-0.000580512700883507,0.,-0.0135385036421715));
#5102=CARTESIAN_POINT('',(-0.000532289748270609,0.,-0.0136480761061117));
#5103=CARTESIAN_POINT('',(-0.00047976392625936,0.,-0.0137611099660785));
#5104=CARTESIAN_POINT('',(-0.000423257212472124,0.,-0.0138770488108143));
#5105=CARTESIAN_POINT('',(-0.000382390777651159,0.,-0.0139557716316124));
#5106=CARTESIAN_POINT('',(-0.000361853448429077,0.,-0.0139953228645094));
#5107=CARTESIAN_POINT('',(-0.000912244446451171,0.,-0.0120857764839507));
#5108=CARTESIAN_POINT('',(-0.00128734766616159,0.,-0.0120576298632577));
#5109=CARTESIAN_POINT('',(-0.0012474136805144,0.,-0.0116835978666533));
#5110=CARTESIAN_POINT('',(-2.06899995331028E-17,0.,-1.58254509484866E-16));
#5111=CARTESIAN_POINT('',(-0.00158490187868605,0.,-0.0116426193803172));
#5112=CARTESIAN_POINT('',(-0.00163564001781688,0.,-0.0120153395151786));
#5113=CARTESIAN_POINT('',(-0.00200657934691347,0.,-0.0119529001700272));
#5114=CARTESIAN_POINT('',(-0.00194550990768441,0.,-0.0115878164983357));
#5115=CARTESIAN_POINT('',(-0.00198143243310705,0.,-0.0118030078823635));
#5116=CARTESIAN_POINT('',(-0.00202184834053106,0.,-0.012045116557992));
#5117=CARTESIAN_POINT('',(-0.00202439090797484,0.,-0.0120562164208203));
#5118=CARTESIAN_POINT('',(-0.00202729583347847,0.,-0.0120697582742444));
#5119=CARTESIAN_POINT('',(-0.00203119946669376,0.,-0.0120858126660175));
#5120=CARTESIAN_POINT('',(-0.00203680652212957,0.,-0.0121072650698286));
#5121=CARTESIAN_POINT('',(-0.00204412894517085,0.,-0.0121330627398626));
#5122=CARTESIAN_POINT('',(-0.00205340734487088,0.,-0.0121634578852062));
#5123=CARTESIAN_POINT('',(-0.00206480770684917,0.,-0.0121982832753562));
#5124=CARTESIAN_POINT('',(-0.00207851637304386,0.,-0.0122374934951582));
#5125=CARTESIAN_POINT('',(-0.00209471080632438,0.,-0.0122809995288011));
#5126=CARTESIAN_POINT('',(-0.0021135681438479,0.,-0.0123287183101148));
#5127=CARTESIAN_POINT('',(-0.00213526247978281,0.,-0.0123805581476099));
#5128=CARTESIAN_POINT('',(-0.00215996547143895,0.,-0.0124364230495644));
#5129=CARTESIAN_POINT('',(-0.00218784598054063,0.,-0.0124962115536157));
#5130=CARTESIAN_POINT('',(-0.00221906999599765,0.,-0.0125598171514454));
#5131=CARTESIAN_POINT('',(-0.0022538004787212,0.,-0.0126271282617919));
#5132=CARTESIAN_POINT('',(-0.00229219723048095,0.,-0.012698028337529));
#5133=CARTESIAN_POINT('',(-0.00233441676154685,0.,-0.0127723959394979));
#5134=CARTESIAN_POINT('',(-0.00238061214959925,0.,-0.0128501048242664));
#5135=CARTESIAN_POINT('',(-0.00243093294951811,0.,-0.0129310240324589));
#5136=CARTESIAN_POINT('',(-0.00248552491435047,0.,-0.0130150179807737));
#5137=CARTESIAN_POINT('',(-0.00254453045936855,0.,-0.0131019465587199));
#5138=CARTESIAN_POINT('',(-0.00260808626300233,0.,-0.0131916652219169));
#5139=CARTESIAN_POINT('',(-0.00267633193575103,0.,-0.0132840251141985));
#5140=CARTESIAN_POINT('',(-0.00274937602399813,0.,-0.013378873093538));
#5141=CARTESIAN_POINT('',(-0.00282742631436848,0.,-0.013476052142978));
#5142=CARTESIAN_POINT('',(-0.00291003702739451,0.,-0.0135750990738493));
#5143=CARTESIAN_POINT('',(-0.00296855556204519,0.,-0.0136417543745517));
#5144=CARTESIAN_POINT('',(-0.00299796134337929,0.,-0.0136752414159167));
#5145=CARTESIAN_POINT('',(-0.00366246336944053,0.,-0.0111646254781567));
#5146=CARTESIAN_POINT('',(-0.00373065997543022,0.,-0.011371862015775));
#5147=CARTESIAN_POINT('',(-0.00380738697838679,0.,-0.0116050208101723));
#5148=CARTESIAN_POINT('',(-0.00381029401018589,0.,-0.0116160308406051));
#5149=CARTESIAN_POINT('',(-0.00381401503947323,0.,-0.0116293715425126));
#5150=CARTESIAN_POINT('',(-0.00381801939179085,0.,-0.0116454011092566));
#5151=CARTESIAN_POINT('',(-0.00382302401991607,0.,-0.0116670019980638));
#5152=CARTESIAN_POINT('',(-0.00382852911136134,0.,-0.0116932476001061));
#5153=CARTESIAN_POINT('',(-0.00383443882479733,0.,-0.0117244730520412));
#5154=CARTESIAN_POINT('',(-0.00384052847136719,0.,-0.0117606074159763));
#5155=CARTESIAN_POINT('',(-0.00384661194800435,0.,-0.0118016970762056));
#5156=CARTESIAN_POINT('',(-0.00385249075143164,0.,-0.0118477456842506));
#5157=CARTESIAN_POINT('',(-0.00385796943171185,0.,-0.0118987620084119));
#5158=CARTESIAN_POINT('',(-0.00386285122495468,0.,-0.0119547457655018));
#5159=CARTESIAN_POINT('',(-0.0038669395265833,0.,-0.0120156917322014));
#5160=CARTESIAN_POINT('',(-0.00387003766505544,0.,-0.0120815885420064));
#5161=CARTESIAN_POINT('',(-0.00387194916760708,0.,-0.0121524190253771));
#5162=CARTESIAN_POINT('',(-0.00387247788511967,0.,-0.0122281601137246));
#5163=CARTESIAN_POINT('',(-0.0038714281580032,0.,-0.0123087828732793));
#5164=CARTESIAN_POINT('',(-0.0038686049677049,0.,-0.0123942525089552));
#5165=CARTESIAN_POINT('',(-0.00386381410242211,0.,-0.0124845283764897));
#5166=CARTESIAN_POINT('',(-0.00385686227802878,0.,-0.012579564018733));
#5167=CARTESIAN_POINT('',(-0.00384755742790903,0.,-0.0126793071174517));
#5168=CARTESIAN_POINT('',(-0.00383570833701026,0.,-0.0127836997946447));
#5169=CARTESIAN_POINT('',(-0.00382112680946991,0.,-0.0128926775802524));
#5170=CARTESIAN_POINT('',(-0.00380362004942053,0.,-0.0130061735489199));
#5171=CARTESIAN_POINT('',(-0.00378302077516439,0.,-0.0131241025441363));
#5172=CARTESIAN_POINT('',(-0.00375907203136394,0.,-0.01324642209755));
#5173=CARTESIAN_POINT('',(-0.00373195328162727,0.,-0.0133725149119148));
#5174=CARTESIAN_POINT('',(-0.00371111395528436,0.,-0.0134587301686097));
#5175=CARTESIAN_POINT('',(-0.00370063863309854,0.,-0.0135020470191456));
#5176=CARTESIAN_POINT('',(-0.00377805190846173,0.,-0.011516271398637));
#5177=CARTESIAN_POINT('',(-0.00413551938310115,0.,-0.0113991745913856));
#5178=CARTESIAN_POINT('',(-0.00400723409076761,0.,-0.0110455681131298));
#5179=CARTESIAN_POINT('',(-5.79615688130876E-17,0.,-1.48704480072731E-16));
#5180=CARTESIAN_POINT('',(-0.0043251087015812,0.,-0.0109250141747966));
#5181=CARTESIAN_POINT('',(-0.00446357024926942,0.,-0.0112747613084594));
#5182=CARTESIAN_POINT('',(-0.00480878804225467,0.,-0.0111253647452461));
#5183=CARTESIAN_POINT('',(-0.00466212292852903,0.,-0.0107855046149582));
#5184=CARTESIAN_POINT('',(-0.00474850027966699,0.,-0.0109858461054261));
#5185=CARTESIAN_POINT('',(-0.00484568217281199,0.,-0.0112112473832225));
#5186=CARTESIAN_POINT('',(-0.00485080722891304,0.,-0.0112214162279934));
#5187=CARTESIAN_POINT('',(-0.00485686852020891,0.,-0.0112338693855917));
#5188=CARTESIAN_POINT('',(-0.00486450078836944,0.,-0.0112485230653415));
#5189=CARTESIAN_POINT('',(-0.00487507880923329,0.,-0.0112680102450896));
#5190=CARTESIAN_POINT('',(-0.00488836224251022,0.,-0.0112913059111835));
#5191=CARTESIAN_POINT('',(-0.0049046450631768,0.,-0.0113185973624566));
#5192=CARTESIAN_POINT('',(-0.00492404841273313,0.,-0.0113496825048615));
#5193=CARTESIAN_POINT('',(-0.00494674234980147,0.,-0.0113844726483808));
#5194=CARTESIAN_POINT('',(-0.00497287787762481,0.,-0.0114228388941967));
#5195=CARTESIAN_POINT('',(-0.00500260710704079,0.,-0.0114646581981947));
#5196=CARTESIAN_POINT('',(-0.00503607713014798,0.,-0.0115097998698117));
#5197=CARTESIAN_POINT('',(-0.00507343164388406,0.,-0.0115581296263877));
#5198=CARTESIAN_POINT('',(-0.00511481032162582,0.,-0.0116095085426162));
#5199=CARTESIAN_POINT('',(-0.00516034883983801,0.,-0.0116637934813705));
#5200=CARTESIAN_POINT('',(-0.00521017872094019,0.,-0.0117208371046393));
#5201=CARTESIAN_POINT('',(-0.00526442723160014,0.,-0.0117804880088773));
#5202=CARTESIAN_POINT('',(-0.00532321727189079,0.,-0.0118425908283676));
#5203=CARTESIAN_POINT('',(-0.0053866672593025,0.,-0.0119069863541961));
#5204=CARTESIAN_POINT('',(-0.00545489106229228,0.,-0.0119735116416032));
#5205=CARTESIAN_POINT('',(-0.00552799775138055,0.,-0.0120420001661041));
#5206=CARTESIAN_POINT('',(-0.0056060920728754,0.,-0.0121122818063588));
#5207=CARTESIAN_POINT('',(-0.00568927214184552,0.,-0.0121841835088944));
#5208=CARTESIAN_POINT('',(-0.00577763788835051,0.,-0.0122575273320549));
#5209=CARTESIAN_POINT('',(-0.00587125805532733,0.,-0.0123321386069929));
#5210=CARTESIAN_POINT('',(-0.00597029681488172,0.,-0.0124078151527841));
#5211=CARTESIAN_POINT('',(-0.0060742104927832,0.,-0.0124842139221897));
#5212=CARTESIAN_POINT('',(-0.00614698024273592,0.,-0.0125349279390017));
#5213=CARTESIAN_POINT('',(-0.00618354551905658,0.,-0.0125604046437109));
#5214=CARTESIAN_POINT('',(-0.00622790860300779,0.,-0.0099637168984562));
#5215=CARTESIAN_POINT('',(-0.00634371848923448,0.,-0.0101486110028638));
#5216=CARTESIAN_POINT('',(-0.00647401449669646,0.,-0.0103566326527634));
#5217=CARTESIAN_POINT('',(-0.00647947192818166,0.,-0.0103666270534757));
#5218=CARTESIAN_POINT('',(-0.00648627747005967,0.,-0.0103786895982358));
#5219=CARTESIAN_POINT('',(-0.00649400158959013,0.,-0.0103932950706678));
#5220=CARTESIAN_POINT('',(-0.00650403022337167,0.,-0.010413070591));
#5221=CARTESIAN_POINT('',(-0.006515656330552,0.,-0.0104372360889301));
#5222=CARTESIAN_POINT('',(-0.00652886705822855,0.,-0.0104661398989853));
#5223=CARTESIAN_POINT('',(-0.00654342727004529,0.,-0.0104997669161618));
#5224=CARTESIAN_POINT('',(-0.00655916737124079,0.,-0.0105382067142897));
#5225=CARTESIAN_POINT('',(-0.00657589550054856,0.,-0.0105815103437274));
#5226=CARTESIAN_POINT('',(-0.0065934239858431,0.,-0.0106297330922163));
#5227=CARTESIAN_POINT('',(-0.00661156171306388,0.,-0.0106829217734787));
#5228=CARTESIAN_POINT('',(-0.00663011654058372,0.,-0.0107411183665307));
#5229=CARTESIAN_POINT('',(-0.00664889479159541,0.,-0.0108043589017388));
#5230=CARTESIAN_POINT('',(-0.00666770159353657,0.,-0.010872673727489));
#5231=CARTESIAN_POINT('',(-0.00668634097635091,0.,-0.0109460873870803));
#5232=CARTESIAN_POINT('',(-0.00670461604165618,0.,-0.0110246186119104));
#5233=CARTESIAN_POINT('',(-0.00672232911077519,0.,-0.0111082802889699));
#5234=CARTESIAN_POINT('',(-0.00673928188853864,0.,-0.0111970794329713));
#5235=CARTESIAN_POINT('',(-0.00675527558938219,0.,-0.0112910171926439));
#5236=CARTESIAN_POINT('',(-0.00677011120722401,0.,-0.0113900887345771));
#5237=CARTESIAN_POINT('',(-0.0067835892322611,0.,-0.0114942836233564));
#5238=CARTESIAN_POINT('',(-0.00679551150856553,0.,-0.0116035843005231));
#5239=CARTESIAN_POINT('',(-0.00680567482628156,0.,-0.0117179719245224));
#5240=CARTESIAN_POINT('',(-0.00681389638532662,0.,-0.0118374038464675));
#5241=CARTESIAN_POINT('',(-0.00681991653367652,0.,-0.0119619003254972));
#5242=CARTESIAN_POINT('',(-0.00682376179115246,0.,-0.0120908190534488));
#5243=CARTESIAN_POINT('',(-0.0068241606791868,0.,-0.012179516228701));
#5244=CARTESIAN_POINT('',(-0.00682435615168642,0.,-0.0122240812789731));
#5245=CARTESIAN_POINT('',(-0.00642429272621241,0.,-0.0102774824795779));
#5246=CARTESIAN_POINT('',(-0.00674334974549618,0.,-0.0100782407265759));
#5247=CARTESIAN_POINT('',(-0.00653416862136866,0.,-0.00976561008987771));
#5248=CARTESIAN_POINT('',(-9.1864622395386E-17,0.,-1.30512286797561E-16));
#5249=CARTESIAN_POINT('',(-0.00681395592787092,0.,-0.00957248685624759));
#5250=CARTESIAN_POINT('',(-0.00703209400225212,0.,-0.0098789349565824));
#5251=CARTESIAN_POINT('',(-0.00733152745581336,0.,-0.00965126356052672));
#5252=CARTESIAN_POINT('',(-0.00710779031089488,0.,-0.00935637840707338));
#5253=CARTESIAN_POINT('',(-0.0072396025500689,0.,-0.00953022688476716));
#5254=CARTESIAN_POINT('',(-0.00738790257054713,0.,-0.00972582126176623));
#5255=CARTESIAN_POINT('',(-0.00739531226567368,0.,-0.00973446811218387));
#5256=CARTESIAN_POINT('',(-0.00740417766254356,0.,-0.00974510884170218));
#5257=CARTESIAN_POINT('',(-0.007415095005966,0.,-0.00975751019082557));
#5258=CARTESIAN_POINT('',(-0.00743002923613484,0.,-0.00977389962245685));
#5259=CARTESIAN_POINT('',(-0.00744850169478868,0.,-0.0097933394251735));
#5260=CARTESIAN_POINT('',(-0.0074708426380703,0.,-0.0098159411024285));
#5261=CARTESIAN_POINT('',(-0.00749712132305677,0.,-0.00984147944160153));
#5262=CARTESIAN_POINT('',(-0.00752748164186544,0.,-0.00986982763215392));
#5263=CARTESIAN_POINT('',(-0.00756203936235328,0.,-0.0099008243833917));
#5264=CARTESIAN_POINT('',(-0.00760091272890944,0.,-0.00993431382413255));
#5265=CARTESIAN_POINT('',(-0.00764421328310449,0.,-0.00997013386000039));
#5266=CARTESIAN_POINT('',(-0.0076920484103603,0.,-0.0100081197214171));
#5267=CARTESIAN_POINT('',(-0.00774452047839716,0.,-0.0100481030939663));
#5268=CARTESIAN_POINT('',(-0.00780172696621182,0.,-0.0100899125303227));
#5269=CARTESIAN_POINT('',(-0.00786376031412722,0.,-0.0101333734984745));
#5270=CARTESIAN_POINT('',(-0.00793070785743312,0.,-0.0101783085374812));
#5271=CARTESIAN_POINT('',(-0.00800265174349993,0.,-0.0102245373843588));
#5272=CARTESIAN_POINT('',(-0.0080796688476339,0.,-0.0102718771173543));
#5273=CARTESIAN_POINT('',(-0.00816183073424827,0.,-0.0103201422760815));
#5274=CARTESIAN_POINT('',(-0.00824920345255464,0.,-0.0103691450726702));
#5275=CARTESIAN_POINT('',(-0.00834184799242229,0.,-0.0104186952617652));
#5276=CARTESIAN_POINT('',(-0.00843981820346746,0.,-0.01046860133804));
#5277=CARTESIAN_POINT('',(-0.00854316852773829,0.,-0.0105186666156714));
#5278=CARTESIAN_POINT('',(-0.0086519239096356,0.,-0.0105687050501093));
#5279=CARTESIAN_POINT('',(-0.00876619536565997,0.,-0.0106184810464834));
#5280=CARTESIAN_POINT('',(-0.00888537292318811,0.,-0.0106677916356436));
#5281=CARTESIAN_POINT('',(-0.0089681647750829,0.,-0.010699617054246));
#5282=CARTESIAN_POINT('',(-0.00900976450543972,0.,-0.0107156028088259));
#5283=CARTESIAN_POINT('',(-0.00843141042609494,0.,-0.00818375330925472));
#5284=CARTESIAN_POINT('',(-0.00858810314292293,0.,-0.00833555960716616));
#5285=CARTESIAN_POINT('',(-0.00876439582454335,0.,-0.0085063546504039));
#5286=CARTESIAN_POINT('',(-0.00877208648963369,0.,-0.00851475258315439));
#5287=CARTESIAN_POINT('',(-0.00878158103074554,0.,-0.00852483593951116));
#5288=CARTESIAN_POINT('',(-0.00879257601973778,0.,-0.00853716850066221));
#5289=CARTESIAN_POINT('',(-0.00880704583143284,0.,-0.00855396937115874));
#5290=CARTESIAN_POINT('',(-0.00882411728725809,0.,-0.0085746503540751));
#5291=CARTESIAN_POINT('',(-0.0088438612697017,0.,-0.00859955273787101));
#5292=CARTESIAN_POINT('',(-0.00886604586017875,0.,-0.00862871812827985));
#5293=CARTESIAN_POINT('',(-0.00889052782846403,0.,-0.0086622740829621));
#5294=CARTESIAN_POINT('',(-0.00891713310558119,0.,-0.00870031608425188));
#5295=CARTESIAN_POINT('',(-0.00894569270403819,0.,-0.00874294272620876));
#5296=CARTESIAN_POINT('',(-0.00897603226645881,0.,-0.00879024519882169));
#5297=CARTESIAN_POINT('',(-0.00900797528073847,0.,-0.00884231024377395));
#5298=CARTESIAN_POINT('',(-0.00904134232059707,0.,-0.00889921919434891));
#5299=CARTESIAN_POINT('',(-0.00907595143895888,0.,-0.00896104815312024));
#5300=CARTESIAN_POINT('',(-0.00911161823389721,0.,-0.00902786784890757));
#5301=CARTESIAN_POINT('',(-0.00914815601125583,0.,-0.00909974358967542));
#5302=CARTESIAN_POINT('',(-0.00918537592059934,0.,-0.0091767351955457));
#5303=CARTESIAN_POINT('',(-0.00922308710758625,0.,-0.00925889693253629));
#5304=CARTESIAN_POINT('',(-0.0092610968379084,0.,-0.00934627748849597));
#5305=CARTESIAN_POINT('',(-0.0092992107315281,0.,-0.0094389197957368));
#5306=CARTESIAN_POINT('',(-0.00933723257867652,0.,-0.00953686146789968));
#5307=CARTESIAN_POINT('',(-0.00937496577946263,0.,-0.00964013287856021));
#5308=CARTESIAN_POINT('',(-0.00941220851986057,0.,-0.00974876436496652));
#5309=CARTESIAN_POINT('',(-0.00944877310507929,0.,-0.00986275826445423));
#5310=CARTESIAN_POINT('',(-0.00948441227643978,0.,-0.00998219638626507));
#5311=CARTESIAN_POINT('',(-0.00951899806874077,0.,-0.0101064487399354));
#5312=CARTESIAN_POINT('',(-0.0095406119892297,0.,-0.0101924730763204));
#5313=CARTESIAN_POINT('',(-0.00955146689626361,0.,-0.0102356963675942));
#5314=CARTESIAN_POINT('',(-0.00869717700206956,0.,-0.00844140363593451));
#5315=CARTESIAN_POINT('',(-0.00895928113176199,0.,-0.00817159614365209));
#5316=CARTESIAN_POINT('',(-0.00868136102243233,0.,-0.0079181103047503));
#5317=CARTESIAN_POINT('',(-1.2042883803838E-16,0.,-1.04735193806576E-16));
#5318=CARTESIAN_POINT('',(-0.00890680080335482,0.,-0.00766364139618746));
#5319=CARTESIAN_POINT('',(-0.0091919380124456,0.,-0.00790898081349636));
#5320=CARTESIAN_POINT('',(-0.00942818514265817,0.,-0.0076162660185852));
#5321=CARTESIAN_POINT('',(-0.00914037875615808,0.,-0.00738349349522122));
#5322=CARTESIAN_POINT('',(-0.00930996543514537,0.,-0.00752074551853081));
#5323=CARTESIAN_POINT('',(-0.00950076492481526,0.,-0.007675165760498));
#5324=CARTESIAN_POINT('',(-0.0095100286344197,0.,-0.00768178809304614));
#5325=CARTESIAN_POINT('',(-0.00952118291222193,0.,-0.0076899979939623));
#5326=CARTESIAN_POINT('',(-0.00953475085458951,0.,-0.0076994262911253));
#5327=CARTESIAN_POINT('',(-0.00955317337088962,0.,-0.00771176548044647));
#5328=CARTESIAN_POINT('',(-0.00957576130276807,0.,-0.00772621964911282));
#5329=CARTESIAN_POINT('',(-0.00960286199424723,0.,-0.00774281802502142));
#5330=CARTESIAN_POINT('',(-0.00963448879301155,0.,-0.00776132536551798));
#5331=CARTESIAN_POINT('',(-0.00967075106218668,0.,-0.00778158410930997));
#5332=CARTESIAN_POINT('',(-0.00971172260623647,0.,-0.00780340994745628));
#5333=CARTESIAN_POINT('',(-0.00975748093116749,0.,-0.0078266232403733));
#5334=CARTESIAN_POINT('',(-0.00980809554563171,0.,-0.00785103991020787));
#5335=CARTESIAN_POINT('',(-0.00986363128268475,0.,-0.00787647427627284));
#5336=CARTESIAN_POINT('',(-0.00992414725515062,0.,-0.00790273841686374));
#5337=CARTESIAN_POINT('',(-0.00998969707943306,0.,-0.00792964253835228));
#5338=CARTESIAN_POINT('',(-0.0100603287414629,0.,-0.00795699505789232));
#5339=CARTESIAN_POINT('',(-0.0101360845695422,0.,-0.00798460277053299));
#5340=CARTESIAN_POINT('',(-0.0102170011842324,0.,-0.00801227099225229));
#5341=CARTESIAN_POINT('',(-0.0103031094509421,0.,-0.00803980371920611));
#5342=CARTESIAN_POINT('',(-0.0103944344709774,0.,-0.00806700375366474));
#5343=CARTESIAN_POINT('',(-0.0104909954337008,0.,-0.00809367295792144));
#5344=CARTESIAN_POINT('',(-0.0105928060280333,0.,-0.00811961201897411));
#5345=CARTESIAN_POINT('',(-0.0106998727085948,0.,-0.0081446221092363));
#5346=CARTESIAN_POINT('',(-0.010812201265448,0.,-0.00816849922938245));
#5347=CARTESIAN_POINT('',(-0.0109297713947797,0.,-0.00819105677139317));
#5348=CARTESIAN_POINT('',(-0.0110526345056097,0.,-0.00821203941836922));
#5349=CARTESIAN_POINT('',(-0.0111801497763138,0.,-0.0082313960750788));
#5350=CARTESIAN_POINT('',(-0.0112681521686547,0.,-0.00824248331782319));
#5351=CARTESIAN_POINT('',(-0.0113123687279282,0.,-0.00824804908832342));
#5352=CARTESIAN_POINT('',(-0.0101449093221474,0.,-0.0059281797244523));
#5353=CARTESIAN_POINT('',(-0.0103333784584295,0.,-0.00603807578562644));
#5354=CARTESIAN_POINT('',(-0.0105454223243504,0.,-0.00616171823510402));
#5355=CARTESIAN_POINT('',(-0.0105548992695452,0.,-0.0061680316425665));
#5356=CARTESIAN_POINT('',(-0.0105665310216728,0.,-0.0061755498025));
#5357=CARTESIAN_POINT('',(-0.0105801578913317,0.,-0.00618489272874302));
#5358=CARTESIAN_POINT('',(-0.0105982279480802,0.,-0.00619774254387933));
#5359=CARTESIAN_POINT('',(-0.01061975262159,0.,-0.00621373710822713));
#5360=CARTESIAN_POINT('',(-0.0106448824103075,0.,-0.00623319082973399));
#5361=CARTESIAN_POINT('',(-0.0106734020916841,0.,-0.00625619960689654));
#5362=CARTESIAN_POINT('',(-0.0107052031240507,0.,-0.00628292156801793));
#5363=CARTESIAN_POINT('',(-0.0107401393469775,0.,-0.0063134910783219));
#5364=CARTESIAN_POINT('',(-0.0107780702785445,0.,-0.00634804430825776));
#5365=CARTESIAN_POINT('',(-0.0108188484510769,0.,-0.00638671152445042));
#5366=CARTESIAN_POINT('',(-0.0108623232402346,0.,-0.00642961919013905));
#5367=CARTESIAN_POINT('',(-0.0109083398978678,0.,-0.00647688921472904));
#5368=CARTESIAN_POINT('',(-0.0109567399764901,0.,-0.00652863903217688));
#5369=CARTESIAN_POINT('',(-0.0110073613590741,0.,-0.00658498144632081));
#5370=CARTESIAN_POINT('',(-0.0110600384056754,0.,-0.00664602454623062));
#5371=CARTESIAN_POINT('',(-0.0111146020694012,0.,-0.00671187160863159));
#5372=CARTESIAN_POINT('',(-0.0111708800284985,0.,-0.00678262099710327));
#5373=CARTESIAN_POINT('',(-0.0112286968009327,0.,-0.00685836610905303));
#5374=CARTESIAN_POINT('',(-0.0112878739293715,0.,-0.0069391951474458));
#5375=CARTESIAN_POINT('',(-0.0113482299070787,0.,-0.00702519158900961));
#5376=CARTESIAN_POINT('',(-0.0114095811158715,0.,-0.00711643197415267));
#5377=CARTESIAN_POINT('',(-0.0114717388662512,0.,-0.00721299405583549));
#5378=CARTESIAN_POINT('',(-0.0115345214768575,0.,-0.00731492502177855));
#5379=CARTESIAN_POINT('',(-0.0115977084521323,0.,-0.00742236347687072));
#5380=CARTESIAN_POINT('',(-0.011661024778724,0.,-0.00753472836110343));
#5381=CARTESIAN_POINT('',(-0.0117025976091721,0.,-0.00761308043687632));
#5382=CARTESIAN_POINT('',(-0.0117234811029995,0.,-0.00765244998857318));
#5383=CARTESIAN_POINT('',(-0.0104646129635185,0.,-0.00611474109622439));
#5384=CARTESIAN_POINT('',(-0.0106545316643117,0.,-0.00579004809540268));
#5385=CARTESIAN_POINT('',(-0.0103240242763356,0.,-0.00561043872987071));
#5386=CARTESIAN_POINT('',(-1.419941673556E-16,0.,-7.28712720484932E-17));
#5387=CARTESIAN_POINT('',(-0.0104820147910514,0.,-0.00530941295438397));
#5388=CARTESIAN_POINT('',(-0.010817579996691,0.,-0.00547938545350546));
#5389=CARTESIAN_POINT('',(-0.0109769109790703,0.,-0.00513863877964408));
#5390=CARTESIAN_POINT('',(-0.0106417616120383,0.,-0.00498150677933368));
#5391=CARTESIAN_POINT('',(-0.0108392669694786,0.,-0.00507418575955513));
#5392=CARTESIAN_POINT('',(-0.0110614773555285,0.,-0.00517845752332204));
#5393=CARTESIAN_POINT('',(-0.0110720567064808,0.,-0.00518267047210418));
#5394=CARTESIAN_POINT('',(-0.0110848516191337,0.,-0.00518797241481871));
#5395=CARTESIAN_POINT('',(-0.0111002816409535,0.,-0.00519387972166068));
#5396=CARTESIAN_POINT('',(-0.0111211217937006,0.,-0.00520145155983953));
#5397=CARTESIAN_POINT('',(-0.0111465124703067,0.,-0.00521008007071144));
#5398=CARTESIAN_POINT('',(-0.0111767979163016,0.,-0.00521971050799847));
#5399=CARTESIAN_POINT('',(-0.0112119347942584,0.,-0.00523011127046036));
#5400=CARTESIAN_POINT('',(-0.0112519915825235,0.,-0.0052411032029403));
#5401=CARTESIAN_POINT('',(-0.0112969958329205,0.,-0.00525248968961576));
#5402=CARTESIAN_POINT('',(-0.0113469798087062,0.,-0.00526407776250151));
#5403=CARTESIAN_POINT('',(-0.0114019669460235,0.,-0.00527567205820301));
#5404=CARTESIAN_POINT('',(-0.0114619757577005,0.,-0.00528707677601066));
#5405=CARTESIAN_POINT('',(-0.0115270186662423,0.,-0.00529809530825845));
#5406=CARTESIAN_POINT('',(-0.0115971023094691,0.,-0.0053085305451307));
#5407=CARTESIAN_POINT('',(-0.0116722274301518,0.,-0.00531818498704568));
#5408=CARTESIAN_POINT('',(-0.0117523888896379,0.,-0.00532686091341153));
#5409=CARTESIAN_POINT('',(-0.0118375756534255,0.,-0.00533436053349614));
#5410=CARTESIAN_POINT('',(-0.0119277707832407,0.,-0.00534048615239508));
#5411=CARTESIAN_POINT('',(-0.0120229514584853,0.,-0.00534504029545059));
#5412=CARTESIAN_POINT('',(-0.0121230888934571,0.,-0.0053478259901625));
#5413=CARTESIAN_POINT('',(-0.0122281486805783,0.,-0.0053486464392291));
#5414=CARTESIAN_POINT('',(-0.0123380895043535,0.,-0.00534730704794062));
#5415=CARTESIAN_POINT('',(-0.0124528681663624,0.,-0.00534360835916844));
#5416=CARTESIAN_POINT('',(-0.0125724202945617,0.,-0.00533737404640361));
#5417=CARTESIAN_POINT('',(-0.0126967347027852,0.,-0.00532834390880822));
#5418=CARTESIAN_POINT('',(-0.0128251769626311,0.,-0.00531662169453775));
#5419=CARTESIAN_POINT('',(-0.0129132755162508,0.,-0.00530632641117629));
#5420=CARTESIAN_POINT('',(-0.0129575391987367,0.,-0.0053011487352461));
#5421=CARTESIAN_POINT('',(-0.0112688229636416,0.,-0.00332808188212125));
#5422=CARTESIAN_POINT('',(-0.0114781153782345,0.,-0.00338968094693858));
#5423=CARTESIAN_POINT('',(-0.0117135872097167,0.,-0.00345898515291439));
#5424=CARTESIAN_POINT('',(-0.0117242996694086,0.,-0.00346284712279544));
#5425=CARTESIAN_POINT('',(-0.0117373926373979,0.,-0.00346736315817774));
#5426=CARTESIAN_POINT('',(-0.0117528594435906,0.,-0.00347317347259962));
#5427=CARTESIAN_POINT('',(-0.0117734795793763,0.,-0.00348132544782719));
#5428=CARTESIAN_POINT('',(-0.0117982065347853,0.,-0.00349170404766439));
#5429=CARTESIAN_POINT('',(-0.0118272616777995,0.,-0.00350457852729964));
#5430=CARTESIAN_POINT('',(-0.0118604589898587,0.,-0.0035200935047207));
#5431=CARTESIAN_POINT('',(-0.0118977309258977,0.,-0.00353842848903122));
#5432=CARTESIAN_POINT('',(-0.0119389677283455,0.,-0.00355974891952618));
#5433=CARTESIAN_POINT('',(-0.0119840655851533,0.,-0.00358422062931302));
#5434=CARTESIAN_POINT('',(-0.0120329124886325,0.,-0.0036120053910299));
#5435=CARTESIAN_POINT('',(-0.0120853924559468,0.,-0.00364326203988811));
#5436=CARTESIAN_POINT('',(-0.0121413844104767,0.,-0.00367814597648351));
#5437=CARTESIAN_POINT('',(-0.0122007626127171,0.,-0.00371680914132071));
#5438=CARTESIAN_POINT('',(-0.0122633966521922,0.,-0.00375939985750755));
#5439=CARTESIAN_POINT('',(-0.012329151569561,0.,-0.00380606271347519));
#5440=CARTESIAN_POINT('',(-0.0123978879458643,0.,-0.00385693844048445));
#5441=CARTESIAN_POINT('',(-0.0124694620066513,0.,-0.0039121637831428));
#5442=CARTESIAN_POINT('',(-0.012543725720539,0.,-0.0039718714204984));
#5443=CARTESIAN_POINT('',(-0.0126205269241921,0.,-0.00403618970013332));
#5444=CARTESIAN_POINT('',(-0.0126997093624189,0.,-0.00410524311049872));
#5445=CARTESIAN_POINT('',(-0.0127811130699658,0.,-0.00417914991058511));
#5446=CARTESIAN_POINT('',(-0.0128645734478095,0.,-0.0042580307503459));
#5447=CARTESIAN_POINT('',(-0.0129499253866805,0.,-0.0043419749255077));
#5448=CARTESIAN_POINT('',(-0.0130369879685418,0.,-0.00443116978139415));
#5449=CARTESIAN_POINT('',(-0.0131253551146683,0.,-0.00452511695754737));
#5450=CARTESIAN_POINT('',(-0.013184470793281,0.,-0.0045912432348624));
#5451=CARTESIAN_POINT('',(-0.013214169201149,0.,-0.00462447103174026));
#5452=CARTESIAN_POINT('',(-0.0116238836568483,0.,-0.00343271203018125));
#5453=CARTESIAN_POINT('',(-0.0117305795441784,0.,-0.00307200349781696));
#5454=CARTESIAN_POINT('',(-0.0113666927655996,0.,-0.00297670884912604));
#5455=CARTESIAN_POINT('',(-1.55307311793909E-16,0.,-3.67723368352482E-17));
#5456=CARTESIAN_POINT('',(-0.0114480521796655,0.,-0.00264662073060253));
#5457=CARTESIAN_POINT('',(-0.0118145435518321,0.,-0.00273134812771257));
#5458=CARTESIAN_POINT('',(-0.0118876986488268,0.,-0.00236237253302201));
#5459=CARTESIAN_POINT('',(-0.0115246839642565,0.,-0.00229001299647165));
#5460=CARTESIAN_POINT('',(-0.0117386297066782,0.,-0.00233273276814888));
#5461=CARTESIAN_POINT('',(-0.0119793369291727,0.,-0.00238079615781783));
#5462=CARTESIAN_POINT('',(-0.0119906170880499,0.,-0.0023823548815642));
#5463=CARTESIAN_POINT('',(-0.0120043090417377,0.,-0.00238444073643831));
#5464=CARTESIAN_POINT('',(-0.0120207044062273,0.,-0.00238648374175778));
#5465=CARTESIAN_POINT('',(-0.0120427510414947,0.,-0.00238884818108186));
#5466=CARTESIAN_POINT('',(-0.0120694688489954,0.,-0.00239114957647083));
#5467=CARTESIAN_POINT('',(-0.012101178969468,0.,-0.00239325238912638));
#5468=CARTESIAN_POINT('',(-0.0121377838989877,0.,-0.00239494211904453));
#5469=CARTESIAN_POINT('',(-0.0121793072514093,0.,-0.00239602842905074));
#5470=CARTESIAN_POINT('',(-0.0122257287247044,0.,-0.00239631382303797));
#5471=CARTESIAN_POINT('',(-0.0122770334643563,0.,-0.00239560321921725));
#5472=CARTESIAN_POINT('',(-0.012333197471976,0.,-0.00239370132246307));
#5473=CARTESIAN_POINT('',(-0.0123941918642654,0.,-0.00239041359126889));
#5474=CARTESIAN_POINT('',(-0.0124599816514599,0.,-0.00238554615813005));
#5475=CARTESIAN_POINT('',(-0.0125305261070306,0.,-0.00237890605234954));
#5476=CARTESIAN_POINT('',(-0.0126057786874208,0.,-0.00237030133556783));
#5477=CARTESIAN_POINT('',(-0.0126856870856632,0.,-0.00235954126235419));
#5478=CARTESIAN_POINT('',(-0.0127701932534783,0.,-0.0023464364301448));
#5479=CARTESIAN_POINT('',(-0.0128592334333,0.,-0.00233079894228418));
#5480=CARTESIAN_POINT('',(-0.0129527382088764,0.,-0.00231244252369581));
#5481=CARTESIAN_POINT('',(-0.0130506324923608,0.,-0.00229118281441185));
#5482=CARTESIAN_POINT('',(-0.0131528357793201,0.,-0.00226683696997485));
#5483=CARTESIAN_POINT('',(-0.0132592613852497,0.,-0.0022392259376889));
#5484=CARTESIAN_POINT('',(-0.0133698196337819,0.,-0.00220816639434564));
#5485=CARTESIAN_POINT('',(-0.0134844058257122,0.,-0.00217350254240235));
#5486=CARTESIAN_POINT('',(-0.0136029468297877,0.,-0.00213498441900934));
#5487=CARTESIAN_POINT('',(-0.0137248514815017,0.,-0.00209286458624373));
#5488=CARTESIAN_POINT('',(-0.0138079262286892,0.,-0.00206178510122354));
#5489=CARTESIAN_POINT('',(-0.0138496645900533,0.,-0.00204616488656792));
#5490=CARTESIAN_POINT('',(-0.0117378335749938,0.,-0.000534568017886743));
#5491=CARTESIAN_POINT('',(-0.0119557859535085,0.,-0.000544290172603568));
#5492=CARTESIAN_POINT('',(-0.0122010009836114,0.,-0.000555228426536831));
#5493=CARTESIAN_POINT('',(-0.0122123263885813,0.,-0.00055641451518465));
#5494=CARTESIAN_POINT('',(-0.0122261196567238,0.,-0.000557665970454457));
#5495=CARTESIAN_POINT('',(-0.0122425275248939,0.,-0.000559605998700642));
#5496=CARTESIAN_POINT('',(-0.0122644993723761,0.,-0.000562586370850447));
#5497=CARTESIAN_POINT('',(-0.0122909915689148,0.,-0.000566745839679207));
#5498=CARTESIAN_POINT('',(-0.0123222834869248,0.,-0.000572292859483261));
#5499=CARTESIAN_POINT('',(-0.0123582291225572,0.,-0.000579412363069766));
#5500=CARTESIAN_POINT('',(-0.0123988058528238,0.,-0.000588294807926268));
#5501=CARTESIAN_POINT('',(-0.0124439467017241,0.,-0.000599127092688441));
#5502=CARTESIAN_POINT('',(-0.012493590560259,0.,-0.00061209507550451));
#5503=CARTESIAN_POINT('',(-0.012547667390206,0.,-0.000627382633388132));
#5504=CARTESIAN_POINT('',(-0.0126061025907335,0.,-0.000645171742597564));
#5505=CARTESIAN_POINT('',(-0.0126688157932853,0.,-0.000665642263601392));
#5506=CARTESIAN_POINT('',(-0.0127357212738606,0.,-0.000688971813222507));
#5507=CARTESIAN_POINT('',(-0.012806727907518,0.,-0.000715335613838418));
#5508=CARTESIAN_POINT('',(-0.0128817392588663,0.,-0.000744906350287655));
#5509=CARTESIAN_POINT('',(-0.0129606536394028,0.,-0.000777854029577157));
#5510=CARTESIAN_POINT('',(-0.0130433641776276,0.,-0.000814345830242842));
#5511=CARTESIAN_POINT('',(-0.0131297588958554,0.,-0.000854546002149592));
#5512=CARTESIAN_POINT('',(-0.0132197207679275,0.,-0.000898615578401721));
#5513=CARTESIAN_POINT('',(-0.0133131278711806,0.,-0.000946712824357201));
#5514=CARTESIAN_POINT('',(-0.0134098531898894,0.,-0.000998990844806183));
#5515=CARTESIAN_POINT('',(-0.013509765781403,0.,-0.00105560617495825));
#5516=CARTESIAN_POINT('',(-0.0136127267040931,0.,-0.00111668502900303));
#5517=CARTESIAN_POINT('',(-0.0137186051317429,0.,-0.00118245260486975));
#5518=CARTESIAN_POINT('',(-0.0138268875200727,0.,-0.00125252220454954));
#5519=CARTESIAN_POINT('',(-0.0139001104584858,0.,-0.0013025796645284));
#5520=CARTESIAN_POINT('',(-0.0139368978168785,0.,-0.00132773462781085));
#5521=CARTESIAN_POINT('',(-0.01210761648314,0.,-0.000551186218344514));
#5522=CARTESIAN_POINT('',(-0.0121248887798592,0.,-0.000175425223216496));
#5523=CARTESIAN_POINT('',(-0.0117487703875741,0.,-0.000169983469966599));
#5524=CARTESIAN_POINT('',(-1.59594559789866E-16,0.,1.46367293285545E-18));
#5525=CARTESIAN_POINT('',(-0.0117487703875741,0.,0.000169983469966602));
#5526=CARTESIAN_POINT('',(-0.0121248887798592,0.,0.000175425223216499));
#5527=CARTESIAN_POINT('',(-0.01210761648314,0.,0.000551186218344516));
#5528=CARTESIAN_POINT('',(-0.0117378335749938,0.,0.000534568017886746));
#5529=CARTESIAN_POINT('',(-0.0119557859535085,0.,0.000544290172603571));
#5530=CARTESIAN_POINT('',(-0.0122010009836114,0.,0.000555228426536834));
#5531=CARTESIAN_POINT('',(-0.0122123263885813,0.,0.000556414515184653));
#5532=CARTESIAN_POINT('',(-0.0122261196567238,0.,0.00055766597045446));
#5533=CARTESIAN_POINT('',(-0.0122425275248939,0.,0.000559605998700645));
#5534=CARTESIAN_POINT('',(-0.0122644993723761,0.,0.00056258637085045));
#5535=CARTESIAN_POINT('',(-0.0122909915689148,0.,0.00056674583967921));
#5536=CARTESIAN_POINT('',(-0.0123222834869248,0.,0.000572292859483264));
#5537=CARTESIAN_POINT('',(-0.0123582291225572,0.,0.000579412363069769));
#5538=CARTESIAN_POINT('',(-0.0123988058528238,0.,0.000588294807926271));
#5539=CARTESIAN_POINT('',(-0.0124439467017241,0.,0.000599127092688444));
#5540=CARTESIAN_POINT('',(-0.012493590560259,0.,0.000612095075504513));
#5541=CARTESIAN_POINT('',(-0.012547667390206,0.,0.000627382633388135));
#5542=CARTESIAN_POINT('',(-0.0126061025907335,0.,0.000645171742597567));
#5543=CARTESIAN_POINT('',(-0.0126688157932853,0.,0.000665642263601395));
#5544=CARTESIAN_POINT('',(-0.0127357212738606,0.,0.00068897181322251));
#5545=CARTESIAN_POINT('',(-0.012806727907518,0.,0.000715335613838421));
#5546=CARTESIAN_POINT('',(-0.0128817392588663,0.,0.000744906350287658));
#5547=CARTESIAN_POINT('',(-0.0129606536394028,0.,0.00077785402957716));
#5548=CARTESIAN_POINT('',(-0.0130433641776276,0.,0.000814345830242845));
#5549=CARTESIAN_POINT('',(-0.0131297588958554,0.,0.000854546002149595));
#5550=CARTESIAN_POINT('',(-0.0132197207679275,0.,0.000898615578401724));
#5551=CARTESIAN_POINT('',(-0.0133131278711806,0.,0.000946712824357204));
#5552=CARTESIAN_POINT('',(-0.0134098531898894,0.,0.000998990844806186));
#5553=CARTESIAN_POINT('',(-0.013509765781403,0.,0.00105560617495826));
#5554=CARTESIAN_POINT('',(-0.0136127267040931,0.,0.00111668502900304));
#5555=CARTESIAN_POINT('',(-0.0137186051317429,0.,0.00118245260486975));
#5556=CARTESIAN_POINT('',(-0.0138268875200727,0.,0.00125252220454955));
#5557=CARTESIAN_POINT('',(-0.0139001104584858,0.,0.00130257966452841));
#5558=CARTESIAN_POINT('',(-0.0139368978168785,0.,0.00132773462781085));
#5559=CARTESIAN_POINT('',(-0.0115246839642565,0.,0.00229001299647165));
#5560=CARTESIAN_POINT('',(-0.0117386297066782,0.,0.00233273276814888));
#5561=CARTESIAN_POINT('',(-0.0119793369291727,0.,0.00238079615781782));
#5562=CARTESIAN_POINT('',(-0.0119906170880499,0.,0.00238235488156419));
#5563=CARTESIAN_POINT('',(-0.0120043090417377,0.,0.00238444073643831));
#5564=CARTESIAN_POINT('',(-0.0120207044062273,0.,0.00238648374175778));
#5565=CARTESIAN_POINT('',(-0.0120427510414947,0.,0.00238884818108186));
#5566=CARTESIAN_POINT('',(-0.0120694688489954,0.,0.00239114957647083));
#5567=CARTESIAN_POINT('',(-0.012101178969468,0.,0.00239325238912638));
#5568=CARTESIAN_POINT('',(-0.0121377838989877,0.,0.00239494211904453));
#5569=CARTESIAN_POINT('',(-0.0121793072514093,0.,0.00239602842905074));
#5570=CARTESIAN_POINT('',(-0.0122257287247044,0.,0.00239631382303797));
#5571=CARTESIAN_POINT('',(-0.0122770334643563,0.,0.00239560321921725));
#5572=CARTESIAN_POINT('',(-0.012333197471976,0.,0.00239370132246307));
#5573=CARTESIAN_POINT('',(-0.0123941918642654,0.,0.00239041359126889));
#5574=CARTESIAN_POINT('',(-0.0124599816514599,0.,0.00238554615813004));
#5575=CARTESIAN_POINT('',(-0.0125305261070306,0.,0.00237890605234953));
#5576=CARTESIAN_POINT('',(-0.0126057786874208,0.,0.00237030133556783));
#5577=CARTESIAN_POINT('',(-0.0126856870856632,0.,0.00235954126235418));
#5578=CARTESIAN_POINT('',(-0.0127701932534783,0.,0.0023464364301448));
#5579=CARTESIAN_POINT('',(-0.0128592334333,0.,0.00233079894228417));
#5580=CARTESIAN_POINT('',(-0.0129527382088764,0.,0.00231244252369581));
#5581=CARTESIAN_POINT('',(-0.0130506324923608,0.,0.00229118281441185));
#5582=CARTESIAN_POINT('',(-0.0131528357793201,0.,0.00226683696997485));
#5583=CARTESIAN_POINT('',(-0.0132592613852497,0.,0.0022392259376889));
#5584=CARTESIAN_POINT('',(-0.0133698196337819,0.,0.00220816639434564));
#5585=CARTESIAN_POINT('',(-0.0134844058257122,0.,0.00217350254240235));
#5586=CARTESIAN_POINT('',(-0.0136029468297877,0.,0.00213498441900934));
#5587=CARTESIAN_POINT('',(-0.0137248514815017,0.,0.00209286458624372));
#5588=CARTESIAN_POINT('',(-0.0138079262286892,0.,0.00206178510122354));
#5589=CARTESIAN_POINT('',(-0.0138496645900533,0.,0.00204616488656792));
#5590=CARTESIAN_POINT('',(-0.0118876986488268,0.,0.00236237253302201));
#5591=CARTESIAN_POINT('',(-0.0118145435518321,0.,0.00273134812771256));
#5592=CARTESIAN_POINT('',(-0.0114480521796655,0.,0.00264662073060252));
#5593=CARTESIAN_POINT('',(-1.54606752073457E-16,0.,3.96146193503361E-17));
#5594=CARTESIAN_POINT('',(-0.0113666927655996,0.,0.00297670884912604));
#5595=CARTESIAN_POINT('',(-0.0117305795441784,0.,0.00307200349781695));
#5596=CARTESIAN_POINT('',(-0.0116238836568483,0.,0.00343271203018125));
#5597=CARTESIAN_POINT('',(-0.0112688229636416,0.,0.00332808188212125));
#5598=CARTESIAN_POINT('',(-0.0114781153782345,0.,0.00338968094693858));
#5599=CARTESIAN_POINT('',(-0.0117135872097167,0.,0.00345898515291439));
#5600=CARTESIAN_POINT('',(-0.0117242996694086,0.,0.00346284712279544));
#5601=CARTESIAN_POINT('',(-0.0117373926373979,0.,0.00346736315817774));
#5602=CARTESIAN_POINT('',(-0.0117528594435906,0.,0.00347317347259962));
#5603=CARTESIAN_POINT('',(-0.0117734795793763,0.,0.00348132544782718));
#5604=CARTESIAN_POINT('',(-0.0117982065347853,0.,0.00349170404766439));
#5605=CARTESIAN_POINT('',(-0.0118272616777995,0.,0.00350457852729963));
#5606=CARTESIAN_POINT('',(-0.0118604589898587,0.,0.00352009350472069));
#5607=CARTESIAN_POINT('',(-0.0118977309258977,0.,0.00353842848903122));
#5608=CARTESIAN_POINT('',(-0.0119389677283455,0.,0.00355974891952617));
#5609=CARTESIAN_POINT('',(-0.0119840655851533,0.,0.00358422062931302));
#5610=CARTESIAN_POINT('',(-0.0120329124886325,0.,0.0036120053910299));
#5611=CARTESIAN_POINT('',(-0.0120853924559468,0.,0.00364326203988811));
#5612=CARTESIAN_POINT('',(-0.0121413844104767,0.,0.00367814597648351));
#5613=CARTESIAN_POINT('',(-0.0122007626127171,0.,0.0037168091413207));
#5614=CARTESIAN_POINT('',(-0.0122633966521922,0.,0.00375939985750754));
#5615=CARTESIAN_POINT('',(-0.012329151569561,0.,0.00380606271347519));
#5616=CARTESIAN_POINT('',(-0.0123978879458643,0.,0.00385693844048444));
#5617=CARTESIAN_POINT('',(-0.0124694620066513,0.,0.0039121637831428));
#5618=CARTESIAN_POINT('',(-0.012543725720539,0.,0.00397187142049839));
#5619=CARTESIAN_POINT('',(-0.0126205269241921,0.,0.00403618970013332));
#5620=CARTESIAN_POINT('',(-0.0126997093624189,0.,0.00410524311049871));
#5621=CARTESIAN_POINT('',(-0.0127811130699658,0.,0.0041791499105851));
#5622=CARTESIAN_POINT('',(-0.0128645734478095,0.,0.0042580307503459));
#5623=CARTESIAN_POINT('',(-0.0129499253866805,0.,0.00434197492550769));
#5624=CARTESIAN_POINT('',(-0.0130369879685418,0.,0.00443116978139415));
#5625=CARTESIAN_POINT('',(-0.0131253551146683,0.,0.00452511695754736));
#5626=CARTESIAN_POINT('',(-0.013184470793281,0.,0.0045912432348624));
#5627=CARTESIAN_POINT('',(-0.013214169201149,0.,0.00462447103174026));
#5628=CARTESIAN_POINT('',(-0.0106417616120383,0.,0.00498150677933367));
#5629=CARTESIAN_POINT('',(-0.0108392669694786,0.,0.00507418575955512));
#5630=CARTESIAN_POINT('',(-0.0110614773555285,0.,0.00517845752332204));
#5631=CARTESIAN_POINT('',(-0.0110720567064809,0.,0.00518267047210418));
#5632=CARTESIAN_POINT('',(-0.0110848516191337,0.,0.00518797241481871));
#5633=CARTESIAN_POINT('',(-0.0111002816409535,0.,0.00519387972166068));
#5634=CARTESIAN_POINT('',(-0.0111211217937006,0.,0.00520145155983953));
#5635=CARTESIAN_POINT('',(-0.0111465124703067,0.,0.00521008007071144));
#5636=CARTESIAN_POINT('',(-0.0111767979163016,0.,0.00521971050799847));
#5637=CARTESIAN_POINT('',(-0.0112119347942584,0.,0.00523011127046035));
#5638=CARTESIAN_POINT('',(-0.0112519915825235,0.,0.0052411032029403));
#5639=CARTESIAN_POINT('',(-0.0112969958329205,0.,0.00525248968961575));
#5640=CARTESIAN_POINT('',(-0.0113469798087062,0.,0.0052640777625015));
#5641=CARTESIAN_POINT('',(-0.0114019669460235,0.,0.00527567205820301));
#5642=CARTESIAN_POINT('',(-0.0114619757577005,0.,0.00528707677601066));
#5643=CARTESIAN_POINT('',(-0.0115270186662423,0.,0.00529809530825844));
#5644=CARTESIAN_POINT('',(-0.0115971023094691,0.,0.00530853054513069));
#5645=CARTESIAN_POINT('',(-0.0116722274301518,0.,0.00531818498704567));
#5646=CARTESIAN_POINT('',(-0.0117523888896379,0.,0.00532686091341152));
#5647=CARTESIAN_POINT('',(-0.0118375756534255,0.,0.00533436053349613));
#5648=CARTESIAN_POINT('',(-0.0119277707832407,0.,0.00534048615239508));
#5649=CARTESIAN_POINT('',(-0.0120229514584853,0.,0.00534504029545058));
#5650=CARTESIAN_POINT('',(-0.0121230888934571,0.,0.00534782599016249));
#5651=CARTESIAN_POINT('',(-0.0122281486805783,0.,0.00534864643922909));
#5652=CARTESIAN_POINT('',(-0.0123380895043535,0.,0.00534730704794061));
#5653=CARTESIAN_POINT('',(-0.0124528681663624,0.,0.00534360835916843));
#5654=CARTESIAN_POINT('',(-0.0125724202945617,0.,0.00533737404640361));
#5655=CARTESIAN_POINT('',(-0.0126967347027852,0.,0.00532834390880821));
#5656=CARTESIAN_POINT('',(-0.0128251769626311,0.,0.00531662169453775));
#5657=CARTESIAN_POINT('',(-0.0129132755162508,0.,0.00530632641117628));
#5658=CARTESIAN_POINT('',(-0.0129575391987367,0.,0.0053011487352461));
#5659=CARTESIAN_POINT('',(-0.0109769109790703,0.,0.00513863877964407));
#5660=CARTESIAN_POINT('',(-0.010817579996691,0.,0.00547938545350546));
#5661=CARTESIAN_POINT('',(-0.0104820147910514,0.,0.00530941295438397));
#5662=CARTESIAN_POINT('',(-1.40633761899217E-16,0.,7.54633080844578E-17));
#5663=CARTESIAN_POINT('',(-0.0103240242763356,0.,0.0056104387298707));
#5664=CARTESIAN_POINT('',(-0.0106545316643117,0.,0.00579004809540267));
#5665=CARTESIAN_POINT('',(-0.0104646129635185,0.,0.00611474109622438));
#5666=CARTESIAN_POINT('',(-0.0101449093221474,0.,0.00592817972445229));
#5667=CARTESIAN_POINT('',(-0.0103333784584295,0.,0.00603807578562644));
#5668=CARTESIAN_POINT('',(-0.0105454223243504,0.,0.00616171823510401));
#5669=CARTESIAN_POINT('',(-0.0105548992695452,0.,0.00616803164256649));
#5670=CARTESIAN_POINT('',(-0.0105665310216728,0.,0.0061755498025));
#5671=CARTESIAN_POINT('',(-0.0105801578913317,0.,0.00618489272874301));
#5672=CARTESIAN_POINT('',(-0.0105982279480802,0.,0.00619774254387933));
#5673=CARTESIAN_POINT('',(-0.01061975262159,0.,0.00621373710822712));
#5674=CARTESIAN_POINT('',(-0.0106448824103075,0.,0.00623319082973399));
#5675=CARTESIAN_POINT('',(-0.0106734020916841,0.,0.00625619960689653));
#5676=CARTESIAN_POINT('',(-0.0107052031240507,0.,0.00628292156801792));
#5677=CARTESIAN_POINT('',(-0.0107401393469775,0.,0.0063134910783219));
#5678=CARTESIAN_POINT('',(-0.0107780702785445,0.,0.00634804430825775));
#5679=CARTESIAN_POINT('',(-0.0108188484510769,0.,0.00638671152445041));
#5680=CARTESIAN_POINT('',(-0.0108623232402346,0.,0.00642961919013905));
#5681=CARTESIAN_POINT('',(-0.0109083398978678,0.,0.00647688921472903));
#5682=CARTESIAN_POINT('',(-0.0109567399764901,0.,0.00652863903217687));
#5683=CARTESIAN_POINT('',(-0.0110073613590741,0.,0.00658498144632081));
#5684=CARTESIAN_POINT('',(-0.0110600384056754,0.,0.00664602454623061));
#5685=CARTESIAN_POINT('',(-0.0111146020694012,0.,0.00671187160863158));
#5686=CARTESIAN_POINT('',(-0.0111708800284985,0.,0.00678262099710326));
#5687=CARTESIAN_POINT('',(-0.0112286968009327,0.,0.00685836610905302));
#5688=CARTESIAN_POINT('',(-0.0112878739293715,0.,0.00693919514744579));
#5689=CARTESIAN_POINT('',(-0.0113482299070787,0.,0.0070251915890096));
#5690=CARTESIAN_POINT('',(-0.0114095811158715,0.,0.00711643197415267));
#5691=CARTESIAN_POINT('',(-0.0114717388662512,0.,0.00721299405583548));
#5692=CARTESIAN_POINT('',(-0.0115345214768575,0.,0.00731492502177854));
#5693=CARTESIAN_POINT('',(-0.0115977084521323,0.,0.00742236347687071));
#5694=CARTESIAN_POINT('',(-0.011661024778724,0.,0.00753472836110342));
#5695=CARTESIAN_POINT('',(-0.0117025976091721,0.,0.00761308043687631));
#5696=CARTESIAN_POINT('',(-0.0117234811029995,0.,0.00765244998857318));
#5697=CARTESIAN_POINT('',(-0.00914037875615808,0.,0.00738349349522123));
#5698=CARTESIAN_POINT('',(-0.00930996543514537,0.,0.00752074551853082));
#5699=CARTESIAN_POINT('',(-0.00950076492481526,0.,0.007675165760498));
#5700=CARTESIAN_POINT('',(-0.0095100286344197,0.,0.00768178809304615));
#5701=CARTESIAN_POINT('',(-0.00952118291222193,0.,0.0076899979939623));
#5702=CARTESIAN_POINT('',(-0.00953475085458951,0.,0.00769942629112531));
#5703=CARTESIAN_POINT('',(-0.00955317337088962,0.,0.00771176548044648));
#5704=CARTESIAN_POINT('',(-0.00957576130276807,0.,0.00772621964911282));
#5705=CARTESIAN_POINT('',(-0.00960286199424723,0.,0.00774281802502142));
#5706=CARTESIAN_POINT('',(-0.00963448879301156,0.,0.00776132536551798));
#5707=CARTESIAN_POINT('',(-0.00967075106218668,0.,0.00778158410930998));
#5708=CARTESIAN_POINT('',(-0.00971172260623647,0.,0.00780340994745628));
#5709=CARTESIAN_POINT('',(-0.00975748093116749,0.,0.0078266232403733));
#5710=CARTESIAN_POINT('',(-0.00980809554563171,0.,0.00785103991020788));
#5711=CARTESIAN_POINT('',(-0.00986363128268475,0.,0.00787647427627284));
#5712=CARTESIAN_POINT('',(-0.00992414725515062,0.,0.00790273841686374));
#5713=CARTESIAN_POINT('',(-0.00998969707943306,0.,0.00792964253835228));
#5714=CARTESIAN_POINT('',(-0.0100603287414629,0.,0.00795699505789232));
#5715=CARTESIAN_POINT('',(-0.0101360845695422,0.,0.00798460277053299));
#5716=CARTESIAN_POINT('',(-0.0102170011842324,0.,0.00801227099225229));
#5717=CARTESIAN_POINT('',(-0.0103031094509421,0.,0.00803980371920611));
#5718=CARTESIAN_POINT('',(-0.0103944344709774,0.,0.00806700375366474));
#5719=CARTESIAN_POINT('',(-0.0104909954337008,0.,0.00809367295792144));
#5720=CARTESIAN_POINT('',(-0.0105928060280333,0.,0.00811961201897411));
#5721=CARTESIAN_POINT('',(-0.0106998727085948,0.,0.0081446221092363));
#5722=CARTESIAN_POINT('',(-0.010812201265448,0.,0.00816849922938245));
#5723=CARTESIAN_POINT('',(-0.0109297713947797,0.,0.00819105677139317));
#5724=CARTESIAN_POINT('',(-0.0110526345056097,0.,0.00821203941836923));
#5725=CARTESIAN_POINT('',(-0.0111801497763138,0.,0.0082313960750788));
#5726=CARTESIAN_POINT('',(-0.0112681521686547,0.,0.0082424833178232));
#5727=CARTESIAN_POINT('',(-0.0113123687279282,0.,0.00824804908832342));
#5728=CARTESIAN_POINT('',(-0.00942818514265817,0.,0.00761626601858521));
#5729=CARTESIAN_POINT('',(-0.0091919380124456,0.,0.00790898081349636));
#5730=CARTESIAN_POINT('',(-0.00890680080335482,0.,0.00766364139618746));
#5731=CARTESIAN_POINT('',(-1.1848764866632E-16,0.,1.06926343650675E-16));
#5732=CARTESIAN_POINT('',(-0.00868136102243232,0.,0.0079181103047503));
#5733=CARTESIAN_POINT('',(-0.00895928113176198,0.,0.00817159614365209));
#5734=CARTESIAN_POINT('',(-0.00869717700206956,0.,0.00844140363593451));
#5735=CARTESIAN_POINT('',(-0.00843141042609493,0.,0.00818375330925472));
#5736=CARTESIAN_POINT('',(-0.00858810314292293,0.,0.00833555960716617));
#5737=CARTESIAN_POINT('',(-0.00876439582454335,0.,0.0085063546504039));
#5738=CARTESIAN_POINT('',(-0.00877208648963368,0.,0.00851475258315439));
#5739=CARTESIAN_POINT('',(-0.00878158103074554,0.,0.00852483593951116));
#5740=CARTESIAN_POINT('',(-0.00879257601973778,0.,0.00853716850066222));
#5741=CARTESIAN_POINT('',(-0.00880704583143284,0.,0.00855396937115874));
#5742=CARTESIAN_POINT('',(-0.00882411728725809,0.,0.00857465035407511));
#5743=CARTESIAN_POINT('',(-0.0088438612697017,0.,0.00859955273787101));
#5744=CARTESIAN_POINT('',(-0.00886604586017874,0.,0.00862871812827986));
#5745=CARTESIAN_POINT('',(-0.00889052782846403,0.,0.00866227408296211));
#5746=CARTESIAN_POINT('',(-0.00891713310558119,0.,0.00870031608425189));
#5747=CARTESIAN_POINT('',(-0.00894569270403819,0.,0.00874294272620876));
#5748=CARTESIAN_POINT('',(-0.00897603226645881,0.,0.00879024519882169));
#5749=CARTESIAN_POINT('',(-0.00900797528073846,0.,0.00884231024377395));
#5750=CARTESIAN_POINT('',(-0.00904134232059707,0.,0.00889921919434891));
#5751=CARTESIAN_POINT('',(-0.00907595143895888,0.,0.00896104815312025));
#5752=CARTESIAN_POINT('',(-0.00911161823389721,0.,0.00902786784890758));
#5753=CARTESIAN_POINT('',(-0.00914815601125583,0.,0.00909974358967543));
#5754=CARTESIAN_POINT('',(-0.00918537592059934,0.,0.0091767351955457));
#5755=CARTESIAN_POINT('',(-0.00922308710758625,0.,0.00925889693253629));
#5756=CARTESIAN_POINT('',(-0.0092610968379084,0.,0.00934627748849597));
#5757=CARTESIAN_POINT('',(-0.0092992107315281,0.,0.0094389197957368));
#5758=CARTESIAN_POINT('',(-0.00933723257867652,0.,0.00953686146789968));
#5759=CARTESIAN_POINT('',(-0.00937496577946263,0.,0.00964013287856022));
#5760=CARTESIAN_POINT('',(-0.00941220851986057,0.,0.00974876436496652));
#5761=CARTESIAN_POINT('',(-0.00944877310507928,0.,0.00986275826445424));
#5762=CARTESIAN_POINT('',(-0.00948441227643977,0.,0.00998219638626507));
#5763=CARTESIAN_POINT('',(-0.00951899806874077,0.,0.0101064487399354));
#5764=CARTESIAN_POINT('',(-0.0095406119892297,0.,0.0101924730763204));
#5765=CARTESIAN_POINT('',(-0.00955146689626361,0.,0.0102356963675942));
#5766=CARTESIAN_POINT('',(-0.00710779031089487,0.,0.00935637840707338));
#5767=CARTESIAN_POINT('',(-0.0072396025500689,0.,0.00953022688476716));
#5768=CARTESIAN_POINT('',(-0.00738790257054712,0.,0.00972582126176623));
#5769=CARTESIAN_POINT('',(-0.00739531226567368,0.,0.00973446811218388));
#5770=CARTESIAN_POINT('',(-0.00740417766254356,0.,0.00974510884170218));
#5771=CARTESIAN_POINT('',(-0.007415095005966,0.,0.00975751019082558));
#5772=CARTESIAN_POINT('',(-0.00743002923613483,0.,0.00977389962245685));
#5773=CARTESIAN_POINT('',(-0.00744850169478868,0.,0.0097933394251735));
#5774=CARTESIAN_POINT('',(-0.00747084263807029,0.,0.0098159411024285));
#5775=CARTESIAN_POINT('',(-0.00749712132305676,0.,0.00984147944160154));
#5776=CARTESIAN_POINT('',(-0.00752748164186544,0.,0.00986982763215392));
#5777=CARTESIAN_POINT('',(-0.00756203936235328,0.,0.0099008243833917));
#5778=CARTESIAN_POINT('',(-0.00760091272890944,0.,0.00993431382413255));
#5779=CARTESIAN_POINT('',(-0.00764421328310449,0.,0.00997013386000039));
#5780=CARTESIAN_POINT('',(-0.0076920484103603,0.,0.0100081197214171));
#5781=CARTESIAN_POINT('',(-0.00774452047839716,0.,0.0100481030939663));
#5782=CARTESIAN_POINT('',(-0.00780172696621181,0.,0.0100899125303227));
#5783=CARTESIAN_POINT('',(-0.00786376031412722,0.,0.0101333734984745));
#5784=CARTESIAN_POINT('',(-0.00793070785743312,0.,0.0101783085374812));
#5785=CARTESIAN_POINT('',(-0.00800265174349992,0.,0.0102245373843588));
#5786=CARTESIAN_POINT('',(-0.0080796688476339,0.,0.0102718771173543));
#5787=CARTESIAN_POINT('',(-0.00816183073424827,0.,0.0103201422760815));
#5788=CARTESIAN_POINT('',(-0.00824920345255464,0.,0.0103691450726702));
#5789=CARTESIAN_POINT('',(-0.00834184799242229,0.,0.0104186952617652));
#5790=CARTESIAN_POINT('',(-0.00843981820346746,0.,0.01046860133804));
#5791=CARTESIAN_POINT('',(-0.00854316852773828,0.,0.0105186666156714));
#5792=CARTESIAN_POINT('',(-0.0086519239096356,0.,0.0105687050501093));
#5793=CARTESIAN_POINT('',(-0.00876619536565997,0.,0.0106184810464834));
#5794=CARTESIAN_POINT('',(-0.00888537292318811,0.,0.0106677916356436));
#5795=CARTESIAN_POINT('',(-0.0089681647750829,0.,0.010699617054246));
#5796=CARTESIAN_POINT('',(-0.00900976450543972,0.,0.010715602808826));
#5797=CARTESIAN_POINT('',(-0.00733152745581336,0.,0.00965126356052672));
#5798=CARTESIAN_POINT('',(-0.00703209400225212,0.,0.00987893495658241));
#5799=CARTESIAN_POINT('',(-0.00681395592787092,0.,0.00957248685624759));
#5800=CARTESIAN_POINT('',(-8.94554639780154E-17,0.,1.3217520878536E-16));
#5801=CARTESIAN_POINT('',(-0.00653416862136865,0.,0.00976561008987771));
#5802=CARTESIAN_POINT('',(-0.00674334974549617,0.,0.0100782407265759));
#5803=CARTESIAN_POINT('',(-0.00642429272621241,0.,0.0102774824795779));
#5804=CARTESIAN_POINT('',(-0.00622790860300779,0.,0.0099637168984562));
#5805=CARTESIAN_POINT('',(-0.00634371848923448,0.,0.0101486110028638));
#5806=CARTESIAN_POINT('',(-0.00647401449669646,0.,0.0103566326527634));
#5807=CARTESIAN_POINT('',(-0.00647947192818166,0.,0.0103666270534757));
#5808=CARTESIAN_POINT('',(-0.00648627747005966,0.,0.0103786895982358));
#5809=CARTESIAN_POINT('',(-0.00649400158959013,0.,0.0103932950706678));
#5810=CARTESIAN_POINT('',(-0.00650403022337166,0.,0.010413070591));
#5811=CARTESIAN_POINT('',(-0.00651565633055199,0.,0.0104372360889301));
#5812=CARTESIAN_POINT('',(-0.00652886705822855,0.,0.0104661398989853));
#5813=CARTESIAN_POINT('',(-0.00654342727004529,0.,0.0104997669161618));
#5814=CARTESIAN_POINT('',(-0.00655916737124079,0.,0.0105382067142897));
#5815=CARTESIAN_POINT('',(-0.00657589550054856,0.,0.0105815103437274));
#5816=CARTESIAN_POINT('',(-0.00659342398584309,0.,0.0106297330922163));
#5817=CARTESIAN_POINT('',(-0.00661156171306387,0.,0.0106829217734787));
#5818=CARTESIAN_POINT('',(-0.00663011654058372,0.,0.0107411183665307));
#5819=CARTESIAN_POINT('',(-0.0066488947915954,0.,0.0108043589017388));
#5820=CARTESIAN_POINT('',(-0.00666770159353657,0.,0.010872673727489));
#5821=CARTESIAN_POINT('',(-0.00668634097635091,0.,0.0109460873870803));
#5822=CARTESIAN_POINT('',(-0.00670461604165618,0.,0.0110246186119104));
#5823=CARTESIAN_POINT('',(-0.00672232911077519,0.,0.0111082802889699));
#5824=CARTESIAN_POINT('',(-0.00673928188853863,0.,0.0111970794329713));
#5825=CARTESIAN_POINT('',(-0.00675527558938219,0.,0.0112910171926439));
#5826=CARTESIAN_POINT('',(-0.00677011120722401,0.,0.0113900887345771));
#5827=CARTESIAN_POINT('',(-0.0067835892322611,0.,0.0114942836233564));
#5828=CARTESIAN_POINT('',(-0.00679551150856553,0.,0.0116035843005231));
#5829=CARTESIAN_POINT('',(-0.00680567482628156,0.,0.0117179719245224));
#5830=CARTESIAN_POINT('',(-0.00681389638532662,0.,0.0118374038464675));
#5831=CARTESIAN_POINT('',(-0.00681991653367651,0.,0.0119619003254972));
#5832=CARTESIAN_POINT('',(-0.00682376179115245,0.,0.0120908190534488));
#5833=CARTESIAN_POINT('',(-0.0068241606791868,0.,0.012179516228701));
#5834=CARTESIAN_POINT('',(-0.00682435615168642,0.,0.0122240812789731));
#5835=CARTESIAN_POINT('',(-0.00466212292852903,0.,0.0107855046149582));
#5836=CARTESIAN_POINT('',(-0.00474850027966699,0.,0.0109858461054261));
#5837=CARTESIAN_POINT('',(-0.00484568217281199,0.,0.0112112473832225));
#5838=CARTESIAN_POINT('',(-0.00485080722891304,0.,0.0112214162279934));
#5839=CARTESIAN_POINT('',(-0.00485686852020891,0.,0.0112338693855917));
#5840=CARTESIAN_POINT('',(-0.00486450078836944,0.,0.0112485230653415));
#5841=CARTESIAN_POINT('',(-0.00487507880923329,0.,0.0112680102450896));
#5842=CARTESIAN_POINT('',(-0.00488836224251022,0.,0.0112913059111835));
#5843=CARTESIAN_POINT('',(-0.00490464506317679,0.,0.0113185973624566));
#5844=CARTESIAN_POINT('',(-0.00492404841273313,0.,0.0113496825048615));
#5845=CARTESIAN_POINT('',(-0.00494674234980147,0.,0.0113844726483808));
#5846=CARTESIAN_POINT('',(-0.0049728778776248,0.,0.0114228388941967));
#5847=CARTESIAN_POINT('',(-0.00500260710704079,0.,0.0114646581981947));
#5848=CARTESIAN_POINT('',(-0.00503607713014798,0.,0.0115097998698117));
#5849=CARTESIAN_POINT('',(-0.00507343164388406,0.,0.0115581296263877));
#5850=CARTESIAN_POINT('',(-0.00511481032162582,0.,0.0116095085426162));
#5851=CARTESIAN_POINT('',(-0.00516034883983801,0.,0.0116637934813705));
#5852=CARTESIAN_POINT('',(-0.00521017872094019,0.,0.0117208371046393));
#5853=CARTESIAN_POINT('',(-0.00526442723160014,0.,0.0117804880088773));
#5854=CARTESIAN_POINT('',(-0.00532321727189079,0.,0.0118425908283676));
#5855=CARTESIAN_POINT('',(-0.0053866672593025,0.,0.0119069863541961));
#5856=CARTESIAN_POINT('',(-0.00545489106229228,0.,0.0119735116416032));
#5857=CARTESIAN_POINT('',(-0.00552799775138055,0.,0.0120420001661041));
#5858=CARTESIAN_POINT('',(-0.0056060920728754,0.,0.0121122818063588));
#5859=CARTESIAN_POINT('',(-0.00568927214184552,0.,0.0121841835088944));
#5860=CARTESIAN_POINT('',(-0.00577763788835051,0.,0.0122575273320549));
#5861=CARTESIAN_POINT('',(-0.00587125805532733,0.,0.0123321386069929));
#5862=CARTESIAN_POINT('',(-0.00597029681488172,0.,0.0124078151527841));
#5863=CARTESIAN_POINT('',(-0.0060742104927832,0.,0.0124842139221897));
#5864=CARTESIAN_POINT('',(-0.00614698024273592,0.,0.0125349279390017));
#5865=CARTESIAN_POINT('',(-0.00618354551905657,0.,0.0125604046437109));
#5866=CARTESIAN_POINT('',(-0.00480878804225467,0.,0.0111253647452461));
#5867=CARTESIAN_POINT('',(-0.00446357024926942,0.,0.0112747613084594));
#5868=CARTESIAN_POINT('',(-0.0043251087015812,0.,0.0109250141747966));
#5869=CARTESIAN_POINT('',(-5.52244528806899E-17,0.,1.49742531222776E-16));
#5870=CARTESIAN_POINT('',(-0.0040072340907676,0.,0.0110455681131298));
#5871=CARTESIAN_POINT('',(-0.00413551938310114,0.,0.0113991745913856));
#5872=CARTESIAN_POINT('',(-0.00377805190846172,0.,0.011516271398637));
#5873=CARTESIAN_POINT('',(-0.00366246336944052,0.,0.0111646254781567));
#5874=CARTESIAN_POINT('',(-0.00373065997543021,0.,0.011371862015775));
#5875=CARTESIAN_POINT('',(-0.00380738697838678,0.,0.0116050208101723));
#5876=CARTESIAN_POINT('',(-0.00381029401018589,0.,0.0116160308406051));
#5877=CARTESIAN_POINT('',(-0.00381401503947323,0.,0.0116293715425126));
#5878=CARTESIAN_POINT('',(-0.00381801939179084,0.,0.0116454011092566));
#5879=CARTESIAN_POINT('',(-0.00382302401991607,0.,0.0116670019980638));
#5880=CARTESIAN_POINT('',(-0.00382852911136134,0.,0.0116932476001061));
#5881=CARTESIAN_POINT('',(-0.00383443882479733,0.,0.0117244730520412));
#5882=CARTESIAN_POINT('',(-0.00384052847136719,0.,0.0117606074159763));
#5883=CARTESIAN_POINT('',(-0.00384661194800435,0.,0.0118016970762056));
#5884=CARTESIAN_POINT('',(-0.00385249075143164,0.,0.0118477456842506));
#5885=CARTESIAN_POINT('',(-0.00385796943171185,0.,0.0118987620084119));
#5886=CARTESIAN_POINT('',(-0.00386285122495467,0.,0.0119547457655018));
#5887=CARTESIAN_POINT('',(-0.0038669395265833,0.,0.0120156917322014));
#5888=CARTESIAN_POINT('',(-0.00387003766505544,0.,0.0120815885420064));
#5889=CARTESIAN_POINT('',(-0.00387194916760708,0.,0.0121524190253771));
#5890=CARTESIAN_POINT('',(-0.00387247788511967,0.,0.0122281601137246));
#5891=CARTESIAN_POINT('',(-0.00387142815800319,0.,0.0123087828732793));
#5892=CARTESIAN_POINT('',(-0.0038686049677049,0.,0.0123942525089552));
#5893=CARTESIAN_POINT('',(-0.00386381410242211,0.,0.0124845283764897));
#5894=CARTESIAN_POINT('',(-0.00385686227802877,0.,0.012579564018733));
#5895=CARTESIAN_POINT('',(-0.00384755742790903,0.,0.0126793071174517));
#5896=CARTESIAN_POINT('',(-0.00383570833701026,0.,0.0127836997946447));
#5897=CARTESIAN_POINT('',(-0.0038211268094699,0.,0.0128926775802524));
#5898=CARTESIAN_POINT('',(-0.00380362004942053,0.,0.0130061735489199));
#5899=CARTESIAN_POINT('',(-0.00378302077516438,0.,0.0131241025441363));
#5900=CARTESIAN_POINT('',(-0.00375907203136393,0.,0.01324642209755));
#5901=CARTESIAN_POINT('',(-0.00373195328162726,0.,0.0133725149119148));
#5902=CARTESIAN_POINT('',(-0.00371111395528436,0.,0.0134587301686097));
#5903=CARTESIAN_POINT('',(-0.00370063863309853,0.,0.0135020470191456));
#5904=CARTESIAN_POINT('',(-0.00194550990768441,0.,0.0115878164983357));
#5905=CARTESIAN_POINT('',(-0.00198143243310705,0.,0.0118030078823635));
#5906=CARTESIAN_POINT('',(-0.00202184834053106,0.,0.012045116557992));
#5907=CARTESIAN_POINT('',(-0.00202439090797485,0.,0.0120562164208203));
#5908=CARTESIAN_POINT('',(-0.00202729583347848,0.,0.0120697582742444));
#5909=CARTESIAN_POINT('',(-0.00203119946669376,0.,0.0120858126660175));
#5910=CARTESIAN_POINT('',(-0.00203680652212957,0.,0.0121072650698286));
#5911=CARTESIAN_POINT('',(-0.00204412894517085,0.,0.0121330627398626));
#5912=CARTESIAN_POINT('',(-0.00205340734487089,0.,0.0121634578852062));
#5913=CARTESIAN_POINT('',(-0.00206480770684917,0.,0.0121982832753562));
#5914=CARTESIAN_POINT('',(-0.00207851637304387,0.,0.0122374934951582));
#5915=CARTESIAN_POINT('',(-0.00209471080632439,0.,0.0122809995288011));
#5916=CARTESIAN_POINT('',(-0.00211356814384791,0.,0.0123287183101148));
#5917=CARTESIAN_POINT('',(-0.00213526247978282,0.,0.0123805581476099));
#5918=CARTESIAN_POINT('',(-0.00215996547143895,0.,0.0124364230495644));
#5919=CARTESIAN_POINT('',(-0.00218784598054063,0.,0.0124962115536157));
#5920=CARTESIAN_POINT('',(-0.00221906999599766,0.,0.0125598171514454));
#5921=CARTESIAN_POINT('',(-0.00225380047872121,0.,0.0126271282617919));
#5922=CARTESIAN_POINT('',(-0.00229219723048096,0.,0.012698028337529));
#5923=CARTESIAN_POINT('',(-0.00233441676154686,0.,0.0127723959394979));
#5924=CARTESIAN_POINT('',(-0.00238061214959926,0.,0.0128501048242664));
#5925=CARTESIAN_POINT('',(-0.00243093294951812,0.,0.0129310240324589));
#5926=CARTESIAN_POINT('',(-0.00248552491435047,0.,0.0130150179807737));
#5927=CARTESIAN_POINT('',(-0.00254453045936856,0.,0.0131019465587199));
#5928=CARTESIAN_POINT('',(-0.00260808626300234,0.,0.0131916652219169));
#5929=CARTESIAN_POINT('',(-0.00267633193575104,0.,0.0132840251141985));
#5930=CARTESIAN_POINT('',(-0.00274937602399813,0.,0.013378873093538));
#5931=CARTESIAN_POINT('',(-0.00282742631436849,0.,0.013476052142978));
#5932=CARTESIAN_POINT('',(-0.00291003702739451,0.,0.0135750990738493));
#5933=CARTESIAN_POINT('',(-0.00296855556204519,0.,0.0136417543745517));
#5934=CARTESIAN_POINT('',(-0.0029979613433793,0.,0.0136752414159167));
#5935=CARTESIAN_POINT('',(-0.00200657934691347,0.,0.0119529001700272));
#5936=CARTESIAN_POINT('',(-0.00163564001781689,0.,0.0120153395151786));
#5937=CARTESIAN_POINT('',(-0.00158490187868606,0.,0.0116426193803172));
#5938=CARTESIAN_POINT('',(-1.77839973146574E-17,0.,1.58607362037478E-16));
#5939=CARTESIAN_POINT('',(-0.0012474136805144,0.,0.0116835978666533));
#5940=CARTESIAN_POINT('',(-0.00128734766616159,0.,0.0120576298632577));
#5941=CARTESIAN_POINT('',(-0.000912244446451176,0.,0.0120857764839507));
#5942=CARTESIAN_POINT('',(-0.00088416907735405,0.,0.0117166866068292));
#5943=CARTESIAN_POINT('',(-0.000900789064251207,0.,0.0119342217433659));
#5944=CARTESIAN_POINT('',(-0.000919487968181837,0.,0.0121789673406283));
#5945=CARTESIAN_POINT('',(-0.000919675654173304,0.,0.0121903531378328));
#5946=CARTESIAN_POINT('',(-0.000920095918173193,0.,0.0122041966837843));
#5947=CARTESIAN_POINT('',(-0.000920147784876497,0.,0.0122207187646862));
#5948=CARTESIAN_POINT('',(-0.00091983755654985,0.,0.012242889656827));
#5949=CARTESIAN_POINT('',(-0.000918901696355447,0.,0.0122696900639895));
#5950=CARTESIAN_POINT('',(-0.000917166944486913,0.,0.0123014224480381));
#5951=CARTESIAN_POINT('',(-0.000914432117686213,0.,0.0123379641608428));
#5952=CARTESIAN_POINT('',(-0.000910505420215431,0.,0.0123793157014759));
#5953=CARTESIAN_POINT('',(-0.00090519324307562,0.,0.0124254331104084));
#5954=CARTESIAN_POINT('',(-0.000898303717357811,0.,0.0124762781269187));
#5955=CARTESIAN_POINT('',(-0.000889645864544005,0.,0.0125318033873668));
#5956=CARTESIAN_POINT('',(-0.000879030043051139,0.,0.0125919567696589));
#5957=CARTESIAN_POINT('',(-0.000866268016436999,0.,0.012656680171));
#5958=CARTESIAN_POINT('',(-0.000851173130018835,0.,0.0127259099017561));
#5959=CARTESIAN_POINT('',(-0.000833560455089649,0.,0.0127995766221129));
#5960=CARTESIAN_POINT('',(-0.000813246941875855,0.,0.0128776054146586));
#5961=CARTESIAN_POINT('',(-0.000790051565718504,0.,0.0129599158243948));
#5962=CARTESIAN_POINT('',(-0.000763795485065619,0.,0.0130464219101808));
#5963=CARTESIAN_POINT('',(-0.000734302150200288,0.,0.0131370323089081));
#5964=CARTESIAN_POINT('',(-0.000701397596186183,0.,0.0132316502580662));
#5965=CARTESIAN_POINT('',(-0.000664910015444898,0.,0.0133301738007263));
#5966=CARTESIAN_POINT('',(-0.00062467210943871,0.,0.0134324953019937));
#5967=CARTESIAN_POINT('',(-0.000580512700883513,0.,0.0135385036421715));
#5968=CARTESIAN_POINT('',(-0.000532289748270615,0.,0.0136480761061117));
#5969=CARTESIAN_POINT('',(-0.000479763926259366,0.,0.0137611099660785));
#5970=CARTESIAN_POINT('',(-0.00042325721247213,0.,0.0138770488108143));
#5971=CARTESIAN_POINT('',(-0.000382390777651165,0.,0.0139557716316124));
#5972=CARTESIAN_POINT('',(-0.000361853448429084,0.,0.0139953228645094));
#5973=CARTESIAN_POINT('',(0.000884169077354049,0.,0.0117166866068292));
#5974=CARTESIAN_POINT('',(0.000900789064251206,0.,0.0119342217433659));
#5975=CARTESIAN_POINT('',(0.000919487968181836,0.,0.0121789673406283));
#5976=CARTESIAN_POINT('',(0.000919675654173303,0.,0.0121903531378328));
#5977=CARTESIAN_POINT('',(0.000920095918173192,0.,0.0122041966837843));
#5978=CARTESIAN_POINT('',(0.000920147784876496,0.,0.0122207187646862));
#5979=CARTESIAN_POINT('',(0.000919837556549849,0.,0.012242889656827));
#5980=CARTESIAN_POINT('',(0.000918901696355446,0.,0.0122696900639895));
#5981=CARTESIAN_POINT('',(0.000917166944486912,0.,0.0123014224480381));
#5982=CARTESIAN_POINT('',(0.000914432117686212,0.,0.0123379641608428));
#5983=CARTESIAN_POINT('',(0.00091050542021543,0.,0.0123793157014759));
#5984=CARTESIAN_POINT('',(0.000905193243075618,0.,0.0124254331104084));
#5985=CARTESIAN_POINT('',(0.000898303717357809,0.,0.0124762781269187));
#5986=CARTESIAN_POINT('',(0.000889645864544004,0.,0.0125318033873668));
#5987=CARTESIAN_POINT('',(0.000879030043051138,0.,0.0125919567696589));
#5988=CARTESIAN_POINT('',(0.000866268016436998,0.,0.012656680171));
#5989=CARTESIAN_POINT('',(0.000851173130018834,0.,0.0127259099017561));
#5990=CARTESIAN_POINT('',(0.000833560455089648,0.,0.0127995766221129));
#5991=CARTESIAN_POINT('',(0.000813246941875854,0.,0.0128776054146586));
#5992=CARTESIAN_POINT('',(0.000790051565718503,0.,0.0129599158243948));
#5993=CARTESIAN_POINT('',(0.000763795485065618,0.,0.0130464219101808));
#5994=CARTESIAN_POINT('',(0.000734302150200287,0.,0.0131370323089081));
#5995=CARTESIAN_POINT('',(0.000701397596186182,0.,0.0132316502580662));
#5996=CARTESIAN_POINT('',(0.000664910015444897,0.,0.0133301738007263));
#5997=CARTESIAN_POINT('',(0.000624672109438709,0.,0.0134324953019937));
#5998=CARTESIAN_POINT('',(0.000580512700883511,0.,0.0135385036421715));
#5999=CARTESIAN_POINT('',(0.000532289748270614,0.,0.0136480761061117));
#6000=CARTESIAN_POINT('',(0.000479763926259365,0.,0.0137611099660785));
#6001=CARTESIAN_POINT('',(0.000423257212472129,0.,0.0138770488108143));
#6002=CARTESIAN_POINT('',(0.000382390777651163,0.,0.0139557716316124));
#6003=CARTESIAN_POINT('',(0.000361853448429082,0.,0.0139953228645094));
#6004=CARTESIAN_POINT('',(0.000912244446451175,0.,0.0120857764839507));
#6005=CARTESIAN_POINT('',(0.00128734766616159,0.,0.0120576298632577));
#6006=CARTESIAN_POINT('',(0.0012474136805144,0.,0.0116835978666533));
#6007=CARTESIAN_POINT('',(2.06899995331028E-17,0.,1.58254509484866E-16));
#6008=CARTESIAN_POINT('',(0.00158490187868605,0.,0.0116426193803172));
#6009=CARTESIAN_POINT('',(0.00163564001781689,0.,0.0120153395151786));
#6010=CARTESIAN_POINT('',(0.00200657934691347,0.,0.0119529001700272));
#6011=CARTESIAN_POINT('',(0.00194550990768441,0.,0.0115878164983357));
#6012=CARTESIAN_POINT('',(0.00198143243310705,0.,0.0118030078823635));
#6013=CARTESIAN_POINT('',(0.00202184834053106,0.,0.012045116557992));
#6014=CARTESIAN_POINT('',(0.00202439090797484,0.,0.0120562164208203));
#6015=CARTESIAN_POINT('',(0.00202729583347848,0.,0.0120697582742444));
#6016=CARTESIAN_POINT('',(0.00203119946669376,0.,0.0120858126660175));
#6017=CARTESIAN_POINT('',(0.00203680652212957,0.,0.0121072650698286));
#6018=CARTESIAN_POINT('',(0.00204412894517085,0.,0.0121330627398626));
#6019=CARTESIAN_POINT('',(0.00205340734487089,0.,0.0121634578852062));
#6020=CARTESIAN_POINT('',(0.00206480770684917,0.,0.0121982832753562));
#6021=CARTESIAN_POINT('',(0.00207851637304387,0.,0.0122374934951582));
#6022=CARTESIAN_POINT('',(0.00209471080632438,0.,0.0122809995288011));
#6023=CARTESIAN_POINT('',(0.00211356814384791,0.,0.0123287183101148));
#6024=CARTESIAN_POINT('',(0.00213526247978281,0.,0.0123805581476099));
#6025=CARTESIAN_POINT('',(0.00215996547143895,0.,0.0124364230495644));
#6026=CARTESIAN_POINT('',(0.00218784598054063,0.,0.0124962115536157));
#6027=CARTESIAN_POINT('',(0.00221906999599766,0.,0.0125598171514454));
#6028=CARTESIAN_POINT('',(0.00225380047872121,0.,0.0126271282617919));
#6029=CARTESIAN_POINT('',(0.00229219723048096,0.,0.012698028337529));
#6030=CARTESIAN_POINT('',(0.00233441676154686,0.,0.0127723959394979));
#6031=CARTESIAN_POINT('',(0.00238061214959926,0.,0.0128501048242664));
#6032=CARTESIAN_POINT('',(0.00243093294951812,0.,0.0129310240324589));
#6033=CARTESIAN_POINT('',(0.00248552491435047,0.,0.0130150179807737));
#6034=CARTESIAN_POINT('',(0.00254453045936855,0.,0.0131019465587199));
#6035=CARTESIAN_POINT('',(0.00260808626300233,0.,0.0131916652219169));
#6036=CARTESIAN_POINT('',(0.00267633193575104,0.,0.0132840251141985));
#6037=CARTESIAN_POINT('',(0.00274937602399813,0.,0.013378873093538));
#6038=CARTESIAN_POINT('',(0.00282742631436848,0.,0.013476052142978));
#6039=CARTESIAN_POINT('',(0.00291003702739451,0.,0.0135750990738493));
#6040=CARTESIAN_POINT('',(0.00296855556204519,0.,0.0136417543745517));
#6041=CARTESIAN_POINT('',(0.0029979613433793,0.,0.0136752414159167));
#6042=CARTESIAN_POINT('',(0.00366246336944052,0.,0.0111646254781567));
#6043=CARTESIAN_POINT('',(0.00373065997543022,0.,0.011371862015775));
#6044=CARTESIAN_POINT('',(0.00380738697838679,0.,0.0116050208101723));
#6045=CARTESIAN_POINT('',(0.00381029401018589,0.,0.0116160308406051));
#6046=CARTESIAN_POINT('',(0.00381401503947323,0.,0.0116293715425126));
#6047=CARTESIAN_POINT('',(0.00381801939179085,0.,0.0116454011092566));
#6048=CARTESIAN_POINT('',(0.00382302401991607,0.,0.0116670019980638));
#6049=CARTESIAN_POINT('',(0.00382852911136134,0.,0.0116932476001061));
#6050=CARTESIAN_POINT('',(0.00383443882479733,0.,0.0117244730520412));
#6051=CARTESIAN_POINT('',(0.00384052847136719,0.,0.0117606074159763));
#6052=CARTESIAN_POINT('',(0.00384661194800435,0.,0.0118016970762056));
#6053=CARTESIAN_POINT('',(0.00385249075143164,0.,0.0118477456842506));
#6054=CARTESIAN_POINT('',(0.00385796943171185,0.,0.0118987620084119));
#6055=CARTESIAN_POINT('',(0.00386285122495468,0.,0.0119547457655018));
#6056=CARTESIAN_POINT('',(0.0038669395265833,0.,0.0120156917322014));
#6057=CARTESIAN_POINT('',(0.00387003766505544,0.,0.0120815885420064));
#6058=CARTESIAN_POINT('',(0.00387194916760708,0.,0.0121524190253771));
#6059=CARTESIAN_POINT('',(0.00387247788511967,0.,0.0122281601137246));
#6060=CARTESIAN_POINT('',(0.0038714281580032,0.,0.0123087828732793));
#6061=CARTESIAN_POINT('',(0.0038686049677049,0.,0.0123942525089552));
#6062=CARTESIAN_POINT('',(0.00386381410242211,0.,0.0124845283764897));
#6063=CARTESIAN_POINT('',(0.00385686227802878,0.,0.012579564018733));
#6064=CARTESIAN_POINT('',(0.00384755742790903,0.,0.0126793071174517));
#6065=CARTESIAN_POINT('',(0.00383570833701026,0.,0.0127836997946447));
#6066=CARTESIAN_POINT('',(0.0038211268094699,0.,0.0128926775802524));
#6067=CARTESIAN_POINT('',(0.00380362004942053,0.,0.0130061735489199));
#6068=CARTESIAN_POINT('',(0.00378302077516439,0.,0.0131241025441363));
#6069=CARTESIAN_POINT('',(0.00375907203136393,0.,0.01324642209755));
#6070=CARTESIAN_POINT('',(0.00373195328162727,0.,0.0133725149119148));
#6071=CARTESIAN_POINT('',(0.00371111395528436,0.,0.0134587301686097));
#6072=CARTESIAN_POINT('',(0.00370063863309853,0.,0.0135020470191456));
#6073=CARTESIAN_POINT('',(0.00377805190846173,0.,0.011516271398637));
#6074=CARTESIAN_POINT('',(0.00413551938310114,0.,0.0113991745913856));
#6075=CARTESIAN_POINT('',(0.0040072340907676,0.,0.0110455681131298));
#6076=CARTESIAN_POINT('',(5.79615688130876E-17,0.,1.48704480072731E-16));
#6077=CARTESIAN_POINT('',(0.0043251087015812,0.,0.0109250141747966));
#6078=CARTESIAN_POINT('',(0.00446357024926942,0.,0.0112747613084594));
#6079=CARTESIAN_POINT('',(0.00480878804225467,0.,0.0111253647452461));
#6080=CARTESIAN_POINT('',(0.00466212292852903,0.,0.0107855046149582));
#6081=CARTESIAN_POINT('',(0.00474850027966699,0.,0.0109858461054261));
#6082=CARTESIAN_POINT('',(0.00484568217281199,0.,0.0112112473832225));
#6083=CARTESIAN_POINT('',(0.00485080722891304,0.,0.0112214162279934));
#6084=CARTESIAN_POINT('',(0.00485686852020891,0.,0.0112338693855917));
#6085=CARTESIAN_POINT('',(0.00486450078836944,0.,0.0112485230653415));
#6086=CARTESIAN_POINT('',(0.00487507880923329,0.,0.0112680102450896));
#6087=CARTESIAN_POINT('',(0.00488836224251022,0.,0.0112913059111835));
#6088=CARTESIAN_POINT('',(0.0049046450631768,0.,0.0113185973624566));
#6089=CARTESIAN_POINT('',(0.00492404841273313,0.,0.0113496825048615));
#6090=CARTESIAN_POINT('',(0.00494674234980147,0.,0.0113844726483808));
#6091=CARTESIAN_POINT('',(0.0049728778776248,0.,0.0114228388941967));
#6092=CARTESIAN_POINT('',(0.00500260710704079,0.,0.0114646581981947));
#6093=CARTESIAN_POINT('',(0.00503607713014798,0.,0.0115097998698117));
#6094=CARTESIAN_POINT('',(0.00507343164388406,0.,0.0115581296263877));
#6095=CARTESIAN_POINT('',(0.00511481032162582,0.,0.0116095085426162));
#6096=CARTESIAN_POINT('',(0.00516034883983801,0.,0.0116637934813705));
#6097=CARTESIAN_POINT('',(0.00521017872094019,0.,0.0117208371046393));
#6098=CARTESIAN_POINT('',(0.00526442723160014,0.,0.0117804880088773));
#6099=CARTESIAN_POINT('',(0.00532321727189079,0.,0.0118425908283676));
#6100=CARTESIAN_POINT('',(0.0053866672593025,0.,0.0119069863541961));
#6101=CARTESIAN_POINT('',(0.00545489106229228,0.,0.0119735116416032));
#6102=CARTESIAN_POINT('',(0.00552799775138055,0.,0.0120420001661041));
#6103=CARTESIAN_POINT('',(0.0056060920728754,0.,0.0121122818063588));
#6104=CARTESIAN_POINT('',(0.00568927214184552,0.,0.0121841835088944));
#6105=CARTESIAN_POINT('',(0.00577763788835051,0.,0.0122575273320549));
#6106=CARTESIAN_POINT('',(0.00587125805532733,0.,0.0123321386069929));
#6107=CARTESIAN_POINT('',(0.00597029681488172,0.,0.0124078151527841));
#6108=CARTESIAN_POINT('',(0.0060742104927832,0.,0.0124842139221897));
#6109=CARTESIAN_POINT('',(0.00614698024273592,0.,0.0125349279390017));
#6110=CARTESIAN_POINT('',(0.00618354551905658,0.,0.0125604046437109));
#6111=CARTESIAN_POINT('',(0.00622790860300779,0.,0.0099637168984562));
#6112=CARTESIAN_POINT('',(0.00634371848923448,0.,0.0101486110028638));
#6113=CARTESIAN_POINT('',(0.00647401449669646,0.,0.0103566326527634));
#6114=CARTESIAN_POINT('',(0.00647947192818166,0.,0.0103666270534757));
#6115=CARTESIAN_POINT('',(0.00648627747005966,0.,0.0103786895982358));
#6116=CARTESIAN_POINT('',(0.00649400158959013,0.,0.0103932950706678));
#6117=CARTESIAN_POINT('',(0.00650403022337166,0.,0.010413070591));
#6118=CARTESIAN_POINT('',(0.006515656330552,0.,0.0104372360889301));
#6119=CARTESIAN_POINT('',(0.00652886705822855,0.,0.0104661398989853));
#6120=CARTESIAN_POINT('',(0.00654342727004529,0.,0.0104997669161618));
#6121=CARTESIAN_POINT('',(0.00655916737124079,0.,0.0105382067142897));
#6122=CARTESIAN_POINT('',(0.00657589550054856,0.,0.0105815103437274));
#6123=CARTESIAN_POINT('',(0.00659342398584309,0.,0.0106297330922163));
#6124=CARTESIAN_POINT('',(0.00661156171306388,0.,0.0106829217734787));
#6125=CARTESIAN_POINT('',(0.00663011654058372,0.,0.0107411183665307));
#6126=CARTESIAN_POINT('',(0.0066488947915954,0.,0.0108043589017388));
#6127=CARTESIAN_POINT('',(0.00666770159353657,0.,0.010872673727489));
#6128=CARTESIAN_POINT('',(0.00668634097635091,0.,0.0109460873870803));
#6129=CARTESIAN_POINT('',(0.00670461604165618,0.,0.0110246186119104));
#6130=CARTESIAN_POINT('',(0.00672232911077519,0.,0.0111082802889699));
#6131=CARTESIAN_POINT('',(0.00673928188853863,0.,0.0111970794329713));
#6132=CARTESIAN_POINT('',(0.00675527558938219,0.,0.0112910171926439));
#6133=CARTESIAN_POINT('',(0.00677011120722401,0.,0.0113900887345771));
#6134=CARTESIAN_POINT('',(0.0067835892322611,0.,0.0114942836233564));
#6135=CARTESIAN_POINT('',(0.00679551150856553,0.,0.0116035843005231));
#6136=CARTESIAN_POINT('',(0.00680567482628156,0.,0.0117179719245224));
#6137=CARTESIAN_POINT('',(0.00681389638532662,0.,0.0118374038464675));
#6138=CARTESIAN_POINT('',(0.00681991653367652,0.,0.0119619003254972));
#6139=CARTESIAN_POINT('',(0.00682376179115245,0.,0.0120908190534488));
#6140=CARTESIAN_POINT('',(0.0068241606791868,0.,0.012179516228701));
#6141=CARTESIAN_POINT('',(0.00682435615168642,0.,0.0122240812789731));
#6142=CARTESIAN_POINT('',(0.00642429272621241,0.,0.0102774824795779));
#6143=CARTESIAN_POINT('',(0.00674334974549618,0.,0.0100782407265759));
#6144=CARTESIAN_POINT('',(0.00653416862136866,0.,0.00976561008987771));
#6145=CARTESIAN_POINT('',(9.1864622395386E-17,0.,1.30512286797561E-16));
#6146=CARTESIAN_POINT('',(0.00681395592787092,0.,0.00957248685624759));
#6147=CARTESIAN_POINT('',(0.00703209400225212,0.,0.0098789349565824));
#6148=CARTESIAN_POINT('',(0.00733152745581335,0.,0.00965126356052672));
#6149=CARTESIAN_POINT('',(0.00710779031089488,0.,0.00935637840707338));
#6150=CARTESIAN_POINT('',(0.0072396025500689,0.,0.00953022688476716));
#6151=CARTESIAN_POINT('',(0.00738790257054713,0.,0.00972582126176623));
#6152=CARTESIAN_POINT('',(0.00739531226567368,0.,0.00973446811218388));
#6153=CARTESIAN_POINT('',(0.00740417766254356,0.,0.00974510884170218));
#6154=CARTESIAN_POINT('',(0.007415095005966,0.,0.00975751019082558));
#6155=CARTESIAN_POINT('',(0.00743002923613483,0.,0.00977389962245685));
#6156=CARTESIAN_POINT('',(0.00744850169478868,0.,0.0097933394251735));
#6157=CARTESIAN_POINT('',(0.0074708426380703,0.,0.0098159411024285));
#6158=CARTESIAN_POINT('',(0.00749712132305676,0.,0.00984147944160154));
#6159=CARTESIAN_POINT('',(0.00752748164186544,0.,0.00986982763215392));
#6160=CARTESIAN_POINT('',(0.00756203936235328,0.,0.0099008243833917));
#6161=CARTESIAN_POINT('',(0.00760091272890944,0.,0.00993431382413255));
#6162=CARTESIAN_POINT('',(0.00764421328310449,0.,0.00997013386000039));
#6163=CARTESIAN_POINT('',(0.0076920484103603,0.,0.0100081197214171));
#6164=CARTESIAN_POINT('',(0.00774452047839716,0.,0.0100481030939663));
#6165=CARTESIAN_POINT('',(0.00780172696621182,0.,0.0100899125303227));
#6166=CARTESIAN_POINT('',(0.00786376031412722,0.,0.0101333734984745));
#6167=CARTESIAN_POINT('',(0.00793070785743312,0.,0.0101783085374812));
#6168=CARTESIAN_POINT('',(0.00800265174349993,0.,0.0102245373843588));
#6169=CARTESIAN_POINT('',(0.0080796688476339,0.,0.0102718771173543));
#6170=CARTESIAN_POINT('',(0.00816183073424827,0.,0.0103201422760815));
#6171=CARTESIAN_POINT('',(0.00824920345255464,0.,0.0103691450726702));
#6172=CARTESIAN_POINT('',(0.00834184799242229,0.,0.0104186952617652));
#6173=CARTESIAN_POINT('',(0.00843981820346746,0.,0.01046860133804));
#6174=CARTESIAN_POINT('',(0.00854316852773828,0.,0.0105186666156714));
#6175=CARTESIAN_POINT('',(0.0086519239096356,0.,0.0105687050501093));
#6176=CARTESIAN_POINT('',(0.00876619536565997,0.,0.0106184810464834));
#6177=CARTESIAN_POINT('',(0.00888537292318811,0.,0.0106677916356436));
#6178=CARTESIAN_POINT('',(0.0089681647750829,0.,0.010699617054246));
#6179=CARTESIAN_POINT('',(0.00900976450543972,0.,0.010715602808826));
#6180=CARTESIAN_POINT('',(0.029885631867931,0.,0.00714443433226796));
#6181=CARTESIAN_POINT('',(0.0505233077602474,0.,0.00497253484956043));
#6182=CARTESIAN_POINT('',(0.05,0.,-4.64128988497334E-9));
#6183=CARTESIAN_POINT('',(0.05,0.,-4.64128977251834E-9));
#6184=CARTESIAN_POINT('',(0.05,0.,-0.00215000464128977));
#6185=CARTESIAN_POINT('',(0.00377805190873507,-0.008,-0.0115162713994715));
#6186=CARTESIAN_POINT('',(0.00377805190873507,0.,-0.0115162713994715));
#6187=CARTESIAN_POINT('',(0.00380670685886953,-0.008,-0.0116037478465268));
#6188=CARTESIAN_POINT('',(0.00380670685886953,0.,-0.0116037478465268));
#6189=CARTESIAN_POINT('',(0.0038125184426039,-0.008,-0.0116215995371355));
#6190=CARTESIAN_POINT('',(0.0038125184426039,-1.73472347597681E-18,-0.0116215995371355));
#6191=CARTESIAN_POINT('',(0.00382877634457898,-0.008,-0.0116912054175095));
#6192=CARTESIAN_POINT('',(0.00382877634457898,0.,-0.0116912054175095));
#6193=CARTESIAN_POINT('',(0.00384298378562372,-0.008,-0.0117731713596066));
#6194=CARTESIAN_POINT('',(0.00384298378562372,0.,-0.0117731713596066));
#6195=CARTESIAN_POINT('',(0.00385943069028691,-0.008,-0.0118999537742149));
#6196=CARTESIAN_POINT('',(0.00385943069028691,0.,-0.0118999537742149));
#6197=CARTESIAN_POINT('',(0.00387248460421382,-0.008,-0.012082060361062));
#6198=CARTESIAN_POINT('',(0.00387248460421382,1.73472347597681E-18,-0.012082060361062));
#6199=CARTESIAN_POINT('',(0.00387347470522144,-0.008,-0.0124113159586914));
#6200=CARTESIAN_POINT('',(0.00387347470522144,0.,-0.0124113159586914));
#6201=CARTESIAN_POINT('',(0.00383427777619039,-0.008,-0.012877355378052));
#6202=CARTESIAN_POINT('',(0.00383427777619039,3.46944695195361E-18,-0.012877355378052));
#6203=CARTESIAN_POINT('',(0.00375183467358202,-0.008,-0.0132903445822835));
#6204=CARTESIAN_POINT('',(0.00375183467358202,0.,-0.0132903445822835));
#6205=CARTESIAN_POINT('',(0.00370063863309853,-0.008,-0.0135020470191456));
#6206=CARTESIAN_POINT('',(0.00370063863309853,0.,-0.0135020470191456));
#6207=CARTESIAN_POINT('',(0.00377805190846532,-0.008,-0.011516271398648));
#6208=CARTESIAN_POINT('',(0.00480878804260343,-0.008,-0.011125364746052));
#6209=CARTESIAN_POINT('',(0.00480878804260343,-1.73472347597681E-18,-0.011125364746052));
#6210=CARTESIAN_POINT('',(0.00484534711854427,-0.008,-0.0112098435535896));
#6211=CARTESIAN_POINT('',(0.00484534711854427,-1.73472347597681E-18,-0.0112098435535896));
#6212=CARTESIAN_POINT('',(0.0048528349461857,-0.00800000000000001,-0.0112270595287377));
#6213=CARTESIAN_POINT('',(0.0048528349461857,-5.20417042793042E-18,-0.0112270595287377));
#6214=CARTESIAN_POINT('',(0.00488682296823748,-0.008,-0.0112899412615088));
#6215=CARTESIAN_POINT('',(0.00488682296823748,1.73472347597681E-18,-0.0112899412615088));
#6216=CARTESIAN_POINT('',(0.00493054201932012,-0.008,-0.0113607149262248));
#6217=CARTESIAN_POINT('',(0.00493054201932012,-1.73472347597681E-18,-0.0113607149262248));
#6218=CARTESIAN_POINT('',(0.00500230362619879,-0.008,-0.0114665192413783));
#6219=CARTESIAN_POINT('',(0.00500230362619879,1.73472347597681E-18,-0.0114665192413783));
#6220=CARTESIAN_POINT('',(0.005113291635272,-0.008,-0.0116114843250497));
#6221=CARTESIAN_POINT('',(0.005113291635272,-1.73472347597681E-18,-0.0116114843250497));
#6222=CARTESIAN_POINT('',(0.00533088738116674,-0.008,-0.011858592237183));
#6223=CARTESIAN_POINT('',(0.00533088738116674,-1.73472347597681E-18,-0.011858592237183));
#6224=CARTESIAN_POINT('',(0.0056692680024531,-0.008,-0.0121814353798718));
#6225=CARTESIAN_POINT('',(0.0056692680024531,3.46944695195361E-18,-0.0121814353798718));
#6226=CARTESIAN_POINT('',(0.00600484004980284,-0.008,-0.0124358923487624));
#6227=CARTESIAN_POINT('',(0.00600484004980284,0.,-0.0124358923487624));
#6228=CARTESIAN_POINT('',(0.00618354551905657,-0.008,-0.0125604046437109));
#6229=CARTESIAN_POINT('',(0.00618354551905657,0.,-0.0125604046437109));
#6230=CARTESIAN_POINT('',(0.00480878804225926,0.,-0.0111253647452567));
#6231=CARTESIAN_POINT('',(5.52244528806899E-17,-0.008,-1.49742531222776E-16));
#6232=CARTESIAN_POINT('',(0.0043251087015812,-0.008,-0.0109250141747966));
#6233=CARTESIAN_POINT('',(0.0040072340907676,-0.008,-0.0110455681131298));
#6234=CARTESIAN_POINT('',(0.00413551938310113,-0.004,-0.0113991745913856));
#6235=CARTESIAN_POINT('',(0.00446357024926942,-0.004,-0.0112747613084594));
#6236=CARTESIAN_POINT('',(0.00642429272667752,-0.008,-0.0102774824803227));
#6237=CARTESIAN_POINT('',(0.00642429272667752,0.,-0.0102774824803227));
#6238=CARTESIAN_POINT('',(0.00647304950007589,-0.008,-0.010355559442382));
#6239=CARTESIAN_POINT('',(0.00647304950007589,0.,-0.010355559442382));
#6240=CARTESIAN_POINT('',(0.00648296439894573,-0.008,-0.0103715015922837));
#6241=CARTESIAN_POINT('',(0.00648296439894573,-1.73472347597681E-18,-0.0103715015922837));
#6242=CARTESIAN_POINT('',(0.00651540765333698,-0.008,-0.0104351940816666));
#6243=CARTESIAN_POINT('',(0.00651540765333698,1.73472347597681E-18,-0.0104351940816666));
#6244=CARTESIAN_POINT('',(0.00654881798584786,-0.008,-0.010511378179262));
#6245=CARTESIAN_POINT('',(0.00654881798584786,1.73472347597681E-18,-0.010511378179262));
#6246=CARTESIAN_POINT('',(0.00659512799112453,-0.008,-0.0106305405254044));
#6247=CARTESIAN_POINT('',(0.00659512799112453,-1.73472347597681E-18,-0.0106305405254044));
#6248=CARTESIAN_POINT('',(0.0066513835408397,-0.008,-0.01080423141972));
#6249=CARTESIAN_POINT('',(0.0066513835408397,1.73472347597681E-18,-0.01080423141972));
#6250=CARTESIAN_POINT('',(0.00673114089337856,-0.008,-0.0111236825013997));
#6251=CARTESIAN_POINT('',(0.00673114089337856,-1.73472347597681E-18,-0.0111236825013997));
#6252=CARTESIAN_POINT('',(0.00680461348909607,-0.008,-0.0115855601013349));
#6253=CARTESIAN_POINT('',(0.00680461348909607,1.73472347597681E-18,-0.0115855601013349));
#6254=CARTESIAN_POINT('',(0.00682340081896956,-0.008,-0.0120062785157354));
#6255=CARTESIAN_POINT('',(0.00682340081896956,0.,-0.0120062785157354));
#6256=CARTESIAN_POINT('',(0.00682435615168643,-0.008,-0.0122240812789731));
#6257=CARTESIAN_POINT('',(0.00682435615168643,0.,-0.0122240812789731));
#6258=CARTESIAN_POINT('',(0.00642429272621854,-0.008,-0.0102774824795877));
#6259=CARTESIAN_POINT('',(0.00733152745634484,-0.008,-0.00965126356122571));
#6260=CARTESIAN_POINT('',(0.00733152745634484,0.,-0.00965126356122571));
#6261=CARTESIAN_POINT('',(0.00738724129392635,-0.008,-0.00972453840860578));
#6262=CARTESIAN_POINT('',(0.00738724129392635,0.,-0.00972453840860578));
#6263=CARTESIAN_POINT('',(0.00739863159143403,-0.008,-0.0097394621643588));
#6264=CARTESIAN_POINT('',(0.00739863159143403,-1.73472347597681E-18,-0.0097394621643588));
#6265=CARTESIAN_POINT('',(0.00744668056698536,-0.008,-0.00979238280218325));
#6266=CARTESIAN_POINT('',(0.00744668056698536,1.73472347597681E-18,-0.00979238280218325));
#6267=CARTESIAN_POINT('',(0.00750606646848527,-0.008,-0.00985063725907668));
#6268=CARTESIAN_POINT('',(0.00750606646848527,-1.73472347597681E-18,-0.00985063725907668));
#6269=CARTESIAN_POINT('',(0.00760106344345488,-0.008,-0.00993619341650278));
#6270=CARTESIAN_POINT('',(0.00760106344345488,1.73472347597681E-18,-0.00993619341650278));
#6271=CARTESIAN_POINT('',(0.00774351875799428,-0.008,-0.0100503849091868));
#6272=CARTESIAN_POINT('',(0.00774351875799428,1.73472347597681E-18,-0.0100503849091868));
#6273=CARTESIAN_POINT('',(0.00801392836112035,-0.008,-0.0102382382440188));
#6274=CARTESIAN_POINT('',(0.00801392836112035,-1.73472347597681E-18,-0.0102382382440188));
#6275=CARTESIAN_POINT('',(0.00841973767768716,-0.008,-0.0104707203685594));
#6276=CARTESIAN_POINT('',(0.00841973767768716,3.46944695195361E-18,-0.0104707203685594));
#6277=CARTESIAN_POINT('',(0.00880645414976095,-0.008,-0.010637475632963));
#6278=CARTESIAN_POINT('',(0.00880645414976095,0.,-0.010637475632963));
#6279=CARTESIAN_POINT('',(0.00900976450543973,-0.008,-0.0107156028088259));
#6280=CARTESIAN_POINT('',(0.00900976450543973,0.,-0.0107156028088259));
#6281=CARTESIAN_POINT('',(0.00733152745582037,0.,-0.00965126356053593));
#6282=CARTESIAN_POINT('',(8.94554639780155E-17,-0.008,-1.3217520878536E-16));
#6283=CARTESIAN_POINT('',(0.00681395592787092,-0.008,-0.00957248685624759));
#6284=CARTESIAN_POINT('',(0.00653416862136866,-0.008,-0.00976561008987771));
#6285=CARTESIAN_POINT('',(0.00674334974549618,-0.004,-0.0100782407265759));
#6286=CARTESIAN_POINT('',(0.00703209400225213,-0.004,-0.0098789349565824));
#6287=CARTESIAN_POINT('',(0.000912244446516872,-0.008,-0.0120857764848263));
#6288=CARTESIAN_POINT('',(0.000912244446516872,-1.73472347597681E-18,-0.0120857764848263));
#6289=CARTESIAN_POINT('',(0.000919132251842112,-0.008,-0.0121775686037387));
#6290=CARTESIAN_POINT('',(0.000919132251842112,-1.73472347597681E-18,-0.0121775686037387));
#6291=CARTESIAN_POINT('',(0.000920502772318615,-0.008,-0.0121962923596844));
#6292=CARTESIAN_POINT('',(0.000920502772318615,-1.73472347597681E-18,-0.0121962923596844));
#6293=CARTESIAN_POINT('',(0.000919630471709791,-0.008,-0.0122677663902894));
#6294=CARTESIAN_POINT('',(0.000919630471709791,-1.73472347597681E-18,-0.0122677663902894));
#6295=CARTESIAN_POINT('',(0.000913809336456827,-0.008,-0.0123507506142676));
#6296=CARTESIAN_POINT('',(0.000913809336456827,-1.73472347597681E-18,-0.0123507506142676));
#6297=CARTESIAN_POINT('',(0.000899437306189582,-0.008,-0.01247778496424));
#6298=CARTESIAN_POINT('',(0.000899437306189582,0.,-0.01247778496424));
#6299=CARTESIAN_POINT('',(0.000868530938299854,-0.008,-0.0126577238707215));
#6300=CARTESIAN_POINT('',(0.000868530938299854,0.,-0.0126577238707215));
#6301=CARTESIAN_POINT('',(0.000790696246704534,-0.00800000000000001,-0.0129776488457619));
#6302=CARTESIAN_POINT('',(0.000790696246704534,-6.93889390390723E-18,-0.0129776488457619));
#6303=CARTESIAN_POINT('',(0.000641107775965156,-0.008,-0.013420765567479));
#6304=CARTESIAN_POINT('',(0.000641107775965156,3.46944695195361E-18,-0.013420765567479));
#6305=CARTESIAN_POINT('',(0.000462225534330083,-0.008,-0.0138020241301461));
#6306=CARTESIAN_POINT('',(0.000462225534330083,-1.73472347597681E-18,-0.0138020241301461));
#6307=CARTESIAN_POINT('',(0.000361853448429073,-0.008,-0.0139953228645094));
#6308=CARTESIAN_POINT('',(0.000361853448429073,-1.73472347597681E-18,-0.0139953228645094));
#6309=CARTESIAN_POINT('',(0.000912244446452032,-0.008,-0.0120857764839622));
#6310=CARTESIAN_POINT('',(0.00200657934705922,-0.008,-0.0119529001708931));
#6311=CARTESIAN_POINT('',(0.00200657934705922,0.,-0.0119529001708931));
#6312=CARTESIAN_POINT('',(0.00202185898075255,-0.008,-0.0120436733373622));
#6313=CARTESIAN_POINT('',(0.00202185898075255,0.,-0.0120436733373622));
#6314=CARTESIAN_POINT('',(0.00202500917320236,-0.008,-0.0120621810020074));
#6315=CARTESIAN_POINT('',(0.00202500917320236,0.,-0.0120621810020074));
#6316=CARTESIAN_POINT('',(0.00204296098145439,-0.008,-0.0121313693719822));
#6317=CARTESIAN_POINT('',(0.00204296098145439,-3.46944695195361E-18,-0.0121313693719822));
#6318=CARTESIAN_POINT('',(0.00206847238978312,-0.008,-0.0122105491363793));
#6319=CARTESIAN_POINT('',(0.00206847238978312,1.73472347597681E-18,-0.0122105491363793));
#6320=CARTESIAN_POINT('',(0.00211282810482188,-0.008,-0.0123304526470464));
#6321=CARTESIAN_POINT('',(0.00211282810482188,0.,-0.0123304526470464));
#6322=CARTESIAN_POINT('',(0.00218589858876657,-0.008,-0.012497766477969));
#6323=CARTESIAN_POINT('',(0.00218589858876657,1.73472347597681E-18,-0.012497766477969));
#6324=CARTESIAN_POINT('',(0.00233803460360691,-0.008,-0.012789767953751));
#6325=CARTESIAN_POINT('',(0.00233803460360691,-1.73472347597681E-18,-0.012789767953751));
#6326=CARTESIAN_POINT('',(0.00258932107786719,-0.008,-0.013184209644622));
#6327=CARTESIAN_POINT('',(0.00258932107786719,3.46944695195361E-18,-0.013184209644622));
#6328=CARTESIAN_POINT('',(0.00285424647285564,-0.008,-0.0135115802038813));
#6329=CARTESIAN_POINT('',(0.00285424647285564,0.,-0.0135115802038813));
#6330=CARTESIAN_POINT('',(0.00299796134337929,-0.008,-0.0136752414159167));
#6331=CARTESIAN_POINT('',(0.00299796134337929,0.,-0.0136752414159167));
#6332=CARTESIAN_POINT('',(0.00200657934691538,0.,-0.0119529001700386));
#6333=CARTESIAN_POINT('',(1.77839973146573E-17,-0.008,-1.58607362037478E-16));
#6334=CARTESIAN_POINT('',(0.00158490187868605,-0.008,-0.0116426193803172));
#6335=CARTESIAN_POINT('',(0.00124741368051439,-0.008,-0.0116835978666533));
#6336=CARTESIAN_POINT('',(0.00128734766616158,-0.004,-0.0120576298632577));
#6337=CARTESIAN_POINT('',(0.00163564001781688,-0.004,-0.0120153395151786));
#6338=CARTESIAN_POINT('',(-0.00200657934705923,-0.008,-0.0119529001708931));
#6339=CARTESIAN_POINT('',(-0.00200657934705923,-1.73472347597681E-18,-0.0119529001708931));
#6340=CARTESIAN_POINT('',(-0.00202185898075255,-0.008,-0.0120436733373622));
#6341=CARTESIAN_POINT('',(-0.00202185898075255,-1.73472347597681E-18,-0.0120436733373622));
#6342=CARTESIAN_POINT('',(-0.00202500917320236,-0.008,-0.0120621810020074));
#6343=CARTESIAN_POINT('',(-0.00202500917320236,0.,-0.0120621810020074));
#6344=CARTESIAN_POINT('',(-0.00204296098145439,-0.008,-0.0121313693719822));
#6345=CARTESIAN_POINT('',(-0.00204296098145439,-1.73472347597681E-18,-0.0121313693719822));
#6346=CARTESIAN_POINT('',(-0.00206847238978312,-0.008,-0.0122105491363793));
#6347=CARTESIAN_POINT('',(-0.00206847238978312,-1.73472347597681E-18,-0.0122105491363793));
#6348=CARTESIAN_POINT('',(-0.00211282810482188,-0.008,-0.0123304526470464));
#6349=CARTESIAN_POINT('',(-0.00211282810482188,0.,-0.0123304526470464));
#6350=CARTESIAN_POINT('',(-0.00218589858876657,-0.008,-0.012497766477969));
#6351=CARTESIAN_POINT('',(-0.00218589858876657,1.73472347597681E-18,-0.012497766477969));
#6352=CARTESIAN_POINT('',(-0.00233803460360691,-0.008,-0.012789767953751));
#6353=CARTESIAN_POINT('',(-0.00233803460360691,0.,-0.012789767953751));
#6354=CARTESIAN_POINT('',(-0.00258932107786721,-0.008,-0.013184209644622));
#6355=CARTESIAN_POINT('',(-0.00258932107786721,1.73472347597681E-18,-0.013184209644622));
#6356=CARTESIAN_POINT('',(-0.00285424647285564,-0.008,-0.0135115802038813));
#6357=CARTESIAN_POINT('',(-0.00285424647285564,0.,-0.0135115802038813));
#6358=CARTESIAN_POINT('',(-0.00299796134337929,-0.008,-0.0136752414159167));
#6359=CARTESIAN_POINT('',(-0.00299796134337929,0.,-0.0136752414159167));
#6360=CARTESIAN_POINT('',(-0.00200657934691538,-0.008,-0.0119529001700386));
#6361=CARTESIAN_POINT('',(-0.000912244446516876,-0.008,-0.0120857764848263));
#6362=CARTESIAN_POINT('',(-0.000912244446516876,-1.73472347597681E-18,-0.0120857764848263));
#6363=CARTESIAN_POINT('',(-0.000919132251842117,-0.008,-0.0121775686037387));
#6364=CARTESIAN_POINT('',(-0.000919132251842117,-1.73472347597681E-18,-0.0121775686037387));
#6365=CARTESIAN_POINT('',(-0.000920502772318619,-0.00800000000000001,-0.0121962923596844));
#6366=CARTESIAN_POINT('',(-0.000920502772318619,-5.20417042793042E-18,-0.0121962923596844));
#6367=CARTESIAN_POINT('',(-0.000919630471709796,-0.008,-0.0122677663902894));
#6368=CARTESIAN_POINT('',(-0.000919630471709796,-1.73472347597681E-18,-0.0122677663902894));
#6369=CARTESIAN_POINT('',(-0.000913809336456832,-0.008,-0.0123507506142676));
#6370=CARTESIAN_POINT('',(-0.000913809336456832,0.,-0.0123507506142676));
#6371=CARTESIAN_POINT('',(-0.000899437306189587,-0.008,-0.01247778496424));
#6372=CARTESIAN_POINT('',(-0.000899437306189587,-1.73472347597681E-18,-0.01247778496424));
#6373=CARTESIAN_POINT('',(-0.00086853093829986,-0.008,-0.0126577238707215));
#6374=CARTESIAN_POINT('',(-0.00086853093829986,0.,-0.0126577238707215));
#6375=CARTESIAN_POINT('',(-0.000790696246704537,-0.00800000000000001,-0.0129776488457619));
#6376=CARTESIAN_POINT('',(-0.000790696246704537,-5.20417042793042E-18,-0.0129776488457619));
#6377=CARTESIAN_POINT('',(-0.000641107775965161,-0.008,-0.013420765567479));
#6378=CARTESIAN_POINT('',(-0.000641107775965161,3.46944695195361E-18,-0.013420765567479));
#6379=CARTESIAN_POINT('',(-0.000462225534330087,-0.008,-0.0138020241301461));
#6380=CARTESIAN_POINT('',(-0.000462225534330087,-1.73472347597681E-18,-0.0138020241301461));
#6381=CARTESIAN_POINT('',(-0.000361853448429078,-0.008,-0.0139953228645094));
#6382=CARTESIAN_POINT('',(-0.000361853448429078,-1.73472347597681E-18,-0.0139953228645094));
#6383=CARTESIAN_POINT('',(-0.000912244446452037,0.,-0.0120857764839622));
#6384=CARTESIAN_POINT('',(-2.06899995331028E-17,-0.008,-1.58254509484866E-16));
#6385=CARTESIAN_POINT('',(-0.0012474136805144,-0.008,-0.0116835978666533));
#6386=CARTESIAN_POINT('',(-0.00158490187868605,-0.008,-0.0116426193803172));
#6387=CARTESIAN_POINT('',(-0.00163564001781688,-0.004,-0.0120153395151786));
#6388=CARTESIAN_POINT('',(-0.00128734766616159,-0.004,-0.0120576298632577));
#6389=CARTESIAN_POINT('',(-0.00480878804260342,-0.008,-0.011125364746052));
#6390=CARTESIAN_POINT('',(-0.00480878804260342,-1.73472347597681E-18,-0.011125364746052));
#6391=CARTESIAN_POINT('',(-0.00484534711854426,-0.008,-0.0112098435535896));
#6392=CARTESIAN_POINT('',(-0.00484534711854426,-1.73472347597681E-18,-0.0112098435535896));
#6393=CARTESIAN_POINT('',(-0.0048528349461857,-0.00800000000000001,-0.0112270595287377));
#6394=CARTESIAN_POINT('',(-0.0048528349461857,-5.20417042793042E-18,-0.0112270595287377));
#6395=CARTESIAN_POINT('',(-0.00488682296823748,-0.008,-0.0112899412615088));
#6396=CARTESIAN_POINT('',(-0.00488682296823748,1.73472347597681E-18,-0.0112899412615088));
#6397=CARTESIAN_POINT('',(-0.00493054201932013,-0.008,-0.0113607149262248));
#6398=CARTESIAN_POINT('',(-0.00493054201932013,-1.73472347597681E-18,-0.0113607149262248));
#6399=CARTESIAN_POINT('',(-0.00500230362619879,-0.008,-0.0114665192413782));
#6400=CARTESIAN_POINT('',(-0.00500230362619879,0.,-0.0114665192413782));
#6401=CARTESIAN_POINT('',(-0.005113291635272,-0.008,-0.0116114843250497));
#6402=CARTESIAN_POINT('',(-0.005113291635272,1.73472347597681E-18,-0.0116114843250497));
#6403=CARTESIAN_POINT('',(-0.00533088738116673,-0.008,-0.011858592237183));
#6404=CARTESIAN_POINT('',(-0.00533088738116673,-3.46944695195361E-18,-0.011858592237183));
#6405=CARTESIAN_POINT('',(-0.00566926800245312,-0.008,-0.0121814353798718));
#6406=CARTESIAN_POINT('',(-0.00566926800245312,3.46944695195361E-18,-0.0121814353798718));
#6407=CARTESIAN_POINT('',(-0.0060048400498028,-0.008,-0.0124358923487624));
#6408=CARTESIAN_POINT('',(-0.0060048400498028,-1.73472347597681E-18,-0.0124358923487624));
#6409=CARTESIAN_POINT('',(-0.00618354551905658,-0.008,-0.0125604046437109));
#6410=CARTESIAN_POINT('',(-0.00618354551905658,-1.73472347597681E-18,-0.0125604046437109));
#6411=CARTESIAN_POINT('',(-0.00480878804225926,-0.008,-0.0111253647452567));
#6412=CARTESIAN_POINT('',(-0.00377805190873508,-0.008,-0.0115162713994715));
#6413=CARTESIAN_POINT('',(-0.00377805190873508,0.,-0.0115162713994715));
#6414=CARTESIAN_POINT('',(-0.00380670685886953,-0.008,-0.0116037478465268));
#6415=CARTESIAN_POINT('',(-0.00380670685886953,0.,-0.0116037478465268));
#6416=CARTESIAN_POINT('',(-0.00381251844260391,-0.008,-0.0116215995371355));
#6417=CARTESIAN_POINT('',(-0.00381251844260391,-1.73472347597681E-18,-0.0116215995371355));
#6418=CARTESIAN_POINT('',(-0.00382877634457898,-0.008,-0.0116912054175095));
#6419=CARTESIAN_POINT('',(-0.00382877634457898,0.,-0.0116912054175095));
#6420=CARTESIAN_POINT('',(-0.00384298378562373,-0.008,-0.0117731713596066));
#6421=CARTESIAN_POINT('',(-0.00384298378562373,0.,-0.0117731713596066));
#6422=CARTESIAN_POINT('',(-0.00385943069028692,-0.008,-0.0118999537742149));
#6423=CARTESIAN_POINT('',(-0.00385943069028692,0.,-0.0118999537742149));
#6424=CARTESIAN_POINT('',(-0.00387248460421383,-0.008,-0.012082060361062));
#6425=CARTESIAN_POINT('',(-0.00387248460421383,1.73472347597681E-18,-0.012082060361062));
#6426=CARTESIAN_POINT('',(-0.00387347470522145,-0.008,-0.0124113159586914));
#6427=CARTESIAN_POINT('',(-0.00387347470522145,0.,-0.0124113159586914));
#6428=CARTESIAN_POINT('',(-0.0038342777761904,-0.008,-0.012877355378052));
#6429=CARTESIAN_POINT('',(-0.0038342777761904,3.46944695195361E-18,-0.012877355378052));
#6430=CARTESIAN_POINT('',(-0.00375183467358203,-0.008,-0.0132903445822835));
#6431=CARTESIAN_POINT('',(-0.00375183467358203,0.,-0.0132903445822835));
#6432=CARTESIAN_POINT('',(-0.00370063863309854,-0.008,-0.0135020470191456));
#6433=CARTESIAN_POINT('',(-0.00370063863309854,0.,-0.0135020470191456));
#6434=CARTESIAN_POINT('',(-0.00377805190846533,0.,-0.011516271398648));
#6435=CARTESIAN_POINT('',(-5.79615688130876E-17,-0.008,-1.48704480072731E-16));
#6436=CARTESIAN_POINT('',(-0.00400723409076761,-0.008,-0.0110455681131298));
#6437=CARTESIAN_POINT('',(-0.00432510870158121,-0.008,-0.0109250141747966));
#6438=CARTESIAN_POINT('',(-0.00446357024926942,-0.004,-0.0112747613084594));
#6439=CARTESIAN_POINT('',(-0.00413551938310115,-0.004,-0.0113991745913856));
#6440=CARTESIAN_POINT('',(-0.00733152745634484,-0.008,-0.00965126356122572));
#6441=CARTESIAN_POINT('',(-0.00733152745634484,0.,-0.00965126356122572));
#6442=CARTESIAN_POINT('',(-0.00738724129392635,-0.008,-0.00972453840860579));
#6443=CARTESIAN_POINT('',(-0.00738724129392635,0.,-0.00972453840860579));
#6444=CARTESIAN_POINT('',(-0.00739863159143402,-0.008,-0.00973946216435879));
#6445=CARTESIAN_POINT('',(-0.00739863159143402,3.46944695195361E-18,-0.00973946216435879));
#6446=CARTESIAN_POINT('',(-0.00744668056698536,-0.008,-0.00979238280218326));
#6447=CARTESIAN_POINT('',(-0.00744668056698536,-3.46944695195361E-18,-0.00979238280218326));
#6448=CARTESIAN_POINT('',(-0.00750606646848526,-0.008,-0.00985063725907668));
#6449=CARTESIAN_POINT('',(-0.00750606646848526,0.,-0.00985063725907668));
#6450=CARTESIAN_POINT('',(-0.00760106344345489,-0.008,-0.00993619341650278));
#6451=CARTESIAN_POINT('',(-0.00760106344345489,0.,-0.00993619341650278));
#6452=CARTESIAN_POINT('',(-0.00774351875799426,-0.008,-0.0100503849091868));
#6453=CARTESIAN_POINT('',(-0.00774351875799426,1.73472347597681E-18,-0.0100503849091868));
#6454=CARTESIAN_POINT('',(-0.00801392836112036,-0.008,-0.0102382382440188));
#6455=CARTESIAN_POINT('',(-0.00801392836112036,-1.73472347597681E-18,-0.0102382382440188));
#6456=CARTESIAN_POINT('',(-0.00841973767768716,-0.008,-0.0104707203685594));
#6457=CARTESIAN_POINT('',(-0.00841973767768716,3.46944695195361E-18,-0.0104707203685594));
#6458=CARTESIAN_POINT('',(-0.00880645414976094,-0.008,-0.0106374756329631));
#6459=CARTESIAN_POINT('',(-0.00880645414976094,0.,-0.0106374756329631));
#6460=CARTESIAN_POINT('',(-0.00900976450543972,-0.008,-0.0107156028088259));
#6461=CARTESIAN_POINT('',(-0.00900976450543972,0.,-0.0107156028088259));
#6462=CARTESIAN_POINT('',(-0.00733152745582036,-0.008,-0.00965126356053592));
#6463=CARTESIAN_POINT('',(-0.00642429272667752,-0.008,-0.0102774824803227));
#6464=CARTESIAN_POINT('',(-0.00642429272667752,0.,-0.0102774824803227));
#6465=CARTESIAN_POINT('',(-0.00647304950007588,-0.008,-0.010355559442382));
#6466=CARTESIAN_POINT('',(-0.00647304950007588,0.,-0.010355559442382));
#6467=CARTESIAN_POINT('',(-0.00648296439894572,-0.008,-0.0103715015922837));
#6468=CARTESIAN_POINT('',(-0.00648296439894572,1.73472347597681E-18,-0.0103715015922837));
#6469=CARTESIAN_POINT('',(-0.00651540765333699,-0.00800000000000001,-0.0104351940816666));
#6470=CARTESIAN_POINT('',(-0.00651540765333699,-5.20417042793042E-18,-0.0104351940816666));
#6471=CARTESIAN_POINT('',(-0.00654881798584785,-0.008,-0.010511378179262));
#6472=CARTESIAN_POINT('',(-0.00654881798584785,1.73472347597681E-18,-0.010511378179262));
#6473=CARTESIAN_POINT('',(-0.00659512799112453,-0.008,-0.0106305405254044));
#6474=CARTESIAN_POINT('',(-0.00659512799112453,-1.73472347597681E-18,-0.0106305405254044));
#6475=CARTESIAN_POINT('',(-0.0066513835408397,-0.008,-0.01080423141972));
#6476=CARTESIAN_POINT('',(-0.0066513835408397,1.73472347597681E-18,-0.01080423141972));
#6477=CARTESIAN_POINT('',(-0.00673114089337856,-0.00800000000000001,-0.0111236825013997));
#6478=CARTESIAN_POINT('',(-0.00673114089337856,-6.93889390390723E-18,-0.0111236825013997));
#6479=CARTESIAN_POINT('',(-0.00680461348909607,-0.00799999999999999,-0.0115855601013349));
#6480=CARTESIAN_POINT('',(-0.00680461348909607,5.20417042793042E-18,-0.0115855601013349));
#6481=CARTESIAN_POINT('',(-0.00682340081896954,-0.008,-0.0120062785157354));
#6482=CARTESIAN_POINT('',(-0.00682340081896954,-1.73472347597681E-18,-0.0120062785157354));
#6483=CARTESIAN_POINT('',(-0.00682435615168642,-0.008,-0.0122240812789731));
#6484=CARTESIAN_POINT('',(-0.00682435615168642,-1.73472347597681E-18,-0.0122240812789731));
#6485=CARTESIAN_POINT('',(-0.00642429272621854,0.,-0.0102774824795877));
#6486=CARTESIAN_POINT('',(-9.1864622395386E-17,-0.008,-1.30512286797561E-16));
#6487=CARTESIAN_POINT('',(-0.00653416862136866,-0.008,-0.00976561008987771));
#6488=CARTESIAN_POINT('',(-0.00681395592787092,-0.008,-0.00957248685624759));
#6489=CARTESIAN_POINT('',(-0.00703209400225212,-0.004,-0.0098789349565824));
#6490=CARTESIAN_POINT('',(-0.00674334974549618,-0.004,-0.0100782407265759));
#6491=CARTESIAN_POINT('',(-0.0109769109798657,-0.008,-0.00513863878001602));
#6492=CARTESIAN_POINT('',(-0.0109769109798657,0.,-0.00513863878001602));
#6493=CARTESIAN_POINT('',(-0.01106029565257,-0.008,-0.00517762892382991));
#6494=CARTESIAN_POINT('',(-0.01106029565257,0.,-0.00517762892382991));
#6495=CARTESIAN_POINT('',(-0.0110773166752445,-0.008,-0.00518554991809849));
#6496=CARTESIAN_POINT('',(-0.0110773166752445,-1.73472347597681E-18,-0.00518554991809849));
#6497=CARTESIAN_POINT('',(-0.0111444553768493,-0.008,-0.0052100793434099));
#6498=CARTESIAN_POINT('',(-0.0111444553768493,-1.73472347597681E-18,-0.0052100793434099));
#6499=CARTESIAN_POINT('',(-0.0112241111771644,-0.008,-0.00523406309876764));
#6500=CARTESIAN_POINT('',(-0.0112241111771644,-1.73472347597681E-18,-0.00523406309876764));
#6501=CARTESIAN_POINT('',(-0.011347986749937,-0.008,-0.00526567201834986));
#6502=CARTESIAN_POINT('',(-0.011347986749937,1.73472347597681E-18,-0.00526567201834986));
#6503=CARTESIAN_POINT('',(-0.0115271920992828,-0.008,-0.00530058127797801));
#6504=CARTESIAN_POINT('',(-0.0115271920992828,1.73472347597681E-18,-0.00530058127797801));
#6505=CARTESIAN_POINT('',(-0.0118539277094074,-0.008,-0.00534125153672825));
#6506=CARTESIAN_POINT('',(-0.0118539277094074,-1.73472347597681E-18,-0.00534125153672825));
#6507=CARTESIAN_POINT('',(-0.0123212938443877,-0.008,-0.00535851524191957));
#6508=CARTESIAN_POINT('',(-0.0123212938443877,0.,-0.00535851524191957));
#6509=CARTESIAN_POINT('',(-0.0127412093102335,-0.008,-0.00532645359001143));
#6510=CARTESIAN_POINT('',(-0.0127412093102335,0.,-0.00532645359001143));
#6511=CARTESIAN_POINT('',(-0.0129575391987367,-0.008,-0.0053011487352461));
#6512=CARTESIAN_POINT('',(-0.0129575391987367,0.,-0.0053011487352461));
#6513=CARTESIAN_POINT('',(-0.0109769109790808,-0.008,-0.00513863877964898));
#6514=CARTESIAN_POINT('',(-0.0104646129642765,-0.008,-0.00611474109666773));
#6515=CARTESIAN_POINT('',(-0.0104646129642765,0.,-0.00611474109666773));
#6516=CARTESIAN_POINT('',(-0.0105440691165452,-0.008,-0.00616121641079555));
#6517=CARTESIAN_POINT('',(-0.0105440691165452,0.,-0.00616121641079555));
#6518=CARTESIAN_POINT('',(-0.0105602570099648,-0.008,-0.00617072480023464));
#6519=CARTESIAN_POINT('',(-0.0105602570099648,-1.73472347597681E-18,-0.00617072480023464));
#6520=CARTESIAN_POINT('',(-0.0106185834607587,-0.008,-0.0062120445666554));
#6521=CARTESIAN_POINT('',(-0.0106185834607587,1.73472347597681E-18,-0.0062120445666554));
#6522=CARTESIAN_POINT('',(-0.0106835713564934,-0.008,-0.00626397567922667));
#6523=CARTESIAN_POINT('',(-0.0106835713564934,-1.73472347597681E-18,-0.00626397567922667));
#6524=CARTESIAN_POINT('',(-0.0107799543332011,-0.008,-0.00634796736409993));
#6525=CARTESIAN_POINT('',(-0.0107799543332011,1.73472347597681E-18,-0.00634796736409993));
#6526=CARTESIAN_POINT('',(-0.0109104843320343,-0.008,-0.00647561975556408));
#6527=CARTESIAN_POINT('',(-0.0109104843320343,-1.73472347597681E-18,-0.00647561975556408));
#6528=CARTESIAN_POINT('',(-0.011129562280421,-0.008,-0.00672141455087313));
#6529=CARTESIAN_POINT('',(-0.011129562280421,1.73472347597681E-18,-0.00672141455087313));
#6530=CARTESIAN_POINT('',(-0.0114092642563573,-0.008,-0.00709624243710983));
#6531=CARTESIAN_POINT('',(-0.0114092642563573,1.73472347597681E-18,-0.00709624243710983));
#6532=CARTESIAN_POINT('',(-0.0116214172068772,-0.008,-0.00746003918471107));
#6533=CARTESIAN_POINT('',(-0.0116214172068772,-1.73472347597681E-18,-0.00746003918471107));
#6534=CARTESIAN_POINT('',(-0.0117234811029995,-0.008,-0.00765244998857318));
#6535=CARTESIAN_POINT('',(-0.0117234811029995,-1.73472347597681E-18,-0.00765244998857318));
#6536=CARTESIAN_POINT('',(-0.0104646129635285,0.,-0.00611474109623023));
#6537=CARTESIAN_POINT('',(-1.419941673556E-16,-0.008,-7.28712720484932E-17));
#6538=CARTESIAN_POINT('',(-0.0103240242763356,-0.008,-0.00561043872987071));
#6539=CARTESIAN_POINT('',(-0.0104820147910514,-0.008,-0.00530941295438397));
#6540=CARTESIAN_POINT('',(-0.010817579996691,-0.004,-0.00547938545350546));
#6541=CARTESIAN_POINT('',(-0.0106545316643117,-0.004,-0.00579004809540268));
#6542=CARTESIAN_POINT('',(-0.00942818514334149,-0.008,-0.0076162660191367));
#6543=CARTESIAN_POINT('',(-0.00942818514334149,0.,-0.0076162660191367));
#6544=CARTESIAN_POINT('',(-0.00949981585683499,-0.008,-0.00767407843857269));
#6545=CARTESIAN_POINT('',(-0.00949981585683499,0.,-0.00767407843857269));
#6546=CARTESIAN_POINT('',(-0.00951444666151982,-0.008,-0.00768584266049185));
#6547=CARTESIAN_POINT('',(-0.00951444666151982,-1.73472347597681E-18,-0.00768584266049185));
#6548=CARTESIAN_POINT('',(-0.00957376415876256,-0.008,-0.00772572664825808));
#6549=CARTESIAN_POINT('',(-0.00957376415876256,1.73472347597681E-18,-0.00772572664825808));
#6550=CARTESIAN_POINT('',(-0.00964536561794352,-0.008,-0.00776807636004059));
#6551=CARTESIAN_POINT('',(-0.00964536561794352,0.,-0.00776807636004059));
#6552=CARTESIAN_POINT('',(-0.00975807708211884,-0.008,-0.00782841214685371));
#6553=CARTESIAN_POINT('',(-0.00975807708211884,-1.73472347597681E-18,-0.00782841214685371));
#6554=CARTESIAN_POINT('',(-0.00992372071704735,-0.008,-0.00790519365406461));
#6555=CARTESIAN_POINT('',(-0.00992372071704735,1.73472347597681E-18,-0.00790519365406461));
#6556=CARTESIAN_POINT('',(-0.01023122895417,-0.008,-0.00802287505859415));
#6557=CARTESIAN_POINT('',(-0.01023122895417,-1.73472347597681E-18,-0.00802287505859415));
#6558=CARTESIAN_POINT('',(-0.0106808828035953,-0.008,-0.00815148514894645));
#6559=CARTESIAN_POINT('',(-0.0106808828035953,1.73472347597681E-18,-0.00815148514894645));
#6560=CARTESIAN_POINT('',(-0.0110962691446933,-0.008,-0.00822084749902651));
#6561=CARTESIAN_POINT('',(-0.0110962691446933,0.,-0.00822084749902651));
#6562=CARTESIAN_POINT('',(-0.0113123687279282,-0.008,-0.00824804908832342));
#6563=CARTESIAN_POINT('',(-0.0113123687279282,0.,-0.00824804908832342));
#6564=CARTESIAN_POINT('',(-0.00942818514266717,-0.008,-0.00761626601859247));
#6565=CARTESIAN_POINT('',(-0.0086971770026994,-0.008,-0.00844140363654637));
#6566=CARTESIAN_POINT('',(-0.0086971770026994,0.,-0.00844140363654637));
#6567=CARTESIAN_POINT('',(-0.00876320203291541,-0.008,-0.008505543564373));
#6568=CARTESIAN_POINT('',(-0.00876320203291541,0.,-0.008505543564373));
#6569=CARTESIAN_POINT('',(-0.0087766440290376,-0.008,-0.0085186496737629));
#6570=CARTESIAN_POINT('',(-0.0087766440290376,0.,-0.0085186496737629));
#6571=CARTESIAN_POINT('',(-0.00882338715182623,-0.008,-0.00857272719618438));
#6572=CARTESIAN_POINT('',(-0.00882338715182623,0.,-0.00857272719618438));
#6573=CARTESIAN_POINT('',(-0.00887405868871935,-0.008,-0.00863870190644365));
#6574=CARTESIAN_POINT('',(-0.00887405868871935,0.,-0.00863870190644365));
#6575=CARTESIAN_POINT('',(-0.00894754042543283,-0.008,-0.00874331890170002));
#6576=CARTESIAN_POINT('',(-0.00894754042543283,0.,-0.00874331890170002));
#6577=CARTESIAN_POINT('',(-0.00904372824286742,-0.008,-0.00889849982004722));
#6578=CARTESIAN_POINT('',(-0.00904372824286742,1.73472347597681E-18,-0.00889849982004722));
#6579=CARTESIAN_POINT('',(-0.00919761763951415,-0.008,-0.00918958105006737));
#6580=CARTESIAN_POINT('',(-0.00919761763951415,-1.73472347597681E-18,-0.00918958105006737));
#6581=CARTESIAN_POINT('',(-0.00937948979977915,-0.008,-0.00962045418332574));
#6582=CARTESIAN_POINT('',(-0.00937948979977915,3.46944695195361E-18,-0.00962045418332574));
#6583=CARTESIAN_POINT('',(-0.00949841571081134,-0.008,-0.0100244511828996));
#6584=CARTESIAN_POINT('',(-0.00949841571081134,0.,-0.0100244511828996));
#6585=CARTESIAN_POINT('',(-0.00955146689626361,-0.008,-0.0102356963675942));
#6586=CARTESIAN_POINT('',(-0.00955146689626361,0.,-0.0102356963675942));
#6587=CARTESIAN_POINT('',(-0.00869717700207786,0.,-0.00844140363594257));
#6588=CARTESIAN_POINT('',(-1.2042883803838E-16,-0.008,-1.04735193806576E-16));
#6589=CARTESIAN_POINT('',(-0.00868136102243232,-0.008,-0.0079181103047503));
#6590=CARTESIAN_POINT('',(-0.00890680080335482,-0.008,-0.00766364139618746));
#6591=CARTESIAN_POINT('',(-0.0091919380124456,-0.004,-0.00790898081349636));
#6592=CARTESIAN_POINT('',(-0.00895928113176199,-0.004,-0.00817159614365209));
#6593=CARTESIAN_POINT('',(-0.0118876986496882,-0.008,-0.00236237253319279));
#6594=CARTESIAN_POINT('',(-0.0118876986496882,0.,-0.00236237253319279));
#6595=CARTESIAN_POINT('',(-0.0119779912675166,-0.008,-0.00238027443594952));
#6596=CARTESIAN_POINT('',(-0.0119779912675166,0.,-0.00238027443594952));
#6597=CARTESIAN_POINT('',(-0.0119964133082119,-0.008,-0.00238389186317227));
#6598=CARTESIAN_POINT('',(-0.0119964133082119,0.,-0.00238389186317227));
#6599=CARTESIAN_POINT('',(-0.0120674713568806,-0.008,-0.00239164116499061));
#6600=CARTESIAN_POINT('',(-0.0120674713568806,-1.73472347597681E-18,-0.00239164116499061));
#6601=CARTESIAN_POINT('',(-0.0121505521927527,-0.008,-0.00239586511523957));
#6602=CARTESIAN_POINT('',(-0.0121505521927527,0.,-0.00239586511523957));
#6603=CARTESIAN_POINT('',(-0.0122783926761024,-0.008,-0.00239691017207853));
#6604=CARTESIAN_POINT('',(-0.0122783926761024,0.,-0.00239691017207853));
#6605=CARTESIAN_POINT('',(-0.0124607449763463,-0.008,-0.00238791838484432));
#6606=CARTESIAN_POINT('',(-0.0124607449763463,0.,-0.00238791838484432));
#6607=CARTESIAN_POINT('',(-0.0127877192734482,-0.008,-0.0023492138902071));
#6608=CARTESIAN_POINT('',(-0.0127877192734482,0.,-0.0023492138902071));
#6609=CARTESIAN_POINT('',(-0.0132456360730252,-0.008,-0.00225412790644275));
#6610=CARTESIAN_POINT('',(-0.0132456360730252,1.73472347597681E-18,-0.00225412790644275));
#6611=CARTESIAN_POINT('',(-0.0136456767030743,-0.008,-0.00212250555921587));
#6612=CARTESIAN_POINT('',(-0.0136456767030743,0.,-0.00212250555921587));
#6613=CARTESIAN_POINT('',(-0.0138496645900533,-0.008,-0.00204616488656792));
#6614=CARTESIAN_POINT('',(-0.0138496645900533,0.,-0.00204616488656792));
#6615=CARTESIAN_POINT('',(-0.0118876986488382,-0.008,-0.00236237253302426));
#6616=CARTESIAN_POINT('',(-0.0116238836576903,-0.008,-0.00343271203043032));
#6617=CARTESIAN_POINT('',(-0.0116238836576903,0.,-0.00343271203043032));
#6618=CARTESIAN_POINT('',(-0.0117121532292533,-0.008,-0.0034588217545331));
#6619=CARTESIAN_POINT('',(-0.0117121532292533,0.,-0.0034588217545331));
#6620=CARTESIAN_POINT('',(-0.0117301462384453,-0.008,-0.00346417983098876));
#6621=CARTESIAN_POINT('',(-0.0117301462384453,-3.46944695195361E-18,-0.00346417983098876));
#6622=CARTESIAN_POINT('',(-0.0117966662959324,-0.008,-0.00349034048677568));
#6623=CARTESIAN_POINT('',(-0.0117966662959324,1.73472347597681E-18,-0.00349034048677568));
#6624=CARTESIAN_POINT('',(-0.0118721936902298,-0.008,-0.00352520995415819));
#6625=CARTESIAN_POINT('',(-0.0118721936902298,0.,-0.00352520995415819));
#6626=CARTESIAN_POINT('',(-0.0119858764786635,-0.008,-0.0035836950372209));
#6627=CARTESIAN_POINT('',(-0.0119858764786635,0.,-0.0035836950372209));
#6628=CARTESIAN_POINT('',(-0.0121431627298203,-0.008,-0.00367640020880765));
#6629=CARTESIAN_POINT('',(-0.0121431627298203,1.73472347597681E-18,-0.00367640020880765));
#6630=CARTESIAN_POINT('',(-0.0124146972159027,-0.008,-0.00386262386932997));
#6631=CARTESIAN_POINT('',(-0.0124146972159027,-3.46944695195361E-18,-0.00386262386932997));
#6632=CARTESIAN_POINT('',(-0.0127759737453441,-0.008,-0.00415962287424086));
#6633=CARTESIAN_POINT('',(-0.0127759737453441,3.46944695195361E-18,-0.00415962287424086));
#6634=CARTESIAN_POINT('',(-0.013069024177012,-0.008,-0.00446207682524627));
#6635=CARTESIAN_POINT('',(-0.013069024177012,-1.73472347597681E-18,-0.00446207682524627));
#6636=CARTESIAN_POINT('',(-0.013214169201149,-0.008,-0.00462447103174026));
#6637=CARTESIAN_POINT('',(-0.013214169201149,-1.73472347597681E-18,-0.00462447103174026));
#6638=CARTESIAN_POINT('',(-0.0116238836568594,0.,-0.00343271203018453));
#6639=CARTESIAN_POINT('',(-1.55307311793909E-16,-0.008,-3.67723368352482E-17));
#6640=CARTESIAN_POINT('',(-0.0113666927655996,-0.008,-0.00297670884912604));
#6641=CARTESIAN_POINT('',(-0.0114480521796655,-0.008,-0.00264662073060253));
#6642=CARTESIAN_POINT('',(-0.0118145435518321,-0.004,-0.00273134812771257));
#6643=CARTESIAN_POINT('',(-0.0117305795441784,-0.004,-0.00307200349781696));
#6644=CARTESIAN_POINT('',(-0.0121076164840172,-0.008,0.000551186218384837));
#6645=CARTESIAN_POINT('',(-0.0121076164840172,0.,0.000551186218384837));
#6646=CARTESIAN_POINT('',(-0.0121995695682219,-0.008,0.000555412950202717));
#6647=CARTESIAN_POINT('',(-0.0121995695682219,0.,0.000555412950202717));
#6648=CARTESIAN_POINT('',(-0.0122183220048941,-0.008,0.00055630932174716));
#6649=CARTESIAN_POINT('',(-0.0122183220048941,-1.73472347597681E-18,0.00055630932174716));
#6650=CARTESIAN_POINT('',(-0.0122891697651237,-0.008,0.000565790504676017));
#6651=CARTESIAN_POINT('',(-0.0122891697651237,1.73472347597681E-18,0.000565790504676017));
#6652=CARTESIAN_POINT('',(-0.0123708472803583,-0.008,0.000581571840170861));
#6653=CARTESIAN_POINT('',(-0.0123708472803583,-1.73472347597681E-18,0.000581571840170861));
#6654=CARTESIAN_POINT('',(-0.0124952230500742,-0.008,0.000611151380980021));
#6655=CARTESIAN_POINT('',(-0.0124952230500742,3.46944695195361E-18,0.000611151380980021));
#6656=CARTESIAN_POINT('',(-0.0126701246483498,-0.008,0.00066352164508635));
#6657=CARTESIAN_POINT('',(-0.0126701246483498,0.,0.00066352164508635));
#6658=CARTESIAN_POINT('',(-0.0129783350747844,-0.008,0.000779351528567849));
#6659=CARTESIAN_POINT('',(-0.0129783350747844,0.,0.000779351528567849));
#6660=CARTESIAN_POINT('',(-0.0134001900790266,-0.008,0.000981261149534964));
#6661=CARTESIAN_POINT('',(-0.0134001900790266,1.73472347597681E-18,0.000981261149534964));
#6662=CARTESIAN_POINT('',(-0.013757106965949,-0.008,0.0012047947796875));
#6663=CARTESIAN_POINT('',(-0.013757106965949,0.,0.0012047947796875));
#6664=CARTESIAN_POINT('',(-0.0139368978168785,-0.008,0.00132773462781085));
#6665=CARTESIAN_POINT('',(-0.0139368978168785,0.,0.00132773462781085));
#6666=CARTESIAN_POINT('',(-0.0121076164831515,-0.008,0.000551186218345048));
#6667=CARTESIAN_POINT('',(-0.0121076164840172,-0.008,-0.000551186218384835));
#6668=CARTESIAN_POINT('',(-0.0121076164840172,0.,-0.000551186218384835));
#6669=CARTESIAN_POINT('',(-0.0121995695682219,-0.008,-0.000555412950202715));
#6670=CARTESIAN_POINT('',(-0.0121995695682219,0.,-0.000555412950202715));
#6671=CARTESIAN_POINT('',(-0.0122183220048941,-0.008,-0.000556309321747158));
#6672=CARTESIAN_POINT('',(-0.0122183220048941,3.46944695195361E-18,-0.000556309321747158));
#6673=CARTESIAN_POINT('',(-0.0122891697651237,-0.008,-0.000565790504676015));
#6674=CARTESIAN_POINT('',(-0.0122891697651237,0.,-0.000565790504676015));
#6675=CARTESIAN_POINT('',(-0.0123708472803583,-0.008,-0.000581571840170859));
#6676=CARTESIAN_POINT('',(-0.0123708472803583,-1.73472347597681E-18,-0.000581571840170859));
#6677=CARTESIAN_POINT('',(-0.0124952230500742,-0.008,-0.000611151380980019));
#6678=CARTESIAN_POINT('',(-0.0124952230500742,0.,-0.000611151380980019));
#6679=CARTESIAN_POINT('',(-0.0126701246483498,-0.008,-0.000663521645086349));
#6680=CARTESIAN_POINT('',(-0.0126701246483498,0.,-0.000663521645086349));
#6681=CARTESIAN_POINT('',(-0.0129783350747844,-0.008,-0.000779351528567847));
#6682=CARTESIAN_POINT('',(-0.0129783350747844,0.,-0.000779351528567847));
#6683=CARTESIAN_POINT('',(-0.0134001900790266,-0.008,-0.000981261149534972));
#6684=CARTESIAN_POINT('',(-0.0134001900790266,1.73472347597681E-18,-0.000981261149534972));
#6685=CARTESIAN_POINT('',(-0.013757106965949,-0.008,-0.00120479477968748));
#6686=CARTESIAN_POINT('',(-0.013757106965949,0.,-0.00120479477968748));
#6687=CARTESIAN_POINT('',(-0.0139368978168785,-0.008,-0.00132773462781085));
#6688=CARTESIAN_POINT('',(-0.0139368978168785,0.,-0.00132773462781085));
#6689=CARTESIAN_POINT('',(-0.0121076164831515,0.,-0.000551186218345045));
#6690=CARTESIAN_POINT('',(-1.59594559789866E-16,-0.008,1.46367293285545E-18));
#6691=CARTESIAN_POINT('',(-0.0117487703875741,-0.008,-0.000169983469966599));
#6692=CARTESIAN_POINT('',(-0.0117487703875741,-0.008,0.000169983469966602));
#6693=CARTESIAN_POINT('',(-0.0121248887798592,-0.004,0.000175425223216499));
#6694=CARTESIAN_POINT('',(-0.0121248887798592,-0.004,-0.000175425223216496));
#6695=CARTESIAN_POINT('',(-0.0086971770026994,-0.008,0.00844140363654637));
#6696=CARTESIAN_POINT('',(-0.0086971770026994,0.,0.00844140363654637));
#6697=CARTESIAN_POINT('',(-0.00876320203291541,-0.008,0.008505543564373));
#6698=CARTESIAN_POINT('',(-0.00876320203291541,0.,0.008505543564373));
#6699=CARTESIAN_POINT('',(-0.0087766440290376,-0.008,0.0085186496737629));
#6700=CARTESIAN_POINT('',(-0.0087766440290376,0.,0.0085186496737629));
#6701=CARTESIAN_POINT('',(-0.00882338715182624,-0.008,0.00857272719618439));
#6702=CARTESIAN_POINT('',(-0.00882338715182624,-1.73472347597681E-18,0.00857272719618439));
#6703=CARTESIAN_POINT('',(-0.00887405868871934,-0.008,0.00863870190644366));
#6704=CARTESIAN_POINT('',(-0.00887405868871934,0.,0.00863870190644366));
#6705=CARTESIAN_POINT('',(-0.00894754042543283,-0.008,0.00874331890170003));
#6706=CARTESIAN_POINT('',(-0.00894754042543283,0.,0.00874331890170003));
#6707=CARTESIAN_POINT('',(-0.00904372824286742,-0.008,0.00889849982004722));
#6708=CARTESIAN_POINT('',(-0.00904372824286742,1.73472347597681E-18,0.00889849982004722));
#6709=CARTESIAN_POINT('',(-0.00919761763951416,-0.008,0.00918958105006738));
#6710=CARTESIAN_POINT('',(-0.00919761763951416,-1.73472347597681E-18,0.00918958105006738));
#6711=CARTESIAN_POINT('',(-0.00937948979977915,-0.008,0.0096204541833257));
#6712=CARTESIAN_POINT('',(-0.00937948979977915,1.73472347597681E-18,0.0096204541833257));
#6713=CARTESIAN_POINT('',(-0.00949841571081134,-0.008,0.0100244511828997));
#6714=CARTESIAN_POINT('',(-0.00949841571081134,0.,0.0100244511828997));
#6715=CARTESIAN_POINT('',(-0.00955146689626361,-0.008,0.0102356963675942));
#6716=CARTESIAN_POINT('',(-0.00955146689626361,0.,0.0102356963675942));
#6717=CARTESIAN_POINT('',(-0.00869717700207785,-0.008,0.00844140363594257));
#6718=CARTESIAN_POINT('',(-0.00942818514334149,-0.008,0.00761626601913671));
#6719=CARTESIAN_POINT('',(-0.00942818514334149,0.,0.00761626601913671));
#6720=CARTESIAN_POINT('',(-0.00949981585683499,-0.008,0.0076740784385727));
#6721=CARTESIAN_POINT('',(-0.00949981585683499,0.,0.0076740784385727));
#6722=CARTESIAN_POINT('',(-0.00951444666151982,-0.008,0.00768584266049186));
#6723=CARTESIAN_POINT('',(-0.00951444666151982,-1.73472347597681E-18,0.00768584266049186));
#6724=CARTESIAN_POINT('',(-0.00957376415876256,-0.008,0.00772572664825808));
#6725=CARTESIAN_POINT('',(-0.00957376415876256,1.73472347597681E-18,0.00772572664825808));
#6726=CARTESIAN_POINT('',(-0.00964536561794353,-0.008,0.00776807636004059));
#6727=CARTESIAN_POINT('',(-0.00964536561794353,-1.73472347597681E-18,0.00776807636004059));
#6728=CARTESIAN_POINT('',(-0.00975807708211883,-0.008,0.00782841214685371));
#6729=CARTESIAN_POINT('',(-0.00975807708211883,1.73472347597681E-18,0.00782841214685371));
#6730=CARTESIAN_POINT('',(-0.00992372071704736,-0.008,0.00790519365406461));
#6731=CARTESIAN_POINT('',(-0.00992372071704736,-1.73472347597681E-18,0.00790519365406461));
#6732=CARTESIAN_POINT('',(-0.01023122895417,-0.008,0.00802287505859415));
#6733=CARTESIAN_POINT('',(-0.01023122895417,1.73472347597681E-18,0.00802287505859415));
#6734=CARTESIAN_POINT('',(-0.0106808828035953,-0.008,0.00815148514894642));
#6735=CARTESIAN_POINT('',(-0.0106808828035953,1.73472347597681E-18,0.00815148514894642));
#6736=CARTESIAN_POINT('',(-0.0110962691446933,-0.008,0.00822084749902657));
#6737=CARTESIAN_POINT('',(-0.0110962691446933,-1.73472347597681E-18,0.00822084749902657));
#6738=CARTESIAN_POINT('',(-0.0113123687279282,-0.008,0.00824804908832342));
#6739=CARTESIAN_POINT('',(-0.0113123687279282,-1.73472347597681E-18,0.00824804908832342));
#6740=CARTESIAN_POINT('',(-0.00942818514266717,0.,0.00761626601859247));
#6741=CARTESIAN_POINT('',(-1.1848764866632E-16,-0.008,1.06926343650675E-16));
#6742=CARTESIAN_POINT('',(-0.00890680080335482,-0.008,0.00766364139618746));
#6743=CARTESIAN_POINT('',(-0.00868136102243232,-0.008,0.0079181103047503));
#6744=CARTESIAN_POINT('',(-0.00895928113176198,-0.004,0.00817159614365209));
#6745=CARTESIAN_POINT('',(-0.0091919380124456,-0.004,0.00790898081349636));
#6746=CARTESIAN_POINT('',(-0.00642429272667752,-0.008,0.0102774824803227));
#6747=CARTESIAN_POINT('',(-0.00642429272667752,0.,0.0102774824803227));
#6748=CARTESIAN_POINT('',(-0.00647304950007588,-0.008,0.010355559442382));
#6749=CARTESIAN_POINT('',(-0.00647304950007588,0.,0.010355559442382));
#6750=CARTESIAN_POINT('',(-0.00648296439894571,-0.008,0.0103715015922837));
#6751=CARTESIAN_POINT('',(-0.00648296439894571,1.73472347597681E-18,0.0103715015922837));
#6752=CARTESIAN_POINT('',(-0.00651540765333697,-0.00800000000000001,0.0104351940816666));
#6753=CARTESIAN_POINT('',(-0.00651540765333697,-5.20417042793042E-18,0.0104351940816666));
#6754=CARTESIAN_POINT('',(-0.00654881798584785,-0.008,0.010511378179262));
#6755=CARTESIAN_POINT('',(-0.00654881798584785,1.73472347597681E-18,0.010511378179262));
#6756=CARTESIAN_POINT('',(-0.00659512799112452,-0.008,0.0106305405254044));
#6757=CARTESIAN_POINT('',(-0.00659512799112452,-1.73472347597681E-18,0.0106305405254044));
#6758=CARTESIAN_POINT('',(-0.00665138354083969,-0.008,0.01080423141972));
#6759=CARTESIAN_POINT('',(-0.00665138354083969,1.73472347597681E-18,0.01080423141972));
#6760=CARTESIAN_POINT('',(-0.00673114089337857,-0.00800000000000001,0.0111236825013997));
#6761=CARTESIAN_POINT('',(-0.00673114089337857,-6.93889390390723E-18,0.0111236825013997));
#6762=CARTESIAN_POINT('',(-0.00680461348909606,-0.00799999999999999,0.0115855601013349));
#6763=CARTESIAN_POINT('',(-0.00680461348909606,5.20417042793042E-18,0.0115855601013349));
#6764=CARTESIAN_POINT('',(-0.00682340081896954,-0.008,0.0120062785157354));
#6765=CARTESIAN_POINT('',(-0.00682340081896954,-1.73472347597681E-18,0.0120062785157354));
#6766=CARTESIAN_POINT('',(-0.00682435615168642,-0.008,0.0122240812789731));
#6767=CARTESIAN_POINT('',(-0.00682435615168642,-1.73472347597681E-18,0.0122240812789731));
#6768=CARTESIAN_POINT('',(-0.00642429272621853,-0.008,0.0102774824795877));
#6769=CARTESIAN_POINT('',(-0.00733152745634483,-0.008,0.00965126356122572));
#6770=CARTESIAN_POINT('',(-0.00733152745634483,0.,0.00965126356122572));
#6771=CARTESIAN_POINT('',(-0.00738724129392634,-0.008,0.00972453840860579));
#6772=CARTESIAN_POINT('',(-0.00738724129392634,0.,0.00972453840860579));
#6773=CARTESIAN_POINT('',(-0.00739863159143403,-0.008,0.00973946216435879));
#6774=CARTESIAN_POINT('',(-0.00739863159143403,-1.73472347597681E-18,0.00973946216435879));
#6775=CARTESIAN_POINT('',(-0.00744668056698536,-0.008,0.00979238280218326));
#6776=CARTESIAN_POINT('',(-0.00744668056698536,-1.73472347597681E-18,0.00979238280218326));
#6777=CARTESIAN_POINT('',(-0.00750606646848525,-0.008,0.00985063725907669));
#6778=CARTESIAN_POINT('',(-0.00750606646848525,-1.73472347597681E-18,0.00985063725907669));
#6779=CARTESIAN_POINT('',(-0.00760106344345489,-0.008,0.00993619341650278));
#6780=CARTESIAN_POINT('',(-0.00760106344345489,0.,0.00993619341650278));
#6781=CARTESIAN_POINT('',(-0.00774351875799426,-0.008,0.0100503849091868));
#6782=CARTESIAN_POINT('',(-0.00774351875799426,-1.73472347597681E-18,0.0100503849091868));
#6783=CARTESIAN_POINT('',(-0.00801392836112036,-0.008,0.0102382382440188));
#6784=CARTESIAN_POINT('',(-0.00801392836112036,0.,0.0102382382440188));
#6785=CARTESIAN_POINT('',(-0.00841973767768716,-0.008,0.0104707203685595));
#6786=CARTESIAN_POINT('',(-0.00841973767768716,1.73472347597681E-18,0.0104707203685595));
#6787=CARTESIAN_POINT('',(-0.00880645414976094,-0.008,0.010637475632963));
#6788=CARTESIAN_POINT('',(-0.00880645414976094,0.,0.010637475632963));
#6789=CARTESIAN_POINT('',(-0.00900976450543972,-0.008,0.010715602808826));
#6790=CARTESIAN_POINT('',(-0.00900976450543972,0.,0.010715602808826));
#6791=CARTESIAN_POINT('',(-0.00733152745582036,0.,0.00965126356053593));
#6792=CARTESIAN_POINT('',(-8.94554639780154E-17,-0.008,1.3217520878536E-16));
#6793=CARTESIAN_POINT('',(-0.00681395592787092,-0.008,0.00957248685624759));
#6794=CARTESIAN_POINT('',(-0.00653416862136866,-0.008,0.00976561008987771));
#6795=CARTESIAN_POINT('',(-0.00674334974549617,-0.004,0.0100782407265759));
#6796=CARTESIAN_POINT('',(-0.00703209400225212,-0.004,0.00987893495658241));
#6797=CARTESIAN_POINT('',(-0.0104646129642765,-0.008,0.00611474109666772));
#6798=CARTESIAN_POINT('',(-0.0104646129642765,0.,0.00611474109666772));
#6799=CARTESIAN_POINT('',(-0.0105440691165453,-0.008,0.00616121641079554));
#6800=CARTESIAN_POINT('',(-0.0105440691165453,0.,0.00616121641079554));
#6801=CARTESIAN_POINT('',(-0.0105602570099648,-0.008,0.00617072480023463));
#6802=CARTESIAN_POINT('',(-0.0105602570099648,-1.73472347597681E-18,0.00617072480023463));
#6803=CARTESIAN_POINT('',(-0.0106185834607587,-0.008,0.00621204456665539));
#6804=CARTESIAN_POINT('',(-0.0106185834607587,1.73472347597681E-18,0.00621204456665539));
#6805=CARTESIAN_POINT('',(-0.0106835713564934,-0.008,0.00626397567922665));
#6806=CARTESIAN_POINT('',(-0.0106835713564934,-1.73472347597681E-18,0.00626397567922665));
#6807=CARTESIAN_POINT('',(-0.0107799543332011,-0.008,0.00634796736409993));
#6808=CARTESIAN_POINT('',(-0.0107799543332011,0.,0.00634796736409993));
#6809=CARTESIAN_POINT('',(-0.0109104843320343,-0.008,0.00647561975556407));
#6810=CARTESIAN_POINT('',(-0.0109104843320343,1.73472347597681E-18,0.00647561975556407));
#6811=CARTESIAN_POINT('',(-0.011129562280421,-0.008,0.00672141455087311));
#6812=CARTESIAN_POINT('',(-0.011129562280421,-3.46944695195361E-18,0.00672141455087311));
#6813=CARTESIAN_POINT('',(-0.0114092642563573,-0.008,0.00709624243710985));
#6814=CARTESIAN_POINT('',(-0.0114092642563573,1.73472347597681E-18,0.00709624243710985));
#6815=CARTESIAN_POINT('',(-0.0116214172068772,-0.008,0.00746003918471102));
#6816=CARTESIAN_POINT('',(-0.0116214172068772,0.,0.00746003918471102));
#6817=CARTESIAN_POINT('',(-0.0117234811029995,-0.008,0.00765244998857318));
#6818=CARTESIAN_POINT('',(-0.0117234811029995,0.,0.00765244998857318));
#6819=CARTESIAN_POINT('',(-0.0104646129635285,-0.008,0.00611474109623022));
#6820=CARTESIAN_POINT('',(-0.0109769109798657,-0.008,0.00513863878001602));
#6821=CARTESIAN_POINT('',(-0.0109769109798657,0.,0.00513863878001602));
#6822=CARTESIAN_POINT('',(-0.01106029565257,-0.008,0.00517762892382991));
#6823=CARTESIAN_POINT('',(-0.01106029565257,0.,0.00517762892382991));
#6824=CARTESIAN_POINT('',(-0.0110773166752445,-0.008,0.00518554991809849));
#6825=CARTESIAN_POINT('',(-0.0110773166752445,-1.73472347597681E-18,0.00518554991809849));
#6826=CARTESIAN_POINT('',(-0.0111444553768493,-0.008,0.0052100793434099));
#6827=CARTESIAN_POINT('',(-0.0111444553768493,1.73472347597681E-18,0.0052100793434099));
#6828=CARTESIAN_POINT('',(-0.0112241111771644,-0.008,0.00523406309876763));
#6829=CARTESIAN_POINT('',(-0.0112241111771644,-1.73472347597681E-18,0.00523406309876763));
#6830=CARTESIAN_POINT('',(-0.011347986749937,-0.008,0.00526567201834985));
#6831=CARTESIAN_POINT('',(-0.011347986749937,1.73472347597681E-18,0.00526567201834985));
#6832=CARTESIAN_POINT('',(-0.0115271920992828,-0.008,0.005300581277978));
#6833=CARTESIAN_POINT('',(-0.0115271920992828,1.73472347597681E-18,0.005300581277978));
#6834=CARTESIAN_POINT('',(-0.0118539277094074,-0.008,0.00534125153672824));
#6835=CARTESIAN_POINT('',(-0.0118539277094074,-1.73472347597681E-18,0.00534125153672824));
#6836=CARTESIAN_POINT('',(-0.0123212938443877,-0.008,0.00535851524191957));
#6837=CARTESIAN_POINT('',(-0.0123212938443877,3.46944695195361E-18,0.00535851524191957));
#6838=CARTESIAN_POINT('',(-0.0127412093102335,-0.008,0.00532645359001139));
#6839=CARTESIAN_POINT('',(-0.0127412093102335,0.,0.00532645359001139));
#6840=CARTESIAN_POINT('',(-0.0129575391987367,-0.008,0.0053011487352461));
#6841=CARTESIAN_POINT('',(-0.0129575391987367,0.,0.0053011487352461));
#6842=CARTESIAN_POINT('',(-0.0109769109790808,0.,0.00513863877964897));
#6843=CARTESIAN_POINT('',(-1.40633761899217E-16,-0.008,7.54633080844578E-17));
#6844=CARTESIAN_POINT('',(-0.0104820147910514,-0.008,0.00530941295438396));
#6845=CARTESIAN_POINT('',(-0.0103240242763356,-0.008,0.0056104387298707));
#6846=CARTESIAN_POINT('',(-0.0106545316643117,-0.004,0.00579004809540267));
#6847=CARTESIAN_POINT('',(-0.010817579996691,-0.004,0.00547938545350546));
#6848=CARTESIAN_POINT('',(-0.0116238836576903,-0.008,0.00343271203043032));
#6849=CARTESIAN_POINT('',(-0.0116238836576903,0.,0.00343271203043032));
#6850=CARTESIAN_POINT('',(-0.0117121532292533,-0.008,0.0034588217545331));
#6851=CARTESIAN_POINT('',(-0.0117121532292533,0.,0.0034588217545331));
#6852=CARTESIAN_POINT('',(-0.0117301462384453,-0.008,0.00346417983098876));
#6853=CARTESIAN_POINT('',(-0.0117301462384453,0.,0.00346417983098876));
#6854=CARTESIAN_POINT('',(-0.0117966662959324,-0.008,0.00349034048677567));
#6855=CARTESIAN_POINT('',(-0.0117966662959324,0.,0.00349034048677567));
#6856=CARTESIAN_POINT('',(-0.0118721936902298,-0.008,0.00352520995415819));
#6857=CARTESIAN_POINT('',(-0.0118721936902298,1.73472347597681E-18,0.00352520995415819));
#6858=CARTESIAN_POINT('',(-0.0119858764786635,-0.008,0.00358369503722089));
#6859=CARTESIAN_POINT('',(-0.0119858764786635,0.,0.00358369503722089));
#6860=CARTESIAN_POINT('',(-0.0121431627298203,-0.008,0.00367640020880765));
#6861=CARTESIAN_POINT('',(-0.0121431627298203,1.73472347597681E-18,0.00367640020880765));
#6862=CARTESIAN_POINT('',(-0.0124146972159027,-0.008,0.00386262386932997));
#6863=CARTESIAN_POINT('',(-0.0124146972159027,-3.46944695195361E-18,0.00386262386932997));
#6864=CARTESIAN_POINT('',(-0.0127759737453441,-0.008,0.00415962287424086));
#6865=CARTESIAN_POINT('',(-0.0127759737453441,3.46944695195361E-18,0.00415962287424086));
#6866=CARTESIAN_POINT('',(-0.013069024177012,-0.008,0.00446207682524627));
#6867=CARTESIAN_POINT('',(-0.013069024177012,-1.73472347597681E-18,0.00446207682524627));
#6868=CARTESIAN_POINT('',(-0.013214169201149,-0.008,0.00462447103174026));
#6869=CARTESIAN_POINT('',(-0.013214169201149,-1.73472347597681E-18,0.00462447103174026));
#6870=CARTESIAN_POINT('',(-0.0116238836568594,-0.008,0.00343271203018453));
#6871=CARTESIAN_POINT('',(-0.0118876986496882,-0.008,0.00236237253319278));
#6872=CARTESIAN_POINT('',(-0.0118876986496882,-1.73472347597681E-18,0.00236237253319278));
#6873=CARTESIAN_POINT('',(-0.0119779912675166,-0.008,0.00238027443594951));
#6874=CARTESIAN_POINT('',(-0.0119779912675166,-1.73472347597681E-18,0.00238027443594951));
#6875=CARTESIAN_POINT('',(-0.0119964133082119,-0.008,0.00238389186317228));
#6876=CARTESIAN_POINT('',(-0.0119964133082119,-1.73472347597681E-18,0.00238389186317228));
#6877=CARTESIAN_POINT('',(-0.0120674713568806,-0.008,0.00239164116499061));
#6878=CARTESIAN_POINT('',(-0.0120674713568806,1.73472347597681E-18,0.00239164116499061));
#6879=CARTESIAN_POINT('',(-0.0121505521927527,-0.008,0.00239586511523957));
#6880=CARTESIAN_POINT('',(-0.0121505521927527,-1.73472347597681E-18,0.00239586511523957));
#6881=CARTESIAN_POINT('',(-0.0122783926761024,-0.008,0.00239691017207853));
#6882=CARTESIAN_POINT('',(-0.0122783926761024,1.73472347597681E-18,0.00239691017207853));
#6883=CARTESIAN_POINT('',(-0.0124607449763463,-0.008,0.00238791838484431));
#6884=CARTESIAN_POINT('',(-0.0124607449763463,0.,0.00238791838484431));
#6885=CARTESIAN_POINT('',(-0.0127877192734482,-0.008,0.00234921389020709));
#6886=CARTESIAN_POINT('',(-0.0127877192734482,1.73472347597681E-18,0.00234921389020709));
#6887=CARTESIAN_POINT('',(-0.0132456360730252,-0.008,0.00225412790644274));
#6888=CARTESIAN_POINT('',(-0.0132456360730252,1.73472347597681E-18,0.00225412790644274));
#6889=CARTESIAN_POINT('',(-0.0136456767030743,-0.008,0.00212250555921589));
#6890=CARTESIAN_POINT('',(-0.0136456767030743,0.,0.00212250555921589));
#6891=CARTESIAN_POINT('',(-0.0138496645900533,-0.008,0.00204616488656792));
#6892=CARTESIAN_POINT('',(-0.0138496645900533,0.,0.00204616488656792));
#6893=CARTESIAN_POINT('',(-0.0118876986488382,0.,0.00236237253302426));
#6894=CARTESIAN_POINT('',(-1.54606752073457E-16,-0.008,3.96146193503361E-17));
#6895=CARTESIAN_POINT('',(-0.0114480521796655,-0.008,0.00264662073060252));
#6896=CARTESIAN_POINT('',(-0.0113666927655996,-0.008,0.00297670884912604));
#6897=CARTESIAN_POINT('',(-0.0117305795441784,-0.004,0.00307200349781695));
#6898=CARTESIAN_POINT('',(-0.0118145435518321,-0.004,0.00273134812771256));
#6899=CARTESIAN_POINT('',(-0.00377805190873508,-0.008,0.0115162713994715));
#6900=CARTESIAN_POINT('',(-0.00377805190873508,0.,0.0115162713994715));
#6901=CARTESIAN_POINT('',(-0.00380670685886953,-0.008,0.0116037478465268));
#6902=CARTESIAN_POINT('',(-0.00380670685886953,0.,0.0116037478465268));
#6903=CARTESIAN_POINT('',(-0.0038125184426039,-0.008,0.0116215995371355));
#6904=CARTESIAN_POINT('',(-0.0038125184426039,0.,0.0116215995371355));
#6905=CARTESIAN_POINT('',(-0.00382877634457898,-0.008,0.0116912054175095));
#6906=CARTESIAN_POINT('',(-0.00382877634457898,-1.73472347597681E-18,0.0116912054175095));
#6907=CARTESIAN_POINT('',(-0.00384298378562372,-0.008,0.0117731713596066));
#6908=CARTESIAN_POINT('',(-0.00384298378562372,0.,0.0117731713596066));
#6909=CARTESIAN_POINT('',(-0.00385943069028691,-0.008,0.0118999537742149));
#6910=CARTESIAN_POINT('',(-0.00385943069028691,0.,0.0118999537742149));
#6911=CARTESIAN_POINT('',(-0.00387248460421383,-0.008,0.012082060361062));
#6912=CARTESIAN_POINT('',(-0.00387248460421383,1.73472347597681E-18,0.012082060361062));
#6913=CARTESIAN_POINT('',(-0.00387347470522144,-0.008,0.0124113159586914));
#6914=CARTESIAN_POINT('',(-0.00387347470522144,0.,0.0124113159586914));
#6915=CARTESIAN_POINT('',(-0.0038342777761904,-0.008,0.012877355378052));
#6916=CARTESIAN_POINT('',(-0.0038342777761904,3.46944695195361E-18,0.012877355378052));
#6917=CARTESIAN_POINT('',(-0.00375183467358202,-0.008,0.0132903445822835));
#6918=CARTESIAN_POINT('',(-0.00375183467358202,0.,0.0132903445822835));
#6919=CARTESIAN_POINT('',(-0.00370063863309853,-0.008,0.0135020470191456));
#6920=CARTESIAN_POINT('',(-0.00370063863309853,0.,0.0135020470191456));
#6921=CARTESIAN_POINT('',(-0.00377805190846532,-0.008,0.011516271398648));
#6922=CARTESIAN_POINT('',(-0.00480878804260343,-0.008,0.011125364746052));
#6923=CARTESIAN_POINT('',(-0.00480878804260343,-1.73472347597681E-18,0.011125364746052));
#6924=CARTESIAN_POINT('',(-0.00484534711854427,-0.008,0.0112098435535896));
#6925=CARTESIAN_POINT('',(-0.00484534711854427,-1.73472347597681E-18,0.0112098435535896));
#6926=CARTESIAN_POINT('',(-0.0048528349461857,-0.00800000000000001,0.0112270595287377));
#6927=CARTESIAN_POINT('',(-0.0048528349461857,-5.20417042793042E-18,0.0112270595287377));
#6928=CARTESIAN_POINT('',(-0.00488682296823748,-0.008,0.0112899412615088));
#6929=CARTESIAN_POINT('',(-0.00488682296823748,1.73472347597681E-18,0.0112899412615088));
#6930=CARTESIAN_POINT('',(-0.00493054201932013,-0.008,0.0113607149262248));
#6931=CARTESIAN_POINT('',(-0.00493054201932013,-1.73472347597681E-18,0.0113607149262248));
#6932=CARTESIAN_POINT('',(-0.00500230362619879,-0.008,0.0114665192413783));
#6933=CARTESIAN_POINT('',(-0.00500230362619879,1.73472347597681E-18,0.0114665192413783));
#6934=CARTESIAN_POINT('',(-0.005113291635272,-0.008,0.0116114843250497));
#6935=CARTESIAN_POINT('',(-0.005113291635272,-1.73472347597681E-18,0.0116114843250497));
#6936=CARTESIAN_POINT('',(-0.00533088738116674,-0.008,0.011858592237183));
#6937=CARTESIAN_POINT('',(-0.00533088738116674,-1.73472347597681E-18,0.011858592237183));
#6938=CARTESIAN_POINT('',(-0.0056692680024531,-0.008,0.0121814353798718));
#6939=CARTESIAN_POINT('',(-0.0056692680024531,3.46944695195361E-18,0.0121814353798718));
#6940=CARTESIAN_POINT('',(-0.00600484004980284,-0.008,0.0124358923487624));
#6941=CARTESIAN_POINT('',(-0.00600484004980284,0.,0.0124358923487624));
#6942=CARTESIAN_POINT('',(-0.00618354551905657,-0.008,0.0125604046437109));
#6943=CARTESIAN_POINT('',(-0.00618354551905657,0.,0.0125604046437109));
#6944=CARTESIAN_POINT('',(-0.00480878804225927,0.,0.0111253647452567));
#6945=CARTESIAN_POINT('',(-5.52244528806899E-17,-0.008,1.49742531222776E-16));
#6946=CARTESIAN_POINT('',(-0.0043251087015812,-0.008,0.0109250141747966));
#6947=CARTESIAN_POINT('',(-0.0040072340907676,-0.008,0.0110455681131298));
#6948=CARTESIAN_POINT('',(-0.00413551938310114,-0.004,0.0113991745913856));
#6949=CARTESIAN_POINT('',(-0.00446357024926942,-0.004,0.0112747613084594));
#6950=CARTESIAN_POINT('',(-0.000912244446516881,-0.008,0.0120857764848263));
#6951=CARTESIAN_POINT('',(-0.000912244446516881,-1.73472347597681E-18,0.0120857764848263));
#6952=CARTESIAN_POINT('',(-0.000919132251842122,-0.008,0.0121775686037387));
#6953=CARTESIAN_POINT('',(-0.000919132251842122,-1.73472347597681E-18,0.0121775686037387));
#6954=CARTESIAN_POINT('',(-0.000920502772318624,-0.008,0.0121962923596844));
#6955=CARTESIAN_POINT('',(-0.000920502772318624,-1.73472347597681E-18,0.0121962923596844));
#6956=CARTESIAN_POINT('',(-0.000919630471709801,-0.008,0.0122677663902894));
#6957=CARTESIAN_POINT('',(-0.000919630471709801,-1.73472347597681E-18,0.0122677663902894));
#6958=CARTESIAN_POINT('',(-0.000913809336456836,-0.008,0.0123507506142676));
#6959=CARTESIAN_POINT('',(-0.000913809336456836,-1.73472347597681E-18,0.0123507506142676));
#6960=CARTESIAN_POINT('',(-0.000899437306189593,-0.008,0.01247778496424));
#6961=CARTESIAN_POINT('',(-0.000899437306189593,0.,0.01247778496424));
#6962=CARTESIAN_POINT('',(-0.000868530938299864,-0.008,0.0126577238707215));
#6963=CARTESIAN_POINT('',(-0.000868530938299864,0.,0.0126577238707215));
#6964=CARTESIAN_POINT('',(-0.000790696246704544,-0.00800000000000001,0.0129776488457619));
#6965=CARTESIAN_POINT('',(-0.000790696246704544,-6.93889390390723E-18,0.0129776488457619));
#6966=CARTESIAN_POINT('',(-0.000641107775965168,-0.008,0.013420765567479));
#6967=CARTESIAN_POINT('',(-0.000641107775965168,3.46944695195361E-18,0.013420765567479));
#6968=CARTESIAN_POINT('',(-0.000462225534330091,-0.008,0.0138020241301461));
#6969=CARTESIAN_POINT('',(-0.000462225534330091,-1.73472347597681E-18,0.0138020241301461));
#6970=CARTESIAN_POINT('',(-0.000361853448429084,-0.008,0.0139953228645094));
#6971=CARTESIAN_POINT('',(-0.000361853448429084,-1.73472347597681E-18,0.0139953228645094));
#6972=CARTESIAN_POINT('',(-0.000912244446452041,-0.008,0.0120857764839622));
#6973=CARTESIAN_POINT('',(-0.00200657934705923,-0.008,0.0119529001708931));
#6974=CARTESIAN_POINT('',(-0.00200657934705923,0.,0.0119529001708931));
#6975=CARTESIAN_POINT('',(-0.00202185898075255,-0.008,0.0120436733373622));
#6976=CARTESIAN_POINT('',(-0.00202185898075255,0.,0.0120436733373622));
#6977=CARTESIAN_POINT('',(-0.00202500917320237,-0.008,0.0120621810020074));
#6978=CARTESIAN_POINT('',(-0.00202500917320237,-1.73472347597681E-18,0.0120621810020074));
#6979=CARTESIAN_POINT('',(-0.0020429609814544,-0.008,0.0121313693719821));
#6980=CARTESIAN_POINT('',(-0.0020429609814544,1.73472347597681E-18,0.0121313693719821));
#6981=CARTESIAN_POINT('',(-0.00206847238978313,-0.008,0.0122105491363793));
#6982=CARTESIAN_POINT('',(-0.00206847238978313,-1.73472347597681E-18,0.0122105491363793));
#6983=CARTESIAN_POINT('',(-0.00211282810482189,-0.008,0.0123304526470464));
#6984=CARTESIAN_POINT('',(-0.00211282810482189,1.73472347597681E-18,0.0123304526470464));
#6985=CARTESIAN_POINT('',(-0.00218589858876658,-0.008,0.012497766477969));
#6986=CARTESIAN_POINT('',(-0.00218589858876658,1.73472347597681E-18,0.012497766477969));
#6987=CARTESIAN_POINT('',(-0.00233803460360692,-0.008,0.012789767953751));
#6988=CARTESIAN_POINT('',(-0.00233803460360692,-1.73472347597681E-18,0.012789767953751));
#6989=CARTESIAN_POINT('',(-0.00258932107786721,-0.008,0.013184209644622));
#6990=CARTESIAN_POINT('',(-0.00258932107786721,3.46944695195361E-18,0.013184209644622));
#6991=CARTESIAN_POINT('',(-0.00285424647285565,-0.008,0.0135115802038813));
#6992=CARTESIAN_POINT('',(-0.00285424647285565,0.,0.0135115802038813));
#6993=CARTESIAN_POINT('',(-0.0029979613433793,-0.008,0.0136752414159167));
#6994=CARTESIAN_POINT('',(-0.0029979613433793,0.,0.0136752414159167));
#6995=CARTESIAN_POINT('',(-0.00200657934691539,0.,0.0119529001700386));
#6996=CARTESIAN_POINT('',(-1.77839973146574E-17,-0.008,1.58607362037478E-16));
#6997=CARTESIAN_POINT('',(-0.00158490187868606,-0.008,0.0116426193803172));
#6998=CARTESIAN_POINT('',(-0.0012474136805144,-0.008,0.0116835978666533));
#6999=CARTESIAN_POINT('',(-0.00128734766616159,-0.004,0.0120576298632577));
#7000=CARTESIAN_POINT('',(-0.00163564001781689,-0.004,0.0120153395151786));
#7001=CARTESIAN_POINT('',(0.00200657934705923,-0.008,0.0119529001708931));
#7002=CARTESIAN_POINT('',(0.00200657934705923,0.,0.0119529001708931));
#7003=CARTESIAN_POINT('',(0.00202185898075255,-0.008,0.0120436733373622));
#7004=CARTESIAN_POINT('',(0.00202185898075255,0.,0.0120436733373622));
#7005=CARTESIAN_POINT('',(0.00202500917320237,-0.008,0.0120621810020074));
#7006=CARTESIAN_POINT('',(0.00202500917320237,-1.73472347597681E-18,0.0120621810020074));
#7007=CARTESIAN_POINT('',(0.0020429609814544,-0.008,0.0121313693719821));
#7008=CARTESIAN_POINT('',(0.0020429609814544,0.,0.0121313693719821));
#7009=CARTESIAN_POINT('',(0.00206847238978313,-0.008,0.0122105491363793));
#7010=CARTESIAN_POINT('',(0.00206847238978313,1.73472347597681E-18,0.0122105491363793));
#7011=CARTESIAN_POINT('',(0.00211282810482188,-0.008,0.0123304526470464));
#7012=CARTESIAN_POINT('',(0.00211282810482188,0.,0.0123304526470464));
#7013=CARTESIAN_POINT('',(0.00218589858876658,-0.008,0.012497766477969));
#7014=CARTESIAN_POINT('',(0.00218589858876658,1.73472347597681E-18,0.012497766477969));
#7015=CARTESIAN_POINT('',(0.00233803460360692,-0.008,0.012789767953751));
#7016=CARTESIAN_POINT('',(0.00233803460360692,-3.46944695195361E-18,0.012789767953751));
#7017=CARTESIAN_POINT('',(0.0025893210778672,-0.008,0.013184209644622));
#7018=CARTESIAN_POINT('',(0.0025893210778672,3.46944695195361E-18,0.013184209644622));
#7019=CARTESIAN_POINT('',(0.00285424647285565,-0.008,0.0135115802038813));
#7020=CARTESIAN_POINT('',(0.00285424647285565,0.,0.0135115802038813));
#7021=CARTESIAN_POINT('',(0.0029979613433793,-0.008,0.0136752414159167));
#7022=CARTESIAN_POINT('',(0.0029979613433793,0.,0.0136752414159167));
#7023=CARTESIAN_POINT('',(0.00200657934691539,-0.008,0.0119529001700386));
#7024=CARTESIAN_POINT('',(0.00091224444651688,-0.008,0.0120857764848263));
#7025=CARTESIAN_POINT('',(0.00091224444651688,-1.73472347597681E-18,0.0120857764848263));
#7026=CARTESIAN_POINT('',(0.000919132251842121,-0.008,0.0121775686037387));
#7027=CARTESIAN_POINT('',(0.000919132251842121,-1.73472347597681E-18,0.0121775686037387));
#7028=CARTESIAN_POINT('',(0.000920502772318623,-0.00800000000000001,0.0121962923596844));
#7029=CARTESIAN_POINT('',(0.000920502772318623,-5.20417042793042E-18,0.0121962923596844));
#7030=CARTESIAN_POINT('',(0.0009196304717098,-0.008,0.0122677663902894));
#7031=CARTESIAN_POINT('',(0.0009196304717098,-1.73472347597681E-18,0.0122677663902894));
#7032=CARTESIAN_POINT('',(0.000913809336456836,-0.008,0.0123507506142676));
#7033=CARTESIAN_POINT('',(0.000913809336456836,0.,0.0123507506142676));
#7034=CARTESIAN_POINT('',(0.000899437306189591,-0.008,0.01247778496424));
#7035=CARTESIAN_POINT('',(0.000899437306189591,-1.73472347597681E-18,0.01247778496424));
#7036=CARTESIAN_POINT('',(0.000868530938299864,-0.008,0.0126577238707215));
#7037=CARTESIAN_POINT('',(0.000868530938299864,0.,0.0126577238707215));
#7038=CARTESIAN_POINT('',(0.000790696246704542,-0.00800000000000001,0.0129776488457619));
#7039=CARTESIAN_POINT('',(0.000790696246704542,-5.20417042793042E-18,0.0129776488457619));
#7040=CARTESIAN_POINT('',(0.000641107775965166,-0.008,0.013420765567479));
#7041=CARTESIAN_POINT('',(0.000641107775965166,3.46944695195361E-18,0.013420765567479));
#7042=CARTESIAN_POINT('',(0.000462225534330092,-0.008,0.0138020241301461));
#7043=CARTESIAN_POINT('',(0.000462225534330092,-1.73472347597681E-18,0.0138020241301461));
#7044=CARTESIAN_POINT('',(0.000361853448429082,-0.008,0.0139953228645094));
#7045=CARTESIAN_POINT('',(0.000361853448429082,-1.73472347597681E-18,0.0139953228645094));
#7046=CARTESIAN_POINT('',(0.000912244446452041,0.,0.0120857764839622));
#7047=CARTESIAN_POINT('',(2.06899995331028E-17,-0.008,1.58254509484866E-16));
#7048=CARTESIAN_POINT('',(0.0012474136805144,-0.008,0.0116835978666533));
#7049=CARTESIAN_POINT('',(0.00158490187868605,-0.008,0.0116426193803172));
#7050=CARTESIAN_POINT('',(0.00163564001781689,-0.004,0.0120153395151786));
#7051=CARTESIAN_POINT('',(0.00128734766616159,-0.004,0.0120576298632577));
#7052=CARTESIAN_POINT('',(0.00480878804260342,-0.008,0.011125364746052));
#7053=CARTESIAN_POINT('',(0.00480878804260342,-1.73472347597681E-18,0.011125364746052));
#7054=CARTESIAN_POINT('',(0.00484534711854426,-0.008,0.0112098435535896));
#7055=CARTESIAN_POINT('',(0.00484534711854426,-1.73472347597681E-18,0.0112098435535896));
#7056=CARTESIAN_POINT('',(0.0048528349461857,-0.00800000000000001,0.0112270595287377));
#7057=CARTESIAN_POINT('',(0.0048528349461857,-5.20417042793042E-18,0.0112270595287377));
#7058=CARTESIAN_POINT('',(0.00488682296823748,-0.008,0.0112899412615088));
#7059=CARTESIAN_POINT('',(0.00488682296823748,1.73472347597681E-18,0.0112899412615088));
#7060=CARTESIAN_POINT('',(0.00493054201932013,-0.008,0.0113607149262248));
#7061=CARTESIAN_POINT('',(0.00493054201932013,-1.73472347597681E-18,0.0113607149262248));
#7062=CARTESIAN_POINT('',(0.00500230362619878,-0.008,0.0114665192413782));
#7063=CARTESIAN_POINT('',(0.00500230362619878,0.,0.0114665192413782));
#7064=CARTESIAN_POINT('',(0.005113291635272,-0.008,0.0116114843250497));
#7065=CARTESIAN_POINT('',(0.005113291635272,1.73472347597681E-18,0.0116114843250497));
#7066=CARTESIAN_POINT('',(0.00533088738116673,-0.008,0.011858592237183));
#7067=CARTESIAN_POINT('',(0.00533088738116673,-3.46944695195361E-18,0.011858592237183));
#7068=CARTESIAN_POINT('',(0.00566926800245312,-0.008,0.0121814353798718));
#7069=CARTESIAN_POINT('',(0.00566926800245312,3.46944695195361E-18,0.0121814353798718));
#7070=CARTESIAN_POINT('',(0.0060048400498028,-0.008,0.0124358923487624));
#7071=CARTESIAN_POINT('',(0.0060048400498028,-1.73472347597681E-18,0.0124358923487624));
#7072=CARTESIAN_POINT('',(0.00618354551905658,-0.008,0.0125604046437109));
#7073=CARTESIAN_POINT('',(0.00618354551905658,-1.73472347597681E-18,0.0125604046437109));
#7074=CARTESIAN_POINT('',(0.00480878804225926,-0.008,0.0111253647452567));
#7075=CARTESIAN_POINT('',(0.00377805190873508,-0.008,0.0115162713994715));
#7076=CARTESIAN_POINT('',(0.00377805190873508,-1.73472347597681E-18,0.0115162713994715));
#7077=CARTESIAN_POINT('',(0.00380670685886953,-0.008,0.0116037478465268));
#7078=CARTESIAN_POINT('',(0.00380670685886953,-1.73472347597681E-18,0.0116037478465268));
#7079=CARTESIAN_POINT('',(0.0038125184426039,-0.008,0.0116215995371355));
#7080=CARTESIAN_POINT('',(0.0038125184426039,0.,0.0116215995371355));
#7081=CARTESIAN_POINT('',(0.00382877634457898,-0.008,0.0116912054175095));
#7082=CARTESIAN_POINT('',(0.00382877634457898,-1.73472347597681E-18,0.0116912054175095));
#7083=CARTESIAN_POINT('',(0.00384298378562372,-0.008,0.0117731713596066));
#7084=CARTESIAN_POINT('',(0.00384298378562372,0.,0.0117731713596066));
#7085=CARTESIAN_POINT('',(0.00385943069028691,-0.008,0.0118999537742149));
#7086=CARTESIAN_POINT('',(0.00385943069028691,0.,0.0118999537742149));
#7087=CARTESIAN_POINT('',(0.00387248460421383,-0.008,0.012082060361062));
#7088=CARTESIAN_POINT('',(0.00387248460421383,1.73472347597681E-18,0.012082060361062));
#7089=CARTESIAN_POINT('',(0.00387347470522145,-0.008,0.0124113159586914));
#7090=CARTESIAN_POINT('',(0.00387347470522145,0.,0.0124113159586914));
#7091=CARTESIAN_POINT('',(0.00383427777619038,-0.008,0.012877355378052));
#7092=CARTESIAN_POINT('',(0.00383427777619038,3.46944695195361E-18,0.012877355378052));
#7093=CARTESIAN_POINT('',(0.00375183467358205,-0.008,0.0132903445822835));
#7094=CARTESIAN_POINT('',(0.00375183467358205,0.,0.0132903445822835));
#7095=CARTESIAN_POINT('',(0.00370063863309853,-0.008,0.0135020470191456));
#7096=CARTESIAN_POINT('',(0.00370063863309853,0.,0.0135020470191456));
#7097=CARTESIAN_POINT('',(0.00377805190846533,0.,0.011516271398648));
#7098=CARTESIAN_POINT('',(5.79615688130876E-17,-0.008,1.48704480072731E-16));
#7099=CARTESIAN_POINT('',(0.0040072340907676,-0.008,0.0110455681131298));
#7100=CARTESIAN_POINT('',(0.0043251087015812,-0.008,0.0109250141747966));
#7101=CARTESIAN_POINT('',(0.00446357024926942,-0.004,0.0112747613084594));
#7102=CARTESIAN_POINT('',(0.00413551938310114,-0.004,0.0113991745913856));
#7103=CARTESIAN_POINT('',(0.00733152745634483,-0.008,0.00965126356122572));
#7104=CARTESIAN_POINT('',(0.00733152745634483,0.,0.00965126356122572));
#7105=CARTESIAN_POINT('',(0.00738724129392634,-0.008,0.00972453840860579));
#7106=CARTESIAN_POINT('',(0.00738724129392634,0.,0.00972453840860579));
#7107=CARTESIAN_POINT('',(0.00739863159143403,-0.008,0.0097394621643588));
#7108=CARTESIAN_POINT('',(0.00739863159143403,-1.73472347597681E-18,0.0097394621643588));
#7109=CARTESIAN_POINT('',(0.00744668056698536,-0.008,0.00979238280218325));
#7110=CARTESIAN_POINT('',(0.00744668056698536,0.,0.00979238280218325));
#7111=CARTESIAN_POINT('',(0.00750606646848525,-0.008,0.00985063725907668));
#7112=CARTESIAN_POINT('',(0.00750606646848525,1.73472347597681E-18,0.00985063725907668));
#7113=CARTESIAN_POINT('',(0.00760106344345489,-0.008,0.00993619341650278));
#7114=CARTESIAN_POINT('',(0.00760106344345489,0.,0.00993619341650278));
#7115=CARTESIAN_POINT('',(0.00774351875799426,-0.008,0.0100503849091868));
#7116=CARTESIAN_POINT('',(0.00774351875799426,1.73472347597681E-18,0.0100503849091868));
#7117=CARTESIAN_POINT('',(0.00801392836112035,-0.008,0.0102382382440188));
#7118=CARTESIAN_POINT('',(0.00801392836112035,-1.73472347597681E-18,0.0102382382440188));
#7119=CARTESIAN_POINT('',(0.00841973767768716,-0.008,0.0104707203685595));
#7120=CARTESIAN_POINT('',(0.00841973767768716,1.73472347597681E-18,0.0104707203685595));
#7121=CARTESIAN_POINT('',(0.00880645414976094,-0.008,0.010637475632963));
#7122=CARTESIAN_POINT('',(0.00880645414976094,0.,0.010637475632963));
#7123=CARTESIAN_POINT('',(0.00900976450543972,-0.008,0.010715602808826));
#7124=CARTESIAN_POINT('',(0.00900976450543972,0.,0.010715602808826));
#7125=CARTESIAN_POINT('',(0.00733152745582036,-0.008,0.00965126356053593));
#7126=CARTESIAN_POINT('',(0.00642429272667752,-0.008,0.0102774824803227));
#7127=CARTESIAN_POINT('',(0.00642429272667752,0.,0.0102774824803227));
#7128=CARTESIAN_POINT('',(0.00647304950007588,-0.008,0.010355559442382));
#7129=CARTESIAN_POINT('',(0.00647304950007588,0.,0.010355559442382));
#7130=CARTESIAN_POINT('',(0.00648296439894571,-0.008,0.0103715015922837));
#7131=CARTESIAN_POINT('',(0.00648296439894571,1.73472347597681E-18,0.0103715015922837));
#7132=CARTESIAN_POINT('',(0.00651540765333699,-0.00800000000000001,0.0104351940816666));
#7133=CARTESIAN_POINT('',(0.00651540765333699,-5.20417042793042E-18,0.0104351940816666));
#7134=CARTESIAN_POINT('',(0.00654881798584785,-0.008,0.010511378179262));
#7135=CARTESIAN_POINT('',(0.00654881798584785,1.73472347597681E-18,0.010511378179262));
#7136=CARTESIAN_POINT('',(0.00659512799112452,-0.008,0.0106305405254044));
#7137=CARTESIAN_POINT('',(0.00659512799112452,-1.73472347597681E-18,0.0106305405254044));
#7138=CARTESIAN_POINT('',(0.00665138354083969,-0.008,0.01080423141972));
#7139=CARTESIAN_POINT('',(0.00665138354083969,1.73472347597681E-18,0.01080423141972));
#7140=CARTESIAN_POINT('',(0.00673114089337857,-0.00800000000000001,0.0111236825013997));
#7141=CARTESIAN_POINT('',(0.00673114089337857,-6.93889390390723E-18,0.0111236825013997));
#7142=CARTESIAN_POINT('',(0.00680461348909606,-0.00799999999999999,0.0115855601013349));
#7143=CARTESIAN_POINT('',(0.00680461348909606,5.20417042793042E-18,0.0115855601013349));
#7144=CARTESIAN_POINT('',(0.00682340081896954,-0.008,0.0120062785157354));
#7145=CARTESIAN_POINT('',(0.00682340081896954,-1.73472347597681E-18,0.0120062785157354));
#7146=CARTESIAN_POINT('',(0.00682435615168642,-0.008,0.0122240812789731));
#7147=CARTESIAN_POINT('',(0.00682435615168642,-1.73472347597681E-18,0.0122240812789731));
#7148=CARTESIAN_POINT('',(0.00642429272621854,0.,0.0102774824795877));
#7149=CARTESIAN_POINT('',(9.1864622395386E-17,-0.008,1.30512286797561E-16));
#7150=CARTESIAN_POINT('',(0.00653416862136866,-0.008,0.00976561008987771));
#7151=CARTESIAN_POINT('',(0.00681395592787092,-0.008,0.00957248685624759));
#7152=CARTESIAN_POINT('',(0.00703209400225212,-0.004,0.0098789349565824));
#7153=CARTESIAN_POINT('',(0.00674334974549618,-0.004,0.0100782407265759));
#7154=CARTESIAN_POINT('',(0.029885631867931,0.,0.00714443433226796));
#7155=CARTESIAN_POINT('',(0.0505233077602474,0.,0.00497253484956043));
#7156=CARTESIAN_POINT('',(0.0298856314537795,0.,-0.0071444392755978));
#7157=CARTESIAN_POINT('',(0.0505233067157941,0.,-0.00497254424205766));
#7158=CARTESIAN_POINT('',(0.05,0.,-4.64128988497334E-9));
#7159=CARTESIAN_POINT('',(0.05,0.,-4.64128977251834E-9));
#7160=MECHANICAL_DESIGN_GEOMETRIC_PRESENTATION_REPRESENTATION('',(#2345),
#7161);
#7161=(
GEOMETRIC_REPRESENTATION_CONTEXT(3)
GLOBAL_UNCERTAINTY_ASSIGNED_CONTEXT((#7162))
GLOBAL_UNIT_ASSIGNED_CONTEXT((#7165,#7164,#7163))
REPRESENTATION_CONTEXT('Spur gear (26 teeth)','TOP_LEVEL_ASSEMBLY_PART')
);
#7162=UNCERTAINTY_MEASURE_WITH_UNIT(LENGTH_MEASURE(2.E-5),#7165,
'DISTANCE_ACCURACY_VALUE','Maximum Tolerance applied to model');
#7163=(
NAMED_UNIT(*)
SI_UNIT($,.STERADIAN.)
SOLID_ANGLE_UNIT()
);
#7164=(
NAMED_UNIT(*)
PLANE_ANGLE_UNIT()
SI_UNIT($,.RADIAN.)
);
#7165=(
LENGTH_UNIT()
NAMED_UNIT(*)
SI_UNIT($,.METRE.)
);
#7166=PRODUCT_DEFINITION_SHAPE('','',#7167);
#7167=PRODUCT_DEFINITION('','',#7169,#7168);
#7168=PRODUCT_DEFINITION_CONTEXT('',#7175,'design');
#7169=PRODUCT_DEFINITION_FORMATION_WITH_SPECIFIED_SOURCE('','',#7171,
 .NOT_KNOWN.);
#7170=PRODUCT_RELATED_PRODUCT_CATEGORY('','',(#7171));
#7171=PRODUCT('Spur gear (26 teeth)','Spur gear (26 teeth)',
'Spur gear (26 teeth)',(#7173));
#7172=PRODUCT_CATEGORY('','');
#7173=PRODUCT_CONTEXT('',#7175,'mechanical');
#7174=APPLICATION_PROTOCOL_DEFINITION('international standard',
'ap242_managed_model_based_3d_engineering',2020,#7175);
#7175=APPLICATION_CONTEXT('managed model based 3d engineering');
ENDSEC;
END-ISO-10303-21;
